Div,Date,Time,HomeTeam,AwayTeam,FTHG,FTAG,FTR,HTHG,HTAG,HTR,HS,AS,HST,AST,HF,AF,HC,AC,HY,AY,HR,AR,B365H,B365D,B365A,BFDH,BFDD,BFDA,BMGMH,BMGMD,BMGMA,BVH,BVD,BVA,BWH,BWD,BWA,CLH,CLD,CLA,LBH,LBD,LBA,PSH,PSD,PSA,MaxH,MaxD,MaxA,AvgH,AvgD,AvgA,BFEH,BFED,BFEA,B365>2.5,B365<2.5,P>2.5,P<2.5,Max>2.5,Max<2.5,Avg>2.5,Avg<2.5,BFE>2.5,BFE<2.5,AHh,B365AHH,B365AHA,PAHH,PAHA,MaxAHH,MaxAHA,AvgAHH,AvgAHA,BFEAHH,BFEAHA,B365CH,B365CD,B365CA,BFDCH,BFDCD,BFDCA,BMGMCH,BMGMCD,BMGMCA,BVCH,BVCD,BVCA,BWCH,BWCD,BWCA,CLCH,CLCD,CLCA,LBCH,LBCD,LBCA,PSCH,PSCD,PSCA,MaxCH,MaxCD,MaxCA,AvgCH,AvgCD,AvgCA,BFECH,BFECD,BFECA,B365C>2.5,B365C<2.5,PC>2.5,PC<2.5,MaxC>2.5,MaxC<2.5,AvgC>2.5,AvgC<2.5,BFEC>2.5,BFEC<2.5,AHCh,B365CAHH,B365CAHA,PCAHH,PCAHA,MaxCAHH,MaxCAHA,AvgCAHH,AvgCAHA,BFECAHH,BFECAHA,Matchday
D1,22/08/2025,19:30,Bayern Munich,RB Leipzig,6,0,H,3,0,H,19.0,12.0,10.0,1.0,13.0,13.0,5.0,5.0,4.0,1.0,0.0,0.0,1.22,7.0,9.0,1.22,7.0,12.0,1.19,7.5,10.0,1.2,7.0,11.0,1.23,7.0,10.5,1.22,7.0,10.0,1.22,7.0,10.0,1.23,7.43,10.85,1.26,7.5,12.0,1.21,7.13,10.3,1.26,7.8,12.0,1.25,4.0,1.32,3.33,1.25,4.2,1.24,3.91,1.27,4.5,-2.0,1.93,1.93,1.93,1.96,1.94,1.94,1.86,1.86,1.96,1.98,1.22,7.0,11.0,1.25,7.0,10.0,1.2,7.0,10.0,1.22,7.0,10.0,1.25,7.0,9.75,1.25,7.0,9.5,1.25,7.0,9.5,1.25,7.24,10.31,1.26,7.5,11.0,1.23,6.98,9.87,1.27,7.6,12.0,1.25,4.0,1.32,3.33,1.25,4.33,1.22,4.06,1.28,4.4,-2.0,1.98,1.88,1.98,1.93,1.99,1.93,1.9,1.86,2.07,1.92,
,22/08/2025,,Bayern,RB Leipzig,6,0,H,3,0,H,,,,,,,,,,,,,,,,,,,,,,,,,,,,,,,,,,,,,,,,,,,,,,,,,,,,,,,,,,,,,,,,,,,,,,,,,,,,,,,,,,,,,,,,,,,,,,,,,,,,,,,,,,,,,,,,,,,,,,,,,1.0
,23/08/2025,,Frankfurt,Bremen,4,1,H,2,0,H,,,,,,,,,,,,,,,,,,,,,,,,,,,,,,,,,,,,,,,,,,,,,,,,,,,,,,,,,,,,,,,,,,,,,,,,,,,,,,,,,,,,,,,,,,,,,,,,,,,,,,,,,,,,,,,,,,,,,,,,,1.0
,23/08/2025,,Leverkusen,Hoffenheim,1,2,A,1,1,D,,,,,,,,,,,,,,,,,,,,,,,,,,,,,,,,,,,,,,,,,,,,,,,,,,,,,,,,,,,,,,,,,,,,,,,,,,,,,,,,,,,,,,,,,,,,,,,,,,,,,,,,,,,,,,,,,,,,,,,,,1.0
,23/08/2025,,Freiburg,Augsburg,1,3,A,0,3,A,,,,,,,,,,,,,,,,,,,,,,,,,,,,,,,,,,,,,,,,,,,,,,,,,,,,,,,,,,,,,,,,,,,,,,,,,,,,,,,,,,,,,,,,,,,,,,,,,,,,,,,,,,,,,,,,,,,,,,,,,1.0
,23/08/2025,,Union Berlin,Stuttgart,2,1,H,2,0,H,,,,,,,,,,,,,,,,,,,,,,,,,,,,,,,,,,,,,,,,,,,,,,,,,,,,,,,,,,,,,,,,,,,,,,,,,,,,,,,,,,,,,,,,,,,,,,,,,,,,,,,,,,,,,,,,,,,,,,,,,1.0
,23/08/2025,,Heidenheim,Wolfsburg,1,3,A,1,1,D,,,,,,,,,,,,,,,,,,,,,,,,,,,,,,,,,,,,,,,,,,,,,,,,,,,,,,,,,,,,,,,,,,,,,,,,,,,,,,,,,,,,,,,,,,,,,,,,,,,,,,,,,,,,,,,,,,,,,,,,,1.0
,23/08/2025,,St. Pauli,Dortmund,3,3,D,0,1,A,,,,,,,,,,,,,,,,,,,,,,,,,,,,,,,,,,,,,,,,,,,,,,,,,,,,,,,,,,,,,,,,,,,,,,,,,,,,,,,,,,,,,,,,,,,,,,,,,,,,,,,,,,,,,,,,,,,,,,,,,1.0
D1,23/08/2025,17:30,St Pauli,Dortmund,3,3,D,0,1,A,11.0,8.0,7.0,7.0,13.0,12.0,5.0,2.0,2.0,3.0,0.0,1.0,4.5,3.9,1.75,4.6,3.75,1.73,4.5,4.0,1.65,4.4,3.6,1.67,4.5,3.9,1.73,4.5,3.9,1.75,4.4,3.8,1.73,4.82,3.79,1.77,4.75,4.1,1.75,4.52,3.85,1.71,4.9,4.0,1.81,1.83,2.03,1.87,2.02,1.83,2.07,1.75,2.02,1.86,2.08,0.75,1.88,1.98,1.9,2.0,1.9,1.98,1.82,1.87,1.92,2.03,4.2,3.7,1.9,4.0,3.6,1.9,3.95,3.65,1.82,3.9,3.7,1.85,4.2,3.7,1.83,4.2,3.7,1.83,4.2,3.6,1.83,4.13,3.64,1.95,4.2,3.75,1.95,4.04,3.65,1.86,4.4,3.75,1.97,1.8,2.0,1.86,2.05,1.82,2.05,1.77,2.01,1.89,2.1,0.5,1.98,1.88,1.96,1.96,1.98,1.91,1.92,1.83,2.02,1.96,
D1,23/08/2025,14:30,Ein Frankfurt,Werder Bremen,4,1,H,2,0,H,18.0,10.0,5.0,5.0,9.0,9.0,7.0,1.0,1.0,3.0,0.0,0.0,1.7,4.1,4.5,1.7,4.0,4.6,1.66,3.95,4.5,1.65,3.9,4.2,1.71,4.0,4.5,1.7,4.0,4.5,1.7,4.0,4.4,1.7,4.26,4.68,1.73,4.2,4.6,1.69,4.0,4.46,1.73,4.3,5.1,1.57,2.38,1.57,2.5,1.6,2.4,1.55,2.35,1.63,2.5,-0.75,1.88,1.98,1.89,2.02,1.9,1.98,1.84,1.86,1.91,2.05,1.53,4.75,5.25,1.53,4.6,5.5,1.52,4.5,5.1,1.53,4.4,5.5,1.53,4.6,5.25,1.57,4.33,5.25,1.53,4.6,5.25,1.62,4.52,5.21,1.57,4.75,5.5,1.53,4.55,5.28,1.59,4.8,6.0,1.4,3.0,1.52,2.63,1.5,3.0,1.42,2.77,1.45,3.05,-1.0,1.83,2.03,2.02,1.91,1.91,2.03,1.83,1.93,1.91,2.06,
,24/08/2025,,Mainz,1.  Köln,0,1,A,0,0,D,,,,,,,,,,,,,,,,,,,,,,,,,,,,,,,,,,,,,,,,,,,,,,,,,,,,,,,,,,,,,,,,,,,,,,,,,,,,,,,,,,,,,,,,,,,,,,,,,,,,,,,,,,,,,,,,,,,,,,,,,1.0
D1,24/08/2025,14:30,Mainz,FC Koln,0,1,A,0,0,D,19.0,12.0,2.0,2.0,7.0,9.0,8.0,3.0,0.0,2.0,1.0,0.0,1.9,3.7,4.0,1.9,3.6,4.0,1.83,3.6,3.95,1.83,3.5,3.75,1.85,3.7,4.1,1.85,3.7,4.0,1.83,3.6,4.0,1.93,3.7,4.07,1.91,3.7,4.1,1.86,3.61,3.95,1.97,3.7,4.1,1.83,2.03,1.85,2.05,1.83,2.03,1.8,1.96,1.9,2.06,-0.5,1.88,1.98,1.93,1.97,1.9,1.98,1.84,1.92,1.97,1.98,1.95,3.6,3.7,1.95,3.6,3.75,1.93,3.6,3.6,1.95,3.6,3.6,1.95,3.6,3.75,1.95,3.6,3.75,1.95,3.6,3.7,1.93,3.73,4.12,2.0,3.75,3.85,1.95,3.6,3.7,2.04,3.8,3.95,1.83,2.03,1.85,2.06,1.83,2.05,1.79,1.98,1.86,2.12,-0.5,1.98,1.88,1.93,1.98,1.98,1.9,1.9,1.85,2.04,1.94,
D1,24/08/2025,16:30,M'gladbach,Hamburg,0,0,D,0,0,D,17.0,7.0,4.0,2.0,10.0,10.0,7.0,6.0,2.0,1.0,0.0,0.0,1.85,3.9,3.9,1.83,4.0,3.75,1.76,4.0,3.85,1.8,3.75,3.6,1.87,3.9,3.75,1.85,3.9,3.75,1.85,3.8,3.75,1.86,4.06,3.96,1.88,4.1,4.0,1.82,3.92,3.78,1.93,4.1,4.1,1.53,2.5,1.54,2.58,1.53,2.5,1.5,2.47,1.58,2.62,-0.5,1.85,2.0,1.87,2.04,1.85,2.0,1.8,1.95,1.93,2.06,1.95,3.8,3.5,1.95,3.75,3.6,1.8,3.95,3.75,1.91,3.9,3.5,1.95,3.8,3.5,1.85,3.9,3.75,1.85,3.8,3.75,1.88,4.02,4.03,2.0,4.0,3.85,1.89,3.87,3.65,1.99,4.0,4.0,1.53,2.5,1.58,2.51,1.58,2.55,1.52,2.45,1.59,2.62,-0.5,2.0,1.85,1.88,2.04,2.0,1.99,1.86,1.89,1.96,2.03,
,24/08/2025,,M'gladbach,HSV,0,0,D,0,0,D,,,,,,,,,,,,,,,,,,,,,,,,,,,,,,,,,,,,,,,,,,,,,,,,,,,,,,,,,,,,,,,,,,,,,,,,,,,,,,,,,,,,,,,,,,,,,,,,,,,,,,,,,,,,,,,,,,,,,,,,,1.0
,29/08/2025,,HSV,St. Pauli,0,2,A,0,1,A,,,,,,,,,,,,,,,,,,,,,,,,,,,,,,,,,,,,,,,,,,,,,,,,,,,,,,,,,,,,,,,,,,,,,,,,,,,,,,,,,,,,,,,,,,,,,,,,,,,,,,,,,,,,,,,,,,,,,,,,,2.0
D1,29/08/2025,19:30,Hamburg,St Pauli,0,2,A,0,1,A,5.0,17.0,2.0,6.0,13.0,19.0,2.0,5.0,3.0,3.0,1.0,0.0,2.4,3.3,3.0,2.4,3.2,3.0,2.38,3.3,3.05,2.4,3.3,2.9,2.37,3.3,3.0,2.37,3.3,3.0,2.37,3.25,3.0,2.45,3.29,3.12,2.46,3.33,3.05,2.39,3.26,2.99,2.56,3.4,3.15,2.0,1.8,2.1,1.81,2.1,1.81,2.02,1.76,2.14,1.86,-0.25,2.05,1.8,2.14,1.81,2.05,1.81,1.96,1.78,2.08,1.89,2.45,3.2,3.0,2.4,3.25,3.0,2.43,3.3,2.95,2.4,3.25,2.9,2.45,3.2,2.95,2.45,3.2,3.0,2.4,3.2,2.9,2.49,3.18,3.2,2.47,3.3,3.1,2.42,3.22,2.97,2.52,3.35,3.2,2.2,1.67,2.29,1.69,2.22,1.8,2.1,1.7,2.26,1.77,-0.25,2.1,1.78,2.13,1.82,2.1,1.78,2.01,1.75,2.14,1.86,
D1,30/08/2025,14:30,Werder Bremen,Leverkusen,3,3,D,1,2,A,12.0,10.0,5.0,4.0,11.0,10.0,3.0,7.0,4.0,3.0,1.0,0.0,3.7,3.8,1.91,3.6,3.75,1.95,3.65,4.0,1.88,3.4,3.7,1.87,3.5,3.8,1.95,3.5,3.8,1.95,3.5,3.8,1.95,3.82,3.87,1.94,3.75,4.0,1.95,3.56,3.83,1.91,4.0,4.0,1.97,1.57,2.38,1.6,2.44,1.57,2.5,1.54,2.38,1.62,2.52,0.5,1.93,1.93,1.95,1.95,1.93,1.93,1.88,1.87,2.01,1.97,3.6,3.9,1.91,3.5,4.0,1.95,3.6,3.95,1.92,3.5,4.0,1.9,3.5,3.9,1.93,3.5,3.9,1.95,3.5,3.9,1.91,3.59,3.89,2.0,3.75,4.0,1.95,3.54,3.9,1.92,3.9,4.0,2.0,1.44,2.75,1.49,2.66,1.48,2.75,1.44,2.68,1.5,2.96,0.5,1.93,1.93,1.89,2.01,1.93,1.95,1.87,1.88,1.98,2.0,
D1,30/08/2025,17:30,Augsburg,Bayern Munich,2,3,A,0,2,A,10.0,20.0,3.0,10.0,14.0,11.0,7.0,5.0,3.0,4.0,0.0,0.0,9.0,6.5,1.27,11.0,6.5,1.22,10.0,6.75,1.24,9.5,5.75,1.22,10.5,6.5,1.25,10.0,6.5,1.25,10.0,6.5,1.25,9.88,6.53,1.27,11.0,6.75,1.27,9.87,6.41,1.24,11.5,7.2,1.28,1.33,3.4,1.34,3.24,1.35,3.4,1.32,3.23,1.39,3.4,1.75,1.98,1.88,1.99,1.9,2.02,1.9,1.93,1.82,1.99,1.93,9.0,6.0,1.29,10.0,6.0,1.29,9.5,6.0,1.28,10.0,6.0,1.25,9.25,6.0,1.29,9.5,6.0,1.28,9.0,5.75,1.28,9.65,6.2,1.29,10.0,6.0,1.32,9.33,5.93,1.28,11.0,6.6,1.31,1.44,2.75,1.43,2.87,1.44,3.1,1.4,2.86,1.44,3.15,1.75,1.83,2.03,1.88,2.03,1.86,2.04,1.8,1.96,1.94,2.02,
D1,30/08/2025,14:30,Hoffenheim,Ein Frankfurt,1,3,A,0,2,A,17.0,9.0,5.0,6.0,14.0,10.0,4.0,5.0,2.0,3.0,0.0,0.0,2.88,3.75,2.25,2.8,3.75,2.3,2.9,3.9,2.2,2.7,3.7,2.2,2.85,3.8,2.25,2.87,3.8,2.25,2.8,3.75,2.25,2.95,3.84,2.3,2.9,3.9,2.3,2.84,3.76,2.24,3.0,3.9,2.4,1.5,2.63,1.5,2.67,1.5,2.7,1.47,2.58,1.52,2.82,0.25,1.85,2.0,1.88,2.03,1.86,2.0,1.84,1.87,1.89,2.09,2.6,3.8,2.45,2.63,3.75,2.5,2.7,3.8,2.4,2.55,3.9,2.4,2.65,3.8,2.37,2.62,3.8,2.37,2.62,3.8,2.37,2.74,3.81,2.47,2.7,3.9,2.5,2.64,3.79,2.4,2.78,4.0,2.52,1.44,2.75,1.48,2.68,1.45,2.9,1.42,2.75,1.5,2.98,0.0,2.03,1.83,2.06,1.85,2.14,1.84,2.03,1.75,2.08,1.9,
,30/08/2025,,RB Leipzig,Heidenheim,2,0,H,0,0,D,,,,,,,,,,,,,,,,,,,,,,,,,,,,,,,,,,,,,,,,,,,,,,,,,,,,,,,,,,,,,,,,,,,,,,,,,,,,,,,,,,,,,,,,,,,,,,,,,,,,,,,,,,,,,,,,,,,,,,,,,2.0
,30/08/2025,,Bremen,Leverkusen,3,3,D,1,2,A,,,,,,,,,,,,,,,,,,,,,,,,,,,,,,,,,,,,,,,,,,,,,,,,,,,,,,,,,,,,,,,,,,,,,,,,,,,,,,,,,,,,,,,,,,,,,,,,,,,,,,,,,,,,,,,,,,,,,,,,,2.0
,30/08/2025,,Stuttgart,M'gladbach,1,0,H,0,0,D,,,,,,,,,,,,,,,,,,,,,,,,,,,,,,,,,,,,,,,,,,,,,,,,,,,,,,,,,,,,,,,,,,,,,,,,,,,,,,,,,,,,,,,,,,,,,,,,,,,,,,,,,,,,,,,,,,,,,,,,,2.0
,30/08/2025,,Hoffenheim,Frankfurt,1,3,A,0,2,A,,,,,,,,,,,,,,,,,,,,,,,,,,,,,,,,,,,,,,,,,,,,,,,,,,,,,,,,,,,,,,,,,,,,,,,,,,,,,,,,,,,,,,,,,,,,,,,,,,,,,,,,,,,,,,,,,,,,,,,,,2.0
,30/08/2025,,Augsburg,Bayern,2,3,A,0,2,A,,,,,,,,,,,,,,,,,,,,,,,,,,,,,,,,,,,,,,,,,,,,,,,,,,,,,,,,,,,,,,,,,,,,,,,,,,,,,,,,,,,,,,,,,,,,,,,,,,,,,,,,,,,,,,,,,,,,,,,,,2.0
,31/08/2025,,Wolfsburg,Mainz,1,1,D,1,0,H,,,,,,,,,,,,,,,,,,,,,,,,,,,,,,,,,,,,,,,,,,,,,,,,,,,,,,,,,,,,,,,,,,,,,,,,,,,,,,,,,,,,,,,,,,,,,,,,,,,,,,,,,,,,,,,,,,,,,,,,,2.0
,31/08/2025,,Dortmund,Union Berlin,3,0,H,1,0,H,,,,,,,,,,,,,,,,,,,,,,,,,,,,,,,,,,,,,,,,,,,,,,,,,,,,,,,,,,,,,,,,,,,,,,,,,,,,,,,,,,,,,,,,,,,,,,,,,,,,,,,,,,,,,,,,,,,,,,,,,2.0
,31/08/2025,,1.  Köln,Freiburg,4,1,H,1,0,H,,,,,,,,,,,,,,,,,,,,,,,,,,,,,,,,,,,,,,,,,,,,,,,,,,,,,,,,,,,,,,,,,,,,,,,,,,,,,,,,,,,,,,,,,,,,,,,,,,,,,,,,,,,,,,,,,,,,,,,,,2.0
D1,31/08/2025,18:30,FC Koln,Freiburg,4,1,H,1,0,H,18.0,12.0,6.0,2.0,12.0,9.0,3.0,5.0,2.0,1.0,0.0,0.0,2.55,3.3,2.8,2.6,3.25,2.8,2.48,3.35,2.85,2.45,3.2,2.63,2.55,3.3,2.75,2.4,3.1,2.62,2.4,3.1,2.62,2.66,3.38,2.77,2.6,3.35,2.85,2.5,3.26,2.74,2.64,3.4,2.9,2.03,1.83,2.03,1.87,2.03,1.83,1.97,1.79,2.08,1.86,0.0,1.85,2.0,1.91,2.0,1.85,2.0,1.81,1.93,1.88,2.05,2.6,3.3,2.7,2.6,3.3,2.75,2.48,3.4,2.8,2.5,3.4,2.7,2.55,3.3,2.75,2.45,3.1,2.6,2.45,3.1,2.6,2.6,3.42,2.86,2.62,3.4,2.8,2.53,3.31,2.72,2.68,3.5,2.9,1.9,1.95,1.92,1.98,1.91,1.96,1.87,1.9,1.93,2.02,0.0,1.9,1.95,1.87,2.06,1.9,1.99,1.83,1.92,1.91,2.07,
,12/09/2025,,Leverkusen,Frankfurt,3,1,H,2,0,H,,,,,,,,,,,,,,,,,,,,,,,,,,,,,,,,,,,,,,,,,,,,,,,,,,,,,,,,,,,,,,,,,,,,,,,,,,,,,,,,,,,,,,,,,,,,,,,,,,,,,,,,,,,,,,,,,,,,,,,,,3.0
D1,12/09/2025,19:30,Leverkusen,Ein Frankfurt,3,1,H,2,0,H,18.0,13.0,8.0,2.0,10.0,9.0,4.0,8.0,5.0,3.0,2.0,0.0,2.1,3.8,3.2,2.15,3.75,3.1,2.08,3.75,3.2,2.1,3.9,3.0,2.1,3.9,3.1,2.1,3.9,3.1,2.1,3.8,3.1,2.16,3.83,3.29,2.15,3.9,3.2,2.1,3.8,3.11,2.22,3.95,3.35,1.44,2.75,1.44,2.82,1.46,2.8,1.44,2.72,1.48,3.0,-0.25,1.85,2.0,1.89,2.03,1.86,2.0,1.82,1.95,1.93,2.06,2.15,3.6,3.1,2.15,3.75,3.1,2.1,3.85,3.15,2.1,3.8,3.1,2.15,3.7,3.1,2.15,3.7,3.1,2.15,3.7,3.1,2.19,3.8,3.24,2.16,3.85,3.2,2.12,3.72,3.13,2.22,3.75,3.45,1.53,2.5,1.57,2.49,1.56,2.6,1.51,2.48,1.6,2.62,-0.25,1.88,1.98,1.93,2.0,1.88,1.98,1.84,1.95,1.92,2.06,
D1,13/09/2025,14:30,Wolfsburg,FC Koln,3,3,D,1,1,D,14.0,14.0,6.0,8.0,15.0,11.0,7.0,4.0,2.0,3.0,0.0,0.0,1.95,3.5,3.9,2.0,3.6,3.6,1.94,3.65,3.8,1.93,3.5,3.4,2.0,3.5,3.7,2.0,3.5,3.7,2.0,3.5,3.6,2.01,3.61,3.85,2.0,3.8,3.95,1.96,3.56,3.66,2.06,3.7,4.0,1.8,2.0,1.81,2.08,1.85,2.05,1.78,1.98,1.83,2.12,-0.5,2.0,1.85,2.02,1.89,2.0,1.98,1.93,1.84,2.06,1.92,1.91,3.6,3.75,1.95,3.6,3.75,1.94,3.65,3.8,1.9,3.7,3.75,1.93,3.7,3.7,1.95,3.7,3.7,1.95,3.6,3.7,1.97,3.71,3.97,1.95,3.8,4.0,1.92,3.65,3.76,1.98,3.8,4.2,1.73,2.1,1.76,2.17,1.8,2.15,1.73,2.06,1.77,2.24,-0.5,1.95,1.9,1.98,1.94,1.95,1.98,1.88,1.88,1.98,2.01,
,13/09/2025,,Bayern,HSV,5,0,H,4,0,H,,,,,,,,,,,,,,,,,,,,,,,,,,,,,,,,,,,,,,,,,,,,,,,,,,,,,,,,,,,,,,,,,,,,,,,,,,,,,,,,,,,,,,,,,,,,,,,,,,,,,,,,,,,,,,,,,,,,,,,,,3.0
D1,13/09/2025,17:30,Bayern Munich,Hamburg,5,0,H,4,0,H,22.0,9.0,12.0,2.0,11.0,14.0,5.0,3.0,2.0,2.0,0.0,0.0,1.06,12.0,26.0,1.07,12.0,29.0,1.06,13.0,31.0,1.06,9.5,21.0,1.08,13.5,26.0,1.08,13.0,26.0,1.07,13.0,23.0,1.07,14.97,29.41,1.08,13.5,31.0,1.06,11.91,26.44,1.08,17.0,42.0,1.22,4.33,1.32,3.2,1.22,4.6,1.2,4.25,1.24,4.8,-3.0,1.98,1.88,1.96,1.91,2.2,1.98,1.91,1.88,1.97,1.92,1.06,12.0,23.0,1.07,12.0,26.0,1.06,14.0,29.0,1.06,13.0,26.0,1.08,13.5,26.0,1.07,13.0,26.0,1.07,13.0,26.0,1.08,16.5,21.0,1.08,14.0,29.0,1.07,12.59,25.03,1.08,19.5,38.0,1.14,5.5,1.32,3.2,1.17,6.0,1.15,5.3,1.17,6.4,-3.0,1.85,2.0,1.88,1.98,1.87,2.04,1.81,1.98,1.95,2.04,
,13/09/2025,,Freiburg,Stuttgart,3,1,H,0,1,A,,,,,,,,,,,,,,,,,,,,,,,,,,,,,,,,,,,,,,,,,,,,,,,,,,,,,,,,,,,,,,,,,,,,,,,,,,,,,,,,,,,,,,,,,,,,,,,,,,,,,,,,,,,,,,,,,,,,,,,,,3.0
,13/09/2025,,Heidenheim,Dortmund,0,2,A,0,2,A,,,,,,,,,,,,,,,,,,,,,,,,,,,,,,,,,,,,,,,,,,,,,,,,,,,,,,,,,,,,,,,,,,,,,,,,,,,,,,,,,,,,,,,,,,,,,,,,,,,,,,,,,,,,,,,,,,,,,,,,,3.0
,13/09/2025,,Union Berlin,Hoffenheim,2,4,A,0,2,A,,,,,,,,,,,,,,,,,,,,,,,,,,,,,,,,,,,,,,,,,,,,,,,,,,,,,,,,,,,,,,,,,,,,,,,,,,,,,,,,,,,,,,,,,,,,,,,,,,,,,,,,,,,,,,,,,,,,,,,,,3.0
,13/09/2025,,Wolfsburg,1.  Köln,3,3,D,1,1,D,,,,,,,,,,,,,,,,,,,,,,,,,,,,,,,,,,,,,,,,,,,,,,,,,,,,,,,,,,,,,,,,,,,,,,,,,,,,,,,,,,,,,,,,,,,,,,,,,,,,,,,,,,,,,,,,,,,,,,,,,3.0
,13/09/2025,,Mainz,RB Leipzig,0,1,A,0,1,A,,,,,,,,,,,,,,,,,,,,,,,,,,,,,,,,,,,,,,,,,,,,,,,,,,,,,,,,,,,,,,,,,,,,,,,,,,,,,,,,,,,,,,,,,,,,,,,,,,,,,,,,,,,,,,,,,,,,,,,,,3.0
,14/09/2025,,St. Pauli,Augsburg,2,1,H,1,1,D,,,,,,,,,,,,,,,,,,,,,,,,,,,,,,,,,,,,,,,,,,,,,,,,,,,,,,,,,,,,,,,,,,,,,,,,,,,,,,,,,,,,,,,,,,,,,,,,,,,,,,,,,,,,,,,,,,,,,,,,,3.0
D1,14/09/2025,16:30,M'gladbach,Werder Bremen,0,4,A,0,2,A,19.0,12.0,3.0,7.0,12.0,9.0,9.0,4.0,1.0,0.0,0.0,0.0,1.95,3.9,3.4,1.95,4.0,3.5,1.93,4.1,3.45,1.93,3.75,3.2,1.95,3.8,3.5,1.95,3.8,3.5,1.95,3.8,3.5,2.0,4.11,3.44,1.98,4.2,4.25,1.92,3.92,3.46,2.04,4.0,3.7,1.5,2.63,1.5,2.67,1.52,2.63,1.48,2.55,1.52,2.8,-0.5,1.98,1.88,2.01,1.9,1.98,2.12,1.9,1.87,2.04,1.92,2.1,3.9,3.0,2.05,4.0,3.2,2.1,4.0,3.1,2.1,4.0,3.0,2.1,3.8,3.1,2.1,3.8,3.1,2.1,3.8,3.1,2.05,4.08,3.38,2.15,4.0,3.2,2.09,3.89,3.09,2.16,4.0,3.4,1.44,2.75,1.39,3.09,1.44,3.0,1.42,2.79,1.48,3.0,-0.25,1.85,2.0,1.81,2.12,1.85,2.0,1.82,1.96,1.89,2.11,
D1,14/09/2025,14:30,St Pauli,Augsburg,2,1,H,1,1,D,13.0,10.0,7.0,5.0,10.0,12.0,3.0,1.0,1.0,4.0,0.0,0.0,2.2,3.4,3.3,2.25,3.25,3.3,2.2,3.4,3.2,2.1,3.2,3.2,2.2,3.3,3.3,2.2,3.3,3.3,2.2,3.3,3.25,2.23,3.39,3.46,2.25,3.4,3.33,2.19,3.31,3.25,2.24,3.45,3.6,2.1,1.73,2.15,1.76,2.1,1.75,2.04,1.73,2.16,1.81,-0.25,1.88,1.98,1.92,1.99,1.9,1.98,1.88,1.9,1.93,2.04,2.1,3.5,3.3,2.1,3.4,3.4,2.1,3.4,3.55,2.1,3.4,3.4,2.1,3.4,3.5,2.1,3.4,3.5,2.1,3.3,3.4,2.23,3.32,3.6,2.18,3.5,3.55,2.11,3.37,3.43,2.22,3.4,3.85,1.9,1.95,2.17,1.75,2.1,1.95,1.96,1.82,2.12,1.87,-0.25,1.8,2.05,1.91,2.02,1.9,2.05,1.81,1.98,1.89,2.11,
,14/09/2025,,M'gladbach,Bremen,0,4,A,0,2,A,,,,,,,,,,,,,,,,,,,,,,,,,,,,,,,,,,,,,,,,,,,,,,,,,,,,,,,,,,,,,,,,,,,,,,,,,,,,,,,,,,,,,,,,,,,,,,,,,,,,,,,,,,,,,,,,,,,,,,,,,3.0
D1,19/09/2025,19:30,Stuttgart,St Pauli,2,0,H,1,0,H,17.0,9.0,8.0,2.0,13.0,15.0,8.0,4.0,0.0,2.0,0.0,0.0,1.75,4.1,4.2,1.73,3.75,4.6,1.73,4.0,4.4,1.73,3.9,4.4,1.78,3.8,4.2,1.8,3.8,4.2,1.8,3.8,4.2,1.78,4.0,4.46,1.8,4.1,4.6,1.75,3.89,4.33,1.82,4.1,4.7,1.73,2.1,1.74,2.18,1.75,2.15,1.7,2.1,1.78,2.24,-0.75,2.0,1.85,2.01,1.89,2.0,1.9,1.92,1.85,2.04,1.92,1.8,3.9,4.0,1.83,3.75,4.0,1.83,3.95,3.95,1.8,3.9,4.0,1.87,3.8,3.8,1.85,3.8,3.8,1.85,3.8,3.8,1.8,4.09,4.37,1.87,4.0,4.0,1.82,3.88,3.89,1.95,4.0,4.1,1.62,2.3,1.66,2.32,1.62,2.38,1.6,2.28,1.65,2.48,-0.5,1.78,2.03,1.79,2.13,1.86,2.03,1.8,1.96,1.95,2.04,
,19/09/2025,,Stuttgart,St. Pauli,2,0,H,1,0,H,,,,,,,,,,,,,,,,,,,,,,,,,,,,,,,,,,,,,,,,,,,,,,,,,,,,,,,,,,,,,,,,,,,,,,,,,,,,,,,,,,,,,,,,,,,,,,,,,,,,,,,,,,,,,,,,,,,,,,,,,4.0
,20/09/2025,,Augsburg,Mainz,1,4,A,0,2,A,,,,,,,,,,,,,,,,,,,,,,,,,,,,,,,,,,,,,,,,,,,,,,,,,,,,,,,,,,,,,,,,,,,,,,,,,,,,,,,,,,,,,,,,,,,,,,,,,,,,,,,,,,,,,,,,,,,,,,,,,4.0
,20/09/2025,,Bremen,Freiburg,0,3,A,0,1,A,,,,,,,,,,,,,,,,,,,,,,,,,,,,,,,,,,,,,,,,,,,,,,,,,,,,,,,,,,,,,,,,,,,,,,,,,,,,,,,,,,,,,,,,,,,,,,,,,,,,,,,,,,,,,,,,,,,,,,,,,4.0
,20/09/2025,,HSV,Heidenheim,2,1,H,1,0,H,,,,,,,,,,,,,,,,,,,,,,,,,,,,,,,,,,,,,,,,,,,,,,,,,,,,,,,,,,,,,,,,,,,,,,,,,,,,,,,,,,,,,,,,,,,,,,,,,,,,,,,,,,,,,,,,,,,,,,,,,4.0
,20/09/2025,,RB Leipzig,1.  Köln,3,1,H,3,1,H,,,,,,,,,,,,,,,,,,,,,,,,,,,,,,,,,,,,,,,,,,,,,,,,,,,,,,,,,,,,,,,,,,,,,,,,,,,,,,,,,,,,,,,,,,,,,,,,,,,,,,,,,,,,,,,,,,,,,,,,,4.0
,20/09/2025,,Hoffenheim,Bayern,1,4,A,0,1,A,,,,,,,,,,,,,,,,,,,,,,,,,,,,,,,,,,,,,,,,,,,,,,,,,,,,,,,,,,,,,,,,,,,,,,,,,,,,,,,,,,,,,,,,,,,,,,,,,,,,,,,,,,,,,,,,,,,,,,,,,4.0
D1,20/09/2025,14:30,Hoffenheim,Bayern Munich,1,4,A,0,1,A,12.0,18.0,4.0,10.0,17.0,9.0,5.0,5.0,1.0,2.0,0.0,0.0,7.0,6.0,1.33,8.0,5.5,1.33,8.0,6.0,1.32,7.0,5.25,1.3,7.5,5.75,1.35,7.5,5.75,1.35,7.5,5.5,1.35,7.87,6.19,1.33,8.0,6.0,1.35,7.48,5.7,1.32,8.8,6.4,1.35,1.29,3.75,1.32,3.45,1.33,3.75,1.3,3.38,1.34,3.75,1.5,2.0,1.85,2.04,1.87,2.0,1.85,1.95,1.81,2.05,1.88,7.5,5.25,1.36,7.0,5.5,1.36,6.75,5.6,1.38,7.5,5.5,1.33,7.0,5.5,1.37,7.0,5.5,1.36,6.5,5.25,1.4,8.29,6.37,1.31,7.5,5.6,1.4,6.98,5.37,1.37,8.2,5.7,1.41,1.33,3.4,1.32,3.45,1.35,3.5,1.32,3.26,1.39,3.45,1.5,1.88,1.98,2.08,1.81,1.9,1.98,1.85,1.91,1.9,2.09,
D1,20/09/2025,14:30,Hamburg,Heidenheim,2,1,H,1,0,H,22.0,20.0,9.0,8.0,15.0,10.0,1.0,12.0,5.0,1.0,0.0,0.0,2.05,3.6,3.5,2.1,3.5,3.4,2.04,3.65,3.45,2.0,3.4,3.25,2.05,3.5,3.6,1.95,3.3,3.4,2.0,3.5,3.6,2.1,3.53,3.66,2.1,3.65,3.66,2.02,3.51,3.45,2.14,3.7,3.65,1.8,2.0,1.85,2.04,1.8,2.02,1.77,2.0,1.87,2.08,-0.5,2.05,1.8,2.11,1.82,2.05,1.8,2.0,1.77,2.14,1.84,1.75,3.9,4.5,1.8,3.75,4.2,1.8,3.95,4.1,1.73,3.9,4.33,1.77,3.9,4.2,1.8,3.9,4.2,1.75,3.9,4.2,1.88,3.89,4.18,1.81,4.0,4.5,1.77,3.87,4.2,1.84,4.1,4.6,1.67,2.2,1.68,2.29,1.67,2.28,1.64,2.21,1.69,2.4,-0.75,1.98,1.88,2.12,1.79,2.02,1.88,1.97,1.81,2.03,1.94,
D1,20/09/2025,14:30,Werder Bremen,Freiburg,0,3,A,0,1,A,12.0,10.0,5.0,5.0,13.0,7.0,2.0,0.0,5.0,2.0,0.0,0.0,2.38,3.6,2.8,2.38,3.6,2.8,2.43,3.75,2.65,2.3,3.5,2.63,2.4,3.5,2.75,2.4,3.5,2.75,2.4,3.5,2.75,2.38,3.81,2.86,2.43,3.75,2.8,2.37,3.59,2.72,2.5,3.75,2.9,1.62,2.3,1.63,2.36,1.62,2.3,1.6,2.26,1.64,2.44,-0.25,2.05,1.8,2.09,1.83,2.1,1.8,2.04,1.74,2.17,1.82,2.35,3.6,2.88,2.4,3.5,2.8,2.35,3.7,2.8,2.38,3.6,2.75,2.4,3.5,2.75,2.4,3.5,2.75,2.4,3.5,2.75,2.51,3.68,2.79,2.45,3.7,2.9,2.37,3.55,2.79,2.54,3.65,2.96,1.73,2.1,1.64,2.38,1.73,2.25,1.64,2.2,1.73,2.34,-0.25,2.05,1.8,2.18,1.76,2.1,1.8,2.04,1.75,2.19,1.82,
D1,20/09/2025,17:30,RB Leipzig,FC Koln,3,1,H,3,1,H,18.0,13.0,8.0,2.0,10.0,8.0,9.0,5.0,1.0,1.0,0.0,0.0,1.65,4.33,4.5,1.67,4.2,4.6,1.63,4.35,4.8,1.6,4.0,4.5,1.68,4.1,4.6,1.67,4.2,4.6,1.67,4.0,4.6,1.68,4.39,4.73,1.7,4.35,4.8,1.65,4.15,4.61,1.75,4.4,4.9,1.53,2.5,1.57,2.5,1.6,2.5,1.55,2.37,1.61,2.54,-0.75,1.83,2.03,1.85,2.06,1.83,2.03,1.79,1.98,1.94,2.03,1.9,4.0,3.75,1.9,4.0,3.6,1.81,4.2,3.8,1.83,4.1,3.6,1.9,4.0,3.6,1.91,4.0,3.6,1.85,3.9,3.6,1.95,3.9,3.84,1.91,4.2,3.8,1.86,4.01,3.64,1.98,4.0,4.0,1.4,3.0,1.49,2.72,1.43,3.13,1.4,2.88,1.44,3.15,-0.5,1.88,1.98,1.96,1.96,1.88,2.0,1.82,1.94,1.97,2.01,
,21/09/2025,,Frankfurt,Union Berlin,3,4,A,1,2,A,,,,,,,,,,,,,,,,,,,,,,,,,,,,,,,,,,,,,,,,,,,,,,,,,,,,,,,,,,,,,,,,,,,,,,,,,,,,,,,,,,,,,,,,,,,,,,,,,,,,,,,,,,,,,,,,,,,,,,,,,4.0
D1,21/09/2025,14:30,Ein Frankfurt,Union Berlin,3,4,A,1,2,A,19.0,11.0,10.0,5.0,10.0,11.0,5.0,1.0,3.0,2.0,0.0,0.0,1.57,4.33,5.5,1.57,4.2,5.5,1.54,4.6,5.4,1.53,4.0,5.0,1.58,4.33,5.25,1.57,4.33,5.25,1.57,4.2,5.25,1.58,4.47,5.57,1.58,4.6,5.5,1.55,4.27,5.27,1.6,4.4,6.0,1.57,2.38,1.63,2.38,1.62,2.38,1.58,2.29,1.66,2.42,-1.0,1.93,1.93,1.96,1.94,1.95,1.93,1.89,1.88,1.97,1.96,1.62,4.2,4.75,1.62,4.2,5.0,1.66,4.25,4.7,1.6,4.2,5.0,1.61,4.2,5.0,1.6,4.2,5.0,1.6,4.2,5.0,1.65,4.38,5.03,1.66,4.25,5.1,1.62,4.17,4.92,1.7,4.4,5.3,1.62,2.3,1.57,2.5,1.63,2.38,1.59,2.3,1.68,2.44,-1.0,2.05,1.8,2.09,1.85,2.08,1.8,2.03,1.77,2.14,1.84,
,21/09/2025,,Leverkusen,M'gladbach,1,1,D,0,0,D,,,,,,,,,,,,,,,,,,,,,,,,,,,,,,,,,,,,,,,,,,,,,,,,,,,,,,,,,,,,,,,,,,,,,,,,,,,,,,,,,,,,,,,,,,,,,,,,,,,,,,,,,,,,,,,,,,,,,,,,,4.0
,21/09/2025,,Dortmund,Wolfsburg,1,0,H,1,0,H,,,,,,,,,,,,,,,,,,,,,,,,,,,,,,,,,,,,,,,,,,,,,,,,,,,,,,,,,,,,,,,,,,,,,,,,,,,,,,,,,,,,,,,,,,,,,,,,,,,,,,,,,,,,,,,,,,,,,,,,,4.0
,26/09/2025,,Bayern,Bremen,4,0,H,2,0,H,,,,,,,,,,,,,,,,,,,,,,,,,,,,,,,,,,,,,,,,,,,,,,,,,,,,,,,,,,,,,,,,,,,,,,,,,,,,,,,,,,,,,,,,,,,,,,,,,,,,,,,,,,,,,,,,,,,,,,,,,5.0
D1,26/09/2025,19:30,Bayern Munich,Werder Bremen,4,0,H,2,0,H,26.0,9.0,13.0,3.0,9.0,4.0,7.0,6.0,2.0,0.0,0.0,0.0,1.09,11.0,21.0,1.1,10.0,21.0,1.09,11.0,21.0,1.07,11.5,22.0,1.1,12.5,19.0,1.1,12.0,19.0,1.1,12.0,19.0,1.09,12.5,26.0,1.1,12.5,22.0,1.09,10.97,20.23,1.11,14.0,32.0,1.2,4.5,,,1.2,5.25,1.17,4.79,1.2,5.7,-2.75,1.88,1.98,1.88,2.01,1.88,2.0,1.84,1.94,1.95,2.0,1.09,11.0,21.0,1.11,10.0,19.0,1.1,11.0,19.0,1.09,10.5,20.0,1.12,11.5,16.5,1.11,11.0,17.0,1.11,11.0,15.0,1.1,12.0,26.0,1.12,11.5,21.0,1.1,10.52,18.3,1.12,13.0,28.0,1.2,4.5,,,1.2,4.8,1.19,4.49,1.23,5.1,-2.5,1.8,2.0,1.83,2.04,1.81,2.07,1.77,1.99,1.9,2.07,
,27/09/2025,,M'gladbach,Frankfurt,4,6,A,0,5,A,,,,,,,,,,,,,,,,,,,,,,,,,,,,,,,,,,,,,,,,,,,,,,,,,,,,,,,,,,,,,,,,,,,,,,,,,,,,,,,,,,,,,,,,,,,,,,,,,,,,,,,,,,,,,,,,,,,,,,,,,5.0
,27/09/2025,,Mainz,Dortmund,0,2,A,0,2,A,,,,,,,,,,,,,,,,,,,,,,,,,,,,,,,,,,,,,,,,,,,,,,,,,,,,,,,,,,,,,,,,,,,,,,,,,,,,,,,,,,,,,,,,,,,,,,,,,,,,,,,,,,,,,,,,,,,,,,,,,5.0
,27/09/2025,,Wolfsburg,RB Leipzig,0,1,A,0,1,A,,,,,,,,,,,,,,,,,,,,,,,,,,,,,,,,,,,,,,,,,,,,,,,,,,,,,,,,,,,,,,,,,,,,,,,,,,,,,,,,,,,,,,,,,,,,,,,,,,,,,,,,,,,,,,,,,,,,,,,,,5.0
,27/09/2025,,St. Pauli,Leverkusen,1,2,A,1,1,D,,,,,,,,,,,,,,,,,,,,,,,,,,,,,,,,,,,,,,,,,,,,,,,,,,,,,,,,,,,,,,,,,,,,,,,,,,,,,,,,,,,,,,,,,,,,,,,,,,,,,,,,,,,,,,,,,,,,,,,,,5.0
,27/09/2025,,Heidenheim,Augsburg,2,1,H,0,0,D,,,,,,,,,,,,,,,,,,,,,,,,,,,,,,,,,,,,,,,,,,,,,,,,,,,,,,,,,,,,,,,,,,,,,,,,,,,,,,,,,,,,,,,,,,,,,,,,,,,,,,,,,,,,,,,,,,,,,,,,,5.0
D1,27/09/2025,17:30,M'gladbach,Ein Frankfurt,4,6,A,0,5,A,11.0,21.0,8.0,7.0,14.0,8.0,4.0,6.0,1.0,2.0,0.0,0.0,3.1,3.6,2.2,3.0,3.75,2.2,3.05,3.8,2.16,2.8,3.7,2.1,2.95,3.7,2.2,3.0,3.7,2.2,3.0,3.7,2.2,3.2,3.59,2.26,3.2,3.8,2.25,2.98,3.68,2.18,3.2,3.8,2.32,1.53,2.5,1.52,2.56,1.53,2.65,1.48,2.56,1.54,2.72,0.25,1.93,1.93,1.93,1.97,1.93,1.93,1.89,1.84,1.95,2.01,3.0,3.6,2.25,3.0,3.6,2.25,2.9,3.65,2.3,2.8,3.75,2.25,2.87,3.7,2.25,2.87,3.7,2.25,2.87,3.7,2.25,3.08,3.72,2.3,3.0,3.75,2.33,2.9,3.63,2.26,3.05,3.75,2.44,1.57,2.38,1.56,2.52,1.58,2.5,1.53,2.44,1.61,2.58,0.25,1.83,2.03,1.91,2.01,1.85,2.03,1.8,1.92,1.89,2.11,
D1,27/09/2025,14:30,St Pauli,Leverkusen,1,2,A,1,1,D,13.0,5.0,6.0,4.0,13.0,11.0,13.0,1.0,3.0,5.0,0.0,0.0,3.1,3.6,2.2,3.2,3.4,2.25,3.15,3.55,2.18,3.1,3.3,2.1,3.1,3.5,2.2,3.1,3.5,2.2,3.1,3.5,2.2,3.28,3.55,2.24,3.2,3.6,2.25,3.12,3.45,2.18,3.3,3.65,2.32,1.88,1.98,1.91,1.98,1.91,1.98,1.84,1.92,1.93,2.0,0.25,1.93,1.93,1.96,1.94,1.93,1.93,1.89,1.83,1.97,2.0,3.0,3.4,2.38,3.1,3.4,2.3,3.0,3.5,2.3,2.9,3.5,2.3,2.95,3.4,2.3,3.0,3.4,2.3,3.0,3.4,2.3,3.37,3.54,2.23,3.1,3.5,2.38,2.97,3.42,2.32,3.15,3.5,2.48,1.85,2.0,1.95,1.95,1.85,2.05,1.82,1.95,1.92,2.06,0.0,2.15,1.68,2.46,1.62,2.16,1.7,2.13,1.68,2.26,1.78,
,28/09/2025,,Freiburg,Hoffenheim,1,1,D,1,1,D,,,,,,,,,,,,,,,,,,,,,,,,,,,,,,,,,,,,,,,,,,,,,,,,,,,,,,,,,,,,,,,,,,,,,,,,,,,,,,,,,,,,,,,,,,,,,,,,,,,,,,,,,,,,,,,,,,,,,,,,,5.0
,28/09/2025,,Union Berlin,HSV,0,0,D,0,0,D,,,,,,,,,,,,,,,,,,,,,,,,,,,,,,,,,,,,,,,,,,,,,,,,,,,,,,,,,,,,,,,,,,,,,,,,,,,,,,,,,,,,,,,,,,,,,,,,,,,,,,,,,,,,,,,,,,,,,,,,,5.0
,28/09/2025,,1.  Köln,Stuttgart,1,2,A,1,1,D,,,,,,,,,,,,,,,,,,,,,,,,,,,,,,,,,,,,,,,,,,,,,,,,,,,,,,,,,,,,,,,,,,,,,,,,,,,,,,,,,,,,,,,,,,,,,,,,,,,,,,,,,,,,,,,,,,,,,,,,,5.0
D1,28/09/2025,16:30,FC Koln,Stuttgart,1,2,A,1,1,D,14.0,15.0,6.0,5.0,12.0,12.0,8.0,8.0,2.0,2.0,0.0,0.0,2.9,3.5,2.35,2.88,3.6,2.3,2.8,3.8,2.3,2.7,3.6,2.2,2.8,3.7,2.3,2.8,3.7,2.3,2.75,3.7,2.3,2.91,3.68,2.39,2.9,3.8,2.38,2.78,3.64,2.29,2.98,3.8,2.46,1.53,2.5,1.56,2.53,1.55,2.5,1.53,2.41,1.59,2.6,0.25,1.83,2.03,1.83,2.09,1.83,2.03,1.77,1.93,1.86,2.13,2.5,3.7,2.63,2.6,3.6,2.5,2.55,3.6,2.6,2.6,3.6,2.5,2.55,3.7,2.55,2.5,3.7,2.6,2.5,3.6,2.5,2.61,3.72,2.66,2.6,3.7,2.63,2.53,3.62,2.55,2.62,3.9,2.74,1.5,2.63,1.56,2.5,1.54,2.63,1.5,2.51,1.55,2.74,0.0,1.88,1.98,1.94,1.98,1.9,1.98,1.87,1.89,1.95,2.03,
D1,28/09/2025,18:30,Union Berlin,Hamburg,0,0,D,0,0,D,11.0,16.0,2.0,6.0,18.0,17.0,5.0,3.0,2.0,2.0,0.0,1.0,1.95,3.4,4.0,2.0,3.6,3.6,1.97,3.65,3.7,1.91,3.4,3.5,2.0,3.6,3.5,2.05,3.6,3.5,2.0,3.5,3.5,1.99,3.7,3.82,2.05,3.65,4.0,1.97,3.53,3.61,2.02,3.65,4.1,1.8,2.0,1.79,2.11,1.84,2.0,1.78,1.97,1.84,2.12,-0.5,1.98,1.88,2.0,1.91,2.0,1.88,1.94,1.83,2.02,1.96,1.95,3.6,3.8,1.95,3.6,3.75,1.98,3.65,3.65,1.95,3.6,3.6,1.98,3.5,3.7,2.0,3.5,3.7,1.95,3.5,3.6,2.01,3.61,3.95,2.0,3.65,3.8,1.97,3.57,3.65,2.04,3.8,4.0,1.8,2.0,1.92,1.99,1.81,2.05,1.78,2.0,1.84,2.16,-0.5,1.98,1.88,2.02,1.91,1.98,1.88,1.93,1.82,2.04,1.94,
,03/10/2025,,Hoffenheim,1.  Köln,0,1,A,0,1,A,,,,,,,,,,,,,,,,,,,,,,,,,,,,,,,,,,,,,,,,,,,,,,,,,,,,,,,,,,,,,,,,,,,,,,,,,,,,,,,,,,,,,,,,,,,,,,,,,,,,,,,,,,,,,,,,,,,,,,,,,6.0
D1,03/10/2025,19:30,Hoffenheim,FC Koln,0,1,A,0,1,A,15.0,10.0,4.0,4.0,15.0,6.0,11.0,6.0,3.0,1.0,0.0,0.0,1.91,3.7,3.75,1.95,3.75,3.6,1.93,3.95,3.55,1.93,3.8,3.5,1.88,3.8,3.75,1.91,3.9,3.75,1.85,3.8,3.7,1.93,3.98,3.79,1.95,3.95,3.75,1.91,3.82,3.61,2.0,4.0,3.9,1.57,2.38,1.57,2.45,1.58,2.5,1.53,2.42,1.6,2.62,-0.5,1.9,1.95,1.93,1.97,1.92,1.95,1.88,1.87,2.0,1.99,1.95,3.7,3.6,1.95,3.75,3.6,1.95,3.85,3.6,1.95,3.8,3.4,1.93,3.8,3.6,1.95,3.8,3.6,1.91,3.75,3.6,1.92,3.95,3.92,2.0,3.85,3.7,1.94,3.76,3.56,2.02,3.9,3.95,1.57,2.38,1.57,2.5,1.62,2.5,1.55,2.39,1.63,2.56,-0.5,1.98,1.88,1.93,1.99,1.98,1.91,1.9,1.86,2.02,1.96,
,04/10/2025,,Dortmund,RB Leipzig,1,1,D,1,1,D,,,,,,,,,,,,,,,,,,,,,,,,,,,,,,,,,,,,,,,,,,,,,,,,,,,,,,,,,,,,,,,,,,,,,,,,,,,,,,,,,,,,,,,,,,,,,,,,,,,,,,,,,,,,,,,,,,,,,,,,,6.0
,04/10/2025,,Bremen,St. Pauli,1,0,H,1,0,H,,,,,,,,,,,,,,,,,,,,,,,,,,,,,,,,,,,,,,,,,,,,,,,,,,,,,,,,,,,,,,,,,,,,,,,,,,,,,,,,,,,,,,,,,,,,,,,,,,,,,,,,,,,,,,,,,,,,,,,,,6.0
,04/10/2025,,Augsburg,Wolfsburg,3,1,H,1,0,H,,,,,,,,,,,,,,,,,,,,,,,,,,,,,,,,,,,,,,,,,,,,,,,,,,,,,,,,,,,,,,,,,,,,,,,,,,,,,,,,,,,,,,,,,,,,,,,,,,,,,,,,,,,,,,,,,,,,,,,,,6.0
,04/10/2025,,Frankfurt,Bayern,0,3,A,0,2,A,,,,,,,,,,,,,,,,,,,,,,,,,,,,,,,,,,,,,,,,,,,,,,,,,,,,,,,,,,,,,,,,,,,,,,,,,,,,,,,,,,,,,,,,,,,,,,,,,,,,,,,,,,,,,,,,,,,,,,,,,6.0
D1,04/10/2025,17:30,Ein Frankfurt,Bayern Munich,0,3,A,0,2,A,6.0,12.0,1.0,3.0,11.0,11.0,4.0,3.0,1.0,2.0,0.0,0.0,6.25,5.25,1.42,6.0,5.5,1.4,6.0,5.4,1.42,5.75,4.8,1.4,5.75,5.25,1.46,5.75,5.25,1.44,5.75,5.0,1.44,6.14,5.53,1.44,6.33,5.5,1.46,5.9,5.19,1.42,6.8,5.9,1.45,1.29,3.75,1.32,3.37,1.29,3.75,1.28,3.54,1.31,4.0,1.5,1.78,2.03,1.79,2.12,1.8,2.03,1.75,2.01,1.87,2.08,7.5,5.75,1.33,7.0,5.5,1.36,6.5,5.8,1.38,6.5,5.5,1.36,6.75,5.75,1.37,6.5,5.75,1.36,6.5,5.75,1.36,7.49,5.65,1.38,7.5,5.8,1.4,6.7,5.66,1.36,8.2,6.4,1.37,1.22,4.33,1.32,3.37,1.25,4.33,1.22,4.08,1.24,4.8,1.5,1.95,1.9,1.93,1.99,2.0,1.9,1.89,1.87,2.04,1.93,
D1,04/10/2025,14:30,Werder Bremen,St Pauli,1,0,H,1,0,H,15.0,13.0,5.0,3.0,8.0,9.0,4.0,1.0,3.0,1.0,0.0,0.0,2.35,3.7,2.88,2.4,3.4,2.88,2.4,3.6,2.85,2.2,3.4,2.88,2.3,3.5,2.9,2.3,3.5,2.9,2.3,3.5,2.9,2.43,3.67,2.87,2.4,3.7,2.9,2.32,3.51,2.86,2.38,3.7,3.15,1.73,2.1,1.77,2.13,1.8,2.1,1.74,2.03,1.8,2.18,-0.25,2.03,1.83,2.12,1.81,2.06,1.83,1.99,1.78,2.06,1.92,2.3,3.4,3.0,2.4,3.5,2.8,2.28,3.7,2.95,2.25,3.6,2.9,2.35,3.5,2.87,2.37,3.5,2.87,2.3,3.5,2.87,2.37,3.61,3.04,2.4,3.7,3.0,2.31,3.51,2.9,2.44,3.6,3.15,1.73,2.1,1.7,2.26,1.73,2.25,1.66,2.17,1.72,2.34,-0.25,2.03,1.83,2.07,1.87,2.03,1.83,1.97,1.81,2.1,1.89,
,04/10/2025,,Leverkusen,Union Berlin,2,0,H,1,0,H,,,,,,,,,,,,,,,,,,,,,,,,,,,,,,,,,,,,,,,,,,,,,,,,,,,,,,,,,,,,,,,,,,,,,,,,,,,,,,,,,,,,,,,,,,,,,,,,,,,,,,,,,,,,,,,,,,,,,,,,,6.0
,05/10/2025,,M'gladbach,Freiburg,0,0,D,0,0,D,,,,,,,,,,,,,,,,,,,,,,,,,,,,,,,,,,,,,,,,,,,,,,,,,,,,,,,,,,,,,,,,,,,,,,,,,,,,,,,,,,,,,,,,,,,,,,,,,,,,,,,,,,,,,,,,,,,,,,,,,6.0
,05/10/2025,,HSV,Mainz,4,0,H,2,0,H,,,,,,,,,,,,,,,,,,,,,,,,,,,,,,,,,,,,,,,,,,,,,,,,,,,,,,,,,,,,,,,,,,,,,,,,,,,,,,,,,,,,,,,,,,,,,,,,,,,,,,,,,,,,,,,,,,,,,,,,,6.0
,05/10/2025,,Stuttgart,Heidenheim,1,0,H,0,0,D,,,,,,,,,,,,,,,,,,,,,,,,,,,,,,,,,,,,,,,,,,,,,,,,,,,,,,,,,,,,,,,,,,,,,,,,,,,,,,,,,,,,,,,,,,,,,,,,,,,,,,,,,,,,,,,,,,,,,,,,,6.0
D1,05/10/2025,16:30,Hamburg,Mainz,4,0,H,2,0,H,15.0,11.0,9.0,4.0,14.0,13.0,1.0,4.0,2.0,3.0,0.0,0.0,2.8,3.5,2.4,2.8,3.5,2.4,2.8,3.8,2.3,2.7,3.4,2.3,2.75,3.6,2.4,2.75,3.6,2.4,2.75,3.5,2.4,2.89,3.53,2.48,2.83,3.8,2.42,2.76,3.54,2.36,2.96,3.7,2.5,1.73,2.1,1.77,2.14,1.73,2.17,1.69,2.1,1.78,2.22,0.25,1.73,2.08,1.78,2.14,1.8,2.08,1.75,1.96,1.83,2.16,3.1,3.75,2.15,3.0,3.6,2.2,3.1,3.65,2.2,3.1,3.8,2.0,3.1,3.7,2.15,3.1,3.7,2.15,3.1,3.6,2.15,3.21,3.77,2.21,3.2,3.8,2.2,3.08,3.67,2.14,3.35,3.9,2.22,1.53,2.5,1.57,2.54,1.58,2.6,1.54,2.42,1.62,2.58,0.25,1.95,1.9,1.98,1.93,1.96,1.9,1.91,1.82,2.04,1.95,
,17/10/2025,,Union Berlin,M'gladbach,3,1,H,2,1,H,,,,,,,,,,,,,,,,,,,,,,,,,,,,,,,,,,,,,,,,,,,,,,,,,,,,,,,,,,,,,,,,,,,,,,,,,,,,,,,,,,,,,,,,,,,,,,,,,,,,,,,,,,,,,,,,,,,,,,,,,7.0
D1,18/10/2025,14:30,RB Leipzig,Hamburg,2,1,H,1,0,H,10.0,15.0,4.0,3.0,13.0,12.0,3.0,5.0,3.0,1.0,0.0,0.0,1.44,4.75,6.5,1.44,5.0,6.5,1.37,5.4,7.0,1.4,4.75,6.0,1.42,5.25,6.25,1.44,5.25,6.0,1.4,4.8,5.75,1.43,5.37,6.59,1.44,5.4,7.0,1.4,5.07,6.34,1.46,5.5,7.2,1.36,3.2,1.36,3.19,1.38,3.2,1.35,3.07,1.4,3.3,-1.25,1.88,1.98,1.88,2.03,1.88,2.08,1.79,1.99,1.93,2.0,1.45,5.0,6.0,1.44,5.0,6.0,1.45,5.1,6.0,1.44,5.0,5.75,1.46,5.0,6.0,1.48,5.0,5.75,1.44,5.0,5.75,1.47,5.28,6.25,1.48,5.1,6.0,1.45,4.96,5.85,1.5,5.1,7.0,1.33,3.4,1.38,3.13,1.35,3.4,1.34,3.18,1.4,3.4,-1.25,1.93,1.93,1.95,1.97,1.93,1.93,1.88,1.89,2.0,1.94,
,18/10/2025,,Mainz,Leverkusen,3,4,A,1,3,A,,,,,,,,,,,,,,,,,,,,,,,,,,,,,,,,,,,,,,,,,,,,,,,,,,,,,,,,,,,,,,,,,,,,,,,,,,,,,,,,,,,,,,,,,,,,,,,,,,,,,,,,,,,,,,,,,,,,,,,,,7.0
D1,18/10/2025,17:30,Bayern Munich,Dortmund,2,1,H,1,0,H,15.0,8.0,7.0,1.0,12.0,17.0,4.0,3.0,1.0,3.0,0.0,0.0,1.33,5.5,7.5,1.33,5.5,8.0,1.33,6.0,7.5,1.3,5.25,7.0,1.36,5.5,7.25,1.36,5.5,7.5,1.35,5.5,7.0,1.38,5.55,7.5,1.38,6.0,8.0,1.34,5.52,7.34,1.39,6.0,8.4,1.33,3.4,1.34,3.32,1.33,3.45,1.31,3.31,1.36,3.6,-1.5,1.93,1.93,1.96,1.94,1.93,1.98,1.84,1.92,1.97,1.96,1.38,5.25,7.0,1.33,5.5,8.0,1.34,6.0,7.5,1.36,5.5,7.0,1.37,5.5,7.25,1.36,5.5,7.5,1.35,5.5,7.0,1.36,5.75,8.25,1.38,6.0,8.5,1.35,5.52,7.41,1.4,5.8,8.6,1.33,3.4,1.33,3.41,1.33,3.65,1.3,3.43,1.36,3.7,-1.5,1.98,1.88,1.92,2.01,1.98,2.0,1.86,1.9,2.01,1.97,
,18/10/2025,,Wolfsburg,Stuttgart,0,3,A,0,1,A,,,,,,,,,,,,,,,,,,,,,,,,,,,,,,,,,,,,,,,,,,,,,,,,,,,,,,,,,,,,,,,,,,,,,,,,,,,,,,,,,,,,,,,,,,,,,,,,,,,,,,,,,,,,,,,,,,,,,,,,,7.0
,18/10/2025,,Heidenheim,Bremen,2,2,D,0,0,D,,,,,,,,,,,,,,,,,,,,,,,,,,,,,,,,,,,,,,,,,,,,,,,,,,,,,,,,,,,,,,,,,,,,,,,,,,,,,,,,,,,,,,,,,,,,,,,,,,,,,,,,,,,,,,,,,,,,,,,,,7.0
,18/10/2025,,1.  Köln,Augsburg,1,1,D,0,0,D,,,,,,,,,,,,,,,,,,,,,,,,,,,,,,,,,,,,,,,,,,,,,,,,,,,,,,,,,,,,,,,,,,,,,,,,,,,,,,,,,,,,,,,,,,,,,,,,,,,,,,,,,,,,,,,,,,,,,,,,,7.0
D1,18/10/2025,14:30,FC Koln,Augsburg,1,1,D,0,0,D,9.0,10.0,2.0,4.0,10.0,17.0,5.0,2.0,2.0,2.0,0.0,0.0,1.95,3.9,3.5,2.0,3.75,3.5,2.0,3.9,3.35,1.91,3.7,3.3,1.98,3.7,3.5,2.0,3.7,3.5,2.0,3.7,3.5,2.0,3.96,3.56,2.0,4.0,3.5,1.98,3.79,3.39,2.04,3.95,3.75,1.57,2.38,1.6,2.42,1.6,2.38,1.57,2.31,1.63,2.52,-0.5,1.98,1.88,2.0,1.9,2.0,1.88,1.95,1.82,2.05,1.94,2.0,3.8,3.4,2.0,3.75,3.5,1.91,3.95,3.65,2.0,3.8,3.3,2.05,3.75,3.3,2.0,3.8,3.4,2.0,3.75,3.4,1.92,3.9,3.98,2.05,3.95,3.65,1.98,3.78,3.43,2.08,3.9,3.7,1.53,2.5,1.61,2.44,1.57,2.5,1.54,2.4,1.61,2.58,-0.5,2.03,1.83,1.93,2.0,2.03,1.9,1.95,1.82,2.1,1.89,
,18/10/2025,,RB Leipzig,HSV,2,1,H,1,0,H,,,,,,,,,,,,,,,,,,,,,,,,,,,,,,,,,,,,,,,,,,,,,,,,,,,,,,,,,,,,,,,,,,,,,,,,,,,,,,,,,,,,,,,,,,,,,,,,,,,,,,,,,,,,,,,,,,,,,,,,,7.0
D1,18/10/2025,14:30,Heidenheim,Werder Bremen,2,2,D,0,0,D,31.0,11.0,11.0,4.0,9.0,11.0,12.0,2.0,1.0,3.0,0.0,0.0,2.88,3.5,2.35,2.88,3.5,2.38,2.85,3.6,2.35,2.7,3.5,2.25,2.85,3.6,2.35,2.87,3.6,2.37,2.8,3.5,2.3,2.97,3.61,2.39,2.9,3.6,2.38,2.84,3.53,2.32,3.0,3.75,2.46,1.67,2.2,1.69,2.26,1.68,2.2,1.66,2.16,1.72,2.3,0.25,1.8,2.05,1.84,2.08,1.8,2.05,1.78,1.94,1.86,2.13,2.63,3.4,2.55,2.75,3.5,2.5,2.8,3.4,2.45,2.6,3.6,2.5,2.65,3.5,2.5,2.7,3.5,2.5,2.62,3.4,2.5,3.08,3.6,2.35,2.8,3.6,2.6,2.67,3.46,2.51,2.86,3.55,2.66,1.67,2.2,1.72,2.23,1.71,2.25,1.65,2.17,1.71,2.36,0.0,1.98,1.88,2.26,1.72,1.98,1.88,1.92,1.84,2.07,1.92,
,18/10/2025,,Bayern,Dortmund,2,1,H,1,0,H,,,,,,,,,,,,,,,,,,,,,,,,,,,,,,,,,,,,,,,,,,,,,,,,,,,,,,,,,,,,,,,,,,,,,,,,,,,,,,,,,,,,,,,,,,,,,,,,,,,,,,,,,,,,,,,,,,,,,,,,,7.0
,19/10/2025,,Freiburg,Frankfurt,2,2,D,1,2,A,,,,,,,,,,,,,,,,,,,,,,,,,,,,,,,,,,,,,,,,,,,,,,,,,,,,,,,,,,,,,,,,,,,,,,,,,,,,,,,,,,,,,,,,,,,,,,,,,,,,,,,,,,,,,,,,,,,,,,,,,7.0
D1,19/10/2025,14:30,Freiburg,Ein Frankfurt,2,2,D,1,2,A,12.0,8.0,5.0,3.0,6.0,15.0,3.0,1.0,2.0,3.0,0.0,0.0,2.5,3.5,2.7,2.5,3.5,2.75,2.55,3.7,2.55,2.4,3.5,2.5,2.55,3.6,2.55,2.6,3.6,2.6,2.5,3.5,2.6,2.54,3.68,2.72,2.6,3.7,2.75,2.48,3.57,2.6,2.58,3.65,2.8,1.62,2.3,1.63,2.38,1.63,2.38,1.6,2.27,1.65,2.46,0.0,1.85,2.0,1.88,2.02,1.85,2.0,1.82,1.93,1.9,2.06,2.35,3.6,2.88,2.5,3.5,2.75,2.55,3.65,2.6,2.38,3.7,2.7,2.45,3.5,2.7,2.5,3.5,2.7,2.45,3.5,2.7,2.56,3.64,2.76,2.55,3.7,2.88,2.46,3.54,2.69,2.6,3.7,2.86,1.67,2.2,1.68,2.29,1.67,2.38,1.6,2.27,1.71,2.38,0.0,1.7,2.1,1.89,2.04,1.83,2.1,1.76,2.01,1.9,2.08,
,19/10/2025,,St. Pauli,Hoffenheim,0,3,A,0,0,D,,,,,,,,,,,,,,,,,,,,,,,,,,,,,,,,,,,,,,,,,,,,,,,,,,,,,,,,,,,,,,,,,,,,,,,,,,,,,,,,,,,,,,,,,,,,,,,,,,,,,,,,,,,,,,,,,,,,,,,,,7.0
D1,19/10/2025,16:30,St Pauli,Hoffenheim,0,3,A,0,0,D,10.0,14.0,2.0,5.0,10.0,17.0,9.0,7.0,1.0,3.0,0.0,0.0,2.5,3.4,2.8,2.5,3.4,2.8,2.32,3.6,2.9,2.38,3.4,2.63,2.45,3.4,2.8,2.45,3.4,2.8,2.4,3.4,2.8,2.51,3.64,2.78,2.5,3.6,2.9,2.41,3.45,2.78,2.64,3.6,2.86,1.8,2.0,1.81,2.07,1.8,2.05,1.77,1.99,1.86,2.1,0.0,1.83,2.03,1.85,2.06,1.83,2.03,1.77,1.98,1.91,2.06,2.63,3.5,2.55,2.75,3.4,2.5,2.6,3.45,2.65,2.63,3.5,2.5,2.65,3.4,2.6,2.6,3.4,2.62,2.6,3.4,2.62,2.57,3.49,2.84,2.8,3.5,2.65,2.65,3.4,2.57,2.88,3.5,2.7,1.73,2.1,1.82,2.08,1.8,2.1,1.76,2.02,1.84,2.16,0.0,1.98,1.88,1.87,2.07,1.98,1.88,1.93,1.83,2.05,1.93,
D1,24/10/2025,19:30,Werder Bremen,Union Berlin,1,0,H,0,0,D,16.0,12.0,3.0,2.0,6.0,13.0,5.0,6.0,4.0,0.0,0.0,0.0,2.25,3.6,2.9,2.25,3.5,3.1,2.17,3.55,3.3,2.25,3.6,2.9,2.25,3.5,3.0,2.25,3.5,3.0,2.25,3.5,3.0,2.33,3.63,3.09,2.3,3.6,3.3,2.24,3.52,3.03,2.36,3.65,3.25,1.67,2.2,1.7,2.27,1.73,2.2,1.68,2.13,1.74,2.28,-0.25,2.03,1.83,2.03,1.89,2.03,1.89,1.94,1.84,2.03,1.94,2.3,3.4,3.0,2.25,3.5,3.1,2.3,3.5,3.0,2.25,3.5,3.0,2.3,3.5,2.95,2.3,3.5,3.0,2.3,3.5,2.9,2.36,3.59,3.08,2.38,3.6,3.1,2.29,3.46,2.99,2.38,3.65,3.2,1.73,2.1,1.7,2.24,1.73,2.2,1.69,2.12,1.75,2.3,-0.25,2.03,1.83,2.05,1.88,2.03,1.85,1.96,1.82,2.05,1.93,
,24/10/2025,,Bremen,Union Berlin,1,0,H,0,0,D,,,,,,,,,,,,,,,,,,,,,,,,,,,,,,,,,,,,,,,,,,,,,,,,,,,,,,,,,,,,,,,,,,,,,,,,,,,,,,,,,,,,,,,,,,,,,,,,,,,,,,,,,,,,,,,,,,,,,,,,,8.0
D1,25/10/2025,14:30,Hamburg,Wolfsburg,0,1,A,0,1,A,27.0,6.0,6.0,2.0,8.0,18.0,11.0,1.0,1.0,5.0,0.0,0.0,2.35,3.5,2.9,2.3,3.6,2.88,2.38,3.65,2.8,2.25,3.5,2.7,2.35,3.7,2.8,2.37,3.7,2.8,2.3,3.6,2.8,2.4,3.73,2.88,2.38,3.7,2.9,2.32,3.58,2.81,2.44,3.75,3.0,1.67,2.2,1.67,2.3,1.67,2.32,1.61,2.26,1.69,2.36,-0.25,2.05,1.8,2.1,1.83,2.06,1.81,2.02,1.76,2.11,1.88,2.2,3.6,3.1,2.15,3.75,3.1,2.15,3.7,3.15,2.15,3.75,3.0,2.2,3.7,3.0,2.2,3.6,3.1,2.15,3.6,3.1,2.21,3.76,3.24,2.2,3.75,3.15,2.16,3.66,3.08,2.28,3.75,3.3,1.53,2.5,1.55,2.58,1.62,2.6,1.54,2.41,1.6,2.64,-0.25,1.93,1.93,1.93,1.99,1.93,1.93,1.87,1.9,1.99,2.0,
,25/10/2025,,HSV,Wolfsburg,0,1,A,0,1,A,,,,,,,,,,,,,,,,,,,,,,,,,,,,,,,,,,,,,,,,,,,,,,,,,,,,,,,,,,,,,,,,,,,,,,,,,,,,,,,,,,,,,,,,,,,,,,,,,,,,,,,,,,,,,,,,,,,,,,,,,8.0
D1,25/10/2025,17:30,Dortmund,FC Koln,1,0,H,0,0,D,27.0,5.0,9.0,0.0,10.0,8.0,17.0,2.0,2.0,2.0,0.0,0.0,1.44,5.25,6.5,1.44,5.0,6.5,1.42,5.2,6.5,1.4,4.75,6.0,1.43,5.0,6.5,1.44,5.0,6.5,1.44,5.0,6.5,1.46,4.96,6.64,1.44,5.25,6.66,1.42,4.97,6.36,1.45,5.6,7.4,1.4,3.0,1.42,2.91,1.44,3.0,1.4,2.8,1.46,3.0,-1.25,1.88,1.98,1.9,2.01,1.88,1.98,1.84,1.93,1.94,2.0,1.36,5.25,7.5,1.36,5.0,8.0,1.37,5.3,7.5,1.36,5.25,7.5,1.38,5.25,7.5,1.4,5.0,7.0,1.36,5.0,7.5,1.39,5.38,7.8,1.41,5.3,8.0,1.37,5.12,7.38,1.41,5.5,8.8,1.44,2.75,1.5,2.66,1.5,2.75,1.45,2.65,1.52,2.88,-1.5,2.03,1.83,2.06,1.88,2.05,1.89,1.97,1.8,2.07,1.89,
,25/10/2025,,Frankfurt,St. Pauli,2,0,H,1,0,H,,,,,,,,,,,,,,,,,,,,,,,,,,,,,,,,,,,,,,,,,,,,,,,,,,,,,,,,,,,,,,,,,,,,,,,,,,,,,,,,,,,,,,,,,,,,,,,,,,,,,,,,,,,,,,,,,,,,,,,,,8.0
,25/10/2025,,Hoffenheim,Heidenheim,3,1,H,2,0,H,,,,,,,,,,,,,,,,,,,,,,,,,,,,,,,,,,,,,,,,,,,,,,,,,,,,,,,,,,,,,,,,,,,,,,,,,,,,,,,,,,,,,,,,,,,,,,,,,,,,,,,,,,,,,,,,,,,,,,,,,8.0
,25/10/2025,,M'gladbach,Bayern,0,3,A,0,0,D,,,,,,,,,,,,,,,,,,,,,,,,,,,,,,,,,,,,,,,,,,,,,,,,,,,,,,,,,,,,,,,,,,,,,,,,,,,,,,,,,,,,,,,,,,,,,,,,,,,,,,,,,,,,,,,,,,,,,,,,,8.0
D1,25/10/2025,14:30,Ein Frankfurt,St Pauli,2,0,H,1,0,H,10.0,9.0,6.0,1.0,11.0,6.0,1.0,3.0,0.0,1.0,0.0,0.0,1.67,4.2,4.5,1.7,4.0,4.6,1.66,4.3,4.5,1.65,3.8,4.33,1.71,4.1,4.4,1.7,4.0,4.4,1.7,4.0,4.4,1.74,4.19,4.49,1.73,4.3,4.6,1.68,4.06,4.43,1.76,4.3,4.9,1.57,2.38,1.6,2.43,1.6,2.4,1.56,2.35,1.62,2.52,-0.75,1.9,1.95,1.94,1.96,1.9,1.97,1.83,1.94,1.95,2.02,1.62,4.5,4.5,1.67,4.2,4.6,1.67,4.3,4.5,1.62,4.33,4.6,1.66,4.2,4.6,1.67,4.2,4.6,1.65,4.2,4.6,1.65,4.43,4.92,1.67,4.5,4.75,1.64,4.26,4.59,1.69,4.6,5.2,1.44,2.75,1.5,2.7,1.5,2.75,1.48,2.58,1.54,2.78,-0.75,1.78,2.03,1.81,2.1,1.83,2.03,1.79,1.99,1.85,2.15,
,25/10/2025,,Augsburg,RB Leipzig,0,6,A,0,4,A,,,,,,,,,,,,,,,,,,,,,,,,,,,,,,,,,,,,,,,,,,,,,,,,,,,,,,,,,,,,,,,,,,,,,,,,,,,,,,,,,,,,,,,,,,,,,,,,,,,,,,,,,,,,,,,,,,,,,,,,,8.0
D1,25/10/2025,14:30,M'gladbach,Bayern Munich,0,3,A,0,0,D,1.0,27.0,0.0,11.0,6.0,9.0,1.0,8.0,0.0,3.0,1.0,0.0,10.0,6.5,1.22,11.0,7.0,1.22,11.5,7.0,1.21,10.0,6.5,1.18,10.0,7.0,1.24,10.0,7.0,1.25,10.0,7.0,1.25,11.5,7.11,1.23,11.5,7.0,1.25,10.53,6.81,1.22,14.0,7.8,1.24,1.29,3.75,,,1.29,4.0,1.26,3.67,1.29,4.1,2.0,1.9,1.95,1.95,1.93,1.93,1.95,1.88,1.89,1.95,1.97,11.0,7.0,1.22,10.0,6.5,1.25,10.0,7.0,1.23,9.0,6.5,1.25,8.75,6.75,1.27,9.5,7.0,1.25,9.0,7.0,1.25,10.65,7.0,1.24,11.0,7.0,1.29,9.37,6.73,1.24,11.5,7.8,1.26,1.22,4.33,,,1.26,4.33,1.24,3.92,1.27,4.5,1.75,1.98,1.88,2.08,1.84,2.08,1.88,2.01,1.78,2.11,1.85,
,25/10/2025,,Dortmund,1.  Köln,1,0,H,0,0,D,,,,,,,,,,,,,,,,,,,,,,,,,,,,,,,,,,,,,,,,,,,,,,,,,,,,,,,,,,,,,,,,,,,,,,,,,,,,,,,,,,,,,,,,,,,,,,,,,,,,,,,,,,,,,,,,,,,,,,,,,8.0
,26/10/2025,,Stuttgart,Mainz,2,1,H,1,1,D,,,,,,,,,,,,,,,,,,,,,,,,,,,,,,,,,,,,,,,,,,,,,,,,,,,,,,,,,,,,,,,,,,,,,,,,,,,,,,,,,,,,,,,,,,,,,,,,,,,,,,,,,,,,,,,,,,,,,,,,,8.0
,26/10/2025,,Leverkusen,Freiburg,2,0,H,1,0,H,,,,,,,,,,,,,,,,,,,,,,,,,,,,,,,,,,,,,,,,,,,,,,,,,,,,,,,,,,,,,,,,,,,,,,,,,,,,,,,,,,,,,,,,,,,,,,,,,,,,,,,,,,,,,,,,,,,,,,,,,8.0
,31/10/2025,,Augsburg,Dortmund,0,1,A,0,1,A,,,,,,,,,,,,,,,,,,,,,,,,,,,,,,,,,,,,,,,,,,,,,,,,,,,,,,,,,,,,,,,,,,,,,,,,,,,,,,,,,,,,,,,,,,,,,,,,,,,,,,,,,,,,,,,,,,,,,,,,,9.0
,01/11/2025,,Bayern,Leverkusen,3,0,H,3,0,H,,,,,,,,,,,,,,,,,,,,,,,,,,,,,,,,,,,,,,,,,,,,,,,,,,,,,,,,,,,,,,,,,,,,,,,,,,,,,,,,,,,,,,,,,,,,,,,,,,,,,,,,,,,,,,,,,,,,,,,,,9.0
,01/11/2025,,Heidenheim,Frankfurt,1,1,D,1,0,H,,,,,,,,,,,,,,,,,,,,,,,,,,,,,,,,,,,,,,,,,,,,,,,,,,,,,,,,,,,,,,,,,,,,,,,,,,,,,,,,,,,,,,,,,,,,,,,,,,,,,,,,,,,,,,,,,,,,,,,,,9.0
,01/11/2025,,St. Pauli,M'gladbach,0,4,A,0,2,A,,,,,,,,,,,,,,,,,,,,,,,,,,,,,,,,,,,,,,,,,,,,,,,,,,,,,,,,,,,,,,,,,,,,,,,,,,,,,,,,,,,,,,,,,,,,,,,,,,,,,,,,,,,,,,,,,,,,,,,,,9.0
D1,01/11/2025,14:30,Heidenheim,Ein Frankfurt,1,1,D,1,0,H,9.0,16.0,4.0,3.0,7.0,11.0,2.0,8.0,0.0,2.0,0.0,0.0,3.6,4.0,1.9,3.6,4.0,1.91,3.4,4.1,1.93,3.4,3.8,1.83,3.4,3.9,1.95,3.5,3.9,1.95,3.4,3.9,1.95,3.69,4.18,1.9,3.6,4.1,1.95,3.48,3.96,1.91,3.85,4.2,1.98,1.5,2.63,1.5,2.62,1.5,2.7,1.47,2.59,1.53,2.8,0.5,1.98,1.88,1.99,1.91,1.98,1.92,1.88,1.88,1.99,2.0,4.1,4.1,1.8,4.0,4.0,1.8,3.95,4.1,1.79,4.1,4.0,1.75,3.9,4.0,1.8,3.9,4.0,1.8,3.9,4.0,1.8,3.88,4.14,1.88,4.2,4.2,1.8,4.0,4.03,1.77,4.3,4.3,1.85,1.53,2.5,1.5,2.67,1.55,2.63,1.51,2.47,1.6,2.62,0.75,1.85,2.0,1.8,2.12,1.85,2.0,1.82,1.96,1.91,2.07,
D1,01/11/2025,14:30,Mainz,Werder Bremen,1,1,D,1,0,H,10.0,5.0,5.0,3.0,19.0,11.0,2.0,0.0,1.0,3.0,0.0,0.0,1.95,3.9,3.5,2.0,3.75,3.5,2.08,3.8,3.25,1.93,3.7,3.25,2.0,3.8,3.4,2.0,3.8,3.4,2.0,3.75,3.3,2.02,3.92,3.51,2.08,3.9,3.5,1.99,3.77,3.37,2.08,3.9,3.7,1.57,2.38,1.58,2.48,1.57,2.5,1.55,2.37,1.6,2.5,-0.5,2.0,1.85,2.03,1.88,2.0,1.86,1.95,1.82,2.06,1.92,1.85,3.7,3.9,1.9,3.75,3.75,1.84,3.95,3.95,1.85,3.9,3.7,1.93,3.75,3.7,1.91,3.8,3.7,1.91,3.75,3.6,1.83,4.02,4.27,1.93,3.95,4.0,1.86,3.81,3.8,1.94,4.1,4.1,1.53,2.5,1.52,2.64,1.55,2.63,1.52,2.46,1.62,2.58,-0.5,1.88,1.98,1.82,2.09,1.88,1.98,1.83,1.94,1.95,2.05,
D1,01/11/2025,17:30,Bayern Munich,Leverkusen,3,0,H,3,0,H,18.0,7.0,4.0,1.0,11.0,3.0,10.0,4.0,1.0,1.0,0.0,0.0,1.22,7.0,9.5,1.22,7.0,11.0,1.22,7.0,10.5,1.18,6.5,10.0,1.22,7.25,11.0,1.22,7.0,11.0,1.22,7.0,11.0,1.23,7.43,10.66,1.25,7.25,11.0,1.22,6.85,10.44,1.24,8.2,12.5,1.25,4.0,,,1.26,4.0,1.25,3.76,1.29,4.1,-2.0,1.95,1.9,1.97,1.92,1.95,1.9,1.91,1.87,1.96,1.98,1.25,6.5,10.0,1.29,6.0,10.0,1.25,6.75,9.5,1.25,6.0,10.0,1.29,6.25,8.75,1.28,6.0,8.5,1.28,6.0,8.5,1.21,7.57,12.27,1.29,6.75,10.0,1.26,6.2,9.42,1.29,6.8,11.5,1.36,3.2,,,1.4,3.35,1.35,3.07,1.42,3.3,-1.75,1.93,1.93,1.72,2.21,1.93,2.0,1.85,1.92,2.01,1.97,
D1,01/11/2025,14:30,St Pauli,M'gladbach,0,4,A,0,2,A,16.0,15.0,4.0,11.0,11.0,8.0,8.0,1.0,4.0,0.0,0.0,0.0,2.15,3.5,3.3,2.15,3.4,3.4,2.08,3.5,3.45,2.1,3.3,3.13,2.1,3.5,3.4,2.1,3.5,3.4,2.05,3.5,3.4,2.2,3.51,3.4,2.15,3.5,3.45,2.11,3.44,3.34,2.26,3.6,3.55,1.88,1.98,1.92,1.97,1.93,1.98,1.85,1.89,1.98,1.98,-0.25,1.88,1.98,1.91,2.0,1.88,1.98,1.81,1.95,1.94,2.04,2.3,3.4,3.1,2.3,3.4,3.1,2.38,3.4,3.0,2.3,3.5,2.9,2.3,3.4,3.0,2.3,3.4,3.0,2.3,3.3,3.0,2.35,3.49,3.17,2.38,3.5,3.2,2.31,3.39,3.01,2.42,3.6,3.2,1.83,2.03,1.85,2.06,1.85,2.03,1.81,1.96,1.9,2.06,-0.25,2.0,1.85,2.03,1.89,2.04,1.9,1.98,1.81,2.08,1.91,
,01/11/2025,,RB Leipzig,Stuttgart,3,1,H,1,0,H,,,,,,,,,,,,,,,,,,,,,,,,,,,,,,,,,,,,,,,,,,,,,,,,,,,,,,,,,,,,,,,,,,,,,,,,,,,,,,,,,,,,,,,,,,,,,,,,,,,,,,,,,,,,,,,,,,,,,,,,,9.0
,01/11/2025,,Mainz,Bremen,1,1,D,1,0,H,,,,,,,,,,,,,,,,,,,,,,,,,,,,,,,,,,,,,,,,,,,,,,,,,,,,,,,,,,,,,,,,,,,,,,,,,,,,,,,,,,,,,,,,,,,,,,,,,,,,,,,,,,,,,,,,,,,,,,,,,9.0
,01/11/2025,,Union Berlin,Freiburg,0,0,D,0,0,D,,,,,,,,,,,,,,,,,,,,,,,,,,,,,,,,,,,,,,,,,,,,,,,,,,,,,,,,,,,,,,,,,,,,,,,,,,,,,,,,,,,,,,,,,,,,,,,,,,,,,,,,,,,,,,,,,,,,,,,,,9.0
D1,02/11/2025,14:30,FC Koln,Hamburg,4,1,H,1,0,H,23.0,11.0,10.0,5.0,8.0,18.0,2.0,3.0,1.0,6.0,0.0,2.0,2.1,3.7,3.2,2.15,3.6,3.2,2.12,3.7,3.25,2.05,3.6,3.0,2.05,3.7,3.3,2.05,3.7,3.3,2.05,3.7,3.3,2.18,3.67,3.29,2.15,3.75,3.3,2.1,3.64,3.19,2.22,3.7,3.4,1.62,2.3,1.63,2.36,1.7,2.3,1.62,2.23,1.67,2.4,-0.25,1.88,1.98,1.91,2.0,1.88,1.98,1.82,1.94,1.94,2.03,2.45,3.7,2.7,2.4,3.6,2.75,2.43,3.55,2.8,2.45,3.5,2.7,2.45,3.6,2.75,2.45,3.6,2.75,2.4,3.5,2.7,2.49,3.64,2.84,2.45,3.7,2.8,2.43,3.54,2.74,2.58,3.7,2.9,1.57,2.38,1.58,2.48,1.62,2.45,1.57,2.34,1.64,2.54,0.0,1.83,2.03,1.84,2.1,1.83,2.03,1.79,1.98,1.86,2.14,
,02/11/2025,,1.  Köln,HSV,4,1,H,1,0,H,,,,,,,,,,,,,,,,,,,,,,,,,,,,,,,,,,,,,,,,,,,,,,,,,,,,,,,,,,,,,,,,,,,,,,,,,,,,,,,,,,,,,,,,,,,,,,,,,,,,,,,,,,,,,,,,,,,,,,,,,9.0
,02/11/2025,,Wolfsburg,Hoffenheim,2,3,A,1,1,D,,,,,,,,,,,,,,,,,,,,,,,,,,,,,,,,,,,,,,,,,,,,,,,,,,,,,,,,,,,,,,,,,,,,,,,,,,,,,,,,,,,,,,,,,,,,,,,,,,,,,,,,,,,,,,,,,,,,,,,,,9.0
,07/11/2025,,Bremen,Wolfsburg,2,1,H,0,1,A,,,,,,,,,,,,,,,,,,,,,,,,,,,,,,,,,,,,,,,,,,,,,,,,,,,,,,,,,,,,,,,,,,,,,,,,,,,,,,,,,,,,,,,,,,,,,,,,,,,,,,,,,,,,,,,,,,,,,,,,,10.0
D1,07/11/2025,19:30,Werder Bremen,Wolfsburg,2,1,H,0,1,A,20.0,7.0,7.0,4.0,13.0,8.0,13.0,3.0,2.0,0.0,0.0,0.0,2.15,3.6,3.1,2.25,3.6,3.0,2.2,3.65,3.15,2.15,3.6,3.1,2.2,3.6,3.1,2.2,3.6,3.1,2.2,3.6,3.1,2.23,3.84,3.13,2.25,3.75,3.15,2.18,3.64,3.07,2.28,3.85,3.25,1.53,2.5,1.58,2.52,1.6,2.5,1.55,2.39,1.61,2.6,-0.25,1.93,1.93,1.96,1.96,1.93,1.93,1.88,1.9,1.98,1.99,2.15,3.6,3.1,2.15,3.6,3.2,2.16,3.7,3.1,2.15,3.6,3.13,2.15,3.6,3.2,2.15,3.6,3.2,2.15,3.6,3.2,2.2,3.76,3.26,2.16,3.75,3.2,2.14,3.64,3.14,2.26,3.75,3.35,1.57,2.38,1.61,2.45,1.57,2.45,1.55,2.38,1.63,2.56,-0.25,1.88,1.98,1.93,2.0,1.88,1.98,1.86,1.91,1.97,2.02,
D1,08/11/2025,14:30,Hamburg,Dortmund,1,1,D,0,0,D,9.0,17.0,3.0,1.0,14.0,8.0,2.0,6.0,1.0,1.0,0.0,0.0,4.33,4.2,1.7,4.6,4.2,1.67,4.8,4.35,1.63,4.2,4.0,1.65,4.33,4.33,1.68,4.33,4.33,1.7,4.33,4.2,1.67,4.58,4.28,1.71,4.8,4.35,1.7,4.45,4.21,1.66,5.1,4.3,1.72,1.5,2.63,1.53,2.6,1.5,2.63,1.47,2.57,1.57,2.64,0.75,1.98,1.88,2.0,1.91,2.02,1.88,1.97,1.8,2.08,1.91,3.8,3.8,1.85,3.75,3.75,1.9,3.9,4.0,1.84,3.9,4.0,1.8,3.75,3.8,1.88,3.75,3.8,1.91,3.75,3.8,1.85,4.1,3.9,1.89,3.9,4.0,1.93,3.79,3.84,1.86,4.1,4.0,1.93,1.57,2.38,1.6,2.45,1.57,2.5,1.53,2.42,1.6,2.6,0.5,1.98,1.88,2.03,1.9,1.98,1.9,1.94,1.83,2.05,1.94,
D1,08/11/2025,17:30,M'gladbach,FC Koln,3,1,H,1,0,H,9.0,19.0,4.0,5.0,11.0,13.0,2.0,6.0,2.0,3.0,0.0,0.0,2.2,3.6,3.1,2.25,3.6,3.0,2.23,3.55,3.15,2.1,3.6,2.9,2.2,3.5,3.1,2.2,3.5,3.1,2.2,3.5,3.1,2.28,3.65,3.11,2.26,3.6,3.2,2.19,3.54,3.06,2.36,3.7,3.25,1.62,2.3,1.64,2.34,1.64,2.3,1.61,2.24,1.68,2.4,-0.25,1.93,1.93,1.99,1.92,1.93,1.93,1.9,1.88,2.04,1.95,2.05,3.75,3.4,2.05,3.75,3.3,2.0,3.7,3.5,2.05,3.8,3.2,2.1,3.6,3.25,2.1,3.6,3.25,2.1,3.6,3.25,2.07,3.77,3.57,2.1,3.8,3.6,2.03,3.67,3.36,2.14,3.85,3.65,1.57,2.38,1.61,2.44,1.57,2.45,1.56,2.37,1.62,2.56,-0.5,2.03,1.83,2.08,1.85,2.08,1.83,2.02,1.76,2.12,1.88,
,08/11/2025,,Union Berlin,Bayern,2,2,D,1,1,D,,,,,,,,,,,,,,,,,,,,,,,,,,,,,,,,,,,,,,,,,,,,,,,,,,,,,,,,,,,,,,,,,,,,,,,,,,,,,,,,,,,,,,,,,,,,,,,,,,,,,,,,,,,,,,,,,,,,,,,,,10.0
,08/11/2025,,Hoffenheim,RB Leipzig,3,1,H,2,1,H,,,,,,,,,,,,,,,,,,,,,,,,,,,,,,,,,,,,,,,,,,,,,,,,,,,,,,,,,,,,,,,,,,,,,,,,,,,,,,,,,,,,,,,,,,,,,,,,,,,,,,,,,,,,,,,,,,,,,,,,,10.0
,08/11/2025,,Leverkusen,Heidenheim,6,0,H,5,0,H,,,,,,,,,,,,,,,,,,,,,,,,,,,,,,,,,,,,,,,,,,,,,,,,,,,,,,,,,,,,,,,,,,,,,,,,,,,,,,,,,,,,,,,,,,,,,,,,,,,,,,,,,,,,,,,,,,,,,,,,,10.0
,08/11/2025,,M'gladbach,1.  Köln,3,1,H,1,0,H,,,,,,,,,,,,,,,,,,,,,,,,,,,,,,,,,,,,,,,,,,,,,,,,,,,,,,,,,,,,,,,,,,,,,,,,,,,,,,,,,,,,,,,,,,,,,,,,,,,,,,,,,,,,,,,,,,,,,,,,,10.0
D1,08/11/2025,14:30,Union Berlin,Bayern Munich,2,2,D,1,1,D,12.0,12.0,4.0,4.0,8.0,8.0,6.0,5.0,2.0,4.0,0.0,0.0,13.0,7.0,1.2,13.0,7.0,1.2,12.5,7.0,1.2,11.0,6.0,1.18,12.0,6.75,1.22,12.0,7.0,1.22,12.0,6.5,1.22,12.56,7.33,1.21,13.0,7.0,1.22,12.03,6.7,1.2,16.0,7.8,1.23,1.36,3.2,1.37,3.08,1.4,3.2,1.37,2.99,1.42,3.2,2.0,1.88,1.98,1.88,2.0,1.93,1.98,1.86,1.92,1.92,2.0,11.0,6.5,1.22,12.0,6.5,1.22,12.0,6.75,1.22,12.0,7.0,1.2,11.5,7.0,1.22,11.0,7.0,1.22,11.0,7.0,1.22,13.0,7.05,1.22,13.0,7.0,1.22,11.72,6.69,1.21,14.5,7.8,1.24,1.36,3.2,1.37,3.13,1.4,3.2,1.36,3.01,1.41,3.35,2.0,1.85,2.0,1.91,2.0,1.87,2.0,1.82,1.95,1.92,2.08,
,08/11/2025,,HSV,Dortmund,1,1,D,0,0,D,,,,,,,,,,,,,,,,,,,,,,,,,,,,,,,,,,,,,,,,,,,,,,,,,,,,,,,,,,,,,,,,,,,,,,,,,,,,,,,,,,,,,,,,,,,,,,,,,,,,,,,,,,,,,,,,,,,,,,,,,10.0
,09/11/2025,,Frankfurt,Mainz,1,0,H,0,0,D,,,,,,,,,,,,,,,,,,,,,,,,,,,,,,,,,,,,,,,,,,,,,,,,,,,,,,,,,,,,,,,,,,,,,,,,,,,,,,,,,,,,,,,,,,,,,,,,,,,,,,,,,,,,,,,,,,,,,,,,,10.0
,09/11/2025,,Freiburg,St. Pauli,2,1,H,1,0,H,,,,,,,,,,,,,,,,,,,,,,,,,,,,,,,,,,,,,,,,,,,,,,,,,,,,,,,,,,,,,,,,,,,,,,,,,,,,,,,,,,,,,,,,,,,,,,,,,,,,,,,,,,,,,,,,,,,,,,,,,10.0
D1,09/11/2025,14:30,Freiburg,St Pauli,2,1,H,1,0,H,8.0,7.0,4.0,2.0,8.0,12.0,9.0,3.0,2.0,2.0,0.0,0.0,1.83,3.5,4.5,1.83,3.5,4.5,1.81,3.6,4.4,1.8,3.4,4.1,1.83,3.5,4.33,1.83,3.5,4.33,1.83,3.5,4.33,1.87,3.61,4.48,1.85,3.6,4.5,1.82,3.51,4.32,1.88,3.7,4.8,2.0,1.8,2.09,1.8,2.0,1.81,1.97,1.78,2.16,1.83,-0.5,1.83,2.03,1.88,2.04,1.83,2.03,1.8,1.96,1.88,2.11,1.75,3.6,4.75,1.8,3.6,4.6,1.8,3.6,4.6,1.75,3.6,4.6,1.78,3.6,4.6,1.8,3.6,4.6,1.8,3.5,4.5,1.78,3.62,5.17,1.8,3.6,4.75,1.77,3.57,4.61,1.81,3.65,5.6,2.0,1.85,2.03,1.88,2.05,1.85,1.99,1.79,2.08,1.89,-0.75,2.0,1.85,2.03,1.9,2.04,1.85,1.99,1.79,2.05,1.93,
D1,09/11/2025,18:30,Ein Frankfurt,Mainz,1,0,H,0,0,D,14.0,3.0,4.0,0.0,8.0,14.0,4.0,3.0,0.0,5.0,0.0,0.0,1.83,4.0,3.9,1.83,3.75,4.0,1.84,4.2,3.65,1.8,3.75,3.6,1.88,3.9,3.7,1.91,3.9,3.7,1.85,3.8,3.7,1.87,4.11,3.9,1.91,4.2,4.0,1.84,3.93,3.73,1.89,4.1,4.2,1.57,2.38,1.57,2.5,1.57,2.5,1.53,2.41,1.61,2.56,-0.5,1.85,2.0,1.88,2.04,1.85,2.0,1.82,1.94,1.89,2.09,1.9,4.0,3.7,1.83,3.75,4.0,1.81,4.0,4.0,1.83,3.9,3.8,1.83,3.9,3.9,1.83,3.9,3.9,1.83,3.9,3.9,1.88,3.94,4.1,1.92,4.0,4.0,1.84,3.9,3.84,1.91,4.2,4.1,1.57,2.38,1.6,2.46,1.57,2.5,1.54,2.41,1.63,2.56,-0.5,1.88,1.98,1.89,2.04,1.91,2.0,1.82,1.95,1.93,2.07,
,09/11/2025,,Stuttgart,Augsburg,3,2,H,2,2,D,,,,,,,,,,,,,,,,,,,,,,,,,,,,,,,,,,,,,,,,,,,,,,,,,,,,,,,,,,,,,,,,,,,,,,,,,,,,,,,,,,,,,,,,,,,,,,,,,,,,,,,,,,,,,,,,,,,,,,,,,10.0
,21/11/2025,,Mainz,Hoffenheim,1,1,D,0,1,A,,,,,,,,,,,,,,,,,,,,,,,,,,,,,,,,,,,,,,,,,,,,,,,,,,,,,,,,,,,,,,,,,,,,,,,,,,,,,,,,,,,,,,,,,,,,,,,,,,,,,,,,,,,,,,,,,,,,,,,,,11.0
D1,22/11/2025,14:30,Bayern Munich,Freiburg,6,2,H,2,2,D,22.0,8.0,8.0,2.0,9.0,7.0,3.0,5.0,1.0,0.0,0.0,0.0,1.17,8.0,13.0,1.17,7.5,15.0,1.18,7.5,13.0,1.15,6.5,12.0,1.19,7.5,13.5,1.18,7.5,13.0,1.18,7.5,13.0,1.19,7.45,14.94,1.19,8.0,15.5,1.17,7.25,13.25,1.2,8.4,17.5,1.33,3.4,1.36,3.21,1.36,3.4,1.34,3.12,1.38,3.4,-2.0,1.83,2.03,1.86,2.03,1.85,2.03,1.82,1.95,1.85,2.13,1.17,8.0,13.0,1.17,7.5,17.0,1.18,8.0,14.0,1.13,8.5,18.0,1.17,8.0,14.5,1.18,8.0,15.0,1.17,7.5,15.0,1.19,7.8,15.0,1.18,8.5,18.0,1.16,7.7,14.81,1.21,8.2,18.0,1.36,3.2,1.38,3.07,1.4,3.25,1.36,3.05,1.4,3.45,-2.25,2.0,1.85,2.04,1.87,2.04,1.85,1.98,1.8,2.09,1.9,
,22/11/2025,,1.  Köln,Frankfurt,3,4,A,1,2,A,,,,,,,,,,,,,,,,,,,,,,,,,,,,,,,,,,,,,,,,,,,,,,,,,,,,,,,,,,,,,,,,,,,,,,,,,,,,,,,,,,,,,,,,,,,,,,,,,,,,,,,,,,,,,,,,,,,,,,,,,11.0
,22/11/2025,,Heidenheim,M'gladbach,0,3,A,0,1,A,,,,,,,,,,,,,,,,,,,,,,,,,,,,,,,,,,,,,,,,,,,,,,,,,,,,,,,,,,,,,,,,,,,,,,,,,,,,,,,,,,,,,,,,,,,,,,,,,,,,,,,,,,,,,,,,,,,,,,,,,11.0
,22/11/2025,,Augsburg,HSV,1,0,H,0,0,D,,,,,,,,,,,,,,,,,,,,,,,,,,,,,,,,,,,,,,,,,,,,,,,,,,,,,,,,,,,,,,,,,,,,,,,,,,,,,,,,,,,,,,,,,,,,,,,,,,,,,,,,,,,,,,,,,,,,,,,,,11.0
,22/11/2025,,Dortmund,Stuttgart,3,3,D,2,0,H,,,,,,,,,,,,,,,,,,,,,,,,,,,,,,,,,,,,,,,,,,,,,,,,,,,,,,,,,,,,,,,,,,,,,,,,,,,,,,,,,,,,,,,,,,,,,,,,,,,,,,,,,,,,,,,,,,,,,,,,,11.0
D1,22/11/2025,17:30,FC Koln,Ein Frankfurt,3,4,A,1,2,A,11.0,11.0,5.0,7.0,6.0,5.0,3.0,3.0,0.0,0.0,0.0,0.0,3.0,3.75,2.2,3.0,3.75,2.2,3.05,3.8,2.18,2.8,3.6,2.15,2.87,3.75,2.25,2.87,3.75,2.25,2.87,3.7,2.25,3.1,3.79,2.23,3.05,4.2,2.25,2.91,3.77,2.19,3.15,4.0,2.28,1.53,2.5,1.52,2.58,1.53,2.5,1.5,2.49,1.55,2.7,0.25,1.93,1.93,1.94,1.96,1.93,1.93,1.88,1.85,1.97,1.99,2.7,3.6,2.4,2.75,3.6,2.4,2.65,3.75,2.45,2.7,3.7,2.38,2.7,3.6,2.4,2.7,3.6,2.4,2.7,3.6,2.4,2.83,3.67,2.49,2.8,3.75,2.45,2.7,3.6,2.41,2.9,3.7,2.58,1.57,2.38,1.57,2.48,1.61,2.5,1.55,2.38,1.61,2.58,0.0,2.05,1.8,2.1,1.84,2.05,1.83,2.0,1.77,2.11,1.88,
,22/11/2025,,Bayern,Freiburg,6,2,H,2,2,D,,,,,,,,,,,,,,,,,,,,,,,,,,,,,,,,,,,,,,,,,,,,,,,,,,,,,,,,,,,,,,,,,,,,,,,,,,,,,,,,,,,,,,,,,,,,,,,,,,,,,,,,,,,,,,,,,,,,,,,,,11.0
D1,22/11/2025,14:30,Augsburg,Hamburg,1,0,H,0,0,D,13.0,15.0,6.0,6.0,13.0,10.0,4.0,3.0,2.0,3.0,1.0,0.0,2.35,3.5,2.9,2.38,3.5,2.88,2.28,3.5,3.05,2.25,3.4,2.75,2.3,3.6,2.95,2.3,3.6,2.9,2.3,3.5,2.9,2.39,3.67,2.92,2.38,3.6,3.05,2.3,3.51,2.89,2.4,3.7,3.15,1.73,2.1,1.72,2.2,1.73,2.2,1.68,2.11,1.75,2.24,-0.25,2.05,1.8,2.09,1.83,2.05,1.85,1.97,1.8,2.07,1.91,2.5,3.4,2.8,2.5,3.4,2.8,2.43,3.5,2.85,2.4,3.5,2.75,2.4,3.4,2.85,2.4,3.4,2.87,2.4,3.4,2.8,2.53,3.46,2.91,2.5,3.5,2.87,2.44,3.39,2.81,2.58,3.55,3.0,1.8,2.0,1.82,2.09,1.8,2.1,1.75,2.03,1.84,2.16,0.0,1.8,2.05,1.83,2.11,1.83,2.05,1.77,2.01,1.85,2.15,
,22/11/2025,,Wolfsburg,Leverkusen,1,3,A,0,3,A,,,,,,,,,,,,,,,,,,,,,,,,,,,,,,,,,,,,,,,,,,,,,,,,,,,,,,,,,,,,,,,,,,,,,,,,,,,,,,,,,,,,,,,,,,,,,,,,,,,,,,,,,,,,,,,,,,,,,,,,,11.0
,23/11/2025,,RB Leipzig,Bremen,2,0,H,0,0,D,,,,,,,,,,,,,,,,,,,,,,,,,,,,,,,,,,,,,,,,,,,,,,,,,,,,,,,,,,,,,,,,,,,,,,,,,,,,,,,,,,,,,,,,,,,,,,,,,,,,,,,,,,,,,,,,,,,,,,,,,11.0
D1,23/11/2025,16:30,St Pauli,Union Berlin,0,1,A,0,1,A,12.0,8.0,3.0,3.0,10.0,8.0,8.0,2.0,1.0,1.0,0.0,0.0,2.45,3.3,2.9,2.4,3.2,3.0,2.43,3.3,2.95,2.4,3.13,2.75,2.4,3.25,2.95,2.45,3.25,2.9,2.4,3.25,2.9,2.54,3.29,2.98,2.5,3.3,3.0,2.43,3.21,2.91,2.66,3.3,3.05,2.1,1.73,2.19,1.73,2.15,1.73,2.1,1.69,2.22,1.78,0.0,1.78,2.1,1.81,2.12,1.78,2.1,1.73,2.03,1.85,2.12,2.63,3.0,2.9,2.6,3.0,3.0,2.7,2.95,2.9,2.6,3.1,2.8,2.6,3.0,2.95,2.62,3.0,2.9,2.6,3.0,2.9,2.76,3.04,2.97,2.7,3.1,3.0,2.63,2.97,2.9,2.76,3.1,3.1,2.63,1.5,2.55,1.55,2.63,1.53,2.46,1.52,2.6,1.6,0.0,1.83,2.03,1.89,2.04,1.84,2.03,1.81,1.96,1.88,2.11,
D1,23/11/2025,14:30,RB Leipzig,Werder Bremen,2,0,H,0,0,D,22.0,15.0,13.0,6.0,5.0,7.0,13.0,7.0,1.0,2.0,0.0,0.0,1.45,5.0,6.0,1.44,5.0,6.0,1.43,5.25,6.1,1.4,4.75,5.75,1.46,5.0,5.75,1.44,5.0,5.75,1.44,5.0,5.75,1.45,5.25,6.38,1.46,5.25,6.33,1.43,5.0,5.94,1.47,5.4,6.8,1.33,3.4,1.34,3.34,1.33,3.4,1.32,3.24,1.37,3.5,-1.25,1.88,1.98,1.89,2.01,1.88,1.98,1.84,1.92,1.91,2.02,1.53,4.75,5.25,1.5,5.0,5.5,1.52,4.6,5.75,1.5,4.8,5.25,1.51,4.8,5.25,1.5,4.8,5.25,1.5,4.8,5.25,1.55,4.82,5.6,1.55,5.0,5.75,1.51,4.72,5.34,1.58,5.1,5.8,1.33,3.4,1.35,3.3,1.33,3.4,1.33,3.22,1.38,3.55,-1.0,1.83,2.03,1.86,2.08,1.85,2.05,1.78,2.01,1.88,2.09,
,23/11/2025,,St. Pauli,Union Berlin,0,1,A,0,1,A,,,,,,,,,,,,,,,,,,,,,,,,,,,,,,,,,,,,,,,,,,,,,,,,,,,,,,,,,,,,,,,,,,,,,,,,,,,,,,,,,,,,,,,,,,,,,,,,,,,,,,,,,,,,,,,,,,,,,,,,,11.0
,28/11/2025,,M'gladbach,RB Leipzig,0,0,D,0,0,D,,,,,,,,,,,,,,,,,,,,,,,,,,,,,,,,,,,,,,,,,,,,,,,,,,,,,,,,,,,,,,,,,,,,,,,,,,,,,,,,,,,,,,,,,,,,,,,,,,,,,,,,,,,,,,,,,,,,,,,,,12.0
D1,29/11/2025,14:30,Werder Bremen,FC Koln,1,1,D,1,0,H,17.0,10.0,4.0,2.0,11.0,11.0,4.0,0.0,2.0,4.0,1.0,0.0,2.25,3.8,2.9,2.2,3.6,3.0,2.18,3.85,2.95,2.15,3.6,2.8,2.25,3.8,2.87,2.25,3.8,2.9,2.2,3.75,2.87,2.28,3.9,2.96,2.25,3.85,3.0,2.21,3.74,2.89,2.34,3.9,3.1,1.53,2.5,1.56,2.52,1.55,2.5,1.52,2.44,1.6,2.58,-0.25,1.98,1.88,2.01,1.9,1.98,22.0,1.92,4.38,2.04,1.94,2.15,3.8,3.0,2.2,3.6,3.0,2.2,3.8,3.0,2.15,3.75,3.0,2.2,3.7,3.0,2.2,3.7,3.0,2.2,3.6,3.0,2.25,3.83,3.1,2.22,3.8,3.14,2.18,3.71,2.99,2.28,3.85,3.25,1.57,2.38,1.56,2.55,1.57,2.5,1.54,2.41,1.59,2.62,-0.25,1.88,1.98,1.98,1.94,1.91,1.98,1.88,1.89,2.0,1.99,
D1,29/11/2025,14:30,Bayern Munich,St Pauli,3,1,H,1,1,D,19.0,10.0,4.0,1.0,5.0,8.0,10.0,2.0,1.0,1.0,0.0,0.0,1.1,10.0,21.0,1.09,10.0,21.0,1.1,10.5,21.0,1.07,9.0,18.0,1.11,10.5,20.0,1.11,11.0,19.0,1.11,10.0,19.0,1.1,10.2,29.77,1.11,11.0,26.0,1.09,9.91,21.25,1.12,12.0,32.0,1.25,4.0,,,1.29,4.0,1.24,3.8,1.28,4.3,-2.5,1.83,2.03,1.82,2.03,1.9,2.03,1.81,1.94,1.85,2.12,1.1,10.0,21.0,1.11,9.0,21.0,1.1,10.0,23.0,1.1,9.5,20.0,1.12,9.75,20.0,1.12,9.5,19.0,1.12,9.5,19.0,1.12,11.0,23.0,1.13,10.0,26.0,1.11,9.52,20.94,1.14,11.0,26.0,1.29,3.75,1.31,3.53,1.29,3.75,1.28,3.56,1.33,3.95,-2.5,1.98,1.88,1.99,1.92,1.98,1.94,1.89,1.87,2.02,1.96,
,29/11/2025,,Union Berlin,Heidenheim,1,2,A,1,0,H,,,,,,,,,,,,,,,,,,,,,,,,,,,,,,,,,,,,,,,,,,,,,,,,,,,,,,,,,,,,,,,,,,,,,,,,,,,,,,,,,,,,,,,,,,,,,,,,,,,,,,,,,,,,,,,,,,,,,,,,,12.0
,29/11/2025,,Bremen,1.  Köln,1,1,D,1,0,H,,,,,,,,,,,,,,,,,,,,,,,,,,,,,,,,,,,,,,,,,,,,,,,,,,,,,,,,,,,,,,,,,,,,,,,,,,,,,,,,,,,,,,,,,,,,,,,,,,,,,,,,,,,,,,,,,,,,,,,,,12.0
,29/11/2025,,Bayern,St. Pauli,3,1,H,1,1,D,,,,,,,,,,,,,,,,,,,,,,,,,,,,,,,,,,,,,,,,,,,,,,,,,,,,,,,,,,,,,,,,,,,,,,,,,,,,,,,,,,,,,,,,,,,,,,,,,,,,,,,,,,,,,,,,,,,,,,,,,12.0
,29/11/2025,,Leverkusen,Dortmund,1,2,A,0,1,A,,,,,,,,,,,,,,,,,,,,,,,,,,,,,,,,,,,,,,,,,,,,,,,,,,,,,,,,,,,,,,,,,,,,,,,,,,,,,,,,,,,,,,,,,,,,,,,,,,,,,,,,,,,,,,,,,,,,,,,,,12.0
,29/11/2025,,Hoffenheim,Augsburg,3,0,H,3,0,H,,,,,,,,,,,,,,,,,,,,,,,,,,,,,,,,,,,,,,,,,,,,,,,,,,,,,,,,,,,,,,,,,,,,,,,,,,,,,,,,,,,,,,,,,,,,,,,,,,,,,,,,,,,,,,,,,,,,,,,,,12.0
,30/11/2025,,Freiburg,Mainz,4,0,H,2,0,H,,,,,,,,,,,,,,,,,,,,,,,,,,,,,,,,,,,,,,,,,,,,,,,,,,,,,,,,,,,,,,,,,,,,,,,,,,,,,,,,,,,,,,,,,,,,,,,,,,,,,,,,,,,,,,,,,,,,,,,,,12.0
,30/11/2025,,HSV,Stuttgart,2,1,H,1,0,H,,,,,,,,,,,,,,,,,,,,,,,,,,,,,,,,,,,,,,,,,,,,,,,,,,,,,,,,,,,,,,,,,,,,,,,,,,,,,,,,,,,,,,,,,,,,,,,,,,,,,,,,,,,,,,,,,,,,,,,,,12.0
D1,30/11/2025,14:30,Hamburg,Stuttgart,2,1,H,1,0,H,9.0,14.0,2.0,3.0,16.0,12.0,4.0,6.0,2.0,4.0,1.0,0.0,3.0,3.75,2.2,3.1,3.6,2.15,3.1,3.8,2.14,2.9,3.6,2.1,3.0,3.7,2.2,3.0,3.7,2.2,3.0,3.7,2.2,3.17,3.76,2.21,3.1,3.8,2.2,3.02,3.68,2.15,3.3,3.9,2.22,1.53,2.5,1.56,2.52,1.55,2.5,1.53,2.42,1.6,2.58,0.25,1.93,1.93,1.97,1.93,1.93,22.0,1.9,4.06,2.02,1.93,2.7,3.5,2.45,2.75,3.5,2.4,2.8,3.6,2.4,2.63,3.6,2.45,2.7,3.5,2.45,2.7,3.5,2.45,2.7,3.5,2.45,2.85,3.55,2.53,2.8,3.6,2.5,2.73,3.51,2.43,2.94,3.6,2.58,1.67,2.2,1.7,2.26,1.67,2.4,1.63,2.23,1.72,2.32,0.0,2.03,1.83,2.09,1.85,2.03,1.83,1.97,1.8,2.13,1.88,
,30/11/2025,,Frankfurt,Wolfsburg,1,1,D,0,0,D,,,,,,,,,,,,,,,,,,,,,,,,,,,,,,,,,,,,,,,,,,,,,,,,,,,,,,,,,,,,,,,,,,,,,,,,,,,,,,,,,,,,,,,,,,,,,,,,,,,,,,,,,,,,,,,,,,,,,,,,,12.0
D1,30/11/2025,16:30,Ein Frankfurt,Wolfsburg,1,1,D,0,0,D,15.0,10.0,3.0,3.0,7.0,9.0,14.0,1.0,1.0,4.0,0.0,0.0,1.73,4.2,4.2,1.7,4.2,4.33,1.71,4.25,4.3,1.67,4.0,4.0,1.7,4.33,4.33,1.7,4.33,4.33,1.7,4.2,4.2,1.75,4.28,4.33,1.75,4.33,4.35,1.7,4.17,4.22,1.82,4.2,4.5,1.5,2.63,1.51,2.61,1.5,2.7,1.46,2.61,1.54,2.74,-0.75,1.93,1.93,1.95,1.95,1.93,22.0,1.87,4.41,2.02,1.94,1.95,3.9,3.5,1.95,3.75,3.5,1.86,4.0,3.75,1.95,3.9,3.4,1.9,3.9,3.6,1.91,3.9,3.6,1.91,3.8,3.6,1.97,3.98,3.7,1.96,4.0,3.75,1.92,3.87,3.55,2.0,4.0,3.9,1.5,2.63,1.52,2.61,1.5,2.7,1.48,2.57,1.56,2.76,-0.5,1.98,1.88,1.98,1.94,1.98,2.3,1.82,1.97,2.0,1.99,
,05/12/2025,,Mainz,M'gladbach,0,1,A,0,0,D,,,,,,,,,,,,,,,,,,,,,,,,,,,,,,,,,,,,,,,,,,,,,,,,,,,,,,,,,,,,,,,,,,,,,,,,,,,,,,,,,,,,,,,,,,,,,,,,,,,,,,,,,,,,,,,,,,,,,,,,,13.0
,06/12/2025,,Stuttgart,Bayern,0,5,A,0,1,A,,,,,,,,,,,,,,,,,,,,,,,,,,,,,,,,,,,,,,,,,,,,,,,,,,,,,,,,,,,,,,,,,,,,,,,,,,,,,,,,,,,,,,,,,,,,,,,,,,,,,,,,,,,,,,,,,,,,,,,,,13.0
,06/12/2025,,Heidenheim,Freiburg,2,1,H,0,1,A,,,,,,,,,,,,,,,,,,,,,,,,,,,,,,,,,,,,,,,,,,,,,,,,,,,,,,,,,,,,,,,,,,,,,,,,,,,,,,,,,,,,,,,,,,,,,,,,,,,,,,,,,,,,,,,,,,,,,,,,,13.0
,06/12/2025,,1.  Köln,St. Pauli,1,1,D,0,0,D,,,,,,,,,,,,,,,,,,,,,,,,,,,,,,,,,,,,,,,,,,,,,,,,,,,,,,,,,,,,,,,,,,,,,,,,,,,,,,,,,,,,,,,,,,,,,,,,,,,,,,,,,,,,,,,,,,,,,,,,,13.0
,06/12/2025,,Augsburg,Leverkusen,2,0,H,2,0,H,,,,,,,,,,,,,,,,,,,,,,,,,,,,,,,,,,,,,,,,,,,,,,,,,,,,,,,,,,,,,,,,,,,,,,,,,,,,,,,,,,,,,,,,,,,,,,,,,,,,,,,,,,,,,,,,,,,,,,,,,13.0
,06/12/2025,,RB Leipzig,Frankfurt,6,0,H,2,0,H,,,,,,,,,,,,,,,,,,,,,,,,,,,,,,,,,,,,,,,,,,,,,,,,,,,,,,,,,,,,,,,,,,,,,,,,,,,,,,,,,,,,,,,,,,,,,,,,,,,,,,,,,,,,,,,,,,,,,,,,,13.0
,06/12/2025,,Wolfsburg,Union Berlin,3,1,H,2,0,H,,,,,,,,,,,,,,,,,,,,,,,,,,,,,,,,,,,,,,,,,,,,,,,,,,,,,,,,,,,,,,,,,,,,,,,,,,,,,,,,,,,,,,,,,,,,,,,,,,,,,,,,,,,,,,,,,,,,,,,,,13.0
D1,06/12/2025,14:30,FC Koln,St Pauli,1,1,D,0,0,D,11.0,5.0,8.0,1.0,6.0,6.0,5.0,4.0,0.0,1.0,0.0,0.0,1.95,3.6,3.8,1.95,3.5,3.75,1.95,3.6,3.8,1.91,3.4,3.5,1.98,3.6,3.6,2.0,3.6,3.6,1.95,3.6,3.6,1.99,3.69,3.82,2.0,3.66,3.8,1.95,3.55,3.68,2.02,3.8,4.0,1.91,1.91,1.94,1.94,1.91,2.0,1.83,1.93,1.96,2.0,-0.5,1.98,1.88,2.0,1.9,1.98,1.9,1.91,1.85,2.02,1.94,2.0,3.4,3.75,2.0,3.5,3.6,2.0,3.45,3.8,2.0,3.5,3.6,1.95,3.6,3.7,1.95,3.6,3.7,1.95,3.5,3.7,2.05,3.56,3.85,2.02,3.6,3.8,1.99,3.47,3.7,2.08,3.65,4.0,1.98,1.88,1.93,1.95,1.98,1.94,1.89,1.87,1.95,2.02,-0.5,2.03,1.83,2.06,1.87,2.03,1.9,1.94,1.83,2.08,1.9,
D1,06/12/2025,14:30,Stuttgart,Bayern Munich,0,5,A,0,1,A,13.0,19.0,1.0,11.0,6.0,11.0,3.0,4.0,2.0,4.0,1.0,0.0,5.75,5.0,1.45,5.5,5.0,1.44,6.0,5.0,1.46,5.25,4.6,1.44,5.25,5.25,1.5,5.25,5.25,1.5,5.0,5.0,1.5,5.4,5.21,1.51,6.0,5.33,1.5,5.43,5.0,1.47,5.8,5.4,1.54,1.33,3.4,1.36,3.28,1.35,3.4,1.33,3.23,1.37,3.6,1.25,1.88,1.98,1.9,2.0,1.89,1.98,1.86,1.92,1.92,2.04,4.5,4.75,1.62,4.6,4.6,1.6,5.5,4.7,1.52,4.6,4.75,1.57,4.33,4.75,1.63,4.33,4.8,1.65,4.2,4.6,1.61,4.76,4.71,1.63,5.5,4.8,1.65,4.7,4.67,1.58,5.2,4.8,1.65,1.3,3.5,1.34,3.37,1.32,3.6,1.3,3.39,1.35,3.75,1.0,1.88,1.98,1.93,2.0,2.02,1.98,1.91,1.87,1.98,1.98,
D1,06/12/2025,17:30,RB Leipzig,Ein Frankfurt,6,0,H,2,0,H,16.0,8.0,7.0,2.0,9.0,17.0,4.0,0.0,1.0,2.0,0.0,0.0,1.73,4.2,4.2,1.73,4.0,4.2,1.74,4.2,4.2,1.65,4.0,3.8,1.75,4.2,4.0,1.75,4.2,4.0,1.75,4.2,4.0,1.79,4.24,4.13,1.75,4.25,4.2,1.73,4.13,4.06,1.84,4.2,4.4,1.44,2.75,1.46,2.76,1.45,2.85,1.42,2.73,1.49,2.92,-0.75,1.95,1.9,2.01,1.89,1.95,1.9,1.9,1.87,2.04,1.92,1.73,4.0,4.33,1.73,4.0,4.33,1.73,4.0,4.5,1.73,4.0,4.2,1.71,4.1,4.33,1.7,4.2,4.33,1.7,4.0,4.33,1.78,4.1,4.4,1.75,4.2,4.5,1.72,3.99,4.32,1.82,4.1,4.6,1.57,2.38,1.57,2.5,1.57,2.5,1.53,2.43,1.6,2.62,-0.75,1.95,1.9,2.0,1.93,1.95,1.9,1.9,1.87,2.02,1.95,
D1,07/12/2025,14:30,Hamburg,Werder Bremen,3,2,H,0,1,A,12.0,10.0,6.0,3.0,8.0,13.0,5.0,3.0,1.0,6.0,0.0,0.0,2.25,3.5,3.0,2.25,3.5,3.0,2.23,3.65,3.05,2.2,3.5,2.8,2.25,3.7,2.9,2.25,3.7,2.9,2.25,3.7,2.9,2.36,3.62,3.0,2.3,3.7,3.1,2.25,3.53,2.96,2.4,3.6,3.05,1.73,2.1,1.73,2.2,1.73,2.28,1.65,2.16,1.72,2.3,-0.25,2.0,1.85,2.06,1.85,2.0,1.87,1.93,1.83,2.09,1.87,2.4,3.5,2.88,2.38,3.4,2.88,2.4,3.45,2.9,2.38,3.5,2.8,2.35,3.5,2.9,2.3,3.5,2.9,2.3,3.5,2.87,2.45,3.51,2.99,2.4,3.6,2.9,2.36,3.47,2.87,2.48,3.55,3.15,1.73,2.1,1.77,2.15,1.77,2.12,1.72,2.07,1.8,2.2,-0.25,2.1,1.78,2.12,1.83,2.1,1.81,2.03,1.76,2.13,1.87,
,07/12/2025,,Dortmund,Hoffenheim,2,0,H,1,0,H,,,,,,,,,,,,,,,,,,,,,,,,,,,,,,,,,,,,,,,,,,,,,,,,,,,,,,,,,,,,,,,,,,,,,,,,,,,,,,,,,,,,,,,,,,,,,,,,,,,,,,,,,,,,,,,,,,,,,,,,,13.0
,07/12/2025,,HSV,Bremen,3,2,H,0,1,A,,,,,,,,,,,,,,,,,,,,,,,,,,,,,,,,,,,,,,,,,,,,,,,,,,,,,,,,,,,,,,,,,,,,,,,,,,,,,,,,,,,,,,,,,,,,,,,,,,,,,,,,,,,,,,,,,,,,,,,,,13.0
,12/12/2025,,Union Berlin,RB Leipzig,3,1,H,0,0,D,,,,,,,,,,,,,,,,,,,,,,,,,,,,,,,,,,,,,,,,,,,,,,,,,,,,,,,,,,,,,,,,,,,,,,,,,,,,,,,,,,,,,,,,,,,,,,,,,,,,,,,,,,,,,,,,,,,,,,,,,14.0
,13/12/2025,,Frankfurt,Augsburg,1,0,H,0,0,D,,,,,,,,,,,,,,,,,,,,,,,,,,,,,,,,,,,,,,,,,,,,,,,,,,,,,,,,,,,,,,,,,,,,,,,,,,,,,,,,,,,,,,,,,,,,,,,,,,,,,,,,,,,,,,,,,,,,,,,,,14.0
,13/12/2025,,M'gladbach,Wolfsburg,1,3,A,1,3,A,,,,,,,,,,,,,,,,,,,,,,,,,,,,,,,,,,,,,,,,,,,,,,,,,,,,,,,,,,,,,,,,,,,,,,,,,,,,,,,,,,,,,,,,,,,,,,,,,,,,,,,,,,,,,,,,,,,,,,,,,14.0
,13/12/2025,,Hoffenheim,HSV,4,1,H,2,0,H,,,,,,,,,,,,,,,,,,,,,,,,,,,,,,,,,,,,,,,,,,,,,,,,,,,,,,,,,,,,,,,,,,,,,,,,,,,,,,,,,,,,,,,,,,,,,,,,,,,,,,,,,,,,,,,,,,,,,,,,,14.0
,13/12/2025,,Leverkusen,1.  Köln,2,0,H,0,0,D,,,,,,,,,,,,,,,,,,,,,,,,,,,,,,,,,,,,,,,,,,,,,,,,,,,,,,,,,,,,,,,,,,,,,,,,,,,,,,,,,,,,,,,,,,,,,,,,,,,,,,,,,,,,,,,,,,,,,,,,,14.0
,13/12/2025,,St. Pauli,Heidenheim,2,1,H,1,0,H,,,,,,,,,,,,,,,,,,,,,,,,,,,,,,,,,,,,,,,,,,,,,,,,,,,,,,,,,,,,,,,,,,,,,,,,,,,,,,,,,,,,,,,,,,,,,,,,,,,,,,,,,,,,,,,,,,,,,,,,,14.0
D1,13/12/2025,14:30,Ein Frankfurt,Augsburg,1,0,H,0,0,D,11.0,12.0,4.0,1.0,14.0,10.0,2.0,6.0,2.0,3.0,0.0,0.0,1.7,4.2,4.33,1.7,4.0,4.5,1.7,4.0,4.6,1.65,3.9,4.2,1.7,4.2,4.33,1.7,4.2,4.33,1.7,4.2,4.33,1.72,4.27,4.51,1.71,4.25,4.6,1.68,4.06,4.39,1.77,4.3,4.8,1.57,2.38,1.61,2.4,1.6,2.43,1.55,2.36,1.65,2.46,-0.75,1.9,1.95,1.92,1.99,1.9,1.95,1.84,1.92,1.96,2.01,1.85,3.75,4.0,1.8,3.75,4.33,1.81,3.75,4.25,1.83,3.7,4.0,1.83,3.7,4.1,1.83,3.75,4.2,1.83,3.7,4.0,1.87,3.82,4.29,1.93,3.75,4.33,1.83,3.69,4.08,1.93,4.0,4.3,1.85,2.0,1.85,2.06,1.85,2.1,1.77,2.0,1.89,2.12,-0.5,1.83,2.03,1.88,2.05,1.91,2.03,1.81,1.92,1.93,2.07,
D1,13/12/2025,14:30,Hoffenheim,Hamburg,4,1,H,2,0,H,10.0,14.0,6.0,5.0,16.0,10.0,3.0,3.0,1.0,3.0,0.0,0.0,1.7,4.33,4.2,1.73,4.0,4.2,1.75,3.95,4.35,1.65,3.9,4.2,1.75,4.2,4.0,1.75,4.2,4.0,1.75,4.2,4.0,1.72,4.33,4.47,1.75,4.33,4.5,1.71,4.06,4.21,1.75,4.3,4.9,1.5,2.63,1.52,2.6,1.53,2.63,1.5,2.49,1.57,2.68,-0.75,1.88,1.98,1.91,2.0,1.94,1.98,1.88,1.89,1.93,2.04,1.7,4.2,4.33,1.7,4.2,4.33,1.68,4.2,4.5,1.67,4.1,4.5,1.68,4.2,4.4,1.7,4.2,4.4,1.67,4.2,4.33,1.72,4.16,4.68,1.71,4.2,4.75,1.68,4.13,4.42,1.75,4.5,4.8,1.62,2.3,1.63,2.38,1.62,2.63,1.54,2.41,1.66,2.5,-0.75,1.9,1.95,1.93,1.99,1.9,1.95,1.85,1.92,1.96,2.03,
D1,13/12/2025,14:30,St Pauli,Heidenheim,2,1,H,1,0,H,8.0,20.0,5.0,7.0,6.0,15.0,4.0,11.0,2.0,3.0,1.0,0.0,1.95,3.4,4.0,1.95,3.3,4.0,1.95,3.3,4.2,1.91,3.2,3.75,1.98,3.4,3.9,1.95,3.4,3.9,1.95,3.4,3.9,1.98,3.45,4.18,2.0,3.5,4.2,1.94,3.33,3.96,2.02,3.5,4.4,2.2,1.67,2.19,1.74,2.2,1.73,2.11,1.68,2.24,1.76,-0.5,1.98,1.88,1.99,1.92,1.98,1.9,1.91,1.83,2.02,1.96,1.85,3.4,4.33,1.83,3.3,4.6,1.85,3.5,4.4,1.85,3.4,4.33,1.88,3.4,4.33,1.91,3.4,4.33,1.85,3.4,4.33,1.88,3.54,4.65,1.91,3.5,4.6,1.85,3.39,4.37,1.94,3.55,4.8,2.2,1.67,2.25,1.71,2.2,1.7,2.16,1.66,2.3,1.75,-0.5,1.88,1.98,1.88,2.04,1.88,1.98,1.82,1.91,1.94,2.05,
D1,13/12/2025,17:30,Leverkusen,FC Koln,2,0,H,0,0,D,17.0,6.0,6.0,4.0,8.0,6.0,8.0,3.0,2.0,1.0,0.0,0.0,1.55,4.33,5.25,1.53,4.33,5.5,1.56,4.4,5.4,1.5,4.2,5.0,1.52,4.6,5.5,1.53,4.6,5.5,1.5,4.6,5.5,1.57,4.68,5.33,1.57,4.75,5.5,1.53,4.44,5.28,1.62,4.6,5.9,1.53,2.5,1.54,2.58,1.53,2.63,1.49,2.53,1.57,2.68,-1.0,1.88,1.98,1.93,1.96,1.9,1.98,1.86,1.92,1.98,1.99,1.75,4.1,4.0,1.8,4.0,4.0,1.73,4.1,4.35,1.75,4.1,4.0,1.73,4.2,4.1,1.75,4.2,4.0,1.73,4.2,4.0,1.81,4.3,4.07,1.8,4.33,4.75,1.74,4.11,4.11,1.82,4.3,4.4,1.44,2.75,1.49,2.75,1.5,2.75,1.47,2.6,1.54,2.82,-0.75,2.0,1.85,2.03,1.89,2.0,1.88,1.92,1.85,2.0,1.98,
,14/12/2025,,Freiburg,Dortmund,1,1,D,0,1,A,,,,,,,,,,,,,,,,,,,,,,,,,,,,,,,,,,,,,,,,,,,,,,,,,,,,,,,,,,,,,,,,,,,,,,,,,,,,,,,,,,,,,,,,,,,,,,,,,,,,,,,,,,,,,,,,,,,,,,,,,14.0
D1,14/12/2025,16:30,Bayern Munich,Mainz,2,2,D,1,1,D,24.0,5.0,11.0,2.0,7.0,8.0,7.0,0.0,2.0,2.0,0.0,0.0,1.09,11.0,21.0,1.1,9.5,21.0,1.1,11.0,19.0,1.07,9.0,18.0,1.11,11.5,20.0,1.11,11.0,19.0,1.1,11.0,19.0,1.09,12.74,21.79,1.11,11.5,21.0,1.09,10.18,19.25,1.11,13.0,32.0,1.22,4.33,,,1.23,4.33,1.21,4.11,1.26,4.5,-2.75,2.0,1.85,2.01,1.87,2.0,1.85,1.97,1.8,2.01,1.9,1.09,12.0,19.0,1.08,11.0,23.0,1.07,13.0,26.0,1.07,11.5,22.0,1.1,12.0,20.0,1.1,12.0,19.0,1.1,12.0,19.0,1.08,14.25,24.0,1.1,13.0,26.0,1.08,11.44,21.72,1.1,15.0,34.0,1.17,5.0,,,1.22,5.4,1.18,4.65,1.2,5.8,-2.75,1.83,2.03,1.87,2.02,1.83,2.08,1.76,2.02,1.86,2.1,
,14/12/2025,,Bayern,Mainz,2,2,D,1,1,D,,,,,,,,,,,,,,,,,,,,,,,,,,,,,,,,,,,,,,,,,,,,,,,,,,,,,,,,,,,,,,,,,,,,,,,,,,,,,,,,,,,,,,,,,,,,,,,,,,,,,,,,,,,,,,,,,,,,,,,,,14.0
D1,14/12/2025,18:30,Werder Bremen,Stuttgart,0,4,A,0,2,A,9.0,24.0,3.0,12.0,11.0,6.0,0.0,9.0,2.0,0.0,1.0,0.0,2.9,3.8,2.25,3.0,3.6,2.2,2.95,3.8,2.23,2.8,3.6,2.15,2.9,3.8,2.2,2.9,3.8,2.2,2.87,3.8,2.2,2.91,3.92,2.3,3.0,3.8,2.26,2.88,3.71,2.21,3.05,3.9,2.36,1.53,2.5,1.54,2.54,1.53,2.55,1.52,2.44,1.62,2.58,0.25,1.85,2.0,1.88,2.03,1.86,2.0,1.84,1.89,1.92,2.07,2.8,3.8,2.35,2.88,3.6,2.3,2.8,3.65,2.38,2.8,3.7,2.3,2.85,3.6,2.3,2.87,3.6,2.3,2.8,3.6,2.3,2.9,3.75,2.4,2.88,3.8,2.38,2.81,3.63,2.31,2.96,3.85,2.48,1.57,2.38,1.6,2.42,1.6,2.45,1.55,2.37,1.63,2.56,0.25,1.8,2.05,1.84,2.1,1.8,2.05,1.77,1.97,1.86,2.14,
,14/12/2025,,Bremen,Stuttgart,0,4,A,0,2,A,,,,,,,,,,,,,,,,,,,,,,,,,,,,,,,,,,,,,,,,,,,,,,,,,,,,,,,,,,,,,,,,,,,,,,,,,,,,,,,,,,,,,,,,,,,,,,,,,,,,,,,,,,,,,,,,,,,,,,,,,14.0
,19/12/2025,,Dortmund,M'gladbach,2,0,H,1,0,H,,,,,,,,,,,,,,,,,,,,,,,,,,,,,,,,,,,,,,,,,,,,,,,,,,,,,,,,,,,,,,,,,,,,,,,,,,,,,,,,,,,,,,,,,,,,,,,,,,,,,,,,,,,,,,,,,,,,,,,,,15.0
,20/12/2025,,Stuttgart,Hoffenheim,0,0,D,0,0,D,,,,,,,,,,,,,,,,,,,,,,,,,,,,,,,,,,,,,,,,,,,,,,,,,,,,,,,,,,,,,,,,,,,,,,,,,,,,,,,,,,,,,,,,,,,,,,,,,,,,,,,,,,,,,,,,,,,,,,,,,15.0
,20/12/2025,,Augsburg,Bremen,0,0,D,0,0,D,,,,,,,,,,,,,,,,,,,,,,,,,,,,,,,,,,,,,,,,,,,,,,,,,,,,,,,,,,,,,,,,,,,,,,,,,,,,,,,,,,,,,,,,,,,,,,,,,,,,,,,,,,,,,,,,,,,,,,,,,15.0
,20/12/2025,,1.  Köln,Union Berlin,0,1,A,0,0,D,,,,,,,,,,,,,,,,,,,,,,,,,,,,,,,,,,,,,,,,,,,,,,,,,,,,,,,,,,,,,,,,,,,,,,,,,,,,,,,,,,,,,,,,,,,,,,,,,,,,,,,,,,,,,,,,,,,,,,,,,15.0
,20/12/2025,,HSV,Frankfurt,1,1,D,1,1,D,,,,,,,,,,,,,,,,,,,,,,,,,,,,,,,,,,,,,,,,,,,,,,,,,,,,,,,,,,,,,,,,,,,,,,,,,,,,,,,,,,,,,,,,,,,,,,,,,,,,,,,,,,,,,,,,,,,,,,,,,15.0
,20/12/2025,,RB Leipzig,Leverkusen,1,3,A,1,2,A,,,,,,,,,,,,,,,,,,,,,,,,,,,,,,,,,,,,,,,,,,,,,,,,,,,,,,,,,,,,,,,,,,,,,,,,,,,,,,,,,,,,,,,,,,,,,,,,,,,,,,,,,,,,,,,,,,,,,,,,,15.0
,20/12/2025,,Wolfsburg,Freiburg,3,4,A,1,1,D,,,,,,,,,,,,,,,,,,,,,,,,,,,,,,,,,,,,,,,,,,,,,,,,,,,,,,,,,,,,,,,,,,,,,,,,,,,,,,,,,,,,,,,,,,,,,,,,,,,,,,,,,,,,,,,,,,,,,,,,,15.0
D1,20/12/2025,14:30,FC Koln,Union Berlin,0,1,A,0,0,D,13.0,11.0,2.0,3.0,9.0,18.0,3.0,6.0,2.0,5.0,1.0,0.0,2.3,3.3,3.1,2.38,3.25,3.0,2.38,3.35,3.05,2.25,3.25,2.88,2.37,3.3,2.95,2.37,3.3,3.0,2.37,3.3,3.0,2.37,3.4,3.15,2.38,3.35,3.2,2.32,3.28,3.02,2.44,3.45,3.25,1.98,1.88,2.0,1.89,2.0,1.88,1.93,1.83,2.06,1.9,-0.25,2.03,1.83,2.05,1.86,2.03,1.86,1.98,1.79,2.08,1.89,2.5,3.1,2.9,2.5,3.2,2.88,2.55,3.2,2.85,2.5,3.25,2.8,2.45,3.3,2.87,2.45,3.3,2.87,2.45,3.25,2.87,2.69,3.27,2.86,2.71,3.3,2.9,2.52,3.19,2.83,2.72,3.3,3.0,2.1,1.73,2.15,1.78,2.1,1.75,2.06,1.73,2.2,1.8,0.0,1.78,2.1,1.9,2.03,1.9,2.1,1.8,1.97,1.89,2.09,
D1,20/12/2025,14:30,Augsburg,Werder Bremen,0,0,D,0,0,D,14.0,9.0,6.0,0.0,10.0,20.0,6.0,11.0,3.0,4.0,0.0,0.0,2.25,3.5,3.1,2.25,3.5,3.0,2.25,3.65,3.0,2.2,3.4,2.88,2.25,3.5,3.0,2.25,3.5,3.0,2.25,3.5,3.0,2.28,3.56,3.19,2.3,3.65,3.1,2.24,3.48,3.01,2.36,3.65,3.25,1.73,2.1,1.8,2.09,1.77,2.14,1.72,2.06,1.82,2.16,-0.25,1.98,1.88,1.98,1.93,1.98,1.88,1.93,1.84,2.03,1.94,2.2,3.5,3.2,2.2,3.4,3.2,2.25,3.45,3.1,2.2,3.5,3.1,2.2,3.5,3.1,2.2,3.5,3.1,2.2,3.5,3.1,2.33,3.53,3.17,2.25,3.5,3.33,2.21,3.44,3.13,2.4,3.5,3.3,1.8,2.0,1.84,2.06,1.81,2.05,1.76,2.01,1.9,2.08,-0.25,1.93,1.93,2.02,1.91,1.94,1.93,1.91,1.86,2.05,1.92,
D1,20/12/2025,14:30,Hamburg,Ein Frankfurt,1,1,D,1,1,D,9.0,9.0,3.0,3.0,8.0,12.0,5.0,5.0,0.0,0.0,0.0,0.0,2.6,3.6,2.55,2.63,3.5,2.5,2.63,3.5,2.6,2.55,3.4,2.4,2.6,3.5,2.55,2.6,3.5,2.5,2.6,3.5,2.5,2.71,3.55,2.51,2.7,3.6,2.6,2.62,3.48,2.51,2.88,3.65,2.6,1.67,2.2,1.68,2.22,1.67,2.22,1.65,2.17,1.71,2.34,0.0,1.98,1.88,2.0,1.85,1.98,1.88,1.93,1.83,2.09,1.89,2.4,3.5,2.88,2.4,3.4,2.8,2.5,3.4,2.7,2.4,3.5,2.75,2.45,3.5,2.8,2.45,3.5,2.8,2.4,3.4,2.75,2.52,3.43,2.95,2.5,3.5,2.9,2.44,3.39,2.78,2.6,3.4,3.05,1.85,2.0,1.9,2.01,1.85,2.05,1.79,1.98,1.93,2.04,0.0,1.73,2.08,1.81,2.13,1.83,2.08,1.75,2.01,1.84,2.16,
D1,21/12/2025,16:30,Heidenheim,Bayern Munich,0,4,A,0,2,A,8.0,23.0,1.0,11.0,8.0,6.0,0.0,6.0,0.0,0.0,0.0,0.0,13.0,9.5,1.14,17.0,8.5,1.13,17.0,9.0,1.13,15.0,8.0,1.1,13.0,8.5,1.17,13.0,8.5,1.17,13.0,8.0,1.17,17.17,10.24,1.13,18.0,9.5,1.17,15.28,8.61,1.13,19.5,11.0,1.16,1.25,4.0,,,1.25,4.33,1.23,3.99,1.26,4.4,2.5,1.88,1.98,1.88,2.0,1.9,2.0,1.83,1.91,1.9,2.02,13.0,9.5,1.14,13.0,8.0,1.17,16.0,8.5,1.15,13.0,8.0,1.15,11.0,8.0,1.2,11.0,8.0,1.2,11.0,8.0,1.2,15.87,9.2,1.15,16.0,9.5,1.2,13.06,8.12,1.16,17.0,9.6,1.19,1.25,4.0,,,1.29,4.0,1.25,3.74,1.3,4.1,2.25,1.85,2.0,1.93,1.97,1.95,2.0,1.88,1.89,1.92,2.04,
D1,21/12/2025,14:30,Mainz,St Pauli,0,0,D,0,0,D,13.0,5.0,1.0,1.0,5.0,9.0,9.0,5.0,1.0,1.0,0.0,0.0,1.95,3.4,4.1,1.95,3.3,4.0,1.89,3.5,4.25,1.9,3.2,3.8,1.95,3.3,4.0,1.95,3.3,4.0,1.95,3.3,4.0,1.98,3.5,4.11,1.95,3.5,4.25,1.92,3.34,4.02,2.06,3.55,4.1,2.1,1.73,2.18,1.74,2.15,1.73,2.1,1.68,2.24,1.77,-0.5,1.98,1.88,1.98,1.92,1.98,1.88,1.91,1.82,2.06,1.92,1.95,3.3,4.1,1.95,3.3,4.0,1.92,3.45,4.1,1.95,3.3,4.0,1.98,3.3,4.0,2.0,3.3,4.0,1.95,3.3,3.9,2.04,3.39,4.12,2.0,3.45,4.1,1.96,3.31,3.99,2.08,3.5,4.2,2.2,1.67,2.28,1.69,2.25,1.7,2.16,1.66,2.3,1.76,-0.5,1.98,1.88,2.04,1.88,2.0,1.88,1.93,1.81,2.08,1.91,
,21/12/2025,,Mainz,St. Pauli,0,0,D,0,0,D,,,,,,,,,,,,,,,,,,,,,,,,,,,,,,,,,,,,,,,,,,,,,,,,,,,,,,,,,,,,,,,,,,,,,,,,,,,,,,,,,,,,,,,,,,,,,,,,,,,,,,,,,,,,,,,,,,,,,,,,,15.0
,21/12/2025,,Heidenheim,Bayern,0,4,A,0,2,A,,,,,,,,,,,,,,,,,,,,,,,,,,,,,,,,,,,,,,,,,,,,,,,,,,,,,,,,,,,,,,,,,,,,,,,,,,,,,,,,,,,,,,,,,,,,,,,,,,,,,,,,,,,,,,,,,,,,,,,,,15.0
,09/01/2026,,Frankfurt,Dortmund,3,3,D,1,1,D,,,,,,,,,,,,,,,,,,,,,,,,,,,,,,,,,,,,,,,,,,,,,,,,,,,,,,,,,,,,,,,,,,,,,,,,,,,,,,,,,,,,,,,,,,,,,,,,,,,,,,,,,,,,,,,,,,,,,,,,,16.0
D1,09/01/2026,19:30,Ein Frankfurt,Dortmund,3,3,D,1,1,D,12.0,16.0,6.0,6.0,14.0,6.0,2.0,5.0,3.0,3.0,0.0,0.0,3.6,3.8,1.95,3.5,3.6,2.0,3.55,3.65,2.02,3.4,3.75,2.0,3.4,3.7,2.0,3.4,3.7,2.05,3.4,3.6,2.0,3.62,3.85,2.03,3.6,3.8,2.05,3.47,3.67,1.99,3.65,3.9,2.1,1.62,2.3,1.63,2.4,1.63,2.4,1.6,2.27,1.67,2.46,0.5,1.85,2.0,1.88,2.04,1.85,2.0,1.8,1.93,1.89,2.1,3.25,3.75,2.05,3.3,3.6,2.1,3.45,3.7,2.02,3.25,3.7,2.05,3.3,3.7,2.05,3.3,3.7,2.05,3.3,3.7,2.05,3.51,3.7,2.11,3.45,3.75,2.1,3.31,3.66,2.05,3.6,3.9,2.12,1.62,2.3,1.67,2.32,1.66,2.3,1.6,2.26,1.69,2.42,0.25,2.03,1.83,2.09,1.85,2.06,1.83,2.01,1.73,2.15,1.86,
D1,10/01/2026,14:30,Freiburg,Hamburg,2,1,H,0,0,D,20.0,10.0,7.0,5.0,13.0,11.0,0.0,3.0,3.0,5.0,0.0,1.0,1.8,3.6,4.5,1.8,3.75,4.33,1.78,3.65,4.6,1.73,3.6,4.1,1.8,3.6,4.4,1.8,3.6,4.4,1.8,3.6,4.4,1.81,3.56,4.95,1.8,3.75,5.0,1.76,3.6,4.49,1.83,3.8,5.1,1.83,2.03,1.85,2.05,1.85,2.03,1.79,1.97,1.87,2.1,-0.75,2.03,1.83,2.05,1.86,2.03,1.9,1.97,1.81,2.06,1.91,1.8,3.5,4.75,1.8,3.6,4.5,1.77,3.65,4.75,1.75,3.5,4.75,1.75,3.7,4.6,1.75,3.7,4.6,1.75,3.7,4.6,1.81,3.67,4.82,1.84,3.7,4.8,1.76,3.58,4.6,1.87,3.7,5.0,1.91,1.91,1.93,1.97,1.92,1.93,1.86,1.89,1.98,2.0,-0.75,2.03,1.83,2.06,1.87,2.03,1.84,1.98,1.81,2.12,1.86,
D1,10/01/2026,14:30,Heidenheim,FC Koln,2,2,D,2,1,H,14.0,21.0,6.0,9.0,9.0,7.0,5.0,4.0,2.0,1.0,0.0,0.0,2.9,3.5,2.38,2.88,3.4,2.38,2.95,3.55,2.3,2.75,3.4,2.25,2.95,3.6,2.25,2.9,3.6,2.25,2.9,3.6,2.25,2.95,3.58,2.41,2.95,3.6,2.38,2.88,3.48,2.3,3.0,3.6,2.5,1.8,2.0,1.8,2.09,1.8,2.1,1.73,2.04,1.82,2.14,0.25,1.8,2.05,1.83,2.1,1.83,2.05,1.8,1.92,1.83,2.15,2.75,3.4,2.5,2.8,3.4,2.4,2.55,3.5,2.65,2.7,3.5,2.45,2.75,3.4,2.5,2.75,3.4,2.5,2.7,3.4,2.5,2.81,3.52,2.59,2.9,3.5,2.65,2.71,3.41,2.49,2.92,3.55,2.62,1.73,2.1,1.81,2.1,1.8,2.1,1.74,2.03,1.84,2.16,0.0,2.03,1.83,2.05,1.88,2.05,1.85,1.97,1.79,2.1,1.89,
,10/01/2026,,Heidenheim,1.  Köln,2,2,D,2,1,H,,,,,,,,,,,,,,,,,,,,,,,,,,,,,,,,,,,,,,,,,,,,,,,,,,,,,,,,,,,,,,,,,,,,,,,,,,,,,,,,,,,,,,,,,,,,,,,,,,,,,,,,,,,,,,,,,,,,,,,,,16.0
,10/01/2026,,Union Berlin,Mainz,2,2,D,0,1,A,,,,,,,,,,,,,,,,,,,,,,,,,,,,,,,,,,,,,,,,,,,,,,,,,,,,,,,,,,,,,,,,,,,,,,,,,,,,,,,,,,,,,,,,,,,,,,,,,,,,,,,,,,,,,,,,,,,,,,,,,16.0
,10/01/2026,,Freiburg,HSV,2,1,H,0,0,D,,,,,,,,,,,,,,,,,,,,,,,,,,,,,,,,,,,,,,,,,,,,,,,,,,,,,,,,,,,,,,,,,,,,,,,,,,,,,,,,,,,,,,,,,,,,,,,,,,,,,,,,,,,,,,,,,,,,,,,,,16.0
,10/01/2026,,Leverkusen,Stuttgart,1,4,A,0,4,A,,,,,,,,,,,,,,,,,,,,,,,,,,,,,,,,,,,,,,,,,,,,,,,,,,,,,,,,,,,,,,,,,,,,,,,,,,,,,,,,,,,,,,,,,,,,,,,,,,,,,,,,,,,,,,,,,,,,,,,,,16.0
,11/01/2026,,Bayern,Wolfsburg,8,1,H,2,1,H,,,,,,,,,,,,,,,,,,,,,,,,,,,,,,,,,,,,,,,,,,,,,,,,,,,,,,,,,,,,,,,,,,,,,,,,,,,,,,,,,,,,,,,,,,,,,,,,,,,,,,,,,,,,,,,,,,,,,,,,,16.0
,11/01/2026,,M'gladbach,Augsburg,4,0,H,3,0,H,,,,,,,,,,,,,,,,,,,,,,,,,,,,,,,,,,,,,,,,,,,,,,,,,,,,,,,,,,,,,,,,,,,,,,,,,,,,,,,,,,,,,,,,,,,,,,,,,,,,,,,,,,,,,,,,,,,,,,,,,16.0
D1,11/01/2026,16:30,Bayern Munich,Wolfsburg,8,1,H,2,1,H,16.0,8.0,10.0,3.0,7.0,6.0,6.0,2.0,0.0,1.0,0.0,0.0,1.11,11.0,17.0,1.11,9.5,19.0,1.09,11.0,21.0,1.07,9.5,17.0,1.11,10.5,15.0,1.13,10.0,15.0,1.13,10.0,15.0,1.1,12.15,18.99,1.13,11.0,21.0,1.1,10.11,18.06,1.13,12.0,23.0,1.2,4.5,,,1.2,5.0,1.18,4.54,1.2,5.2,-2.75,1.98,1.88,1.96,1.91,1.98,1.95,1.88,1.89,1.98,1.93,1.13,9.5,17.0,1.13,9.0,17.0,1.11,9.5,20.0,1.11,9.5,17.0,1.13,9.5,13.5,1.15,9.5,13.0,1.14,9.0,13.0,1.13,11.0,19.0,1.15,10.0,20.0,1.12,9.31,16.69,1.14,12.0,23.0,1.22,4.33,,,1.23,4.7,1.2,4.31,1.23,5.0,-2.5,1.93,1.93,1.9,2.01,1.93,1.93,1.86,1.86,1.94,2.02,
D1,13/01/2026,17:30,Stuttgart,Ein Frankfurt,3,2,H,2,1,H,20.0,12.0,11.0,5.0,8.0,15.0,10.0,2.0,2.0,2.0,0.0,0.0,1.73,4.2,4.2,1.73,4.0,4.2,1.71,4.2,4.35,1.7,4.2,4.2,1.73,4.1,4.2,1.73,4.2,4.2,1.73,4.0,4.2,1.81,4.01,4.25,1.75,4.2,4.35,1.72,4.11,4.2,1.79,4.3,4.6,1.5,2.63,1.58,2.47,1.5,2.75,1.46,2.62,1.52,2.86,-0.75,1.9,1.95,2.05,1.86,1.9,1.95,1.87,1.9,1.98,2.0,1.65,4.33,4.5,1.67,4.2,4.5,1.65,4.3,4.6,1.65,4.33,4.5,1.66,4.33,4.5,1.67,4.33,4.5,1.65,4.2,4.4,1.81,4.01,4.25,1.7,4.33,4.75,1.65,4.24,4.53,1.75,4.4,4.9,1.44,2.75,1.58,2.47,1.48,2.9,1.43,2.71,1.49,3.0,-0.75,1.83,2.03,2.05,1.86,1.83,2.03,1.8,1.99,1.91,2.08,
,13/01/2026,,Mainz,Heidenheim,2,1,H,1,0,H,,,,,,,,,,,,,,,,,,,,,,,,,,,,,,,,,,,,,,,,,,,,,,,,,,,,,,,,,,,,,,,,,,,,,,,,,,,,,,,,,,,,,,,,,,,,,,,,,,,,,,,,,,,,,,,,,,,,,,,,,17.0
,13/01/2026,,Dortmund,Bremen,3,0,H,1,0,H,,,,,,,,,,,,,,,,,,,,,,,,,,,,,,,,,,,,,,,,,,,,,,,,,,,,,,,,,,,,,,,,,,,,,,,,,,,,,,,,,,,,,,,,,,,,,,,,,,,,,,,,,,,,,,,,,,,,,,,,,17.0
,13/01/2026,,Stuttgart,Frankfurt,3,2,H,2,1,H,,,,,,,,,,,,,,,,,,,,,,,,,,,,,,,,,,,,,,,,,,,,,,,,,,,,,,,,,,,,,,,,,,,,,,,,,,,,,,,,,,,,,,,,,,,,,,,,,,,,,,,,,,,,,,,,,,,,,,,,,17.0
D1,13/01/2026,19:30,Dortmund,Werder Bremen,3,0,H,1,0,H,18.0,6.0,8.0,3.0,14.0,8.0,3.0,3.0,2.0,0.0,0.0,0.0,1.4,5.0,7.0,1.36,5.0,7.5,1.34,5.4,8.0,1.36,5.0,7.5,1.39,5.25,6.75,1.4,5.25,6.5,1.4,5.25,6.5,1.36,5.64,7.94,1.4,5.4,8.0,1.37,5.18,7.28,1.4,5.8,8.6,1.5,2.63,1.44,2.82,1.5,2.8,1.44,2.68,1.5,2.92,-1.5,2.03,1.78,1.99,1.92,2.03,1.86,1.96,1.78,2.09,1.87,1.42,5.0,6.5,1.36,5.0,7.5,1.37,5.2,7.5,1.4,5.0,7.0,1.42,5.25,6.5,1.44,5.25,6.5,1.4,5.0,6.5,1.36,5.64,7.94,1.44,5.25,7.5,1.4,5.02,6.92,1.44,5.4,8.2,1.53,2.5,1.44,2.82,1.55,2.63,1.5,2.5,1.58,2.68,-1.25,1.88,1.98,1.75,2.17,1.9,2.05,1.82,1.97,1.95,2.01,
D1,14/01/2026,17:30,Wolfsburg,St Pauli,2,1,H,1,1,D,13.0,9.0,5.0,4.0,10.0,9.0,7.0,4.0,1.0,2.0,0.0,0.0,1.91,3.7,3.8,1.9,3.5,4.0,1.82,3.8,4.2,1.87,3.4,3.7,1.9,3.6,3.9,1.91,3.6,3.9,1.91,3.5,3.9,1.9,3.75,4.14,1.95,3.8,4.2,1.87,3.58,3.93,2.0,3.8,4.2,1.93,1.93,1.86,2.03,1.93,1.97,1.84,1.91,1.96,1.98,-0.5,1.93,1.93,1.91,2.0,1.93,1.95,1.85,1.88,2.0,1.99,1.83,3.6,4.5,1.83,3.4,4.5,1.85,3.6,4.3,1.8,3.5,4.5,1.85,3.5,4.33,1.85,3.5,4.33,1.83,3.5,4.33,1.9,3.75,4.14,1.87,3.6,4.55,1.84,3.49,4.34,1.93,3.6,4.8,2.2,1.67,1.86,2.03,2.2,1.75,2.1,1.7,2.28,1.77,-0.5,1.83,2.03,1.91,2.0,1.85,2.03,1.8,1.94,1.93,2.06,
D1,14/01/2026,19:30,FC Koln,Bayern Munich,1,3,A,1,1,D,8.0,19.0,3.0,8.0,3.0,4.0,4.0,6.0,0.0,0.0,0.0,0.0,10.5,7.5,1.22,11.0,6.5,1.22,11.0,7.0,1.22,10.0,6.5,1.18,8.25,7.0,1.27,8.5,7.0,1.28,8.0,7.0,1.28,9.41,6.82,1.26,11.0,7.5,1.28,9.9,6.86,1.22,12.0,7.8,1.26,1.25,4.0,,,1.26,4.1,1.24,3.82,1.28,4.3,2.0,1.88,1.98,1.81,2.07,1.92,1.98,1.88,1.9,1.96,1.98,11.0,7.0,1.2,10.0,7.0,1.22,12.0,7.0,1.21,9.5,7.0,1.22,8.0,6.75,1.28,8.0,6.5,1.28,8.0,6.5,1.28,9.41,6.82,1.26,12.0,7.0,1.28,9.66,6.79,1.23,12.5,7.4,1.26,1.22,4.33,,,1.25,4.5,1.22,4.04,1.26,4.7,2.0,1.83,2.03,1.81,2.07,1.96,2.03,1.87,1.91,1.92,2.04,
,14/01/2026,,1.  Köln,Bayern,1,3,A,1,1,D,,,,,,,,,,,,,,,,,,,,,,,,,,,,,,,,,,,,,,,,,,,,,,,,,,,,,,,,,,,,,,,,,,,,,,,,,,,,,,,,,,,,,,,,,,,,,,,,,,,,,,,,,,,,,,,,,,,,,,,,,17.0
,14/01/2026,,Hoffenheim,M'gladbach,5,1,H,4,0,H,,,,,,,,,,,,,,,,,,,,,,,,,,,,,,,,,,,,,,,,,,,,,,,,,,,,,,,,,,,,,,,,,,,,,,,,,,,,,,,,,,,,,,,,,,,,,,,,,,,,,,,,,,,,,,,,,,,,,,,,,17.0
,14/01/2026,,RB Leipzig,Freiburg,2,0,H,0,0,D,,,,,,,,,,,,,,,,,,,,,,,,,,,,,,,,,,,,,,,,,,,,,,,,,,,,,,,,,,,,,,,,,,,,,,,,,,,,,,,,,,,,,,,,,,,,,,,,,,,,,,,,,,,,,,,,,,,,,,,,,17.0
,14/01/2026,,Wolfsburg,St. Pauli,2,1,H,1,1,D,,,,,,,,,,,,,,,,,,,,,,,,,,,,,,,,,,,,,,,,,,,,,,,,,,,,,,,,,,,,,,,,,,,,,,,,,,,,,,,,,,,,,,,,,,,,,,,,,,,,,,,,,,,,,,,,,,,,,,,,,17.0
,15/01/2026,,Augsburg,Union Berlin,1,1,D,1,0,H,,,,,,,,,,,,,,,,,,,,,,,,,,,,,,,,,,,,,,,,,,,,,,,,,,,,,,,,,,,,,,,,,,,,,,,,,,,,,,,,,,,,,,,,,,,,,,,,,,,,,,,,,,,,,,,,,,,,,,,,,17.0
,16/01/2026,,Bremen,Frankfurt,3,3,D,1,1,D,,,,,,,,,,,,,,,,,,,,,,,,,,,,,,,,,,,,,,,,,,,,,,,,,,,,,,,,,,,,,,,,,,,,,,,,,,,,,,,,,,,,,,,,,,,,,,,,,,,,,,,,,,,,,,,,,,,,,,,,,18.0
,17/01/2026,,Hoffenheim,Leverkusen,1,0,H,1,0,H,,,,,,,,,,,,,,,,,,,,,,,,,,,,,,,,,,,,,,,,,,,,,,,,,,,,,,,,,,,,,,,,,,,,,,,,,,,,,,,,,,,,,,,,,,,,,,,,,,,,,,,,,,,,,,,,,,,,,,,,,18.0
,17/01/2026,,1.  Köln,Mainz,2,1,H,0,1,A,,,,,,,,,,,,,,,,,,,,,,,,,,,,,,,,,,,,,,,,,,,,,,,,,,,,,,,,,,,,,,,,,,,,,,,,,,,,,,,,,,,,,,,,,,,,,,,,,,,,,,,,,,,,,,,,,,,,,,,,,18.0
,17/01/2026,,HSV,M'gladbach,0,0,D,0,0,D,,,,,,,,,,,,,,,,,,,,,,,,,,,,,,,,,,,,,,,,,,,,,,,,,,,,,,,,,,,,,,,,,,,,,,,,,,,,,,,,,,,,,,,,,,,,,,,,,,,,,,,,,,,,,,,,,,,,,,,,,18.0
,17/01/2026,,Dortmund,St. Pauli,3,2,H,1,0,H,,,,,,,,,,,,,,,,,,,,,,,,,,,,,,,,,,,,,,,,,,,,,,,,,,,,,,,,,,,,,,,,,,,,,,,,,,,,,,,,,,,,,,,,,,,,,,,,,,,,,,,,,,,,,,,,,,,,,,,,,18.0
,17/01/2026,,Wolfsburg,Heidenheim,1,1,D,0,1,A,,,,,,,,,,,,,,,,,,,,,,,,,,,,,,,,,,,,,,,,,,,,,,,,,,,,,,,,,,,,,,,,,,,,,,,,,,,,,,,,,,,,,,,,,,,,,,,,,,,,,,,,,,,,,,,,,,,,,,,,,18.0
,17/01/2026,,RB Leipzig,Bayern,1,5,A,1,0,H,,,,,,,,,,,,,,,,,,,,,,,,,,,,,,,,,,,,,,,,,,,,,,,,,,,,,,,,,,,,,,,,,,,,,,,,,,,,,,,,,,,,,,,,,,,,,,,,,,,,,,,,,,,,,,,,,,,,,,,,,18.0
,18/01/2026,,Augsburg,Freiburg,2,2,D,0,0,D,,,,,,,,,,,,,,,,,,,,,,,,,,,,,,,,,,,,,,,,,,,,,,,,,,,,,,,,,,,,,,,,,,,,,,,,,,,,,,,,,,,,,,,,,,,,,,,,,,,,,,,,,,,,,,,,,,,,,,,,,18.0
,18/01/2026,,Stuttgart,Union Berlin,1,1,D,0,0,D,,,,,,,,,,,,,,,,,,,,,,,,,,,,,,,,,,,,,,,,,,,,,,,,,,,,,,,,,,,,,,,,,,,,,,,,,,,,,,,,,,,,,,,,,,,,,,,,,,,,,,,,,,,,,,,,,,,,,,,,,18.0
,23/01/2026,,St. Pauli,HSV,0,0,D,0,0,D,,,,,,,,,,,,,,,,,,,,,,,,,,,,,,,,,,,,,,,,,,,,,,,,,,,,,,,,,,,,,,,,,,,,,,,,,,,,,,,,,,,,,,,,,,,,,,,,,,,,,,,,,,,,,,,,,,,,,,,,,19.0
,24/01/2026,,Leverkusen,Bremen,1,0,H,1,0,H,,,,,,,,,,,,,,,,,,,,,,,,,,,,,,,,,,,,,,,,,,,,,,,,,,,,,,,,,,,,,,,,,,,,,,,,,,,,,,,,,,,,,,,,,,,,,,,,,,,,,,,,,,,,,,,,,,,,,,,,,19.0
,24/01/2026,,Mainz,Wolfsburg,3,1,H,0,1,A,,,,,,,,,,,,,,,,,,,,,,,,,,,,,,,,,,,,,,,,,,,,,,,,,,,,,,,,,,,,,,,,,,,,,,,,,,,,,,,,,,,,,,,,,,,,,,,,,,,,,,,,,,,,,,,,,,,,,,,,,19.0
,24/01/2026,,Bayern,Augsburg,1,2,A,1,0,H,,,,,,,,,,,,,,,,,,,,,,,,,,,,,,,,,,,,,,,,,,,,,,,,,,,,,,,,,,,,,,,,,,,,,,,,,,,,,,,,,,,,,,,,,,,,,,,,,,,,,,,,,,,,,,,,,,,,,,,,,19.0
,24/01/2026,,Frankfurt,Hoffenheim,1,3,A,1,0,H,,,,,,,,,,,,,,,,,,,,,,,,,,,,,,,,,,,,,,,,,,,,,,,,,,,,,,,,,,,,,,,,,,,,,,,,,,,,,,,,,,,,,,,,,,,,,,,,,,,,,,,,,,,,,,,,,,,,,,,,,19.0
,24/01/2026,,Union Berlin,Dortmund,0,3,A,0,1,A,,,,,,,,,,,,,,,,,,,,,,,,,,,,,,,,,,,,,,,,,,,,,,,,,,,,,,,,,,,,,,,,,,,,,,,,,,,,,,,,,,,,,,,,,,,,,,,,,,,,,,,,,,,,,,,,,,,,,,,,,19.0
,24/01/2026,,Heidenheim,RB Leipzig,0,3,A,0,0,D,,,,,,,,,,,,,,,,,,,,,,,,,,,,,,,,,,,,,,,,,,,,,,,,,,,,,,,,,,,,,,,,,,,,,,,,,,,,,,,,,,,,,,,,,,,,,,,,,,,,,,,,,,,,,,,,,,,,,,,,,19.0
,25/01/2026,,Freiburg,1.  Köln,2,1,H,2,1,H,,,,,,,,,,,,,,,,,,,,,,,,,,,,,,,,,,,,,,,,,,,,,,,,,,,,,,,,,,,,,,,,,,,,,,,,,,,,,,,,,,,,,,,,,,,,,,,,,,,,,,,,,,,,,,,,,,,,,,,,,19.0
,25/01/2026,,M'gladbach,Stuttgart,0,3,A,0,1,A,,,,,,,,,,,,,,,,,,,,,,,,,,,,,,,,,,,,,,,,,,,,,,,,,,,,,,,,,,,,,,,,,,,,,,,,,,,,,,,,,,,,,,,,,,,,,,,,,,,,,,,,,,,,,,,,,,,,,,,,,19.0
,27/01/2026,,Bremen,Hoffenheim,0,2,A,0,1,A,,,,,,,,,,,,,,,,,,,,,,,,,,,,,,,,,,,,,,,,,,,,,,,,,,,,,,,,,,,,,,,,,,,,,,,,,,,,,,,,,,,,,,,,,,,,,,,,,,,,,,,,,,,,,,,,,,,,,,,,,16.0
,27/01/2026,,St. Pauli,RB Leipzig,1,1,D,0,0,D,,,,,,,,,,,,,,,,,,,,,,,,,,,,,,,,,,,,,,,,,,,,,,,,,,,,,,,,,,,,,,,,,,,,,,,,,,,,,,,,,,,,,,,,,,,,,,,,,,,,,,,,,,,,,,,,,,,,,,,,,16.0
,30/01/2026,,1.  Köln,Wolfsburg,1,0,H,1,0,H,,,,,,,,,,,,,,,,,,,,,,,,,,,,,,,,,,,,,,,,,,,,,,,,,,,,,,,,,,,,,,,,,,,,,,,,,,,,,,,,,,,,,,,,,,,,,,,,,,,,,,,,,,,,,,,,,,,,,,,,,20.0
,31/01/2026,,RB Leipzig,Mainz,1,2,A,1,1,D,,,,,,,,,,,,,,,,,,,,,,,,,,,,,,,,,,,,,,,,,,,,,,,,,,,,,,,,,,,,,,,,,,,,,,,,,,,,,,,,,,,,,,,,,,,,,,,,,,,,,,,,,,,,,,,,,,,,,,,,,20.0
,31/01/2026,,Hoffenheim,Union Berlin,3,1,H,2,0,H,,,,,,,,,,,,,,,,,,,,,,,,,,,,,,,,,,,,,,,,,,,,,,,,,,,,,,,,,,,,,,,,,,,,,,,,,,,,,,,,,,,,,,,,,,,,,,,,,,,,,,,,,,,,,,,,,,,,,,,,,20.0
,31/01/2026,,Augsburg,St. Pauli,2,1,H,1,1,D,,,,,,,,,,,,,,,,,,,,,,,,,,,,,,,,,,,,,,,,,,,,,,,,,,,,,,,,,,,,,,,,,,,,,,,,,,,,,,,,,,,,,,,,,,,,,,,,,,,,,,,,,,,,,,,,,,,,,,,,,20.0
,31/01/2026,,HSV,Bayern,2,2,D,1,1,D,,,,,,,,,,,,,,,,,,,,,,,,,,,,,,,,,,,,,,,,,,,,,,,,,,,,,,,,,,,,,,,,,,,,,,,,,,,,,,,,,,,,,,,,,,,,,,,,,,,,,,,,,,,,,,,,,,,,,,,,,20.0
,31/01/2026,,Frankfurt,Leverkusen,1,3,A,0,2,A,,,,,,,,,,,,,,,,,,,,,,,,,,,,,,,,,,,,,,,,,,,,,,,,,,,,,,,,,,,,,,,,,,,,,,,,,,,,,,,,,,,,,,,,,,,,,,,,,,,,,,,,,,,,,,,,,,,,,,,,,20.0
,31/01/2026,,Bremen,M'gladbach,1,1,D,0,0,D,,,,,,,,,,,,,,,,,,,,,,,,,,,,,,,,,,,,,,,,,,,,,,,,,,,,,,,,,,,,,,,,,,,,,,,,,,,,,,,,,,,,,,,,,,,,,,,,,,,,,,,,,,,,,,,,,,,,,,,,,20.0
,01/02/2026,,Dortmund,Heidenheim,3,2,H,1,1,D,,,,,,,,,,,,,,,,,,,,,,,,,,,,,,,,,,,,,,,,,,,,,,,,,,,,,,,,,,,,,,,,,,,,,,,,,,,,,,,,,,,,,,,,,,,,,,,,,,,,,,,,,,,,,,,,,,,,,,,,,20.0
,01/02/2026,,Stuttgart,Freiburg,1,0,H,0,0,D,,,,,,,,,,,,,,,,,,,,,,,,,,,,,,,,,,,,,,,,,,,,,,,,,,,,,,,,,,,,,,,,,,,,,,,,,,,,,,,,,,,,,,,,,,,,,,,,,,,,,,,,,,,,,,,,,,,,,,,,,20.0
,06/02/2026,,Union Berlin,Frankfurt,1,1,D,0,0,D,,,,,,,,,,,,,,,,,,,,,,,,,,,,,,,,,,,,,,,,,,,,,,,,,,,,,,,,,,,,,,,,,,,,,,,,,,,,,,,,,,,,,,,,,,,,,,,,,,,,,,,,,,,,,,,,,,,,,,,,,21.0
,07/02/2026,,Heidenheim,HSV,0,2,A,0,1,A,,,,,,,,,,,,,,,,,,,,,,,,,,,,,,,,,,,,,,,,,,,,,,,,,,,,,,,,,,,,,,,,,,,,,,,,,,,,,,,,,,,,,,,,,,,,,,,,,,,,,,,,,,,,,,,,,,,,,,,,,21.0
,07/02/2026,,Wolfsburg,Dortmund,1,2,A,0,1,A,,,,,,,,,,,,,,,,,,,,,,,,,,,,,,,,,,,,,,,,,,,,,,,,,,,,,,,,,,,,,,,,,,,,,,,,,,,,,,,,,,,,,,,,,,,,,,,,,,,,,,,,,,,,,,,,,,,,,,,,,21.0
,07/02/2026,,Freiburg,Bremen,1,0,H,1,0,H,,,,,,,,,,,,,,,,,,,,,,,,,,,,,,,,,,,,,,,,,,,,,,,,,,,,,,,,,,,,,,,,,,,,,,,,,,,,,,,,,,,,,,,,,,,,,,,,,,,,,,,,,,,,,,,,,,,,,,,,,21.0
,07/02/2026,,St. Pauli,Stuttgart,2,1,H,1,0,H,,,,,,,,,,,,,,,,,,,,,,,,,,,,,,,,,,,,,,,,,,,,,,,,,,,,,,,,,,,,,,,,,,,,,,,,,,,,,,,,,,,,,,,,,,,,,,,,,,,,,,,,,,,,,,,,,,,,,,,,,21.0
,07/02/2026,,Mainz,Augsburg,2,0,H,1,0,H,,,,,,,,,,,,,,,,,,,,,,,,,,,,,,,,,,,,,,,,,,,,,,,,,,,,,,,,,,,,,,,,,,,,,,,,,,,,,,,,,,,,,,,,,,,,,,,,,,,,,,,,,,,,,,,,,,,,,,,,,21.0
,07/02/2026,,M'gladbach,Leverkusen,1,1,D,1,1,D,,,,,,,,,,,,,,,,,,,,,,,,,,,,,,,,,,,,,,,,,,,,,,,,,,,,,,,,,,,,,,,,,,,,,,,,,,,,,,,,,,,,,,,,,,,,,,,,,,,,,,,,,,,,,,,,,,,,,,,,,21.0
,08/02/2026,,Bayern,Hoffenheim,5,1,H,3,1,H,,,,,,,,,,,,,,,,,,,,,,,,,,,,,,,,,,,,,,,,,,,,,,,,,,,,,,,,,,,,,,,,,,,,,,,,,,,,,,,,,,,,,,,,,,,,,,,,,,,,,,,,,,,,,,,,,,,,,,,,,21.0
,08/02/2026,,1.  Köln,RB Leipzig,1,2,A,0,1,A,,,,,,,,,,,,,,,,,,,,,,,,,,,,,,,,,,,,,,,,,,,,,,,,,,,,,,,,,,,,,,,,,,,,,,,,,,,,,,,,,,,,,,,,,,,,,,,,,,,,,,,,,,,,,,,,,,,,,,,,,21.0
,13/02/2026,,Dortmund,Mainz,4,0,H,3,0,H,,,,,,,,,,,,,,,,,,,,,,,,,,,,,,,,,,,,,,,,,,,,,,,,,,,,,,,,,,,,,,,,,,,,,,,,,,,,,,,,,,,,,,,,,,,,,,,,,,,,,,,,,,,,,,,,,,,,,,,,,22.0
,14/02/2026,,Bremen,Bayern,0,3,A,0,2,A,,,,,,,,,,,,,,,,,,,,,,,,,,,,,,,,,,,,,,,,,,,,,,,,,,,,,,,,,,,,,,,,,,,,,,,,,,,,,,,,,,,,,,,,,,,,,,,,,,,,,,,,,,,,,,,,,,,,,,,,,22.0
,14/02/2026,,Stuttgart,1.  Köln,3,1,H,1,0,H,,,,,,,,,,,,,,,,,,,,,,,,,,,,,,,,,,,,,,,,,,,,,,,,,,,,,,,,,,,,,,,,,,,,,,,,,,,,,,,,,,,,,,,,,,,,,,,,,,,,,,,,,,,,,,,,,,,,,,,,,22.0
,14/02/2026,,Hoffenheim,Freiburg,3,0,H,0,0,D,,,,,,,,,,,,,,,,,,,,,,,,,,,,,,,,,,,,,,,,,,,,,,,,,,,,,,,,,,,,,,,,,,,,,,,,,,,,,,,,,,,,,,,,,,,,,,,,,,,,,,,,,,,,,,,,,,,,,,,,,22.0
,14/02/2026,,Leverkusen,St. Pauli,4,0,H,2,0,H,,,,,,,,,,,,,,,,,,,,,,,,,,,,,,,,,,,,,,,,,,,,,,,,,,,,,,,,,,,,,,,,,,,,,,,,,,,,,,,,,,,,,,,,,,,,,,,,,,,,,,,,,,,,,,,,,,,,,,,,,22.0
,14/02/2026,,Frankfurt,M'gladbach,3,0,H,2,0,H,,,,,,,,,,,,,,,,,,,,,,,,,,,,,,,,,,,,,,,,,,,,,,,,,,,,,,,,,,,,,,,,,,,,,,,,,,,,,,,,,,,,,,,,,,,,,,,,,,,,,,,,,,,,,,,,,,,,,,,,,22.0
,14/02/2026,,HSV,Union Berlin,3,2,H,2,1,H,,,,,,,,,,,,,,,,,,,,,,,,,,,,,,,,,,,,,,,,,,,,,,,,,,,,,,,,,,,,,,,,,,,,,,,,,,,,,,,,,,,,,,,,,,,,,,,,,,,,,,,,,,,,,,,,,,,,,,,,,22.0
,15/02/2026,,RB Leipzig,Wolfsburg,2,2,D,0,0,D,,,,,,,,,,,,,,,,,,,,,,,,,,,,,,,,,,,,,,,,,,,,,,,,,,,,,,,,,,,,,,,,,,,,,,,,,,,,,,,,,,,,,,,,,,,,,,,,,,,,,,,,,,,,,,,,,,,,,,,,,22.0
,15/02/2026,,Augsburg,Heidenheim,1,0,H,0,0,D,,,,,,,,,,,,,,,,,,,,,,,,,,,,,,,,,,,,,,,,,,,,,,,,,,,,,,,,,,,,,,,,,,,,,,,,,,,,,,,,,,,,,,,,,,,,,,,,,,,,,,,,,,,,,,,,,,,,,,,,,22.0
,20/02/2026,,Mainz,HSV,1,1,D,1,0,H,,,,,,,,,,,,,,,,,,,,,,,,,,,,,,,,,,,,,,,,,,,,,,,,,,,,,,,,,,,,,,,,,,,,,,,,,,,,,,,,,,,,,,,,,,,,,,,,,,,,,,,,,,,,,,,,,,,,,,,,,23.0
,21/02/2026,,Union Berlin,Leverkusen,1,0,H,1,0,H,,,,,,,,,,,,,,,,,,,,,,,,,,,,,,,,,,,,,,,,,,,,,,,,,,,,,,,,,,,,,,,,,,,,,,,,,,,,,,,,,,,,,,,,,,,,,,,,,,,,,,,,,,,,,,,,,,,,,,,,,23.0
,21/02/2026,,RB Leipzig,Dortmund,2,2,D,2,0,H,,,,,,,,,,,,,,,,,,,,,,,,,,,,,,,,,,,,,,,,,,,,,,,,,,,,,,,,,,,,,,,,,,,,,,,,,,,,,,,,,,,,,,,,,,,,,,,,,,,,,,,,,,,,,,,,,,,,,,,,,23.0
,21/02/2026,,Bayern,Frankfurt,3,2,H,2,0,H,,,,,,,,,,,,,,,,,,,,,,,,,,,,,,,,,,,,,,,,,,,,,,,,,,,,,,,,,,,,,,,,,,,,,,,,,,,,,,,,,,,,,,,,,,,,,,,,,,,,,,,,,,,,,,,,,,,,,,,,,23.0
,21/02/2026,,Wolfsburg,Augsburg,2,3,A,1,0,H,,,,,,,,,,,,,,,,,,,,,,,,,,,,,,,,,,,,,,,,,,,,,,,,,,,,,,,,,,,,,,,,,,,,,,,,,,,,,,,,,,,,,,,,,,,,,,,,,,,,,,,,,,,,,,,,,,,,,,,,,23.0
,21/02/2026,,1.  Köln,Hoffenheim,2,2,D,1,1,D,,,,,,,,,,,,,,,,,,,,,,,,,,,,,,,,,,,,,,,,,,,,,,,,,,,,,,,,,,,,,,,,,,,,,,,,,,,,,,,,,,,,,,,,,,,,,,,,,,,,,,,,,,,,,,,,,,,,,,,,,23.0
,22/02/2026,,Heidenheim,Stuttgart,3,3,D,2,2,D,,,,,,,,,,,,,,,,,,,,,,,,,,,,,,,,,,,,,,,,,,,,,,,,,,,,,,,,,,,,,,,,,,,,,,,,,,,,,,,,,,,,,,,,,,,,,,,,,,,,,,,,,,,,,,,,,,,,,,,,,23.0
,22/02/2026,,St. Pauli,Bremen,2,1,H,0,0,D,,,,,,,,,,,,,,,,,,,,,,,,,,,,,,,,,,,,,,,,,,,,,,,,,,,,,,,,,,,,,,,,,,,,,,,,,,,,,,,,,,,,,,,,,,,,,,,,,,,,,,,,,,,,,,,,,,,,,,,,,23.0
,22/02/2026,,Freiburg,M'gladbach,2,1,H,1,0,H,,,,,,,,,,,,,,,,,,,,,,,,,,,,,,,,,,,,,,,,,,,,,,,,,,,,,,,,,,,,,,,,,,,,,,,,,,,,,,,,,,,,,,,,,,,,,,,,,,,,,,,,,,,,,,,,,,,,,,,,,23.0
,27/02/2026,,Augsburg,1.  Köln,2,0,H,0,0,D,,,,,,,,,,,,,,,,,,,,,,,,,,,,,,,,,,,,,,,,,,,,,,,,,,,,,,,,,,,,,,,,,,,,,,,,,,,,,,,,,,,,,,,,,,,,,,,,,,,,,,,,,,,,,,,,,,,,,,,,,24.0
,28/02/2026,,Bremen,Heidenheim,2,0,H,0,0,D,,,,,,,,,,,,,,,,,,,,,,,,,,,,,,,,,,,,,,,,,,,,,,,,,,,,,,,,,,,,,,,,,,,,,,,,,,,,,,,,,,,,,,,,,,,,,,,,,,,,,,,,,,,,,,,,,,,,,,,,,24.0
,28/02/2026,,Hoffenheim,St. Pauli,0,1,A,0,1,A,,,,,,,,,,,,,,,,,,,,,,,,,,,,,,,,,,,,,,,,,,,,,,,,,,,,,,,,,,,,,,,,,,,,,,,,,,,,,,,,,,,,,,,,,,,,,,,,,,,,,,,,,,,,,,,,,,,,,,,,,24.0
,28/02/2026,,Dortmund,Bayern,2,3,A,1,0,H,,,,,,,,,,,,,,,,,,,,,,,,,,,,,,,,,,,,,,,,,,,,,,,,,,,,,,,,,,,,,,,,,,,,,,,,,,,,,,,,,,,,,,,,,,,,,,,,,,,,,,,,,,,,,,,,,,,,,,,,,24.0
,28/02/2026,,M'gladbach,Union Berlin,1,0,H,0,0,D,,,,,,,,,,,,,,,,,,,,,,,,,,,,,,,,,,,,,,,,,,,,,,,,,,,,,,,,,,,,,,,,,,,,,,,,,,,,,,,,,,,,,,,,,,,,,,,,,,,,,,,,,,,,,,,,,,,,,,,,,24.0
,28/02/2026,,Leverkusen,Mainz,1,1,D,0,0,D,,,,,,,,,,,,,,,,,,,,,,,,,,,,,,,,,,,,,,,,,,,,,,,,,,,,,,,,,,,,,,,,,,,,,,,,,,,,,,,,,,,,,,,,,,,,,,,,,,,,,,,,,,,,,,,,,,,,,,,,,24.0
,01/03/2026,,HSV,RB Leipzig,1,2,A,1,1,D,,,,,,,,,,,,,,,,,,,,,,,,,,,,,,,,,,,,,,,,,,,,,,,,,,,,,,,,,,,,,,,,,,,,,,,,,,,,,,,,,,,,,,,,,,,,,,,,,,,,,,,,,,,,,,,,,,,,,,,,,24.0
,01/03/2026,,Stuttgart,Wolfsburg,4,0,H,3,0,H,,,,,,,,,,,,,,,,,,,,,,,,,,,,,,,,,,,,,,,,,,,,,,,,,,,,,,,,,,,,,,,,,,,,,,,,,,,,,,,,,,,,,,,,,,,,,,,,,,,,,,,,,,,,,,,,,,,,,,,,,24.0
,01/03/2026,,Frankfurt,Freiburg,2,0,H,0,0,D,,,,,,,,,,,,,,,,,,,,,,,,,,,,,,,,,,,,,,,,,,,,,,,,,,,,,,,,,,,,,,,,,,,,,,,,,,,,,,,,,,,,,,,,,,,,,,,,,,,,,,,,,,,,,,,,,,,,,,,,,24.0
,04/03/2026,,HSV,Leverkusen,0,1,A,0,0,D,,,,,,,,,,,,,,,,,,,,,,,,,,,,,,,,,,,,,,,,,,,,,,,,,,,,,,,,,,,,,,,,,,,,,,,,,,,,,,,,,,,,,,,,,,,,,,,,,,,,,,,,,,,,,,,,,,,,,,,,,17.0
,06/03/2026,,Bayern,M'gladbach,4,1,H,2,0,H,,,,,,,,,,,,,,,,,,,,,,,,,,,,,,,,,,,,,,,,,,,,,,,,,,,,,,,,,,,,,,,,,,,,,,,,,,,,,,,,,,,,,,,,,,,,,,,,,,,,,,,,,,,,,,,,,,,,,,,,,25.0
,07/03/2026,,Heidenheim,Hoffenheim,2,4,A,0,2,A,,,,,,,,,,,,,,,,,,,,,,,,,,,,,,,,,,,,,,,,,,,,,,,,,,,,,,,,,,,,,,,,,,,,,,,,,,,,,,,,,,,,,,,,,,,,,,,,,,,,,,,,,,,,,,,,,,,,,,,,,25.0
,07/03/2026,,Freiburg,Leverkusen,3,3,D,2,2,D,,,,,,,,,,,,,,,,,,,,,,,,,,,,,,,,,,,,,,,,,,,,,,,,,,,,,,,,,,,,,,,,,,,,,,,,,,,,,,,,,,,,,,,,,,,,,,,,,,,,,,,,,,,,,,,,,,,,,,,,,25.0
,07/03/2026,,Mainz,Stuttgart,2,2,D,1,0,H,,,,,,,,,,,,,,,,,,,,,,,,,,,,,,,,,,,,,,,,,,,,,,,,,,,,,,,,,,,,,,,,,,,,,,,,,,,,,,,,,,,,,,,,,,,,,,,,,,,,,,,,,,,,,,,,,,,,,,,,,25.0
,07/03/2026,,RB Leipzig,Augsburg,2,1,H,0,1,A,,,,,,,,,,,,,,,,,,,,,,,,,,,,,,,,,,,,,,,,,,,,,,,,,,,,,,,,,,,,,,,,,,,,,,,,,,,,,,,,,,,,,,,,,,,,,,,,,,,,,,,,,,,,,,,,,,,,,,,,,25.0
,07/03/2026,,Wolfsburg,HSV,1,2,A,1,1,D,,,,,,,,,,,,,,,,,,,,,,,,,,,,,,,,,,,,,,,,,,,,,,,,,,,,,,,,,,,,,,,,,,,,,,,,,,,,,,,,,,,,,,,,,,,,,,,,,,,,,,,,,,,,,,,,,,,,,,,,,25.0
,07/03/2026,,1.  Köln,Dortmund,1,2,A,0,1,A,,,,,,,,,,,,,,,,,,,,,,,,,,,,,,,,,,,,,,,,,,,,,,,,,,,,,,,,,,,,,,,,,,,,,,,,,,,,,,,,,,,,,,,,,,,,,,,,,,,,,,,,,,,,,,,,,,,,,,,,,25.0
,08/03/2026,,St. Pauli,Frankfurt,0,0,D,0,0,D,,,,,,,,,,,,,,,,,,,,,,,,,,,,,,,,,,,,,,,,,,,,,,,,,,,,,,,,,,,,,,,,,,,,,,,,,,,,,,,,,,,,,,,,,,,,,,,,,,,,,,,,,,,,,,,,,,,,,,,,,25.0
,08/03/2026,,Union Berlin,Bremen,1,4,A,1,2,A,,,,,,,,,,,,,,,,,,,,,,,,,,,,,,,,,,,,,,,,,,,,,,,,,,,,,,,,,,,,,,,,,,,,,,,,,,,,,,,,,,,,,,,,,,,,,,,,,,,,,,,,,,,,,,,,,,,,,,,,,25.0
,13/03/2026,,M'gladbach,St. Pauli,2,0,H,1,0,H,,,,,,,,,,,,,,,,,,,,,,,,,,,,,,,,,,,,,,,,,,,,,,,,,,,,,,,,,,,,,,,,,,,,,,,,,,,,,,,,,,,,,,,,,,,,,,,,,,,,,,,,,,,,,,,,,,,,,,,,,26.0
,14/03/2026,,Frankfurt,Heidenheim,1,0,H,0,0,D,,,,,,,,,,,,,,,,,,,,,,,,,,,,,,,,,,,,,,,,,,,,,,,,,,,,,,,,,,,,,,,,,,,,,,,,,,,,,,,,,,,,,,,,,,,,,,,,,,,,,,,,,,,,,,,,,,,,,,,,,26.0
,14/03/2026,,Leverkusen,Bayern,1,1,D,1,0,H,,,,,,,,,,,,,,,,,,,,,,,,,,,,,,,,,,,,,,,,,,,,,,,,,,,,,,,,,,,,,,,,,,,,,,,,,,,,,,,,,,,,,,,,,,,,,,,,,,,,,,,,,,,,,,,,,,,,,,,,,26.0
,14/03/2026,,Hoffenheim,Wolfsburg,1,1,D,0,0,D,,,,,,,,,,,,,,,,,,,,,,,,,,,,,,,,,,,,,,,,,,,,,,,,,,,,,,,,,,,,,,,,,,,,,,,,,,,,,,,,,,,,,,,,,,,,,,,,,,,,,,,,,,,,,,,,,,,,,,,,,26.0
,14/03/2026,,HSV,1.  Köln,1,1,D,1,1,D,,,,,,,,,,,,,,,,,,,,,,,,,,,,,,,,,,,,,,,,,,,,,,,,,,,,,,,,,,,,,,,,,,,,,,,,,,,,,,,,,,,,,,,,,,,,,,,,,,,,,,,,,,,,,,,,,,,,,,,,,26.0
,14/03/2026,,Dortmund,Augsburg,2,0,H,1,0,H,,,,,,,,,,,,,,,,,,,,,,,,,,,,,,,,,,,,,,,,,,,,,,,,,,,,,,,,,,,,,,,,,,,,,,,,,,,,,,,,,,,,,,,,,,,,,,,,,,,,,,,,,,,,,,,,,,,,,,,,,26.0
,15/03/2026,,Stuttgart,RB Leipzig,1,0,H,0,0,D,,,,,,,,,,,,,,,,,,,,,,,,,,,,,,,,,,,,,,,,,,,,,,,,,,,,,,,,,,,,,,,,,,,,,,,,,,,,,,,,,,,,,,,,,,,,,,,,,,,,,,,,,,,,,,,,,,,,,,,,,26.0
,15/03/2026,,Bremen,Mainz,0,2,A,0,1,A,,,,,,,,,,,,,,,,,,,,,,,,,,,,,,,,,,,,,,,,,,,,,,,,,,,,,,,,,,,,,,,,,,,,,,,,,,,,,,,,,,,,,,,,,,,,,,,,,,,,,,,,,,,,,,,,,,,,,,,,,26.0
,15/03/2026,,Freiburg,Union Berlin,0,1,A,0,0,D,,,,,,,,,,,,,,,,,,,,,,,,,,,,,,,,,,,,,,,,,,,,,,,,,,,,,,,,,,,,,,,,,,,,,,,,,,,,,,,,,,,,,,,,,,,,,,,,,,,,,,,,,,,,,,,,,,,,,,,,,26.0
,20/03/2026,,RB Leipzig,Hoffenheim,5,0,H,4,0,H,,,,,,,,,,,,,,,,,,,,,,,,,,,,,,,,,,,,,,,,,,,,,,,,,,,,,,,,,,,,,,,,,,,,,,,,,,,,,,,,,,,,,,,,,,,,,,,,,,,,,,,,,,,,,,,,,,,,,,,,,27.0
,21/03/2026,,Heidenheim,Leverkusen,3,3,D,0,2,A,,,,,,,,,,,,,,,,,,,,,,,,,,,,,,,,,,,,,,,,,,,,,,,,,,,,,,,,,,,,,,,,,,,,,,,,,,,,,,,,,,,,,,,,,,,,,,,,,,,,,,,,,,,,,,,,,,,,,,,,,27.0
,21/03/2026,,Dortmund,HSV,3,2,H,0,2,A,,,,,,,,,,,,,,,,,,,,,,,,,,,,,,,,,,,,,,,,,,,,,,,,,,,,,,,,,,,,,,,,,,,,,,,,,,,,,,,,,,,,,,,,,,,,,,,,,,,,,,,,,,,,,,,,,,,,,,,,,27.0
,21/03/2026,,Bayern,Union Berlin,4,0,H,2,0,H,,,,,,,,,,,,,,,,,,,,,,,,,,,,,,,,,,,,,,,,,,,,,,,,,,,,,,,,,,,,,,,,,,,,,,,,,,,,,,,,,,,,,,,,,,,,,,,,,,,,,,,,,,,,,,,,,,,,,,,,,27.0
,21/03/2026,,1.  Köln,M'gladbach,3,3,D,2,2,D,,,,,,,,,,,,,,,,,,,,,,,,,,,,,,,,,,,,,,,,,,,,,,,,,,,,,,,,,,,,,,,,,,,,,,,,,,,,,,,,,,,,,,,,,,,,,,,,,,,,,,,,,,,,,,,,,,,,,,,,,27.0
,21/03/2026,,Wolfsburg,Bremen,0,1,A,0,0,D,,,,,,,,,,,,,,,,,,,,,,,,,,,,,,,,,,,,,,,,,,,,,,,,,,,,,,,,,,,,,,,,,,,,,,,,,,,,,,,,,,,,,,,,,,,,,,,,,,,,,,,,,,,,,,,,,,,,,,,,,27.0
,22/03/2026,,Mainz,Frankfurt,2,1,H,1,1,D,,,,,,,,,,,,,,,,,,,,,,,,,,,,,,,,,,,,,,,,,,,,,,,,,,,,,,,,,,,,,,,,,,,,,,,,,,,,,,,,,,,,,,,,,,,,,,,,,,,,,,,,,,,,,,,,,,,,,,,,,27.0
,22/03/2026,,St. Pauli,Freiburg,1,2,A,1,0,H,,,,,,,,,,,,,,,,,,,,,,,,,,,,,,,,,,,,,,,,,,,,,,,,,,,,,,,,,,,,,,,,,,,,,,,,,,,,,,,,,,,,,,,,,,,,,,,,,,,,,,,,,,,,,,,,,,,,,,,,,27.0
,22/03/2026,,Augsburg,Stuttgart,2,5,A,0,3,A,,,,,,,,,,,,,,,,,,,,,,,,,,,,,,,,,,,,,,,,,,,,,,,,,,,,,,,,,,,,,,,,,,,,,,,,,,,,,,,,,,,,,,,,,,,,,,,,,,,,,,,,,,,,,,,,,,,,,,,,,27.0
,04/04/2026,,M'gladbach,Heidenheim,2,2,D,1,1,D,,,,,,,,,,,,,,,,,,,,,,,,,,,,,,,,,,,,,,,,,,,,,,,,,,,,,,,,,,,,,,,,,,,,,,,,,,,,,,,,,,,,,,,,,,,,,,,,,,,,,,,,,,,,,,,,,,,,,,,,,28.0
,04/04/2026,,HSV,Augsburg,1,1,D,0,1,A,,,,,,,,,,,,,,,,,,,,,,,,,,,,,,,,,,,,,,,,,,,,,,,,,,,,,,,,,,,,,,,,,,,,,,,,,,,,,,,,,,,,,,,,,,,,,,,,,,,,,,,,,,,,,,,,,,,,,,,,,28.0
,04/04/2026,,Leverkusen,Wolfsburg,6,3,H,2,3,A,,,,,,,,,,,,,,,,,,,,,,,,,,,,,,,,,,,,,,,,,,,,,,,,,,,,,,,,,,,,,,,,,,,,,,,,,,,,,,,,,,,,,,,,,,,,,,,,,,,,,,,,,,,,,,,,,,,,,,,,,28.0
,04/04/2026,,Stuttgart,Dortmund,0,2,A,0,0,D,,,,,,,,,,,,,,,,,,,,,,,,,,,,,,,,,,,,,,,,,,,,,,,,,,,,,,,,,,,,,,,,,,,,,,,,,,,,,,,,,,,,,,,,,,,,,,,,,,,,,,,,,,,,,,,,,,,,,,,,,28.0
,04/04/2026,,Bremen,RB Leipzig,1,2,A,0,1,A,,,,,,,,,,,,,,,,,,,,,,,,,,,,,,,,,,,,,,,,,,,,,,,,,,,,,,,,,,,,,,,,,,,,,,,,,,,,,,,,,,,,,,,,,,,,,,,,,,,,,,,,,,,,,,,,,,,,,,,,,28.0
,04/04/2026,,Freiburg,Bayern,2,3,A,0,0,D,,,,,,,,,,,,,,,,,,,,,,,,,,,,,,,,,,,,,,,,,,,,,,,,,,,,,,,,,,,,,,,,,,,,,,,,,,,,,,,,,,,,,,,,,,,,,,,,,,,,,,,,,,,,,,,,,,,,,,,,,28.0
,04/04/2026,,Hoffenheim,Mainz,1,2,A,1,1,D,,,,,,,,,,,,,,,,,,,,,,,,,,,,,,,,,,,,,,,,,,,,,,,,,,,,,,,,,,,,,,,,,,,,,,,,,,,,,,,,,,,,,,,,,,,,,,,,,,,,,,,,,,,,,,,,,,,,,,,,,28.0
,05/04/2026,,Frankfurt,1.  Köln,2,2,D,0,0,D,,,,,,,,,,,,,,,,,,,,,,,,,,,,,,,,,,,,,,,,,,,,,,,,,,,,,,,,,,,,,,,,,,,,,,,,,,,,,,,,,,,,,,,,,,,,,,,,,,,,,,,,,,,,,,,,,,,,,,,,,28.0
,05/04/2026,,Union Berlin,St. Pauli,1,1,D,0,1,A,,,,,,,,,,,,,,,,,,,,,,,,,,,,,,,,,,,,,,,,,,,,,,,,,,,,,,,,,,,,,,,,,,,,,,,,,,,,,,,,,,,,,,,,,,,,,,,,,,,,,,,,,,,,,,,,,,,,,,,,,28.0
,10/04/2026,,Augsburg,Hoffenheim,2,2,D,2,2,D,,,,,,,,,,,,,,,,,,,,,,,,,,,,,,,,,,,,,,,,,,,,,,,,,,,,,,,,,,,,,,,,,,,,,,,,,,,,,,,,,,,,,,,,,,,,,,,,,,,,,,,,,,,,,,,,,,,,,,,,,29.0
,11/04/2026,,Wolfsburg,Frankfurt,1,2,A,0,2,A,,,,,,,,,,,,,,,,,,,,,,,,,,,,,,,,,,,,,,,,,,,,,,,,,,,,,,,,,,,,,,,,,,,,,,,,,,,,,,,,,,,,,,,,,,,,,,,,,,,,,,,,,,,,,,,,,,,,,,,,,29.0
,11/04/2026,,St. Pauli,Bayern,0,5,A,0,1,A,,,,,,,,,,,,,,,,,,,,,,,,,,,,,,,,,,,,,,,,,,,,,,,,,,,,,,,,,,,,,,,,,,,,,,,,,,,,,,,,,,,,,,,,,,,,,,,,,,,,,,,,,,,,,,,,,,,,,,,,,29.0
,11/04/2026,,Heidenheim,Union Berlin,3,1,H,2,0,H,,,,,,,,,,,,,,,,,,,,,,,,,,,,,,,,,,,,,,,,,,,,,,,,,,,,,,,,,,,,,,,,,,,,,,,,,,,,,,,,,,,,,,,,,,,,,,,,,,,,,,,,,,,,,,,,,,,,,,,,,29.0
,11/04/2026,,RB Leipzig,M'gladbach,1,0,H,0,0,D,,,,,,,,,,,,,,,,,,,,,,,,,,,,,,,,,,,,,,,,,,,,,,,,,,,,,,,,,,,,,,,,,,,,,,,,,,,,,,,,,,,,,,,,,,,,,,,,,,,,,,,,,,,,,,,,,,,,,,,,,29.0
,11/04/2026,,Dortmund,Leverkusen,0,1,A,0,1,A,,,,,,,,,,,,,,,,,,,,,,,,,,,,,,,,,,,,,,,,,,,,,,,,,,,,,,,,,,,,,,,,,,,,,,,,,,,,,,,,,,,,,,,,,,,,,,,,,,,,,,,,,,,,,,,,,,,,,,,,,29.0
,12/04/2026,,Mainz,Freiburg,0,1,A,0,0,D,,,,,,,,,,,,,,,,,,,,,,,,,,,,,,,,,,,,,,,,,,,,,,,,,,,,,,,,,,,,,,,,,,,,,,,,,,,,,,,,,,,,,,,,,,,,,,,,,,,,,,,,,,,,,,,,,,,,,,,,,29.0
,12/04/2026,,Stuttgart,HSV,4,0,H,2,0,H,,,,,,,,,,,,,,,,,,,,,,,,,,,,,,,,,,,,,,,,,,,,,,,,,,,,,,,,,,,,,,,,,,,,,,,,,,,,,,,,,,,,,,,,,,,,,,,,,,,,,,,,,,,,,,,,,,,,,,,,,29.0
,12/04/2026,,1.  Köln,Bremen,3,1,H,1,0,H,,,,,,,,,,,,,,,,,,,,,,,,,,,,,,,,,,,,,,,,,,,,,,,,,,,,,,,,,,,,,,,,,,,,,,,,,,,,,,,,,,,,,,,,,,,,,,,,,,,,,,,,,,,,,,,,,,,,,,,,,29.0
,17/04/2026,,St. Pauli,1.  Köln,1,1,D,0,0,D,,,,,,,,,,,,,,,,,,,,,,,,,,,,,,,,,,,,,,,,,,,,,,,,,,,,,,,,,,,,,,,,,,,,,,,,,,,,,,,,,,,,,,,,,,,,,,,,,,,,,,,,,,,,,,,,,,,,,,,,,30.0
,18/04/2026,,Bremen,HSV,3,1,H,1,1,D,,,,,,,,,,,,,,,,,,,,,,,,,,,,,,,,,,,,,,,,,,,,,,,,,,,,,,,,,,,,,,,,,,,,,,,,,,,,,,,,,,,,,,,,,,,,,,,,,,,,,,,,,,,,,,,,,,,,,,,,,30.0
,18/04/2026,,Leverkusen,Augsburg,1,2,A,1,1,D,,,,,,,,,,,,,,,,,,,,,,,,,,,,,,,,,,,,,,,,,,,,,,,,,,,,,,,,,,,,,,,,,,,,,,,,,,,,,,,,,,,,,,,,,,,,,,,,,,,,,,,,,,,,,,,,,,,,,,,,,30.0
,18/04/2026,,Hoffenheim,Dortmund,2,1,H,1,0,H,,,,,,,,,,,,,,,,,,,,,,,,,,,,,,,,,,,,,,,,,,,,,,,,,,,,,,,,,,,,,,,,,,,,,,,,,,,,,,,,,,,,,,,,,,,,,,,,,,,,,,,,,,,,,,,,,,,,,,,,,30.0
,18/04/2026,,Union Berlin,Wolfsburg,1,2,A,0,1,A,,,,,,,,,,,,,,,,,,,,,,,,,,,,,,,,,,,,,,,,,,,,,,,,,,,,,,,,,,,,,,,,,,,,,,,,,,,,,,,,,,,,,,,,,,,,,,,,,,,,,,,,,,,,,,,,,,,,,,,,,30.0
,18/04/2026,,Frankfurt,RB Leipzig,1,3,A,1,1,D,,,,,,,,,,,,,,,,,,,,,,,,,,,,,,,,,,,,,,,,,,,,,,,,,,,,,,,,,,,,,,,,,,,,,,,,,,,,,,,,,,,,,,,,,,,,,,,,,,,,,,,,,,,,,,,,,,,,,,,,,30.0
,19/04/2026,,M'gladbach,Mainz,1,1,D,1,0,H,,,,,,,,,,,,,,,,,,,,,,,,,,,,,,,,,,,,,,,,,,,,,,,,,,,,,,,,,,,,,,,,,,,,,,,,,,,,,,,,,,,,,,,,,,,,,,,,,,,,,,,,,,,,,,,,,,,,,,,,,30.0
,19/04/2026,,Bayern,Stuttgart,4,2,H,3,1,H,,,,,,,,,,,,,,,,,,,,,,,,,,,,,,,,,,,,,,,,,,,,,,,,,,,,,,,,,,,,,,,,,,,,,,,,,,,,,,,,,,,,,,,,,,,,,,,,,,,,,,,,,,,,,,,,,,,,,,,,,30.0
,19/04/2026,,Freiburg,Heidenheim,2,1,H,1,0,H,,,,,,,,,,,,,,,,,,,,,,,,,,,,,,,,,,,,,,,,,,,,,,,,,,,,,,,,,,,,,,,,,,,,,,,,,,,,,,,,,,,,,,,,,,,,,,,,,,,,,,,,,,,,,,,,,,,,,,,,,30.0
,24/04/2026,,RB Leipzig,Union Berlin,3,1,H,2,0,H,,,,,,,,,,,,,,,,,,,,,,,,,,,,,,,,,,,,,,,,,,,,,,,,,,,,,,,,,,,,,,,,,,,,,,,,,,,,,,,,,,,,,,,,,,,,,,,,,,,,,,,,,,,,,,,,,,,,,,,,,31.0
,25/04/2026,,Augsburg,Frankfurt,1,1,D,1,0,H,,,,,,,,,,,,,,,,,,,,,,,,,,,,,,,,,,,,,,,,,,,,,,,,,,,,,,,,,,,,,,,,,,,,,,,,,,,,,,,,,,,,,,,,,,,,,,,,,,,,,,,,,,,,,,,,,,,,,,,,,31.0
,25/04/2026,,Heidenheim,St. Pauli,2,0,H,1,0,H,,,,,,,,,,,,,,,,,,,,,,,,,,,,,,,,,,,,,,,,,,,,,,,,,,,,,,,,,,,,,,,,,,,,,,,,,,,,,,,,,,,,,,,,,,,,,,,,,,,,,,,,,,,,,,,,,,,,,,,,,31.0
,25/04/2026,,Wolfsburg,M'gladbach,0,0,D,0,0,D,,,,,,,,,,,,,,,,,,,,,,,,,,,,,,,,,,,,,,,,,,,,,,,,,,,,,,,,,,,,,,,,,,,,,,,,,,,,,,,,,,,,,,,,,,,,,,,,,,,,,,,,,,,,,,,,,,,,,,,,,31.0
,25/04/2026,,1.  Köln,Leverkusen,1,2,A,0,1,A,,,,,,,,,,,,,,,,,,,,,,,,,,,,,,,,,,,,,,,,,,,,,,,,,,,,,,,,,,,,,,,,,,,,,,,,,,,,,,,,,,,,,,,,,,,,,,,,,,,,,,,,,,,,,,,,,,,,,,,,,31.0
,25/04/2026,,Mainz,Bayern,3,4,A,3,0,H,,,,,,,,,,,,,,,,,,,,,,,,,,,,,,,,,,,,,,,,,,,,,,,,,,,,,,,,,,,,,,,,,,,,,,,,,,,,,,,,,,,,,,,,,,,,,,,,,,,,,,,,,,,,,,,,,,,,,,,,,31.0
,25/04/2026,,HSV,Hoffenheim,1,2,A,1,2,A,,,,,,,,,,,,,,,,,,,,,,,,,,,,,,,,,,,,,,,,,,,,,,,,,,,,,,,,,,,,,,,,,,,,,,,,,,,,,,,,,,,,,,,,,,,,,,,,,,,,,,,,,,,,,,,,,,,,,,,,,31.0
,26/04/2026,,Stuttgart,Bremen,1,1,D,0,1,A,,,,,,,,,,,,,,,,,,,,,,,,,,,,,,,,,,,,,,,,,,,,,,,,,,,,,,,,,,,,,,,,,,,,,,,,,,,,,,,,,,,,,,,,,,,,,,,,,,,,,,,,,,,,,,,,,,,,,,,,,31.0
,26/04/2026,,Dortmund,Freiburg,4,0,H,3,0,H,,,,,,,,,,,,,,,,,,,,,,,,,,,,,,,,,,,,,,,,,,,,,,,,,,,,,,,,,,,,,,,,,,,,,,,,,,,,,,,,,,,,,,,,,,,,,,,,,,,,,,,,,,,,,,,,,,,,,,,,,31.0
,02/05/2026,,Hoffenheim,Stuttgart,3,3,D,2,1,H,,,,,,,,,,,,,,,,,,,,,,,,,,,,,,,,,,,,,,,,,,,,,,,,,,,,,,,,,,,,,,,,,,,,,,,,,,,,,,,,,,,,,,,,,,,,,,,,,,,,,,,,,,,,,,,,,,,,,,,,,32.0
,02/05/2026,,Frankfurt,HSV,1,2,A,0,0,D,,,,,,,,,,,,,,,,,,,,,,,,,,,,,,,,,,,,,,,,,,,,,,,,,,,,,,,,,,,,,,,,,,,,,,,,,,,,,,,,,,,,,,,,,,,,,,,,,,,,,,,,,,,,,,,,,,,,,,,,,32.0
,02/05/2026,,Bayern,Heidenheim,3,3,D,1,2,A,,,,,,,,,,,,,,,,,,,,,,,,,,,,,,,,,,,,,,,,,,,,,,,,,,,,,,,,,,,,,,,,,,,,,,,,,,,,,,,,,,,,,,,,,,,,,,,,,,,,,,,,,,,,,,,,,,,,,,,,,32.0
,02/05/2026,,Union Berlin,1.  Köln,2,2,D,0,1,A,,,,,,,,,,,,,,,,,,,,,,,,,,,,,,,,,,,,,,,,,,,,,,,,,,,,,,,,,,,,,,,,,,,,,,,,,,,,,,,,,,,,,,,,,,,,,,,,,,,,,,,,,,,,,,,,,,,,,,,,,32.0
,02/05/2026,,Leverkusen,RB Leipzig,4,1,H,2,0,H,,,,,,,,,,,,,,,,,,,,,,,,,,,,,,,,,,,,,,,,,,,,,,,,,,,,,,,,,,,,,,,,,,,,,,,,,,,,,,,,,,,,,,,,,,,,,,,,,,,,,,,,,,,,,,,,,,,,,,,,,32.0
,02/05/2026,,Bremen,Augsburg,1,3,A,0,2,A,,,,,,,,,,,,,,,,,,,,,,,,,,,,,,,,,,,,,,,,,,,,,,,,,,,,,,,,,,,,,,,,,,,,,,,,,,,,,,,,,,,,,,,,,,,,,,,,,,,,,,,,,,,,,,,,,,,,,,,,,32.0
,03/05/2026,,St. Pauli,Mainz,1,2,A,0,2,A,,,,,,,,,,,,,,,,,,,,,,,,,,,,,,,,,,,,,,,,,,,,,,,,,,,,,,,,,,,,,,,,,,,,,,,,,,,,,,,,,,,,,,,,,,,,,,,,,,,,,,,,,,,,,,,,,,,,,,,,,32.0
,03/05/2026,,M'gladbach,Dortmund,1,0,H,0,0,D,,,,,,,,,,,,,,,,,,,,,,,,,,,,,,,,,,,,,,,,,,,,,,,,,,,,,,,,,,,,,,,,,,,,,,,,,,,,,,,,,,,,,,,,,,,,,,,,,,,,,,,,,,,,,,,,,,,,,,,,,32.0
,03/05/2026,,Freiburg,Wolfsburg,1,1,D,0,0,D,,,,,,,,,,,,,,,,,,,,,,,,,,,,,,,,,,,,,,,,,,,,,,,,,,,,,,,,,,,,,,,,,,,,,,,,,,,,,,,,,,,,,,,,,,,,,,,,,,,,,,,,,,,,,,,,,,,,,,,,,32.0
,08/05/2026,,Dortmund,Frankfurt,3,2,H,2,1,H,,,,,,,,,,,,,,,,,,,,,,,,,,,,,,,,,,,,,,,,,,,,,,,,,,,,,,,,,,,,,,,,,,,,,,,,,,,,,,,,,,,,,,,,,,,,,,,,,,,,,,,,,,,,,,,,,,,,,,,,,33.0
,09/05/2026,,Wolfsburg,Bayern,0,1,A,0,0,D,,,,,,,,,,,,,,,,,,,,,,,,,,,,,,,,,,,,,,,,,,,,,,,,,,,,,,,,,,,,,,,,,,,,,,,,,,,,,,,,,,,,,,,,,,,,,,,,,,,,,,,,,,,,,,,,,,,,,,,,,33.0
,09/05/2026,,RB Leipzig,St. Pauli,2,1,H,1,0,H,,,,,,,,,,,,,,,,,,,,,,,,,,,,,,,,,,,,,,,,,,,,,,,,,,,,,,,,,,,,,,,,,,,,,,,,,,,,,,,,,,,,,,,,,,,,,,,,,,,,,,,,,,,,,,,,,,,,,,,,,33.0
,09/05/2026,,Augsburg,M'gladbach,3,1,H,2,0,H,,,,,,,,,,,,,,,,,,,,,,,,,,,,,,,,,,,,,,,,,,,,,,,,,,,,,,,,,,,,,,,,,,,,,,,,,,,,,,,,,,,,,,,,,,,,,,,,,,,,,,,,,,,,,,,,,,,,,,,,,33.0
,09/05/2026,,Hoffenheim,Bremen,1,0,H,1,0,H,,,,,,,,,,,,,,,,,,,,,,,,,,,,,,,,,,,,,,,,,,,,,,,,,,,,,,,,,,,,,,,,,,,,,,,,,,,,,,,,,,,,,,,,,,,,,,,,,,,,,,,,,,,,,,,,,,,,,,,,,33.0
,09/05/2026,,Stuttgart,Leverkusen,3,1,H,2,1,H,,,,,,,,,,,,,,,,,,,,,,,,,,,,,,,,,,,,,,,,,,,,,,,,,,,,,,,,,,,,,,,,,,,,,,,,,,,,,,,,,,,,,,,,,,,,,,,,,,,,,,,,,,,,,,,,,,,,,,,,,33.0
,10/05/2026,,HSV,Freiburg,3,2,H,1,1,D,,,,,,,,,,,,,,,,,,,,,,,,,,,,,,,,,,,,,,,,,,,,,,,,,,,,,,,,,,,,,,,,,,,,,,,,,,,,,,,,,,,,,,,,,,,,,,,,,,,,,,,,,,,,,,,,,,,,,,,,,33.0
,10/05/2026,,1.  Köln,Heidenheim,1,3,A,1,2,A,,,,,,,,,,,,,,,,,,,,,,,,,,,,,,,,,,,,,,,,,,,,,,,,,,,,,,,,,,,,,,,,,,,,,,,,,,,,,,,,,,,,,,,,,,,,,,,,,,,,,,,,,,,,,,,,,,,,,,,,,33.0
,10/05/2026,,Mainz,Union Berlin,1,3,A,0,1,A,,,,,,,,,,,,,,,,,,,,,,,,,,,,,,,,,,,,,,,,,,,,,,,,,,,,,,,,,,,,,,,,,,,,,,,,,,,,,,,,,,,,,,,,,,,,,,,,,,,,,,,,,,,,,,,,,,,,,,,,,33.0
,16/05/2026,,Frankfurt,Stuttgart,2,2,D,0,2,A,,,,,,,,,,,,,,,,,,,,,,,,,,,,,,,,,,,,,,,,,,,,,,,,,,,,,,,,,,,,,,,,,,,,,,,,,,,,,,,,,,,,,,,,,,,,,,,,,,,,,,,,,,,,,,,,,,,,,,,,,34.0
,16/05/2026,,Freiburg,RB Leipzig,4,1,H,2,1,H,,,,,,,,,,,,,,,,,,,,,,,,,,,,,,,,,,,,,,,,,,,,,,,,,,,,,,,,,,,,,,,,,,,,,,,,,,,,,,,,,,,,,,,,,,,,,,,,,,,,,,,,,,,,,,,,,,,,,,,,,34.0
,16/05/2026,,Union Berlin,Augsburg,4,0,H,2,0,H,,,,,,,,,,,,,,,,,,,,,,,,,,,,,,,,,,,,,,,,,,,,,,,,,,,,,,,,,,,,,,,,,,,,,,,,,,,,,,,,,,,,,,,,,,,,,,,,,,,,,,,,,,,,,,,,,,,,,,,,,34.0
,16/05/2026,,M'gladbach,Hoffenheim,4,0,H,2,0,H,,,,,,,,,,,,,,,,,,,,,,,,,,,,,,,,,,,,,,,,,,,,,,,,,,,,,,,,,,,,,,,,,,,,,,,,,,,,,,,,,,,,,,,,,,,,,,,,,,,,,,,,,,,,,,,,,,,,,,,,,34.0
,16/05/2026,,Heidenheim,Mainz,0,2,A,0,2,A,,,,,,,,,,,,,,,,,,,,,,,,,,,,,,,,,,,,,,,,,,,,,,,,,,,,,,,,,,,,,,,,,,,,,,,,,,,,,,,,,,,,,,,,,,,,,,,,,,,,,,,,,,,,,,,,,,,,,,,,,34.0
,16/05/2026,,Bremen,Dortmund,0,2,A,0,0,D,,,,,,,,,,,,,,,,,,,,,,,,,,,,,,,,,,,,,,,,,,,,,,,,,,,,,,,,,,,,,,,,,,,,,,,,,,,,,,,,,,,,,,,,,,,,,,,,,,,,,,,,,,,,,,,,,,,,,,,,,34.0
,16/05/2026,,St. Pauli,Wolfsburg,1,3,A,0,1,A,,,,,,,,,,,,,,,,,,,,,,,,,,,,,,,,,,,,,,,,,,,,,,,,,,,,,,,,,,,,,,,,,,,,,,,,,,,,,,,,,,,,,,,,,,,,,,,,,,,,,,,,,,,,,,,,,,,,,,,,,34.0
,16/05/2026,,Bayern,1.  Köln,5,1,H,3,1,H,,,,,,,,,,,,,,,,,,,,,,,,,,,,,,,,,,,,,,,,,,,,,,,,,,,,,,,,,,,,,,,,,,,,,,,,,,,,,,,,,,,,,,,,,,,,,,,,,,,,,,,,,,,,,,,,,,,,,,,,,34.0
,16/05/2026,,Leverkusen,HSV,1,1,D,0,0,D,,,,,,,,,,,,,,,,,,,,,,,,,,,,,,,,,,,,,,,,,,,,,,,,,,,,,,,,,,,,,,,,,,,,,,,,,,,,,,,,,,,,,,,,,,,,,,,,,,,,,,,,,,,,,,,,,,,,,,,,,34.0
,28/08/2026,,Bayern,Stuttgart,5,1,H,1,0,H,,,,,,,,,,,,,,,,,,,,,,,,,,,,,,,,,,,,,,,,,,,,,,,,,,,,,,,,,,,,,,,,,,,,,,,,,,,,,,,,,,,,,,,,,,,,,,,,,,,,,,,,,,,,,,,,,,,,,,,,,1.0
,29/08/2026,,Leipzig,M'gladbach,3,0,H,1,0,H,,,,,,,,,,,,,,,,,,,,,,,,,,,,,,,,,,,,,,,,,,,,,,,,,,,,,,,,,,,,,,,,,,,,,,,,,,,,,,,,,,,,,,,,,,,,,,,,,,,,,,,,,,,,,,,,,,,,,,,,,1.0
,29/08/2026,,Mainz,SC Paderborn,0,0,D,0,0,D,,,,,,,,,,,,,,,,,,,,,,,,,,,,,,,,,,,,,,,,,,,,,,,,,,,,,,,,,,,,,,,,,,,,,,,,,,,,,,,,,,,,,,,,,,,,,,,,,,,,,,,,,,,,,,,,,,,,,,,,,1.0
,29/08/2026,,Union Berlin,Frankfurt,3,3,D,1,2,A,,,,,,,,,,,,,,,,,,,,,,,,,,,,,,,,,,,,,,,,,,,,,,,,,,,,,,,,,,,,,,,,,,,,,,,,,,,,,,,,,,,,,,,,,,,,,,,,,,,,,,,,,,,,,,,,,,,,,,,,,1.0
,29/08/2026,,Elversberg,Leverkusen,3,2,H,2,0,H,,,,,,,,,,,,,,,,,,,,,,,,,,,,,,,,,,,,,,,,,,,,,,,,,,,,,,,,,,,,,,,,,,,,,,,,,,,,,,,,,,,,,,,,,,,,,,,,,,,,,,,,,,,,,,,,,,,,,,,,,1.0
,29/08/2026,,Köln,Hoffenheim,3,2,H,0,1,A,,,,,,,,,,,,,,,,,,,,,,,,,,,,,,,,,,,,,,,,,,,,,,,,,,,,,,,,,,,,,,,,,,,,,,,,,,,,,,,,,,,,,,,,,,,,,,,,,,,,,,,,,,,,,,,,,,,,,,,,,1.0
,29/08/2026,,Dortmund,HSV,2,0,H,2,0,H,,,,,,,,,,,,,,,,,,,,,,,,,,,,,,,,,,,,,,,,,,,,,,,,,,,,,,,,,,,,,,,,,,,,,,,,,,,,,,,,,,,,,,,,,,,,,,,,,,,,,,,,,,,,,,,,,,,,,,,,,1.0
