Div,Date,Time,HomeTeam,AwayTeam,FTHG,FTAG,FTR,HTHG,HTAG,HTR,Referee,HS,AS,HST,AST,HF,AF,HC,AC,HY,AY,HR,AR,B365H,B365D,B365A,BFDH,BFDD,BFDA,BMGMH,BMGMD,BMGMA,BVH,BVD,BVA,BWH,BWD,BWA,CLH,CLD,CLA,LBH,LBD,LBA,PSH,PSD,PSA,MaxH,MaxD,MaxA,AvgH,AvgD,AvgA,BFEH,BFED,BFEA,B365>2.5,B365<2.5,P>2.5,P<2.5,Max>2.5,Max<2.5,Avg>2.5,Avg<2.5,BFE>2.5,BFE<2.5,AHh,B365AHH,B365AHA,PAHH,PAHA,MaxAHH,MaxAHA,AvgAHH,AvgAHA,BFEAHH,BFEAHA,B365CH,B365CD,B365CA,BFDCH,BFDCD,BFDCA,BMGMCH,BMGMCD,BMGMCA,BVCH,BVCD,BVCA,BWCH,BWCD,BWCA,CLCH,CLCD,CLCA,LBCH,LBCD,LBCA,PSCH,PSCD,PSCA,MaxCH,MaxCD,MaxCA,AvgCH,AvgCD,AvgCA,BFECH,BFECD,BFECA,B365C>2.5,B365C<2.5,PC>2.5,PC<2.5,MaxC>2.5,MaxC<2.5,AvgC>2.5,AvgC<2.5,BFEC>2.5,BFEC<2.5,AHCh,B365CAHH,B365CAHA,PCAHH,PCAHA,MaxCAHH,MaxCAHA,AvgCAHH,AvgCAHA,BFECAHH,BFECAHA,Matchday
,15/08/2025,,Liverpool,Bournemouth,4,2,H,1,0,H,,,,,,,,,,,,,,,,,,,,,,,,,,,,,,,,,,,,,,,,,,,,,,,,,,,,,,,,,,,,,,,,,,,,,,,,,,,,,,,,,,,,,,,,,,,,,,,,,,,,,,,,,,,,,,,,,,,,,,,,,,1.0
,16/08/2025,,Aston Villa,Newcastle,0,0,D,0,0,D,,,,,,,,,,,,,,,,,,,,,,,,,,,,,,,,,,,,,,,,,,,,,,,,,,,,,,,,,,,,,,,,,,,,,,,,,,,,,,,,,,,,,,,,,,,,,,,,,,,,,,,,,,,,,,,,,,,,,,,,,,1.0
,16/08/2025,,Wolverhampton,Man City,0,4,A,0,2,A,,,,,,,,,,,,,,,,,,,,,,,,,,,,,,,,,,,,,,,,,,,,,,,,,,,,,,,,,,,,,,,,,,,,,,,,,,,,,,,,,,,,,,,,,,,,,,,,,,,,,,,,,,,,,,,,,,,,,,,,,,1.0
E0,16/08/2025,15:00,Brighton,Fulham,1,1,D,0,0,D,S Barrott,10.0,7.0,4.0,2.0,16.0,15.0,4.0,3.0,3.0,3.0,0.0,0.0,1.91,3.6,4.0,1.95,3.75,4.0,1.92,3.65,4.0,1.91,3.6,3.9,1.9,3.6,3.9,1.91,3.6,3.9,1.91,3.6,3.9,1.94,3.73,3.98,1.95,3.75,4.0,1.92,3.62,3.91,1.99,3.85,4.2,1.73,2.1,1.76,2.15,1.74,2.15,1.71,2.08,1.78,2.22,-0.5,1.93,1.93,1.95,1.95,1.93,1.93,1.87,1.88,1.99,2.0,1.8,3.7,4.33,1.83,3.75,4.33,1.87,3.65,4.3,1.83,3.6,4.33,1.85,3.6,4.1,1.85,3.6,4.2,1.85,3.6,4.0,1.92,3.66,4.27,1.87,3.75,4.4,1.83,3.64,4.26,1.9,3.8,4.6,1.88,1.98,1.91,2.0,1.91,2.04,1.84,1.93,1.93,2.06,-0.5,1.83,2.03,1.93,2.0,1.84,2.03,1.8,1.96,1.91,2.08,
,16/08/2025,,Tottenham,Burnley,3,0,H,1,0,H,,,,,,,,,,,,,,,,,,,,,,,,,,,,,,,,,,,,,,,,,,,,,,,,,,,,,,,,,,,,,,,,,,,,,,,,,,,,,,,,,,,,,,,,,,,,,,,,,,,,,,,,,,,,,,,,,,,,,,,,,,1.0
E0,16/08/2025,17:30,Wolves,Man City,0,4,A,0,2,A,J Gillett,9.0,15.0,3.0,4.0,13.0,7.0,4.0,6.0,1.0,2.0,0.0,0.0,6.25,4.75,1.45,7.5,4.6,1.44,7.0,5.0,1.43,7.0,4.5,1.44,6.75,4.6,1.46,6.5,4.6,1.44,6.5,4.6,1.44,6.72,4.92,1.46,7.5,5.0,1.48,6.73,4.73,1.44,7.4,5.2,1.47,1.62,2.3,1.66,2.31,1.62,2.35,1.61,2.25,1.67,2.44,1.25,1.85,2.0,1.85,2.06,1.9,2.0,1.83,1.86,1.91,2.03,6.25,4.2,1.53,7.0,4.33,1.5,6.25,4.35,1.53,6.5,4.33,1.5,6.0,4.33,1.52,6.0,4.33,1.53,5.75,4.33,1.53,6.22,4.7,1.52,7.0,4.65,1.53,6.24,4.32,1.51,7.0,4.6,1.56,1.8,2.0,1.64,2.37,1.8,2.15,1.74,2.04,1.81,2.22,1.0,1.98,1.88,2.07,1.86,2.04,1.88,1.91,1.81,2.05,1.94,
,16/08/2025,,Sunderland,West Ham,3,0,H,0,0,D,,,,,,,,,,,,,,,,,,,,,,,,,,,,,,,,,,,,,,,,,,,,,,,,,,,,,,,,,,,,,,,,,,,,,,,,,,,,,,,,,,,,,,,,,,,,,,,,,,,,,,,,,,,,,,,,,,,,,,,,,,1.0
,16/08/2025,,Brighton Hove,Fulham,1,1,D,0,0,D,,,,,,,,,,,,,,,,,,,,,,,,,,,,,,,,,,,,,,,,,,,,,,,,,,,,,,,,,,,,,,,,,,,,,,,,,,,,,,,,,,,,,,,,,,,,,,,,,,,,,,,,,,,,,,,,,,,,,,,,,,1.0
,17/08/2025,,Nottingham,Brentford,3,1,H,3,0,H,,,,,,,,,,,,,,,,,,,,,,,,,,,,,,,,,,,,,,,,,,,,,,,,,,,,,,,,,,,,,,,,,,,,,,,,,,,,,,,,,,,,,,,,,,,,,,,,,,,,,,,,,,,,,,,,,,,,,,,,,,1.0
,17/08/2025,,Chelsea,Crystal Palace,0,0,D,0,0,D,,,,,,,,,,,,,,,,,,,,,,,,,,,,,,,,,,,,,,,,,,,,,,,,,,,,,,,,,,,,,,,,,,,,,,,,,,,,,,,,,,,,,,,,,,,,,,,,,,,,,,,,,,,,,,,,,,,,,,,,,,1.0
E0,17/08/2025,14:00,Nott'm Forest,Brentford,3,1,H,3,0,H,P Bankes,11.0,10.0,5.0,3.0,7.0,15.0,5.0,5.0,1.0,2.0,0.0,0.0,2.2,3.3,3.5,2.15,3.5,3.5,2.14,3.45,3.55,2.15,3.2,3.4,2.15,3.4,3.4,2.15,3.4,3.4,2.15,3.4,3.3,2.25,3.38,3.4,2.2,3.5,3.55,2.15,3.36,3.43,2.24,3.55,3.55,2.0,1.85,2.01,1.88,2.0,1.91,1.92,1.83,2.06,1.91,-0.25,1.88,1.98,1.94,1.96,1.9,1.98,1.77,1.92,1.94,2.01,1.9,3.5,4.2,1.95,3.5,4.2,1.94,3.4,4.25,1.9,3.4,4.2,1.9,3.5,4.1,1.91,3.5,4.0,1.91,3.4,4.0,2.18,3.37,3.66,1.95,3.55,4.3,1.91,3.44,4.16,1.96,3.65,4.5,1.98,1.88,2.09,1.81,2.08,1.88,1.99,1.79,2.1,1.89,-0.5,1.88,1.98,2.18,1.76,1.91,1.98,1.86,1.89,1.96,2.03,
,17/08/2025,,Man United,Arsenal,0,1,A,0,1,A,,,,,,,,,,,,,,,,,,,,,,,,,,,,,,,,,,,,,,,,,,,,,,,,,,,,,,,,,,,,,,,,,,,,,,,,,,,,,,,,,,,,,,,,,,,,,,,,,,,,,,,,,,,,,,,,,,,,,,,,,,1.0
,18/08/2025,,Leeds United,Everton,1,0,H,0,0,D,,,,,,,,,,,,,,,,,,,,,,,,,,,,,,,,,,,,,,,,,,,,,,,,,,,,,,,,,,,,,,,,,,,,,,,,,,,,,,,,,,,,,,,,,,,,,,,,,,,,,,,,,,,,,,,,,,,,,,,,,,1.0
E0,18/08/2025,20:00,Leeds,Everton,1,0,H,0,0,D,C Kavanagh,21.0,7.0,3.0,1.0,6.0,8.0,7.0,2.0,0.0,2.0,0.0,0.0,2.38,3.3,3.0,2.5,3.3,3.0,2.43,3.35,3.05,2.38,3.25,2.9,2.4,3.25,2.95,2.4,3.25,3.0,2.4,3.25,2.9,2.37,3.52,3.06,2.5,3.5,3.05,2.39,3.29,2.96,2.46,3.45,3.2,2.1,1.73,2.11,1.79,2.16,1.75,2.07,1.72,2.14,1.83,-0.25,2.05,1.8,2.05,1.86,2.05,1.8,1.94,1.75,2.1,1.88,2.35,3.25,3.1,2.38,3.25,3.3,2.33,3.25,3.25,2.38,3.2,3.1,2.35,3.2,3.1,2.3,3.2,3.2,2.3,3.2,3.1,2.36,3.3,3.32,2.4,3.3,3.3,2.34,3.21,3.16,2.54,3.3,3.25,2.2,1.67,2.2,1.74,2.2,1.73,2.13,1.68,2.28,1.76,-0.25,2.05,1.8,2.02,1.9,2.05,1.86,1.91,1.78,2.14,1.86,
,22/08/2025,,West Ham,Chelsea,1,5,A,1,3,A,,,,,,,,,,,,,,,,,,,,,,,,,,,,,,,,,,,,,,,,,,,,,,,,,,,,,,,,,,,,,,,,,,,,,,,,,,,,,,,,,,,,,,,,,,,,,,,,,,,,,,,,,,,,,,,,,,,,,,,,,,2.0
,23/08/2025,,Brentford,Aston Villa,1,0,H,1,0,H,,,,,,,,,,,,,,,,,,,,,,,,,,,,,,,,,,,,,,,,,,,,,,,,,,,,,,,,,,,,,,,,,,,,,,,,,,,,,,,,,,,,,,,,,,,,,,,,,,,,,,,,,,,,,,,,,,,,,,,,,,2.0
,23/08/2025,,Man City,Tottenham,0,2,A,0,2,A,,,,,,,,,,,,,,,,,,,,,,,,,,,,,,,,,,,,,,,,,,,,,,,,,,,,,,,,,,,,,,,,,,,,,,,,,,,,,,,,,,,,,,,,,,,,,,,,,,,,,,,,,,,,,,,,,,,,,,,,,,2.0
E0,23/08/2025,17:30,Arsenal,Leeds,5,0,H,2,0,H,J Gillett,18.0,3.0,5.0,1.0,8.0,11.0,2.0,2.0,0.0,2.0,0.0,0.0,1.27,6.25,9.5,1.29,6.0,12.0,1.28,6.0,11.0,1.25,6.0,11.5,1.27,6.0,10.5,1.25,6.0,10.0,1.25,6.0,10.0,1.28,6.21,9.68,1.29,6.25,12.0,1.27,5.93,10.61,1.3,6.6,12.0,1.53,2.5,1.57,2.47,1.63,2.5,1.55,2.38,1.62,2.58,-1.75,2.0,1.85,2.04,1.85,2.0,1.85,1.95,1.75,2.1,1.86,1.33,5.5,8.5,1.33,5.5,10.0,1.33,5.5,9.5,1.33,5.25,9.0,1.32,5.5,9.0,1.35,5.25,8.5,1.33,5.25,8.0,1.34,5.55,9.7,1.35,5.65,10.0,1.33,5.36,8.94,1.35,5.8,11.0,1.62,2.3,1.65,2.33,1.66,2.3,1.62,2.25,1.71,2.38,-1.5,2.0,1.85,2.04,1.88,2.0,1.91,1.91,1.85,2.06,1.92,
E0,23/08/2025,15:00,Bournemouth,Wolves,1,0,H,1,0,H,T Bramall,14.0,6.0,4.0,1.0,13.0,16.0,8.0,3.0,2.0,4.0,0.0,1.0,1.8,3.8,4.2,1.8,4.0,4.5,1.82,3.9,4.3,1.75,3.9,4.33,1.78,3.9,4.2,1.8,3.9,4.2,1.8,3.8,4.2,1.79,3.98,4.4,1.82,4.0,4.5,1.79,3.88,4.24,1.85,4.0,4.6,1.73,2.1,1.76,2.16,1.79,2.1,1.72,2.06,1.8,2.2,-0.75,2.03,1.83,2.04,1.87,2.03,1.83,1.96,1.74,2.08,1.89,1.8,3.7,4.33,1.8,3.75,4.6,1.8,3.9,4.4,1.8,3.7,4.33,1.8,3.7,4.33,1.8,3.7,4.33,1.8,3.7,4.2,1.81,3.88,4.59,1.87,3.9,4.6,1.8,3.74,4.32,1.9,3.85,4.6,1.88,1.98,1.81,2.09,1.88,2.07,1.81,1.96,1.92,2.06,-0.75,2.05,1.8,2.05,1.88,2.07,1.81,1.99,1.76,2.17,1.83,
,23/08/2025,,Bournemouth,Wolverhampton,1,0,H,1,0,H,,,,,,,,,,,,,,,,,,,,,,,,,,,,,,,,,,,,,,,,,,,,,,,,,,,,,,,,,,,,,,,,,,,,,,,,,,,,,,,,,,,,,,,,,,,,,,,,,,,,,,,,,,,,,,,,,,,,,,,,,,2.0
,23/08/2025,,Arsenal,Leeds United,5,0,H,2,0,H,,,,,,,,,,,,,,,,,,,,,,,,,,,,,,,,,,,,,,,,,,,,,,,,,,,,,,,,,,,,,,,,,,,,,,,,,,,,,,,,,,,,,,,,,,,,,,,,,,,,,,,,,,,,,,,,,,,,,,,,,,2.0
,23/08/2025,,Burnley,Sunderland,2,0,H,0,0,D,,,,,,,,,,,,,,,,,,,,,,,,,,,,,,,,,,,,,,,,,,,,,,,,,,,,,,,,,,,,,,,,,,,,,,,,,,,,,,,,,,,,,,,,,,,,,,,,,,,,,,,,,,,,,,,,,,,,,,,,,,2.0
,24/08/2025,,Fulham,Man United,1,1,D,0,0,D,,,,,,,,,,,,,,,,,,,,,,,,,,,,,,,,,,,,,,,,,,,,,,,,,,,,,,,,,,,,,,,,,,,,,,,,,,,,,,,,,,,,,,,,,,,,,,,,,,,,,,,,,,,,,,,,,,,,,,,,,,2.0
,24/08/2025,,Crystal Palace,Nottingham,1,1,D,1,0,H,,,,,,,,,,,,,,,,,,,,,,,,,,,,,,,,,,,,,,,,,,,,,,,,,,,,,,,,,,,,,,,,,,,,,,,,,,,,,,,,,,,,,,,,,,,,,,,,,,,,,,,,,,,,,,,,,,,,,,,,,,2.0
E0,24/08/2025,14:00,Crystal Palace,Nott'm Forest,1,1,D,1,0,H,A Taylor,8.0,9.0,4.0,1.0,11.0,11.0,1.0,3.0,3.0,3.0,0.0,0.0,2.35,3.3,3.1,2.38,3.3,3.2,2.38,3.3,3.15,2.3,3.25,3.0,2.35,3.3,3.0,2.37,3.3,3.0,2.37,3.25,3.0,2.41,3.25,3.22,2.4,3.3,3.2,2.35,3.26,3.07,2.46,3.35,3.25,2.1,1.73,2.14,1.76,2.15,1.78,2.05,1.73,2.22,1.8,-0.25,2.03,1.83,2.06,1.85,2.03,1.83,1.92,1.77,2.09,1.88,2.35,3.25,3.1,2.4,3.3,3.1,2.4,3.3,3.15,2.4,3.3,3.0,2.4,3.2,3.0,2.4,3.2,3.0,2.4,3.2,3.0,2.45,3.25,3.21,2.43,3.3,3.15,2.39,3.24,3.06,2.5,3.35,3.25,2.1,1.73,2.3,1.68,2.1,1.83,2.05,1.74,2.18,1.84,-0.25,1.99,1.74,2.1,1.84,2.04,1.81,1.95,1.77,2.13,1.88,
E0,24/08/2025,14:00,Everton,Brighton,2,0,H,1,0,H,S Attwell,11.0,13.0,3.0,4.0,7.0,15.0,2.0,2.0,4.0,3.0,0.0,0.0,3.1,3.3,2.3,3.25,3.4,2.3,3.1,3.35,2.38,3.1,3.3,2.25,2.95,3.3,2.4,2.9,3.3,2.4,2.9,3.25,2.4,3.16,3.36,2.38,3.25,3.4,2.4,3.08,3.3,2.32,3.25,3.45,2.44,2.0,1.8,2.09,1.82,2.1,1.8,2.01,1.76,2.12,1.84,0.25,1.85,2.0,1.86,2.05,1.86,2.0,1.79,1.86,1.89,2.08,2.88,3.3,2.45,3.0,3.4,2.5,2.9,3.4,2.45,2.9,3.4,2.4,2.9,3.3,2.4,2.9,3.3,2.45,2.87,3.3,2.4,3.14,3.36,2.43,3.0,3.4,2.5,2.9,3.34,2.43,3.1,3.5,2.52,1.93,1.93,2.04,1.88,1.94,1.93,1.89,1.88,1.95,2.04,0.0,2.04,1.72,2.24,1.73,2.1,1.76,2.06,1.72,2.24,1.8,
,24/08/2025,,Everton,Brighton Hove,2,0,H,1,0,H,,,,,,,,,,,,,,,,,,,,,,,,,,,,,,,,,,,,,,,,,,,,,,,,,,,,,,,,,,,,,,,,,,,,,,,,,,,,,,,,,,,,,,,,,,,,,,,,,,,,,,,,,,,,,,,,,,,,,,,,,,2.0
,25/08/2025,,Newcastle,Liverpool,2,3,A,0,1,A,,,,,,,,,,,,,,,,,,,,,,,,,,,,,,,,,,,,,,,,,,,,,,,,,,,,,,,,,,,,,,,,,,,,,,,,,,,,,,,,,,,,,,,,,,,,,,,,,,,,,,,,,,,,,,,,,,,,,,,,,,2.0
,30/08/2025,,Leeds United,Newcastle,0,0,D,0,0,D,,,,,,,,,,,,,,,,,,,,,,,,,,,,,,,,,,,,,,,,,,,,,,,,,,,,,,,,,,,,,,,,,,,,,,,,,,,,,,,,,,,,,,,,,,,,,,,,,,,,,,,,,,,,,,,,,,,,,,,,,,3.0
,30/08/2025,,Wolverhampton,Everton,2,3,A,1,2,A,,,,,,,,,,,,,,,,,,,,,,,,,,,,,,,,,,,,,,,,,,,,,,,,,,,,,,,,,,,,,,,,,,,,,,,,,,,,,,,,,,,,,,,,,,,,,,,,,,,,,,,,,,,,,,,,,,,,,,,,,,3.0
,30/08/2025,,Tottenham,Bournemouth,0,1,A,0,1,A,,,,,,,,,,,,,,,,,,,,,,,,,,,,,,,,,,,,,,,,,,,,,,,,,,,,,,,,,,,,,,,,,,,,,,,,,,,,,,,,,,,,,,,,,,,,,,,,,,,,,,,,,,,,,,,,,,,,,,,,,,3.0
,30/08/2025,,Chelsea,Fulham,2,0,H,1,0,H,,,,,,,,,,,,,,,,,,,,,,,,,,,,,,,,,,,,,,,,,,,,,,,,,,,,,,,,,,,,,,,,,,,,,,,,,,,,,,,,,,,,,,,,,,,,,,,,,,,,,,,,,,,,,,,,,,,,,,,,,,3.0
E0,30/08/2025,15:00,Wolves,Everton,2,3,A,1,2,A,M Oliver,12.0,10.0,4.0,4.0,15.0,10.0,2.0,2.0,0.0,1.0,0.0,0.0,2.7,3.2,2.75,2.75,3.2,2.8,2.63,3.3,2.8,2.63,3.25,2.7,2.65,3.2,2.75,2.62,3.2,2.75,2.62,3.1,2.75,2.74,3.23,2.79,2.75,3.3,2.8,2.66,3.19,2.74,2.9,3.25,2.84,2.2,1.67,2.27,1.68,2.23,1.68,2.17,1.65,2.3,1.72,0.0,1.93,1.93,1.93,1.97,1.93,1.97,1.82,1.92,2.01,1.96,3.4,3.2,2.25,3.4,3.1,2.38,3.35,3.15,2.38,3.4,3.13,2.3,3.25,3.1,2.3,3.3,3.1,2.3,3.25,3.0,2.3,3.21,3.2,2.48,3.4,3.2,2.38,3.33,3.11,2.32,3.55,3.3,2.38,2.5,1.53,2.49,1.59,2.5,1.6,2.43,1.53,2.6,1.6,0.25,1.88,1.98,1.83,2.11,1.88,1.98,1.84,1.86,1.96,2.02,
E0,30/08/2025,17:30,Leeds,Newcastle,0,0,D,0,0,D,P Bankes,10.0,8.0,1.0,2.0,10.0,15.0,5.0,5.0,1.0,1.0,0.0,0.0,3.5,3.4,2.1,3.4,3.6,2.15,3.5,3.55,2.1,3.3,3.6,2.1,3.25,3.5,2.15,3.25,3.5,2.15,3.25,3.5,2.15,3.47,3.54,2.16,3.5,3.6,2.2,3.37,3.49,2.12,3.7,3.65,2.16,1.8,2.0,1.85,2.04,1.8,2.08,1.76,2.01,1.89,2.08,0.25,2.03,1.83,2.04,1.87,2.03,1.83,1.97,1.73,2.13,1.87,3.9,3.4,2.0,3.25,3.4,2.1,3.85,3.4,2.05,3.7,3.4,2.05,3.75,3.3,2.0,3.7,3.3,2.05,3.7,3.3,2.05,3.16,3.55,2.33,3.9,3.45,2.25,3.67,3.36,2.06,3.8,3.6,2.16,2.1,1.73,2.0,1.91,2.1,1.8,2.03,1.75,2.16,1.84,0.5,1.8,2.05,1.68,2.33,1.8,2.2,1.73,2.05,1.85,2.16,
,30/08/2025,,Sunderland,Brentford,2,1,H,0,0,D,,,,,,,,,,,,,,,,,,,,,,,,,,,,,,,,,,,,,,,,,,,,,,,,,,,,,,,,,,,,,,,,,,,,,,,,,,,,,,,,,,,,,,,,,,,,,,,,,,,,,,,,,,,,,,,,,,,,,,,,,,3.0
,30/08/2025,,Man United,Burnley,3,2,H,1,0,H,,,,,,,,,,,,,,,,,,,,,,,,,,,,,,,,,,,,,,,,,,,,,,,,,,,,,,,,,,,,,,,,,,,,,,,,,,,,,,,,,,,,,,,,,,,,,,,,,,,,,,,,,,,,,,,,,,,,,,,,,,3.0
,31/08/2025,,Liverpool,Arsenal,1,0,H,0,0,D,,,,,,,,,,,,,,,,,,,,,,,,,,,,,,,,,,,,,,,,,,,,,,,,,,,,,,,,,,,,,,,,,,,,,,,,,,,,,,,,,,,,,,,,,,,,,,,,,,,,,,,,,,,,,,,,,,,,,,,,,,3.0
,31/08/2025,,Brighton Hove,Man City,2,1,H,0,1,A,,,,,,,,,,,,,,,,,,,,,,,,,,,,,,,,,,,,,,,,,,,,,,,,,,,,,,,,,,,,,,,,,,,,,,,,,,,,,,,,,,,,,,,,,,,,,,,,,,,,,,,,,,,,,,,,,,,,,,,,,,3.0
,31/08/2025,,Nottingham,West Ham,0,3,A,0,0,D,,,,,,,,,,,,,,,,,,,,,,,,,,,,,,,,,,,,,,,,,,,,,,,,,,,,,,,,,,,,,,,,,,,,,,,,,,,,,,,,,,,,,,,,,,,,,,,,,,,,,,,,,,,,,,,,,,,,,,,,,,3.0
E0,31/08/2025,14:00,Nott'm Forest,West Ham,0,3,A,0,0,D,C Pawson,11.0,12.0,3.0,8.0,14.0,6.0,9.0,7.0,0.0,0.0,0.0,0.0,1.67,3.75,5.25,1.7,3.75,5.5,1.7,3.8,5.25,1.65,3.7,5.0,1.72,3.7,4.8,1.73,3.7,4.8,1.67,3.5,4.5,1.69,3.98,5.13,1.73,3.85,5.5,1.69,3.74,5.03,1.72,4.0,5.5,1.98,1.88,1.98,1.91,2.0,1.91,1.94,1.82,2.02,1.94,-0.75,1.88,1.98,1.91,2.0,1.88,1.98,1.86,1.88,1.92,2.03,1.62,4.0,5.0,1.67,4.0,5.5,1.65,4.2,5.1,1.65,4.0,5.0,1.66,4.0,5.0,1.67,3.9,4.8,1.67,3.9,4.8,1.69,4.0,5.17,1.69,4.2,5.5,1.65,4.01,4.98,1.71,4.2,5.4,1.68,2.05,1.81,2.08,1.8,2.15,1.72,2.07,1.77,2.26,-0.75,1.83,2.03,1.9,2.03,1.84,2.03,1.8,1.94,1.9,2.09,
E0,31/08/2025,14:00,Brighton,Man City,2,1,H,0,1,A,D England,12.0,12.0,7.0,3.0,16.0,14.0,3.0,2.0,2.0,2.0,0.0,0.0,3.8,3.9,1.9,3.75,4.0,1.91,3.9,4.0,1.87,3.7,3.8,1.85,3.9,3.9,1.83,3.6,3.6,1.75,3.6,3.6,1.75,3.92,3.89,1.91,4.0,4.0,1.91,3.78,3.84,1.85,4.0,4.0,1.95,1.62,2.3,1.63,2.37,1.62,2.38,1.57,2.32,1.63,2.54,0.5,1.98,1.88,1.98,1.92,1.98,1.88,1.93,1.82,2.02,1.95,3.6,3.6,2.0,3.4,3.5,2.1,3.55,3.7,2.04,3.4,3.7,2.05,3.5,3.7,1.98,3.5,3.7,2.0,3.5,3.6,2.0,3.77,3.79,2.0,3.6,3.7,2.1,3.47,3.64,2.03,3.8,3.75,2.1,1.53,2.32,1.54,2.58,1.63,2.4,1.57,2.33,1.64,2.52,0.5,1.8,2.05,1.92,2.01,1.81,2.07,1.77,2.0,1.89,2.1,
,31/08/2025,,Aston Villa,Crystal Palace,0,3,A,0,1,A,,,,,,,,,,,,,,,,,,,,,,,,,,,,,,,,,,,,,,,,,,,,,,,,,,,,,,,,,,,,,,,,,,,,,,,,,,,,,,,,,,,,,,,,,,,,,,,,,,,,,,,,,,,,,,,,,,,,,,,,,,3.0
,13/09/2025,,Fulham,Leeds United,1,0,H,0,0,D,,,,,,,,,,,,,,,,,,,,,,,,,,,,,,,,,,,,,,,,,,,,,,,,,,,,,,,,,,,,,,,,,,,,,,,,,,,,,,,,,,,,,,,,,,,,,,,,,,,,,,,,,,,,,,,,,,,,,,,,,,4.0
,13/09/2025,,Bournemouth,Brighton Hove,2,1,H,1,0,H,,,,,,,,,,,,,,,,,,,,,,,,,,,,,,,,,,,,,,,,,,,,,,,,,,,,,,,,,,,,,,,,,,,,,,,,,,,,,,,,,,,,,,,,,,,,,,,,,,,,,,,,,,,,,,,,,,,,,,,,,,4.0
,13/09/2025,,Newcastle,Wolverhampton,1,0,H,1,0,H,,,,,,,,,,,,,,,,,,,,,,,,,,,,,,,,,,,,,,,,,,,,,,,,,,,,,,,,,,,,,,,,,,,,,,,,,,,,,,,,,,,,,,,,,,,,,,,,,,,,,,,,,,,,,,,,,,,,,,,,,,4.0
,13/09/2025,,West Ham,Tottenham,0,3,A,0,0,D,,,,,,,,,,,,,,,,,,,,,,,,,,,,,,,,,,,,,,,,,,,,,,,,,,,,,,,,,,,,,,,,,,,,,,,,,,,,,,,,,,,,,,,,,,,,,,,,,,,,,,,,,,,,,,,,,,,,,,,,,,4.0
,13/09/2025,,Brentford,Chelsea,2,2,D,1,0,H,,,,,,,,,,,,,,,,,,,,,,,,,,,,,,,,,,,,,,,,,,,,,,,,,,,,,,,,,,,,,,,,,,,,,,,,,,,,,,,,,,,,,,,,,,,,,,,,,,,,,,,,,,,,,,,,,,,,,,,,,,4.0
,13/09/2025,,Arsenal,Nottingham,3,0,H,1,0,H,,,,,,,,,,,,,,,,,,,,,,,,,,,,,,,,,,,,,,,,,,,,,,,,,,,,,,,,,,,,,,,,,,,,,,,,,,,,,,,,,,,,,,,,,,,,,,,,,,,,,,,,,,,,,,,,,,,,,,,,,,4.0
E0,13/09/2025,15:00,Bournemouth,Brighton,2,1,H,1,0,H,P Bankes,13.0,6.0,5.0,2.0,16.0,10.0,4.0,4.0,4.0,4.0,0.0,0.0,2.35,3.5,2.9,2.38,3.6,3.0,2.4,3.5,2.95,2.38,3.6,2.8,2.4,3.5,2.8,2.4,3.5,2.8,2.37,3.5,2.75,2.4,3.57,2.98,2.43,3.65,3.0,2.38,3.5,2.87,2.46,3.65,3.05,1.67,2.2,1.71,2.23,1.72,2.2,1.67,2.14,1.76,2.28,-0.25,2.05,1.8,2.09,1.83,2.05,1.8,2.02,1.76,2.12,1.86,2.35,3.5,2.9,2.5,3.6,2.8,2.43,3.55,2.88,2.45,3.5,2.8,2.37,3.5,2.8,2.37,3.5,2.8,2.37,3.5,2.8,2.47,3.54,2.94,2.5,3.6,2.9,2.42,3.51,2.82,2.5,3.65,3.05,1.62,2.3,1.67,2.3,1.66,2.3,1.62,2.24,1.68,2.44,0.0,1.73,2.08,1.79,2.14,1.83,2.12,1.72,2.04,1.81,2.22,
E0,13/09/2025,15:00,Newcastle,Wolves,1,0,H,1,0,H,C Kavanagh,16.0,8.0,4.0,3.0,10.0,17.0,10.0,4.0,1.0,4.0,0.0,0.0,1.42,4.75,7.0,1.44,4.6,8.5,1.43,4.8,7.5,1.4,4.6,8.0,1.43,4.6,7.25,1.44,4.6,7.0,1.44,4.6,7.0,1.43,4.93,7.21,1.44,4.8,8.5,1.43,4.62,7.45,1.47,4.9,8.2,1.8,2.0,1.79,2.1,1.8,2.12,1.74,2.04,1.84,2.14,-1.25,1.98,1.88,1.99,1.92,1.98,1.89,1.92,1.86,2.04,1.91,1.36,5.0,8.5,1.36,5.0,9.5,1.38,5.1,8.5,1.33,5.25,9.0,1.37,5.0,8.25,1.36,5.0,8.5,1.36,4.8,8.0,1.37,5.2,9.25,1.4,5.25,9.5,1.36,5.0,8.48,1.39,5.4,9.8,1.67,2.2,1.72,2.21,1.8,2.2,1.68,2.14,1.74,2.32,-1.25,1.75,2.05,1.85,2.09,1.88,2.05,1.77,2.0,1.86,2.15,
E0,13/09/2025,12:30,Arsenal,Nott'm Forest,3,0,H,1,0,H,D England,16.0,5.0,5.0,1.0,8.0,11.0,8.0,4.0,1.0,1.0,0.0,0.0,1.38,5.0,8.0,1.4,4.6,9.0,1.38,4.9,8.5,1.36,5.0,8.5,1.39,4.8,8.0,1.4,4.8,8.0,1.4,4.8,7.5,1.38,5.25,8.14,1.42,5.0,9.0,1.38,4.85,8.16,1.4,5.3,9.6,1.73,2.1,1.71,2.22,1.75,2.2,1.69,2.11,1.75,2.28,-1.25,1.83,2.03,1.85,2.07,1.91,2.03,1.81,1.97,1.85,2.11,1.4,4.75,7.5,1.4,5.0,8.0,1.41,4.8,8.0,1.4,4.8,7.5,1.43,4.8,6.75,1.4,5.0,7.5,1.4,5.0,7.0,1.38,5.12,8.32,1.44,5.0,8.0,1.41,4.78,7.48,1.45,5.0,8.8,1.67,2.2,1.67,2.29,1.7,2.3,1.65,2.2,1.72,2.36,-1.25,1.98,1.88,1.86,2.05,1.98,1.98,1.89,1.9,2.03,1.96,
E0,13/09/2025,15:00,Fulham,Leeds,1,0,H,0,0,D,C Pawson,5.0,10.0,3.0,3.0,20.0,15.0,3.0,3.0,1.0,2.0,0.0,0.0,1.91,3.5,4.0,2.0,3.5,4.0,2.0,3.6,3.8,1.95,3.5,3.9,1.93,3.5,3.9,1.95,3.5,3.9,1.95,3.5,3.8,1.99,3.56,3.99,2.0,3.65,4.1,1.96,3.51,3.89,2.02,3.65,4.2,2.03,1.83,2.06,1.84,2.03,1.83,1.98,1.78,2.12,1.88,-0.5,1.95,1.9,2.0,1.91,1.96,1.92,1.91,1.84,2.02,1.96,2.0,3.4,3.75,2.05,3.4,4.0,2.07,3.45,3.7,2.0,3.4,3.8,2.0,3.3,3.8,2.1,3.3,3.6,2.05,3.3,3.6,2.11,3.38,3.87,2.1,3.5,4.0,2.04,3.37,3.76,2.12,3.55,4.0,2.2,1.67,2.13,1.78,2.2,1.79,2.06,1.73,2.16,1.84,-0.25,1.73,2.08,1.8,2.12,1.77,2.15,1.73,2.07,1.81,2.21,
,13/09/2025,,Crystal Palace,Sunderland,0,0,D,0,0,D,,,,,,,,,,,,,,,,,,,,,,,,,,,,,,,,,,,,,,,,,,,,,,,,,,,,,,,,,,,,,,,,,,,,,,,,,,,,,,,,,,,,,,,,,,,,,,,,,,,,,,,,,,,,,,,,,,,,,,,,,,4.0
,13/09/2025,,Everton,Aston Villa,0,0,D,0,0,D,,,,,,,,,,,,,,,,,,,,,,,,,,,,,,,,,,,,,,,,,,,,,,,,,,,,,,,,,,,,,,,,,,,,,,,,,,,,,,,,,,,,,,,,,,,,,,,,,,,,,,,,,,,,,,,,,,,,,,,,,,4.0
,14/09/2025,,Man City,Man United,3,0,H,1,0,H,,,,,,,,,,,,,,,,,,,,,,,,,,,,,,,,,,,,,,,,,,,,,,,,,,,,,,,,,,,,,,,,,,,,,,,,,,,,,,,,,,,,,,,,,,,,,,,,,,,,,,,,,,,,,,,,,,,,,,,,,,4.0
,14/09/2025,,Burnley,Liverpool,0,1,A,0,0,D,,,,,,,,,,,,,,,,,,,,,,,,,,,,,,,,,,,,,,,,,,,,,,,,,,,,,,,,,,,,,,,,,,,,,,,,,,,,,,,,,,,,,,,,,,,,,,,,,,,,,,,,,,,,,,,,,,,,,,,,,,4.0
,20/09/2025,,Burnley,Nottingham,1,1,D,1,1,D,,,,,,,,,,,,,,,,,,,,,,,,,,,,,,,,,,,,,,,,,,,,,,,,,,,,,,,,,,,,,,,,,,,,,,,,,,,,,,,,,,,,,,,,,,,,,,,,,,,,,,,,,,,,,,,,,,,,,,,,,,5.0
,20/09/2025,,West Ham,Crystal Palace,1,2,A,0,1,A,,,,,,,,,,,,,,,,,,,,,,,,,,,,,,,,,,,,,,,,,,,,,,,,,,,,,,,,,,,,,,,,,,,,,,,,,,,,,,,,,,,,,,,,,,,,,,,,,,,,,,,,,,,,,,,,,,,,,,,,,,5.0
,20/09/2025,,Wolverhampton,Leeds United,1,3,A,1,3,A,,,,,,,,,,,,,,,,,,,,,,,,,,,,,,,,,,,,,,,,,,,,,,,,,,,,,,,,,,,,,,,,,,,,,,,,,,,,,,,,,,,,,,,,,,,,,,,,,,,,,,,,,,,,,,,,,,,,,,,,,,5.0
,20/09/2025,,Man United,Chelsea,2,1,H,2,0,H,,,,,,,,,,,,,,,,,,,,,,,,,,,,,,,,,,,,,,,,,,,,,,,,,,,,,,,,,,,,,,,,,,,,,,,,,,,,,,,,,,,,,,,,,,,,,,,,,,,,,,,,,,,,,,,,,,,,,,,,,,5.0
E0,20/09/2025,15:00,Wolves,Leeds,1,3,A,1,3,A,A Taylor,16.0,6.0,6.0,4.0,11.0,9.0,4.0,0.0,1.0,1.0,0.0,0.0,2.7,3.2,2.75,2.6,3.0,2.63,2.65,3.25,2.8,2.7,3.2,2.7,2.65,3.2,2.75,2.62,3.2,2.75,2.62,3.1,2.75,2.78,3.21,2.76,2.71,3.25,2.8,2.67,3.16,2.74,2.88,3.2,2.88,2.3,1.62,2.35,1.65,2.3,1.65,2.22,1.62,2.38,1.69,0.0,1.93,1.93,1.96,1.94,1.93,2.1,1.8,1.97,1.99,2.0,3.1,3.1,2.45,2.63,2.88,2.6,2.88,3.15,2.6,2.9,3.2,2.5,2.87,3.1,2.55,2.87,3.1,2.6,2.87,3.1,2.6,2.85,3.17,2.77,3.1,3.2,2.7,2.88,3.08,2.58,3.1,3.2,2.7,2.3,1.62,2.32,1.66,2.38,1.64,2.3,1.59,2.52,1.65,0.0,2.1,1.78,1.99,1.93,2.1,2.1,1.9,1.88,2.13,1.87,
E0,20/09/2025,15:00,Brighton,Tottenham,2,2,D,2,1,H,C Kavanagh,12.0,11.0,4.0,3.0,10.0,13.0,2.0,10.0,1.0,2.0,0.0,0.0,2.25,3.7,3.0,2.25,3.6,3.1,2.25,3.7,3.05,2.25,3.6,3.0,2.25,3.6,2.95,2.25,3.6,3.0,2.25,3.5,2.9,2.28,3.67,3.1,2.28,3.75,3.1,2.25,3.61,3.0,2.38,3.7,3.15,1.67,2.2,1.71,2.23,1.67,2.25,1.64,2.2,1.73,2.32,-0.25,1.98,1.88,1.99,1.92,1.98,1.88,1.93,1.84,2.07,1.92,2.1,3.6,3.3,2.2,3.6,3.25,2.2,3.7,3.15,2.15,3.7,3.13,2.2,3.6,3.0,2.2,3.6,3.0,2.2,3.6,3.0,2.28,3.74,3.1,2.2,3.75,3.3,2.17,3.63,3.14,2.2,3.8,3.5,1.67,2.2,1.67,2.33,1.68,2.3,1.65,2.2,1.74,2.32,-0.25,1.85,2.0,2.0,1.93,1.88,2.0,1.84,1.92,1.91,2.08,
,20/09/2025,,Brighton Hove,Tottenham,2,2,D,2,1,H,,,,,,,,,,,,,,,,,,,,,,,,,,,,,,,,,,,,,,,,,,,,,,,,,,,,,,,,,,,,,,,,,,,,,,,,,,,,,,,,,,,,,,,,,,,,,,,,,,,,,,,,,,,,,,,,,,,,,,,,,,5.0
E0,20/09/2025,15:00,Burnley,Nott'm Forest,1,1,D,1,1,D,T Bramall,12.0,17.0,5.0,8.0,12.0,11.0,4.0,5.0,1.0,1.0,0.0,0.0,3.4,3.3,2.2,3.5,3.5,2.15,3.45,3.4,2.18,3.4,3.25,2.2,3.25,3.4,2.2,3.25,3.4,2.2,3.2,3.4,2.15,3.43,3.47,2.2,3.5,3.5,2.2,3.36,3.37,2.18,3.5,3.45,2.3,2.0,1.85,1.99,1.9,2.0,1.91,1.94,1.82,2.04,1.94,0.25,1.98,1.88,2.0,1.91,1.98,1.88,1.93,1.8,2.0,1.98,3.5,3.3,2.15,3.6,3.4,2.15,3.45,3.4,2.18,3.5,3.2,2.2,3.4,3.3,2.15,3.25,3.25,2.25,3.25,3.25,2.2,3.46,3.37,2.26,3.6,3.4,2.25,3.41,3.31,2.18,3.5,3.5,2.28,2.1,1.73,2.09,1.81,2.1,1.8,2.04,1.75,2.2,1.82,0.25,2.03,1.83,1.98,1.94,2.03,1.88,1.94,1.79,2.02,1.96,
,20/09/2025,,Fulham,Brentford,3,1,H,2,1,H,,,,,,,,,,,,,,,,,,,,,,,,,,,,,,,,,,,,,,,,,,,,,,,,,,,,,,,,,,,,,,,,,,,,,,,,,,,,,,,,,,,,,,,,,,,,,,,,,,,,,,,,,,,,,,,,,,,,,,,,,,5.0
,20/09/2025,,Liverpool,Everton,2,1,H,2,0,H,,,,,,,,,,,,,,,,,,,,,,,,,,,,,,,,,,,,,,,,,,,,,,,,,,,,,,,,,,,,,,,,,,,,,,,,,,,,,,,,,,,,,,,,,,,,,,,,,,,,,,,,,,,,,,,,,,,,,,,,,,5.0
,21/09/2025,,Bournemouth,Newcastle,0,0,D,0,0,D,,,,,,,,,,,,,,,,,,,,,,,,,,,,,,,,,,,,,,,,,,,,,,,,,,,,,,,,,,,,,,,,,,,,,,,,,,,,,,,,,,,,,,,,,,,,,,,,,,,,,,,,,,,,,,,,,,,,,,,,,,5.0
,21/09/2025,,Sunderland,Aston Villa,1,1,D,0,0,D,,,,,,,,,,,,,,,,,,,,,,,,,,,,,,,,,,,,,,,,,,,,,,,,,,,,,,,,,,,,,,,,,,,,,,,,,,,,,,,,,,,,,,,,,,,,,,,,,,,,,,,,,,,,,,,,,,,,,,,,,,5.0
,21/09/2025,,Arsenal,Man City,1,1,D,0,1,A,,,,,,,,,,,,,,,,,,,,,,,,,,,,,,,,,,,,,,,,,,,,,,,,,,,,,,,,,,,,,,,,,,,,,,,,,,,,,,,,,,,,,,,,,,,,,,,,,,,,,,,,,,,,,,,,,,,,,,,,,,5.0
E0,27/09/2025,17:30,Nott'm Forest,Sunderland,0,1,A,0,1,A,T Harrington,22.0,11.0,6.0,3.0,11.0,6.0,7.0,4.0,4.0,2.0,0.0,0.0,1.75,3.75,4.5,1.8,3.6,5.0,1.78,3.7,4.75,1.75,3.7,4.75,1.78,3.7,4.5,1.8,3.7,4.5,1.75,3.6,4.5,1.78,3.82,4.76,1.8,3.75,5.0,1.77,3.67,4.64,1.83,3.8,5.1,2.0,1.85,2.0,1.89,2.08,1.86,1.97,1.8,2.12,1.87,-0.75,2.0,1.85,2.01,1.89,2.0,1.85,1.96,1.8,2.08,1.9,1.75,3.8,4.75,1.8,3.6,5.0,1.77,3.75,4.75,1.73,3.75,4.8,1.75,3.7,4.6,1.75,3.6,4.6,1.75,3.6,4.6,1.78,3.82,4.79,1.8,3.8,5.0,1.75,3.69,4.73,1.81,3.95,5.1,1.93,1.93,2.02,1.88,2.02,1.93,1.95,1.83,2.04,1.93,-0.75,1.98,1.88,2.03,1.9,1.98,1.88,1.94,1.84,2.03,1.94,
,27/09/2025,,Chelsea,Brighton Hove,1,3,A,1,0,H,,,,,,,,,,,,,,,,,,,,,,,,,,,,,,,,,,,,,,,,,,,,,,,,,,,,,,,,,,,,,,,,,,,,,,,,,,,,,,,,,,,,,,,,,,,,,,,,,,,,,,,,,,,,,,,,,,,,,,,,,,6.0
,27/09/2025,,Tottenham,Wolverhampton,1,1,D,0,0,D,,,,,,,,,,,,,,,,,,,,,,,,,,,,,,,,,,,,,,,,,,,,,,,,,,,,,,,,,,,,,,,,,,,,,,,,,,,,,,,,,,,,,,,,,,,,,,,,,,,,,,,,,,,,,,,,,,,,,,,,,,6.0
E0,27/09/2025,15:00,Leeds,Bournemouth,2,2,D,1,1,D,M Oliver,19.0,12.0,8.0,5.0,12.0,13.0,7.0,4.0,2.0,2.0,0.0,0.0,3.1,3.25,2.38,3.0,3.3,2.5,3.0,3.4,2.4,3.1,3.2,2.4,2.9,3.3,2.4,2.9,3.3,2.4,2.87,3.3,2.4,2.99,3.32,2.51,3.1,3.4,2.5,2.98,3.29,2.41,3.15,3.4,2.54,2.03,1.83,2.05,1.85,2.03,1.85,1.96,1.81,2.12,1.87,0.25,1.8,2.05,1.77,2.15,1.8,2.05,1.76,1.95,1.85,2.16,3.0,3.2,2.45,3.0,3.3,2.5,2.95,3.25,2.5,3.0,3.2,2.45,2.95,3.25,2.45,2.9,3.25,2.5,2.87,3.2,2.45,3.01,3.37,2.5,3.05,3.3,2.54,2.96,3.23,2.46,3.1,3.4,2.6,2.05,1.8,2.09,1.83,2.05,1.84,1.99,1.8,2.08,1.9,0.25,1.78,2.1,1.8,2.16,1.83,2.1,1.74,2.01,1.81,2.21,
,27/09/2025,,Brentford,Man United,3,1,H,2,1,H,,,,,,,,,,,,,,,,,,,,,,,,,,,,,,,,,,,,,,,,,,,,,,,,,,,,,,,,,,,,,,,,,,,,,,,,,,,,,,,,,,,,,,,,,,,,,,,,,,,,,,,,,,,,,,,,,,,,,,,,,,6.0
,27/09/2025,,Crystal Palace,Liverpool,2,1,H,1,0,H,,,,,,,,,,,,,,,,,,,,,,,,,,,,,,,,,,,,,,,,,,,,,,,,,,,,,,,,,,,,,,,,,,,,,,,,,,,,,,,,,,,,,,,,,,,,,,,,,,,,,,,,,,,,,,,,,,,,,,,,,,6.0
E0,27/09/2025,20:00,Tottenham,Wolves,1,1,D,0,0,D,M Salisbury,10.0,9.0,3.0,3.0,9.0,11.0,10.0,9.0,3.0,2.0,0.0,0.0,1.5,4.5,6.0,1.5,4.5,7.0,1.46,4.9,6.75,1.45,4.5,6.5,1.49,4.5,6.25,1.48,4.5,6.0,1.48,4.5,6.0,1.49,4.96,6.08,1.5,4.9,7.0,1.47,4.57,6.38,1.49,5.1,7.2,1.73,2.1,1.75,2.15,1.73,2.25,1.68,2.14,1.75,2.28,-1.25,2.05,1.75,2.12,1.79,2.05,1.83,1.99,1.76,2.17,1.83,1.5,4.2,6.5,1.57,4.33,6.0,1.52,4.6,6.1,1.53,4.2,6.0,1.53,4.2,6.0,1.53,4.2,6.0,1.53,4.2,6.0,1.58,4.37,5.76,1.57,4.6,6.5,1.53,4.27,6.05,1.54,4.5,7.4,1.73,2.1,1.77,2.14,1.75,2.15,1.72,2.1,1.83,2.18,-1.0,1.9,1.95,2.01,1.92,1.9,2.0,1.85,1.93,1.93,2.05,
,27/09/2025,,Nottingham,Sunderland,0,1,A,0,1,A,,,,,,,,,,,,,,,,,,,,,,,,,,,,,,,,,,,,,,,,,,,,,,,,,,,,,,,,,,,,,,,,,,,,,,,,,,,,,,,,,,,,,,,,,,,,,,,,,,,,,,,,,,,,,,,,,,,,,,,,,,6.0
,27/09/2025,,Man City,Burnley,5,1,H,1,1,D,,,,,,,,,,,,,,,,,,,,,,,,,,,,,,,,,,,,,,,,,,,,,,,,,,,,,,,,,,,,,,,,,,,,,,,,,,,,,,,,,,,,,,,,,,,,,,,,,,,,,,,,,,,,,,,,,,,,,,,,,,6.0
,27/09/2025,,Leeds United,Bournemouth,2,2,D,1,1,D,,,,,,,,,,,,,,,,,,,,,,,,,,,,,,,,,,,,,,,,,,,,,,,,,,,,,,,,,,,,,,,,,,,,,,,,,,,,,,,,,,,,,,,,,,,,,,,,,,,,,,,,,,,,,,,,,,,,,,,,,,6.0
E0,27/09/2025,15:00,Chelsea,Brighton,1,3,A,1,0,H,S Hooper,13.0,12.0,3.0,3.0,9.0,16.0,5.0,7.0,3.0,5.0,1.0,0.0,1.85,3.8,3.8,1.91,3.75,4.0,1.87,3.8,4.1,1.87,3.9,3.8,1.85,3.9,3.8,1.85,3.9,3.8,1.85,3.9,3.8,1.9,3.86,3.98,1.91,4.0,4.1,1.86,3.86,3.86,1.96,4.0,4.1,1.62,2.3,1.63,2.37,1.64,2.35,1.59,2.29,1.66,2.48,-0.5,1.88,1.98,1.92,1.99,1.88,1.98,1.82,1.93,1.95,2.03,2.0,3.75,3.5,2.0,3.75,3.6,1.95,3.9,3.7,2.0,3.75,3.5,1.98,3.6,3.5,1.95,3.7,3.6,1.95,3.7,3.6,1.91,3.91,4.0,2.02,4.0,3.8,1.98,3.75,3.57,2.08,3.75,3.95,1.67,2.2,1.68,2.28,1.72,2.35,1.64,2.22,1.73,2.36,-0.5,2.0,1.85,1.92,2.01,2.02,1.95,1.93,1.83,2.08,1.92,
,28/09/2025,,Newcastle,Arsenal,1,2,A,1,0,H,,,,,,,,,,,,,,,,,,,,,,,,,,,,,,,,,,,,,,,,,,,,,,,,,,,,,,,,,,,,,,,,,,,,,,,,,,,,,,,,,,,,,,,,,,,,,,,,,,,,,,,,,,,,,,,,,,,,,,,,,,6.0
,28/09/2025,,Aston Villa,Fulham,3,1,H,1,1,D,,,,,,,,,,,,,,,,,,,,,,,,,,,,,,,,,,,,,,,,,,,,,,,,,,,,,,,,,,,,,,,,,,,,,,,,,,,,,,,,,,,,,,,,,,,,,,,,,,,,,,,,,,,,,,,,,,,,,,,,,,6.0
,29/09/2025,,Everton,West Ham,1,1,D,1,0,H,,,,,,,,,,,,,,,,,,,,,,,,,,,,,,,,,,,,,,,,,,,,,,,,,,,,,,,,,,,,,,,,,,,,,,,,,,,,,,,,,,,,,,,,,,,,,,,,,,,,,,,,,,,,,,,,,,,,,,,,,,6.0
,03/10/2025,,Bournemouth,Fulham,3,1,H,0,0,D,,,,,,,,,,,,,,,,,,,,,,,,,,,,,,,,,,,,,,,,,,,,,,,,,,,,,,,,,,,,,,,,,,,,,,,,,,,,,,,,,,,,,,,,,,,,,,,,,,,,,,,,,,,,,,,,,,,,,,,,,,7.0
,04/10/2025,,Leeds United,Tottenham,1,2,A,1,1,D,,,,,,,,,,,,,,,,,,,,,,,,,,,,,,,,,,,,,,,,,,,,,,,,,,,,,,,,,,,,,,,,,,,,,,,,,,,,,,,,,,,,,,,,,,,,,,,,,,,,,,,,,,,,,,,,,,,,,,,,,,7.0
E0,04/10/2025,12:30,Leeds,Tottenham,1,2,A,1,1,D,T Bramall,16.0,9.0,4.0,3.0,10.0,12.0,4.0,1.0,2.0,3.0,0.0,0.0,2.7,3.5,2.5,2.88,3.4,2.5,2.75,3.55,2.55,2.75,3.4,2.5,2.75,3.5,2.45,2.75,3.5,2.45,2.75,3.4,2.45,2.78,3.56,2.55,2.88,3.55,2.55,2.75,3.46,2.49,2.86,3.55,2.68,1.95,1.9,1.97,1.92,1.95,1.96,1.89,1.89,2.0,1.97,0.0,2.03,1.83,2.04,1.87,2.03,1.83,1.98,1.8,2.07,1.91,2.8,3.4,2.5,2.75,3.4,2.63,2.75,3.4,2.6,2.75,3.4,2.5,2.7,3.4,2.55,2.7,3.4,2.5,2.7,3.3,2.5,2.77,3.45,2.65,2.85,3.4,2.63,2.75,3.35,2.55,2.92,3.5,2.68,1.95,1.9,1.97,1.93,1.98,1.91,1.91,1.86,2.02,1.96,0.0,2.05,1.8,2.01,1.92,2.05,1.88,1.99,1.8,2.08,1.91,
,04/10/2025,,Chelsea,Liverpool,2,1,H,1,0,H,,,,,,,,,,,,,,,,,,,,,,,,,,,,,,,,,,,,,,,,,,,,,,,,,,,,,,,,,,,,,,,,,,,,,,,,,,,,,,,,,,,,,,,,,,,,,,,,,,,,,,,,,,,,,,,,,,,,,,,,,,7.0
,04/10/2025,,Man United,Sunderland,2,0,H,2,0,H,,,,,,,,,,,,,,,,,,,,,,,,,,,,,,,,,,,,,,,,,,,,,,,,,,,,,,,,,,,,,,,,,,,,,,,,,,,,,,,,,,,,,,,,,,,,,,,,,,,,,,,,,,,,,,,,,,,,,,,,,,7.0
,04/10/2025,,Arsenal,West Ham,2,0,H,1,0,H,,,,,,,,,,,,,,,,,,,,,,,,,,,,,,,,,,,,,,,,,,,,,,,,,,,,,,,,,,,,,,,,,,,,,,,,,,,,,,,,,,,,,,,,,,,,,,,,,,,,,,,,,,,,,,,,,,,,,,,,,,7.0
E0,05/10/2025,14:00,Newcastle,Nott'm Forest,2,0,H,0,0,D,P Bankes,18.0,5.0,9.0,4.0,16.0,15.0,8.0,1.0,0.0,4.0,0.0,0.0,1.57,4.2,5.5,1.6,4.2,5.5,1.57,4.4,5.75,1.57,4.2,5.5,1.6,4.1,5.5,1.6,4.2,5.25,1.61,4.0,5.0,1.63,4.3,5.27,1.61,4.4,5.75,1.58,4.21,5.46,1.59,4.5,6.2,1.73,2.1,1.71,2.22,1.73,2.23,1.69,2.12,1.79,2.22,-1.0,2.0,1.85,2.12,1.79,2.0,1.9,1.93,1.85,2.05,1.92,1.5,4.5,6.0,1.5,4.5,6.5,1.5,4.6,6.4,1.5,4.4,6.0,1.53,4.33,5.75,1.53,4.33,6.0,1.5,4.33,6.0,1.57,4.39,5.91,1.53,4.6,6.5,1.51,4.42,6.06,1.55,4.8,6.6,1.62,2.3,1.71,2.23,1.66,2.3,1.64,2.23,1.74,2.32,-1.0,1.83,2.03,1.96,1.96,1.85,2.05,1.8,1.99,1.93,2.06,
,05/10/2025,,Everton,Crystal Palace,2,1,H,0,1,A,,,,,,,,,,,,,,,,,,,,,,,,,,,,,,,,,,,,,,,,,,,,,,,,,,,,,,,,,,,,,,,,,,,,,,,,,,,,,,,,,,,,,,,,,,,,,,,,,,,,,,,,,,,,,,,,,,,,,,,,,,7.0
,05/10/2025,,Newcastle,Nottingham,2,0,H,0,0,D,,,,,,,,,,,,,,,,,,,,,,,,,,,,,,,,,,,,,,,,,,,,,,,,,,,,,,,,,,,,,,,,,,,,,,,,,,,,,,,,,,,,,,,,,,,,,,,,,,,,,,,,,,,,,,,,,,,,,,,,,,7.0
,05/10/2025,,Wolverhampton,Brighton Hove,1,1,D,1,0,H,,,,,,,,,,,,,,,,,,,,,,,,,,,,,,,,,,,,,,,,,,,,,,,,,,,,,,,,,,,,,,,,,,,,,,,,,,,,,,,,,,,,,,,,,,,,,,,,,,,,,,,,,,,,,,,,,,,,,,,,,,7.0
,05/10/2025,,Brentford,Man City,0,1,A,0,1,A,,,,,,,,,,,,,,,,,,,,,,,,,,,,,,,,,,,,,,,,,,,,,,,,,,,,,,,,,,,,,,,,,,,,,,,,,,,,,,,,,,,,,,,,,,,,,,,,,,,,,,,,,,,,,,,,,,,,,,,,,,7.0
,05/10/2025,,Aston Villa,Burnley,2,1,H,1,0,H,,,,,,,,,,,,,,,,,,,,,,,,,,,,,,,,,,,,,,,,,,,,,,,,,,,,,,,,,,,,,,,,,,,,,,,,,,,,,,,,,,,,,,,,,,,,,,,,,,,,,,,,,,,,,,,,,,,,,,,,,,7.0
E0,05/10/2025,14:00,Wolves,Brighton,1,1,D,1,0,H,J Gillett,6.0,17.0,3.0,6.0,13.0,9.0,2.0,8.0,2.0,4.0,0.0,0.0,3.6,3.7,2.0,3.75,3.6,2.0,3.85,3.65,1.98,3.6,3.6,2.0,3.7,3.6,1.98,3.7,3.6,1.95,3.6,3.6,1.95,3.82,3.68,1.99,3.85,3.7,2.0,3.67,3.6,1.99,3.85,3.8,2.08,1.85,2.0,1.89,2.0,1.92,2.0,1.83,1.94,1.89,2.1,0.5,1.85,2.0,1.9,2.0,1.86,2.0,1.82,1.94,1.89,2.08,3.4,3.6,2.1,3.5,3.6,2.1,3.7,3.65,2.0,3.3,3.6,2.1,3.4,3.5,2.1,3.6,3.6,2.0,3.4,3.5,2.1,3.82,3.68,2.02,3.75,3.65,2.25,3.46,3.53,2.08,3.75,3.6,2.16,1.73,2.1,1.89,2.01,1.84,2.1,1.77,2.02,1.85,2.14,0.25,2.05,1.8,2.2,1.76,2.1,1.9,2.02,1.73,2.13,1.86,
E0,18/10/2025,15:00,Sunderland,Wolves,2,0,H,1,0,H,R Jones,8.0,16.0,2.0,3.0,5.0,12.0,3.0,2.0,0.0,0.0,0.0,0.0,2.5,3.0,3.1,2.5,3.1,3.1,2.48,3.1,3.15,2.45,3.1,3.1,2.45,3.1,3.1,2.45,3.1,3.1,2.4,3.1,3.1,2.5,3.07,3.25,2.5,3.15,3.25,2.46,3.07,3.13,2.56,3.15,3.3,2.5,1.53,2.56,1.55,2.55,1.55,2.43,1.53,2.62,1.6,-0.25,2.1,1.78,2.12,1.81,2.1,1.78,2.03,1.75,2.17,1.83,2.5,3.0,3.1,2.5,3.1,3.1,2.5,3.1,3.1,2.5,3.0,3.13,2.5,3.0,3.0,2.5,3.0,3.0,2.5,3.0,3.0,2.65,3.03,3.12,2.54,3.1,3.15,2.49,3.03,3.08,2.62,3.15,3.25,2.38,1.57,2.48,1.57,2.5,1.6,2.37,1.56,2.52,1.64,-0.25,2.13,1.75,2.23,1.74,2.14,1.75,2.08,1.73,2.2,1.82,
,18/10/2025,,Nottingham,Chelsea,0,3,A,0,0,D,,,,,,,,,,,,,,,,,,,,,,,,,,,,,,,,,,,,,,,,,,,,,,,,,,,,,,,,,,,,,,,,,,,,,,,,,,,,,,,,,,,,,,,,,,,,,,,,,,,,,,,,,,,,,,,,,,,,,,,,,,8.0
,18/10/2025,,Brighton Hove,Newcastle,2,1,H,1,0,H,,,,,,,,,,,,,,,,,,,,,,,,,,,,,,,,,,,,,,,,,,,,,,,,,,,,,,,,,,,,,,,,,,,,,,,,,,,,,,,,,,,,,,,,,,,,,,,,,,,,,,,,,,,,,,,,,,,,,,,,,,8.0
,18/10/2025,,Burnley,Leeds United,2,0,H,1,0,H,,,,,,,,,,,,,,,,,,,,,,,,,,,,,,,,,,,,,,,,,,,,,,,,,,,,,,,,,,,,,,,,,,,,,,,,,,,,,,,,,,,,,,,,,,,,,,,,,,,,,,,,,,,,,,,,,,,,,,,,,,8.0
E0,18/10/2025,15:00,Brighton,Newcastle,2,1,H,1,0,H,C Pawson,13.0,16.0,5.0,3.0,9.0,9.0,8.0,4.0,0.0,1.0,0.0,0.0,2.63,3.4,2.6,2.75,3.4,2.63,2.6,3.6,2.65,2.63,3.5,2.6,2.6,3.4,2.65,2.6,3.4,2.62,2.6,3.4,2.62,2.71,3.52,2.64,2.75,3.66,2.65,2.61,3.48,2.62,2.82,3.6,2.66,1.88,1.98,1.88,2.01,1.91,1.98,1.84,1.92,1.91,2.04,0.0,1.98,1.88,1.98,1.93,1.98,1.91,1.89,1.86,2.03,1.94,2.88,3.5,2.35,2.88,3.4,2.5,2.85,3.5,2.48,2.9,3.6,2.3,2.8,3.4,2.45,2.8,3.4,2.45,2.8,3.4,2.4,2.87,3.5,2.54,2.9,3.6,2.5,2.86,3.44,2.42,3.0,3.55,2.54,1.73,2.1,1.79,2.11,1.82,2.1,1.75,2.05,1.81,2.2,0.25,1.8,2.05,1.76,2.19,1.8,2.1,1.75,1.98,1.85,2.16,
E0,18/10/2025,15:00,Burnley,Leeds,2,0,H,1,0,H,T Robinson,4.0,19.0,3.0,4.0,10.0,7.0,1.0,5.0,2.0,1.0,0.0,0.0,3.25,3.25,2.25,3.3,3.25,2.3,3.45,3.3,2.23,3.3,3.25,2.25,3.2,3.25,2.3,3.2,3.25,2.3,3.2,3.2,2.3,3.43,3.29,2.28,3.45,3.33,2.3,3.3,3.25,2.26,3.55,3.35,2.32,2.2,1.67,2.35,1.65,2.25,1.67,2.2,1.64,2.4,1.69,0.25,1.93,1.93,1.94,1.96,1.93,1.93,1.89,1.83,2.0,1.98,3.4,3.25,2.15,3.75,3.25,2.1,3.6,3.25,2.2,3.4,3.25,2.2,3.4,3.2,2.2,3.4,3.2,2.2,3.4,3.2,2.2,3.57,3.23,2.28,3.75,3.33,2.23,3.48,3.22,2.19,3.7,3.35,2.28,2.3,1.62,2.37,1.65,2.3,1.67,2.26,1.62,2.4,1.68,0.25,1.95,1.9,1.97,1.95,1.96,1.9,1.93,1.79,2.04,1.95,
E0,18/10/2025,12:30,Nott'm Forest,Chelsea,0,3,A,0,0,D,C Kavanagh,12.0,17.0,2.0,6.0,13.0,16.0,5.0,2.0,2.0,2.0,0.0,1.0,3.7,3.8,1.95,3.75,3.75,1.95,3.85,3.85,1.91,3.7,3.75,1.95,3.75,3.7,1.93,3.75,3.7,1.91,3.75,3.6,1.91,3.77,3.88,1.95,3.85,3.85,1.95,3.75,3.74,1.93,3.9,3.95,2.02,1.73,2.1,1.71,2.22,1.73,2.2,1.68,2.13,1.75,2.3,0.5,1.9,1.95,1.94,1.96,1.95,1.95,1.88,1.88,1.96,2.03,3.1,3.5,2.25,3.1,3.5,2.1,3.25,3.45,2.25,3.0,3.5,2.3,3.0,3.4,2.3,3.0,3.4,2.3,3.0,3.4,2.25,3.24,3.5,2.31,3.25,3.5,2.38,3.07,3.43,2.27,3.2,3.6,2.4,1.88,1.98,1.86,2.05,1.88,2.1,1.82,1.97,1.96,2.02,0.25,1.8,2.05,1.93,2.0,1.9,2.05,1.84,1.88,1.92,2.07,
,18/10/2025,,Man City,Everton,2,0,H,0,0,D,,,,,,,,,,,,,,,,,,,,,,,,,,,,,,,,,,,,,,,,,,,,,,,,,,,,,,,,,,,,,,,,,,,,,,,,,,,,,,,,,,,,,,,,,,,,,,,,,,,,,,,,,,,,,,,,,,,,,,,,,,8.0
,18/10/2025,,Sunderland,Wolverhampton,2,0,H,1,0,H,,,,,,,,,,,,,,,,,,,,,,,,,,,,,,,,,,,,,,,,,,,,,,,,,,,,,,,,,,,,,,,,,,,,,,,,,,,,,,,,,,,,,,,,,,,,,,,,,,,,,,,,,,,,,,,,,,,,,,,,,,8.0
,18/10/2025,,Fulham,Arsenal,0,1,A,0,0,D,,,,,,,,,,,,,,,,,,,,,,,,,,,,,,,,,,,,,,,,,,,,,,,,,,,,,,,,,,,,,,,,,,,,,,,,,,,,,,,,,,,,,,,,,,,,,,,,,,,,,,,,,,,,,,,,,,,,,,,,,,8.0
,18/10/2025,,Crystal Palace,Bournemouth,3,3,D,0,2,A,,,,,,,,,,,,,,,,,,,,,,,,,,,,,,,,,,,,,,,,,,,,,,,,,,,,,,,,,,,,,,,,,,,,,,,,,,,,,,,,,,,,,,,,,,,,,,,,,,,,,,,,,,,,,,,,,,,,,,,,,,8.0
,19/10/2025,,Tottenham,Aston Villa,1,2,A,1,1,D,,,,,,,,,,,,,,,,,,,,,,,,,,,,,,,,,,,,,,,,,,,,,,,,,,,,,,,,,,,,,,,,,,,,,,,,,,,,,,,,,,,,,,,,,,,,,,,,,,,,,,,,,,,,,,,,,,,,,,,,,,8.0
,19/10/2025,,Liverpool,Man United,1,2,A,0,1,A,,,,,,,,,,,,,,,,,,,,,,,,,,,,,,,,,,,,,,,,,,,,,,,,,,,,,,,,,,,,,,,,,,,,,,,,,,,,,,,,,,,,,,,,,,,,,,,,,,,,,,,,,,,,,,,,,,,,,,,,,,8.0
,20/10/2025,,West Ham,Brentford,0,2,A,0,1,A,,,,,,,,,,,,,,,,,,,,,,,,,,,,,,,,,,,,,,,,,,,,,,,,,,,,,,,,,,,,,,,,,,,,,,,,,,,,,,,,,,,,,,,,,,,,,,,,,,,,,,,,,,,,,,,,,,,,,,,,,,8.0
E0,24/10/2025,20:00,Leeds,West Ham,2,1,H,2,0,H,S Attwell,13.0,9.0,5.0,3.0,12.0,11.0,3.0,4.0,3.0,3.0,0.0,0.0,1.8,3.5,4.75,1.8,3.6,5.0,1.81,3.6,4.7,1.8,3.6,4.6,1.8,3.6,4.5,1.8,3.6,4.5,1.8,3.6,4.4,1.82,3.72,4.72,1.83,3.65,5.0,1.81,3.57,4.59,1.87,3.75,4.9,2.1,1.73,2.1,1.79,2.14,1.8,2.04,1.76,2.16,1.85,-0.5,1.78,2.03,1.82,2.1,1.83,2.05,1.76,2.01,1.87,2.13,1.8,3.6,4.5,1.8,3.75,4.5,1.72,3.85,5.0,1.83,3.6,4.4,1.78,3.6,4.5,1.8,3.6,4.6,1.8,3.5,4.5,1.81,3.71,4.79,1.83,3.85,5.1,1.79,3.64,4.56,1.85,3.85,4.9,2.03,1.83,2.05,1.87,2.05,1.91,1.97,1.81,2.06,1.92,-0.75,2.03,1.78,2.07,1.86,2.03,1.9,1.97,1.81,2.12,1.87,
,24/10/2025,,Leeds United,West Ham,2,1,H,2,0,H,,,,,,,,,,,,,,,,,,,,,,,,,,,,,,,,,,,,,,,,,,,,,,,,,,,,,,,,,,,,,,,,,,,,,,,,,,,,,,,,,,,,,,,,,,,,,,,,,,,,,,,,,,,,,,,,,,,,,,,,,,9.0
,25/10/2025,,Chelsea,Sunderland,1,2,A,1,1,D,,,,,,,,,,,,,,,,,,,,,,,,,,,,,,,,,,,,,,,,,,,,,,,,,,,,,,,,,,,,,,,,,,,,,,,,,,,,,,,,,,,,,,,,,,,,,,,,,,,,,,,,,,,,,,,,,,,,,,,,,,9.0
,25/10/2025,,Newcastle,Fulham,2,1,H,1,0,H,,,,,,,,,,,,,,,,,,,,,,,,,,,,,,,,,,,,,,,,,,,,,,,,,,,,,,,,,,,,,,,,,,,,,,,,,,,,,,,,,,,,,,,,,,,,,,,,,,,,,,,,,,,,,,,,,,,,,,,,,,9.0
,25/10/2025,,Man United,Brighton Hove,4,2,H,2,0,H,,,,,,,,,,,,,,,,,,,,,,,,,,,,,,,,,,,,,,,,,,,,,,,,,,,,,,,,,,,,,,,,,,,,,,,,,,,,,,,,,,,,,,,,,,,,,,,,,,,,,,,,,,,,,,,,,,,,,,,,,,9.0
,25/10/2025,,Brentford,Liverpool,3,2,H,2,1,H,,,,,,,,,,,,,,,,,,,,,,,,,,,,,,,,,,,,,,,,,,,,,,,,,,,,,,,,,,,,,,,,,,,,,,,,,,,,,,,,,,,,,,,,,,,,,,,,,,,,,,,,,,,,,,,,,,,,,,,,,,9.0
E0,25/10/2025,17:30,Man United,Brighton,4,2,H,2,0,H,A Taylor,13.0,17.0,9.0,5.0,4.0,13.0,1.0,6.0,2.0,2.0,0.0,0.0,1.95,3.8,3.5,2.0,4.0,3.5,2.02,3.9,3.5,2.0,3.9,3.4,2.0,3.75,3.4,2.05,3.75,3.4,2.0,3.7,3.3,2.0,3.92,3.57,2.05,4.0,3.6,2.0,3.83,3.45,2.06,4.0,3.7,1.53,2.5,1.53,2.6,1.57,2.5,1.53,2.43,1.54,2.7,-0.5,1.98,1.88,2.01,1.89,1.98,1.88,1.94,1.82,2.06,1.92,1.95,3.8,3.4,2.05,4.0,3.5,2.0,3.95,3.5,1.95,4.0,3.4,2.0,3.75,3.3,2.0,3.75,3.4,2.0,3.75,3.3,2.03,3.9,3.57,2.05,4.0,3.5,1.99,3.85,3.41,2.08,3.95,3.7,1.5,2.63,1.55,2.55,1.53,2.75,1.5,2.53,1.58,2.68,-0.5,1.98,1.88,2.04,1.88,2.0,1.88,1.95,1.82,2.08,1.91,
E0,26/10/2025,14:00,Wolves,Burnley,2,3,A,2,2,D,T Harrington,15.0,11.0,7.0,7.0,12.0,7.0,5.0,3.0,1.0,0.0,0.0,0.0,1.95,3.3,4.2,2.0,3.3,4.2,1.97,3.4,4.25,1.95,3.25,3.9,1.98,3.3,4.0,1.95,3.3,4.0,1.95,3.3,4.0,2.0,3.39,4.18,2.0,3.4,4.25,1.97,3.3,4.06,1.99,3.4,4.7,2.3,1.62,2.34,1.65,2.3,1.71,2.22,1.63,2.4,1.69,-0.5,1.95,1.9,1.99,1.92,1.95,1.9,1.92,1.85,2.0,1.98,1.91,3.3,4.33,1.95,3.4,4.33,1.92,3.4,4.4,1.9,3.25,4.5,1.93,3.3,4.2,1.95,3.3,4.2,1.95,3.25,4.2,1.93,3.41,4.55,1.95,3.4,4.5,1.92,3.3,4.34,2.0,3.5,4.6,2.2,1.67,2.32,1.67,2.3,1.68,2.22,1.64,2.32,1.74,-0.5,1.93,1.93,1.94,1.98,1.93,1.93,1.88,1.88,2.01,1.98,
E0,26/10/2025,14:00,Bournemouth,Nott'm Forest,2,0,H,2,0,H,S Barrott,13.0,8.0,5.0,4.0,17.0,7.0,6.0,4.0,3.0,1.0,0.0,0.0,1.8,3.8,4.33,1.8,3.75,4.6,1.79,3.95,4.35,1.75,3.7,4.33,1.8,3.75,4.2,1.8,3.75,4.2,1.8,3.7,4.2,1.79,3.96,4.48,1.81,3.95,4.6,1.79,3.79,4.29,1.84,4.0,4.6,1.88,1.98,1.9,1.98,1.91,2.02,1.84,1.92,1.94,2.02,-0.75,2.03,1.83,2.05,1.86,2.03,1.83,1.98,1.79,2.06,1.9,2.0,3.75,3.6,1.95,3.6,4.0,1.89,3.75,4.0,2.0,3.6,3.6,1.98,3.6,3.7,2.0,3.6,3.7,1.95,3.6,3.75,2.02,3.54,3.98,2.0,3.75,4.1,1.95,3.59,3.82,2.04,3.65,4.2,1.8,2.0,1.86,2.05,1.85,2.0,1.81,1.97,1.89,2.1,-0.5,2.0,1.85,2.03,1.89,2.0,1.9,1.92,1.84,2.04,1.95,
,26/10/2025,,Wolverhampton,Burnley,2,3,A,2,2,D,,,,,,,,,,,,,,,,,,,,,,,,,,,,,,,,,,,,,,,,,,,,,,,,,,,,,,,,,,,,,,,,,,,,,,,,,,,,,,,,,,,,,,,,,,,,,,,,,,,,,,,,,,,,,,,,,,,,,,,,,,9.0
,26/10/2025,,Arsenal,Crystal Palace,1,0,H,1,0,H,,,,,,,,,,,,,,,,,,,,,,,,,,,,,,,,,,,,,,,,,,,,,,,,,,,,,,,,,,,,,,,,,,,,,,,,,,,,,,,,,,,,,,,,,,,,,,,,,,,,,,,,,,,,,,,,,,,,,,,,,,9.0
,26/10/2025,,Aston Villa,Man City,1,0,H,1,0,H,,,,,,,,,,,,,,,,,,,,,,,,,,,,,,,,,,,,,,,,,,,,,,,,,,,,,,,,,,,,,,,,,,,,,,,,,,,,,,,,,,,,,,,,,,,,,,,,,,,,,,,,,,,,,,,,,,,,,,,,,,9.0
,26/10/2025,,Bournemouth,Nottingham,2,0,H,2,0,H,,,,,,,,,,,,,,,,,,,,,,,,,,,,,,,,,,,,,,,,,,,,,,,,,,,,,,,,,,,,,,,,,,,,,,,,,,,,,,,,,,,,,,,,,,,,,,,,,,,,,,,,,,,,,,,,,,,,,,,,,,9.0
,26/10/2025,,Everton,Tottenham,0,3,A,0,2,A,,,,,,,,,,,,,,,,,,,,,,,,,,,,,,,,,,,,,,,,,,,,,,,,,,,,,,,,,,,,,,,,,,,,,,,,,,,,,,,,,,,,,,,,,,,,,,,,,,,,,,,,,,,,,,,,,,,,,,,,,,9.0
,01/11/2025,,Fulham,Wolverhampton,3,0,H,1,0,H,,,,,,,,,,,,,,,,,,,,,,,,,,,,,,,,,,,,,,,,,,,,,,,,,,,,,,,,,,,,,,,,,,,,,,,,,,,,,,,,,,,,,,,,,,,,,,,,,,,,,,,,,,,,,,,,,,,,,,,,,,10.0
,01/11/2025,,Nottingham,Man United,2,2,D,0,1,A,,,,,,,,,,,,,,,,,,,,,,,,,,,,,,,,,,,,,,,,,,,,,,,,,,,,,,,,,,,,,,,,,,,,,,,,,,,,,,,,,,,,,,,,,,,,,,,,,,,,,,,,,,,,,,,,,,,,,,,,,,10.0
,01/11/2025,,Tottenham,Chelsea,0,1,A,0,1,A,,,,,,,,,,,,,,,,,,,,,,,,,,,,,,,,,,,,,,,,,,,,,,,,,,,,,,,,,,,,,,,,,,,,,,,,,,,,,,,,,,,,,,,,,,,,,,,,,,,,,,,,,,,,,,,,,,,,,,,,,,10.0
,01/11/2025,,Liverpool,Aston Villa,2,0,H,1,0,H,,,,,,,,,,,,,,,,,,,,,,,,,,,,,,,,,,,,,,,,,,,,,,,,,,,,,,,,,,,,,,,,,,,,,,,,,,,,,,,,,,,,,,,,,,,,,,,,,,,,,,,,,,,,,,,,,,,,,,,,,,10.0
,01/11/2025,,Brighton Hove,Leeds United,3,0,H,1,0,H,,,,,,,,,,,,,,,,,,,,,,,,,,,,,,,,,,,,,,,,,,,,,,,,,,,,,,,,,,,,,,,,,,,,,,,,,,,,,,,,,,,,,,,,,,,,,,,,,,,,,,,,,,,,,,,,,,,,,,,,,,10.0
,01/11/2025,,Crystal Palace,Brentford,2,0,H,1,0,H,,,,,,,,,,,,,,,,,,,,,,,,,,,,,,,,,,,,,,,,,,,,,,,,,,,,,,,,,,,,,,,,,,,,,,,,,,,,,,,,,,,,,,,,,,,,,,,,,,,,,,,,,,,,,,,,,,,,,,,,,,10.0
,01/11/2025,,Burnley,Arsenal,0,2,A,0,2,A,,,,,,,,,,,,,,,,,,,,,,,,,,,,,,,,,,,,,,,,,,,,,,,,,,,,,,,,,,,,,,,,,,,,,,,,,,,,,,,,,,,,,,,,,,,,,,,,,,,,,,,,,,,,,,,,,,,,,,,,,,10.0
E0,01/11/2025,15:00,Brighton,Leeds,3,0,H,1,0,H,M Oliver,14.0,5.0,7.0,2.0,10.0,7.0,4.0,7.0,0.0,1.0,0.0,0.0,1.85,3.75,4.0,1.83,3.75,4.33,1.82,3.9,4.3,1.87,3.7,4.0,1.83,3.8,4.0,1.83,3.8,4.0,1.83,3.75,4.0,1.89,3.77,4.15,1.91,3.9,4.33,1.85,3.74,4.11,1.94,3.85,4.4,1.85,2.0,1.88,2.01,1.85,2.05,1.79,1.97,1.9,2.08,-0.5,1.88,1.98,1.9,2.01,1.88,2.02,1.8,1.95,1.94,2.05,1.91,3.6,3.9,1.95,3.6,4.0,1.91,3.7,4.0,1.93,3.6,3.9,1.93,3.6,3.9,1.95,3.6,3.9,1.91,3.5,3.8,2.03,3.6,3.86,1.95,3.75,4.0,1.93,3.61,3.88,1.97,3.95,4.1,1.83,2.03,1.92,1.99,1.86,2.07,1.82,1.97,1.92,2.06,-0.5,1.9,1.95,2.04,1.88,1.94,1.95,1.9,1.86,1.97,2.02,
E0,01/11/2025,15:00,Fulham,Wolves,3,0,H,1,0,H,J Brooks,19.0,5.0,6.0,2.0,13.0,14.0,10.0,1.0,1.0,3.0,0.0,1.0,1.83,3.5,4.5,1.83,3.5,4.6,1.81,3.6,4.75,1.85,3.4,4.5,1.85,3.4,4.4,1.85,3.4,4.4,1.85,3.4,4.4,1.88,3.54,4.56,1.87,3.65,4.8,1.84,3.46,4.51,1.93,3.6,4.8,2.2,1.67,2.29,1.67,2.25,1.71,2.17,1.66,2.36,1.71,-0.5,1.85,2.0,1.88,2.03,1.85,2.02,1.8,1.96,1.93,2.06,1.73,3.8,4.5,1.8,3.75,4.6,1.81,3.75,4.5,1.75,3.75,4.6,1.83,3.6,4.2,1.83,3.6,4.2,1.83,3.6,4.2,1.79,3.73,4.92,1.83,3.8,4.6,1.79,3.69,4.44,1.86,3.9,4.7,1.85,2.0,2.08,1.84,1.98,2.0,1.89,1.89,1.97,2.0,-0.75,2.0,1.85,2.05,1.88,2.05,1.85,1.98,1.79,2.13,1.87,
E0,01/11/2025,15:00,Nott'm Forest,Man United,2,2,D,0,1,A,D England,17.0,18.0,3.0,7.0,10.0,7.0,8.0,5.0,1.0,1.0,0.0,0.0,3.3,3.75,2.05,3.5,3.6,2.1,3.6,3.65,2.04,3.4,3.7,2.05,3.4,3.6,2.05,3.4,3.6,2.05,3.4,3.6,2.05,3.43,3.87,2.06,3.6,3.8,2.1,3.41,3.67,2.05,3.65,3.9,2.1,1.73,2.1,1.75,2.17,1.73,2.17,1.71,2.09,1.81,2.2,0.5,1.8,2.05,1.85,2.07,1.83,2.05,1.76,2.0,1.89,2.12,3.1,3.8,2.1,3.25,3.6,2.2,3.45,3.6,2.08,3.25,3.7,2.1,3.2,3.6,2.15,3.2,3.6,2.15,3.2,3.6,2.1,3.48,3.77,2.1,3.5,3.8,2.2,3.27,3.63,2.12,3.5,3.7,2.24,1.67,2.2,1.79,2.13,1.77,2.2,1.7,2.13,1.78,2.26,0.25,2.03,1.83,2.1,1.84,2.03,1.83,1.98,1.75,2.05,1.93,
,02/11/2025,,West Ham,Newcastle,3,1,H,2,1,H,,,,,,,,,,,,,,,,,,,,,,,,,,,,,,,,,,,,,,,,,,,,,,,,,,,,,,,,,,,,,,,,,,,,,,,,,,,,,,,,,,,,,,,,,,,,,,,,,,,,,,,,,,,,,,,,,,,,,,,,,,10.0
,02/11/2025,,Man City,Bournemouth,3,1,H,2,1,H,,,,,,,,,,,,,,,,,,,,,,,,,,,,,,,,,,,,,,,,,,,,,,,,,,,,,,,,,,,,,,,,,,,,,,,,,,,,,,,,,,,,,,,,,,,,,,,,,,,,,,,,,,,,,,,,,,,,,,,,,,10.0
,03/11/2025,,Sunderland,Everton,1,1,D,0,1,A,,,,,,,,,,,,,,,,,,,,,,,,,,,,,,,,,,,,,,,,,,,,,,,,,,,,,,,,,,,,,,,,,,,,,,,,,,,,,,,,,,,,,,,,,,,,,,,,,,,,,,,,,,,,,,,,,,,,,,,,,,10.0
E0,08/11/2025,20:00,Chelsea,Wolves,3,0,H,0,0,D,A Kitchen,20.0,3.0,8.0,0.0,12.0,14.0,10.0,1.0,1.0,2.0,0.0,0.0,1.36,4.75,8.5,1.36,5.0,9.0,1.35,5.3,8.5,1.36,5.0,8.5,1.37,5.25,7.5,1.36,5.25,7.5,1.36,5.0,7.5,1.37,5.26,8.42,1.37,5.3,9.0,1.36,5.06,8.27,1.39,5.5,9.4,1.62,2.3,1.66,2.31,1.65,2.33,1.62,2.23,1.71,2.38,-1.25,1.83,2.03,1.85,2.06,1.83,2.06,1.76,2.01,1.86,2.13,1.36,5.0,8.0,1.4,5.0,8.5,1.38,5.1,8.0,1.33,5.25,8.5,1.38,5.0,7.75,1.4,5.0,7.5,1.36,5.0,7.5,1.36,5.4,9.2,1.4,5.33,9.0,1.36,5.1,8.12,1.39,5.5,9.6,1.57,2.38,1.62,2.42,1.6,2.55,1.56,2.37,1.65,2.5,-1.5,2.05,1.8,2.1,1.84,2.05,1.87,1.98,1.79,2.14,1.86,
,08/11/2025,,Tottenham,Man United,2,2,D,0,1,A,,,,,,,,,,,,,,,,,,,,,,,,,,,,,,,,,,,,,,,,,,,,,,,,,,,,,,,,,,,,,,,,,,,,,,,,,,,,,,,,,,,,,,,,,,,,,,,,,,,,,,,,,,,,,,,,,,,,,,,,,,11.0
,08/11/2025,,Chelsea,Wolverhampton,3,0,H,0,0,D,,,,,,,,,,,,,,,,,,,,,,,,,,,,,,,,,,,,,,,,,,,,,,,,,,,,,,,,,,,,,,,,,,,,,,,,,,,,,,,,,,,,,,,,,,,,,,,,,,,,,,,,,,,,,,,,,,,,,,,,,,11.0
,08/11/2025,,Everton,Fulham,2,0,H,1,0,H,,,,,,,,,,,,,,,,,,,,,,,,,,,,,,,,,,,,,,,,,,,,,,,,,,,,,,,,,,,,,,,,,,,,,,,,,,,,,,,,,,,,,,,,,,,,,,,,,,,,,,,,,,,,,,,,,,,,,,,,,,11.0
,08/11/2025,,West Ham,Burnley,3,2,H,1,1,D,,,,,,,,,,,,,,,,,,,,,,,,,,,,,,,,,,,,,,,,,,,,,,,,,,,,,,,,,,,,,,,,,,,,,,,,,,,,,,,,,,,,,,,,,,,,,,,,,,,,,,,,,,,,,,,,,,,,,,,,,,11.0
,08/11/2025,,Sunderland,Arsenal,2,2,D,1,0,H,,,,,,,,,,,,,,,,,,,,,,,,,,,,,,,,,,,,,,,,,,,,,,,,,,,,,,,,,,,,,,,,,,,,,,,,,,,,,,,,,,,,,,,,,,,,,,,,,,,,,,,,,,,,,,,,,,,,,,,,,,11.0
,09/11/2025,,Brentford,Newcastle,3,1,H,0,1,A,,,,,,,,,,,,,,,,,,,,,,,,,,,,,,,,,,,,,,,,,,,,,,,,,,,,,,,,,,,,,,,,,,,,,,,,,,,,,,,,,,,,,,,,,,,,,,,,,,,,,,,,,,,,,,,,,,,,,,,,,,11.0
,09/11/2025,,Nottingham,Leeds United,3,1,H,1,1,D,,,,,,,,,,,,,,,,,,,,,,,,,,,,,,,,,,,,,,,,,,,,,,,,,,,,,,,,,,,,,,,,,,,,,,,,,,,,,,,,,,,,,,,,,,,,,,,,,,,,,,,,,,,,,,,,,,,,,,,,,,11.0
,09/11/2025,,Man City,Liverpool,3,0,H,2,0,H,,,,,,,,,,,,,,,,,,,,,,,,,,,,,,,,,,,,,,,,,,,,,,,,,,,,,,,,,,,,,,,,,,,,,,,,,,,,,,,,,,,,,,,,,,,,,,,,,,,,,,,,,,,,,,,,,,,,,,,,,,11.0
,09/11/2025,,Crystal Palace,Brighton Hove,0,0,D,0,0,D,,,,,,,,,,,,,,,,,,,,,,,,,,,,,,,,,,,,,,,,,,,,,,,,,,,,,,,,,,,,,,,,,,,,,,,,,,,,,,,,,,,,,,,,,,,,,,,,,,,,,,,,,,,,,,,,,,,,,,,,,,11.0
,09/11/2025,,Aston Villa,Bournemouth,4,0,H,2,0,H,,,,,,,,,,,,,,,,,,,,,,,,,,,,,,,,,,,,,,,,,,,,,,,,,,,,,,,,,,,,,,,,,,,,,,,,,,,,,,,,,,,,,,,,,,,,,,,,,,,,,,,,,,,,,,,,,,,,,,,,,,11.0
E0,09/11/2025,14:00,Nott'm Forest,Leeds,3,1,H,1,1,D,J Gillett,14.0,10.0,6.0,3.0,10.0,11.0,6.0,4.0,2.0,1.0,0.0,0.0,2.25,3.25,3.3,2.25,3.3,3.4,2.23,3.35,3.4,2.2,3.4,3.25,2.2,3.3,3.25,2.2,3.3,3.25,2.2,3.3,3.2,2.29,3.45,3.27,2.25,3.4,3.45,2.22,3.32,3.29,2.32,3.45,3.45,2.1,1.73,2.09,1.8,2.12,1.78,2.04,1.74,2.16,1.84,-0.25,1.95,1.9,1.98,1.93,1.95,1.91,1.88,1.88,2.0,1.97,2.2,3.0,3.6,2.3,3.2,3.4,2.3,3.15,3.45,2.15,3.25,3.5,2.2,3.1,3.5,2.2,3.1,3.5,2.2,3.1,3.5,2.23,3.3,3.62,2.3,3.25,3.6,2.23,3.14,3.46,2.32,3.3,3.7,2.38,1.57,2.44,1.59,2.4,1.65,2.3,1.6,2.5,1.65,-0.25,1.88,1.98,1.91,2.02,1.92,1.98,1.87,1.9,1.97,2.01,
E0,09/11/2025,14:00,Crystal Palace,Brighton,0,0,D,0,0,D,T Robinson,10.0,7.0,2.0,3.0,10.0,12.0,4.0,8.0,1.0,4.0,0.0,0.0,2.25,3.5,3.1,2.3,3.5,3.1,2.28,3.55,3.1,2.25,3.6,3.0,2.25,3.6,3.0,2.25,3.6,3.0,2.25,3.5,3.0,2.3,3.62,3.1,2.33,3.6,3.15,2.27,3.52,3.04,2.38,3.6,3.25,1.73,2.1,1.75,2.16,1.78,2.1,1.71,2.08,1.78,2.24,-0.25,1.98,1.88,2.01,1.9,1.98,1.88,1.94,1.83,2.05,1.93,2.38,3.4,3.0,2.4,3.4,3.0,2.4,3.4,3.0,2.38,3.5,2.9,2.35,3.4,3.0,2.37,3.4,3.0,2.3,3.3,3.0,2.43,3.45,3.07,2.4,3.5,3.05,2.38,3.39,2.97,2.48,3.45,3.2,1.85,2.0,1.88,2.02,1.85,2.05,1.81,1.98,1.94,2.04,-0.25,2.05,1.8,2.1,1.84,2.05,1.8,2.01,1.77,2.12,1.88,
E0,22/11/2025,15:00,Brighton,Brentford,2,1,H,0,1,A,C Kavanagh,14.0,10.0,5.0,4.0,10.0,9.0,7.0,4.0,4.0,2.0,0.0,0.0,1.91,3.6,4.0,1.95,3.75,3.75,1.93,3.7,3.95,1.93,3.75,3.75,1.93,3.7,3.75,1.91,3.7,3.75,1.91,3.7,3.7,1.96,3.6,4.05,1.96,3.75,4.0,1.93,3.66,3.82,2.0,3.8,4.1,1.73,2.1,1.74,2.18,1.73,2.2,1.68,2.13,1.75,2.28,-0.5,1.93,1.93,1.97,1.93,1.95,1.93,1.89,1.87,2.0,1.98,2.15,3.4,3.4,2.1,3.6,3.5,2.07,3.5,3.6,2.1,3.5,3.5,2.1,3.4,3.4,2.1,3.4,3.4,2.1,3.4,3.4,2.17,3.47,3.59,2.15,3.6,3.65,2.1,3.44,3.47,2.2,3.55,3.7,1.73,2.1,1.78,2.14,1.75,2.15,1.72,2.08,1.8,2.2,-0.25,1.85,2.0,1.87,2.06,1.85,2.02,1.78,1.99,1.89,2.1,
,22/11/2025,,Newcastle,Man City,2,1,H,0,0,D,,,,,,,,,,,,,,,,,,,,,,,,,,,,,,,,,,,,,,,,,,,,,,,,,,,,,,,,,,,,,,,,,,,,,,,,,,,,,,,,,,,,,,,,,,,,,,,,,,,,,,,,,,,,,,,,,,,,,,,,,,12.0
,22/11/2025,,Wolverhampton,Crystal Palace,0,2,A,0,0,D,,,,,,,,,,,,,,,,,,,,,,,,,,,,,,,,,,,,,,,,,,,,,,,,,,,,,,,,,,,,,,,,,,,,,,,,,,,,,,,,,,,,,,,,,,,,,,,,,,,,,,,,,,,,,,,,,,,,,,,,,,12.0
,22/11/2025,,Liverpool,Nottingham,0,3,A,0,1,A,,,,,,,,,,,,,,,,,,,,,,,,,,,,,,,,,,,,,,,,,,,,,,,,,,,,,,,,,,,,,,,,,,,,,,,,,,,,,,,,,,,,,,,,,,,,,,,,,,,,,,,,,,,,,,,,,,,,,,,,,,12.0
,22/11/2025,,Fulham,Sunderland,1,0,H,0,0,D,,,,,,,,,,,,,,,,,,,,,,,,,,,,,,,,,,,,,,,,,,,,,,,,,,,,,,,,,,,,,,,,,,,,,,,,,,,,,,,,,,,,,,,,,,,,,,,,,,,,,,,,,,,,,,,,,,,,,,,,,,12.0
,22/11/2025,,Brighton Hove,Brentford,2,1,H,0,1,A,,,,,,,,,,,,,,,,,,,,,,,,,,,,,,,,,,,,,,,,,,,,,,,,,,,,,,,,,,,,,,,,,,,,,,,,,,,,,,,,,,,,,,,,,,,,,,,,,,,,,,,,,,,,,,,,,,,,,,,,,,12.0
,22/11/2025,,Bournemouth,West Ham,2,2,D,0,2,A,,,,,,,,,,,,,,,,,,,,,,,,,,,,,,,,,,,,,,,,,,,,,,,,,,,,,,,,,,,,,,,,,,,,,,,,,,,,,,,,,,,,,,,,,,,,,,,,,,,,,,,,,,,,,,,,,,,,,,,,,,12.0
,22/11/2025,,Burnley,Chelsea,0,2,A,0,1,A,,,,,,,,,,,,,,,,,,,,,,,,,,,,,,,,,,,,,,,,,,,,,,,,,,,,,,,,,,,,,,,,,,,,,,,,,,,,,,,,,,,,,,,,,,,,,,,,,,,,,,,,,,,,,,,,,,,,,,,,,,12.0
E0,22/11/2025,15:00,Liverpool,Nott'm Forest,0,3,A,0,1,A,A Madley,21.0,15.0,4.0,7.0,11.0,8.0,8.0,6.0,2.0,0.0,0.0,0.0,1.44,5.0,6.25,1.4,5.0,7.5,1.41,5.0,7.5,1.4,5.0,7.0,1.44,4.75,6.75,1.44,4.8,7.0,1.44,4.6,6.5,1.45,4.9,6.9,1.44,5.0,7.5,1.42,4.86,6.97,1.46,5.1,8.0,1.53,2.5,1.57,2.51,1.56,2.5,1.53,2.43,1.61,2.56,-1.25,1.95,1.9,2.0,1.9,1.95,1.96,1.86,1.91,2.02,1.94,1.45,4.5,7.0,1.44,4.6,7.0,1.44,4.8,7.0,1.44,4.75,6.5,1.47,4.6,6.25,1.44,4.33,5.5,1.48,4.6,6.0,1.47,4.69,6.97,1.48,4.8,7.0,1.45,4.6,6.58,1.48,5.1,7.6,1.57,2.38,1.64,2.34,1.62,2.48,1.56,2.37,1.64,2.52,-1.25,2.03,1.83,2.08,1.85,2.03,1.92,1.92,1.85,2.08,1.9,
E0,22/11/2025,15:00,Wolves,Crystal Palace,0,2,A,0,0,D,A Taylor,8.0,10.0,1.0,4.0,13.0,9.0,1.0,4.0,2.0,3.0,0.0,0.0,3.8,3.6,1.95,4.0,3.5,2.0,4.0,3.55,1.96,3.9,3.5,1.95,3.7,3.5,2.0,3.7,3.5,2.0,3.7,3.4,2.0,3.92,3.62,1.99,4.1,3.6,2.0,3.86,3.5,1.97,4.2,3.65,2.0,2.05,1.8,2.08,1.82,2.1,1.8,1.99,1.78,2.12,1.86,0.5,1.88,1.98,1.91,2.0,1.9,1.98,1.84,1.91,1.98,2.01,4.5,3.9,1.75,4.5,3.6,1.83,4.6,3.65,1.82,4.6,3.6,1.8,4.2,3.6,1.83,4.2,3.6,1.83,4.2,3.6,1.83,4.53,3.8,1.82,4.75,3.9,1.86,4.43,3.65,1.81,4.7,3.95,1.86,1.9,1.95,1.96,1.94,2.02,1.95,1.93,1.84,2.02,1.96,0.75,1.85,2.0,1.85,2.09,1.85,2.02,1.78,1.99,1.87,2.13,
,23/11/2025,,Leeds United,Aston Villa,1,2,A,1,0,H,,,,,,,,,,,,,,,,,,,,,,,,,,,,,,,,,,,,,,,,,,,,,,,,,,,,,,,,,,,,,,,,,,,,,,,,,,,,,,,,,,,,,,,,,,,,,,,,,,,,,,,,,,,,,,,,,,,,,,,,,,12.0
,23/11/2025,,Arsenal,Tottenham,4,1,H,2,0,H,,,,,,,,,,,,,,,,,,,,,,,,,,,,,,,,,,,,,,,,,,,,,,,,,,,,,,,,,,,,,,,,,,,,,,,,,,,,,,,,,,,,,,,,,,,,,,,,,,,,,,,,,,,,,,,,,,,,,,,,,,12.0
E0,23/11/2025,14:00,Leeds,Aston Villa,1,2,A,1,0,H,R Jones,14.0,14.0,5.0,3.0,18.0,16.0,3.0,3.0,5.0,1.0,0.0,0.0,3.0,3.3,2.4,3.1,3.25,2.4,3.15,3.35,2.35,2.9,3.25,2.38,3.1,3.25,2.3,3.1,3.25,2.3,3.1,3.25,2.3,3.05,3.27,2.51,3.15,3.35,2.45,3.04,3.25,2.37,3.15,3.35,2.54,2.1,1.73,2.23,1.71,2.23,1.73,2.12,1.69,2.22,1.76,0.25,1.78,2.1,1.79,2.15,1.82,2.1,1.78,1.94,1.84,2.16,3.2,3.3,2.25,3.0,3.4,2.4,3.3,3.35,2.28,3.2,3.4,2.25,3.2,3.2,2.3,3.2,3.2,2.3,3.2,3.2,2.3,3.3,3.46,2.29,3.3,3.4,2.4,3.22,3.3,2.27,3.45,3.5,2.32,2.1,1.73,2.15,1.77,2.12,1.78,2.07,1.74,2.26,1.78,0.25,1.93,1.93,1.94,1.98,1.93,1.93,1.86,1.85,1.99,2.0,
,24/11/2025,,Man United,Everton,0,1,A,0,1,A,,,,,,,,,,,,,,,,,,,,,,,,,,,,,,,,,,,,,,,,,,,,,,,,,,,,,,,,,,,,,,,,,,,,,,,,,,,,,,,,,,,,,,,,,,,,,,,,,,,,,,,,,,,,,,,,,,,,,,,,,,12.0
E0,29/11/2025,15:00,Man City,Leeds,3,2,H,2,0,H,P Bankes,18.0,9.0,9.0,4.0,17.0,11.0,8.0,1.0,4.0,1.0,0.0,0.0,1.22,6.5,12.0,1.22,6.5,13.0,1.24,6.4,12.5,1.22,6.5,12.0,1.24,6.5,11.0,1.25,6.5,11.0,1.22,6.5,11.0,1.25,6.77,10.58,1.25,6.5,13.0,1.23,6.42,11.78,1.26,7.0,14.0,1.53,2.5,1.53,2.57,1.55,2.5,1.52,2.46,1.57,2.68,-1.75,1.88,1.98,1.9,1.99,1.88,22.0,1.84,4.43,1.94,2.01,1.2,7.5,11.0,1.22,6.5,13.0,1.23,6.75,12.5,1.22,6.5,12.0,1.25,6.75,10.0,1.25,6.5,10.0,1.22,6.0,9.0,1.22,7.5,13.5,1.25,7.5,13.0,1.22,6.58,11.56,1.25,7.6,13.5,1.4,3.0,1.42,2.91,1.46,3.0,1.41,2.83,1.47,3.05,-1.75,1.83,2.03,1.87,2.04,1.83,2.03,1.79,1.99,1.9,2.09,
,29/11/2025,,Tottenham,Fulham,1,2,A,0,2,A,,,,,,,,,,,,,,,,,,,,,,,,,,,,,,,,,,,,,,,,,,,,,,,,,,,,,,,,,,,,,,,,,,,,,,,,,,,,,,,,,,,,,,,,,,,,,,,,,,,,,,,,,,,,,,,,,,,,,,,,,,13.0
,29/11/2025,,Man City,Leeds United,3,2,H,2,0,H,,,,,,,,,,,,,,,,,,,,,,,,,,,,,,,,,,,,,,,,,,,,,,,,,,,,,,,,,,,,,,,,,,,,,,,,,,,,,,,,,,,,,,,,,,,,,,,,,,,,,,,,,,,,,,,,,,,,,,,,,,13.0
,29/11/2025,,Sunderland,Bournemouth,3,2,H,1,2,A,,,,,,,,,,,,,,,,,,,,,,,,,,,,,,,,,,,,,,,,,,,,,,,,,,,,,,,,,,,,,,,,,,,,,,,,,,,,,,,,,,,,,,,,,,,,,,,,,,,,,,,,,,,,,,,,,,,,,,,,,,13.0
,29/11/2025,,Brentford,Burnley,3,1,H,0,0,D,,,,,,,,,,,,,,,,,,,,,,,,,,,,,,,,,,,,,,,,,,,,,,,,,,,,,,,,,,,,,,,,,,,,,,,,,,,,,,,,,,,,,,,,,,,,,,,,,,,,,,,,,,,,,,,,,,,,,,,,,,13.0
,29/11/2025,,Everton,Newcastle,1,4,A,0,3,A,,,,,,,,,,,,,,,,,,,,,,,,,,,,,,,,,,,,,,,,,,,,,,,,,,,,,,,,,,,,,,,,,,,,,,,,,,,,,,,,,,,,,,,,,,,,,,,,,,,,,,,,,,,,,,,,,,,,,,,,,,13.0
,30/11/2025,,Nottingham,Brighton Hove,0,2,A,0,1,A,,,,,,,,,,,,,,,,,,,,,,,,,,,,,,,,,,,,,,,,,,,,,,,,,,,,,,,,,,,,,,,,,,,,,,,,,,,,,,,,,,,,,,,,,,,,,,,,,,,,,,,,,,,,,,,,,,,,,,,,,,13.0
,30/11/2025,,Aston Villa,Wolverhampton,1,0,H,0,0,D,,,,,,,,,,,,,,,,,,,,,,,,,,,,,,,,,,,,,,,,,,,,,,,,,,,,,,,,,,,,,,,,,,,,,,,,,,,,,,,,,,,,,,,,,,,,,,,,,,,,,,,,,,,,,,,,,,,,,,,,,,13.0
E0,30/11/2025,14:05,Aston Villa,Wolves,1,0,H,0,0,D,C Kavanagh,16.0,9.0,6.0,4.0,13.0,21.0,7.0,3.0,0.0,4.0,0.0,0.0,1.5,4.33,6.5,1.44,4.33,7.5,1.48,4.6,6.75,1.45,4.33,6.5,1.5,4.4,6.25,1.5,4.4,6.0,1.5,4.33,6.0,1.48,4.76,6.56,1.5,4.6,7.5,1.48,4.39,6.57,1.51,4.8,7.2,1.8,2.0,1.86,2.03,1.83,2.08,1.78,1.98,1.87,2.1,-1.0,1.83,2.03,1.85,2.06,1.83,22.0,1.76,4.24,1.85,2.12,1.5,4.5,6.25,1.44,4.5,7.0,1.45,4.6,7.5,1.45,4.5,7.0,1.5,4.4,6.25,1.5,4.4,6.0,1.5,4.33,6.0,1.47,4.65,7.25,1.5,4.75,7.5,1.46,4.46,6.83,1.51,4.7,7.8,1.8,2.0,1.82,2.07,1.8,2.18,1.75,2.04,1.82,2.16,-1.25,2.05,1.75,2.12,1.82,2.05,1.88,1.98,1.79,2.18,1.83,
E0,30/11/2025,14:05,Nott'm Forest,Brighton,0,2,A,0,1,A,M Oliver,19.0,17.0,3.0,6.0,11.0,10.0,9.0,2.0,0.0,1.0,0.0,0.0,2.75,3.3,2.63,2.75,3.4,2.6,2.75,3.35,2.6,2.63,3.4,2.5,2.7,3.4,2.55,2.7,3.4,2.5,2.7,3.4,2.5,2.81,3.46,2.58,2.8,3.4,2.63,2.72,3.36,2.54,2.82,3.5,2.74,1.91,1.91,1.95,1.93,1.92,1.92,1.88,1.88,1.99,1.97,0.0,1.98,1.88,2.04,1.87,1.98,22.0,1.93,5.18,2.03,1.95,3.0,3.3,2.45,2.88,3.4,2.5,2.8,3.3,2.63,2.9,3.25,2.5,2.85,3.3,2.45,2.87,3.3,2.5,2.8,3.25,2.45,2.95,3.35,2.57,3.0,3.4,2.65,2.85,3.29,2.51,3.05,3.4,2.64,1.91,1.91,1.98,1.92,1.94,1.98,1.9,1.88,1.98,2.0,0.0,2.1,1.7,2.11,1.83,2.1,1.83,2.03,1.74,2.12,1.87,
,30/11/2025,,Crystal Palace,Man United,1,2,A,1,0,H,,,,,,,,,,,,,,,,,,,,,,,,,,,,,,,,,,,,,,,,,,,,,,,,,,,,,,,,,,,,,,,,,,,,,,,,,,,,,,,,,,,,,,,,,,,,,,,,,,,,,,,,,,,,,,,,,,,,,,,,,,13.0
,30/11/2025,,West Ham,Liverpool,0,2,A,0,0,D,,,,,,,,,,,,,,,,,,,,,,,,,,,,,,,,,,,,,,,,,,,,,,,,,,,,,,,,,,,,,,,,,,,,,,,,,,,,,,,,,,,,,,,,,,,,,,,,,,,,,,,,,,,,,,,,,,,,,,,,,,13.0
,30/11/2025,,Chelsea,Arsenal,1,1,D,0,0,D,,,,,,,,,,,,,,,,,,,,,,,,,,,,,,,,,,,,,,,,,,,,,,,,,,,,,,,,,,,,,,,,,,,,,,,,,,,,,,,,,,,,,,,,,,,,,,,,,,,,,,,,,,,,,,,,,,,,,,,,,,13.0
,02/12/2025,,Bournemouth,Everton,0,1,A,0,0,D,,,,,,,,,,,,,,,,,,,,,,,,,,,,,,,,,,,,,,,,,,,,,,,,,,,,,,,,,,,,,,,,,,,,,,,,,,,,,,,,,,,,,,,,,,,,,,,,,,,,,,,,,,,,,,,,,,,,,,,,,,14.0
,02/12/2025,,Fulham,Man City,4,5,A,1,3,A,,,,,,,,,,,,,,,,,,,,,,,,,,,,,,,,,,,,,,,,,,,,,,,,,,,,,,,,,,,,,,,,,,,,,,,,,,,,,,,,,,,,,,,,,,,,,,,,,,,,,,,,,,,,,,,,,,,,,,,,,,14.0
,02/12/2025,,Newcastle,Tottenham,2,2,D,0,0,D,,,,,,,,,,,,,,,,,,,,,,,,,,,,,,,,,,,,,,,,,,,,,,,,,,,,,,,,,,,,,,,,,,,,,,,,,,,,,,,,,,,,,,,,,,,,,,,,,,,,,,,,,,,,,,,,,,,,,,,,,,14.0
E0,03/12/2025,20:15,Leeds,Chelsea,3,1,H,2,0,H,D England,17.0,14.0,5.0,2.0,10.0,13.0,4.0,2.0,1.0,1.0,0.0,0.0,4.1,4.1,1.8,4.5,3.75,1.8,4.35,3.95,1.79,4.5,3.8,1.75,4.33,3.8,1.78,4.33,3.8,1.8,4.2,3.8,1.75,4.27,4.05,1.8,4.5,4.1,1.8,4.31,3.87,1.78,4.4,4.0,1.87,1.83,2.03,1.85,2.04,1.84,2.03,1.81,1.96,1.88,2.1,0.75,1.83,2.03,1.85,2.07,1.83,2.03,1.8,1.97,1.85,2.13,3.9,3.5,1.95,4.0,3.5,1.95,4.1,3.55,1.92,3.8,3.5,1.95,3.9,3.4,1.98,3.9,3.4,2.0,3.8,3.4,1.95,4.11,3.53,1.99,4.2,3.6,2.0,3.94,3.45,1.95,4.3,3.65,2.02,2.0,1.8,2.09,1.83,2.0,1.92,1.96,1.81,2.08,1.9,0.5,1.88,1.98,1.93,2.0,2.05,1.98,1.89,1.88,1.97,2.02,
E0,03/12/2025,19:30,Brighton,Aston Villa,3,4,A,2,2,D,A Madley,16.0,14.0,7.0,10.0,10.0,9.0,5.0,6.0,2.0,2.0,0.0,0.0,2.15,3.5,3.4,2.15,3.5,3.4,2.16,3.65,3.3,2.15,3.5,3.3,2.15,3.4,3.3,2.15,3.4,3.3,2.15,3.4,3.3,2.18,3.58,3.37,2.17,3.65,3.4,2.15,3.48,3.33,2.22,3.65,3.55,1.88,1.98,1.9,1.99,1.9,2.04,1.82,1.94,1.94,2.04,-0.25,1.85,2.0,1.9,2.01,1.86,2.0,1.83,1.94,1.91,2.06,2.25,3.4,3.2,2.25,3.4,3.25,2.3,3.45,3.15,2.25,3.5,3.13,2.25,3.4,3.1,2.25,3.4,3.1,2.2,3.4,3.1,2.31,3.45,3.27,2.32,3.5,3.33,2.25,3.42,3.17,2.34,3.55,3.35,1.83,2.03,1.91,2.0,1.86,2.03,1.83,1.96,1.91,2.06,-0.25,1.93,1.93,2.0,1.93,1.95,1.93,1.91,1.86,2.02,1.96,
E0,03/12/2025,19:30,Wolves,Nott'm Forest,0,1,A,0,0,D,T Robinson,5.0,10.0,1.0,3.0,19.0,11.0,3.0,9.0,2.0,2.0,0.0,0.0,3.25,3.4,2.25,3.4,3.3,2.25,3.45,3.35,2.23,3.25,3.3,2.25,3.2,3.3,2.2,3.25,3.3,2.25,3.2,3.3,2.2,3.27,3.37,2.32,3.45,3.4,2.3,3.28,3.3,2.24,3.4,3.5,2.36,2.1,1.73,2.17,1.75,2.14,1.75,2.07,1.72,2.2,1.8,0.25,1.9,1.95,1.91,2.0,1.93,1.95,1.88,1.83,1.96,2.02,3.1,3.25,2.38,3.2,3.25,2.38,3.2,3.25,2.4,3.1,3.3,2.3,3.0,3.2,2.37,3.0,3.25,2.37,3.0,3.2,2.37,3.17,3.32,2.44,3.2,3.3,2.4,3.1,3.23,2.37,3.25,3.45,2.44,2.1,1.73,2.18,1.75,2.2,1.73,2.12,1.7,2.26,1.78,0.25,1.8,2.05,1.85,2.09,1.83,2.05,1.79,1.93,1.89,2.1,
,03/12/2025,,Liverpool,Sunderland,1,1,D,0,0,D,,,,,,,,,,,,,,,,,,,,,,,,,,,,,,,,,,,,,,,,,,,,,,,,,,,,,,,,,,,,,,,,,,,,,,,,,,,,,,,,,,,,,,,,,,,,,,,,,,,,,,,,,,,,,,,,,,,,,,,,,,14.0
,03/12/2025,,Leeds United,Chelsea,3,1,H,2,0,H,,,,,,,,,,,,,,,,,,,,,,,,,,,,,,,,,,,,,,,,,,,,,,,,,,,,,,,,,,,,,,,,,,,,,,,,,,,,,,,,,,,,,,,,,,,,,,,,,,,,,,,,,,,,,,,,,,,,,,,,,,14.0
,03/12/2025,,Arsenal,Brentford,2,0,H,1,0,H,,,,,,,,,,,,,,,,,,,,,,,,,,,,,,,,,,,,,,,,,,,,,,,,,,,,,,,,,,,,,,,,,,,,,,,,,,,,,,,,,,,,,,,,,,,,,,,,,,,,,,,,,,,,,,,,,,,,,,,,,,14.0
,03/12/2025,,Burnley,Crystal Palace,0,1,A,0,1,A,,,,,,,,,,,,,,,,,,,,,,,,,,,,,,,,,,,,,,,,,,,,,,,,,,,,,,,,,,,,,,,,,,,,,,,,,,,,,,,,,,,,,,,,,,,,,,,,,,,,,,,,,,,,,,,,,,,,,,,,,,14.0
,03/12/2025,,Brighton Hove,Aston Villa,3,4,A,2,2,D,,,,,,,,,,,,,,,,,,,,,,,,,,,,,,,,,,,,,,,,,,,,,,,,,,,,,,,,,,,,,,,,,,,,,,,,,,,,,,,,,,,,,,,,,,,,,,,,,,,,,,,,,,,,,,,,,,,,,,,,,,14.0
,03/12/2025,,Wolverhampton,Nottingham,0,1,A,0,0,D,,,,,,,,,,,,,,,,,,,,,,,,,,,,,,,,,,,,,,,,,,,,,,,,,,,,,,,,,,,,,,,,,,,,,,,,,,,,,,,,,,,,,,,,,,,,,,,,,,,,,,,,,,,,,,,,,,,,,,,,,,14.0
,04/12/2025,,Man United,West Ham,1,1,D,0,0,D,,,,,,,,,,,,,,,,,,,,,,,,,,,,,,,,,,,,,,,,,,,,,,,,,,,,,,,,,,,,,,,,,,,,,,,,,,,,,,,,,,,,,,,,,,,,,,,,,,,,,,,,,,,,,,,,,,,,,,,,,,14.0
,06/12/2025,,Tottenham,Brentford,2,0,H,2,0,H,,,,,,,,,,,,,,,,,,,,,,,,,,,,,,,,,,,,,,,,,,,,,,,,,,,,,,,,,,,,,,,,,,,,,,,,,,,,,,,,,,,,,,,,,,,,,,,,,,,,,,,,,,,,,,,,,,,,,,,,,,15.0
,06/12/2025,,Leeds United,Liverpool,3,3,D,0,0,D,,,,,,,,,,,,,,,,,,,,,,,,,,,,,,,,,,,,,,,,,,,,,,,,,,,,,,,,,,,,,,,,,,,,,,,,,,,,,,,,,,,,,,,,,,,,,,,,,,,,,,,,,,,,,,,,,,,,,,,,,,15.0
E0,06/12/2025,17:30,Leeds,Liverpool,3,3,D,0,0,D,A Taylor,12.0,16.0,5.0,7.0,14.0,14.0,5.0,4.0,3.0,3.0,0.0,0.0,3.8,4.0,1.85,4.2,3.75,1.83,4.1,4.0,1.82,3.9,3.8,1.85,4.1,3.8,1.82,4.0,3.8,1.83,4.0,3.75,1.83,3.96,3.85,1.91,4.2,4.2,1.91,3.95,3.9,1.84,4.1,4.0,1.95,1.67,2.2,1.7,2.24,1.67,2.3,1.64,2.2,1.7,2.38,0.5,2.0,1.85,1.98,1.92,2.0,1.85,1.94,1.8,2.03,1.95,4.2,4.0,1.75,4.2,3.75,1.83,4.5,3.95,1.77,4.6,3.9,1.73,4.4,3.8,1.77,4.4,3.8,1.75,4.33,3.8,1.75,4.58,4.07,1.76,4.7,4.0,1.83,4.4,3.88,1.76,4.7,4.1,1.81,1.73,2.1,1.79,2.11,1.8,2.1,1.75,2.05,1.83,2.18,0.75,1.85,2.0,1.93,2.0,1.92,2.0,1.84,1.94,1.95,2.04,
E0,06/12/2025,15:00,Everton,Nott'm Forest,3,0,H,2,0,H,C Kavanagh,11.0,7.0,5.0,3.0,17.0,15.0,6.0,3.0,4.0,3.0,0.0,0.0,2.2,3.2,3.5,2.15,3.3,3.6,2.14,3.35,3.6,2.2,3.3,3.4,2.15,3.25,3.5,2.15,3.25,3.5,2.15,3.25,3.5,2.23,3.24,3.63,2.2,3.35,3.65,2.17,3.25,3.52,2.28,3.35,3.75,2.1,1.73,2.19,1.73,2.14,1.73,2.09,1.7,2.26,1.77,-0.25,1.88,1.98,1.9,2.0,1.88,2.0,1.82,1.96,1.94,2.04,2.05,3.25,3.9,2.1,3.4,3.6,2.07,3.25,3.9,2.05,3.4,3.6,2.1,3.25,3.7,2.1,3.25,3.7,2.1,3.2,3.6,2.12,3.37,3.84,2.12,3.4,3.95,2.08,3.28,3.72,2.16,3.4,4.0,2.1,1.73,2.13,1.78,2.18,1.75,2.09,1.72,2.18,1.82,-0.25,1.73,2.08,1.83,2.12,1.76,2.08,1.74,2.04,1.84,2.17,
,06/12/2025,,Bournemouth,Chelsea,0,0,D,0,0,D,,,,,,,,,,,,,,,,,,,,,,,,,,,,,,,,,,,,,,,,,,,,,,,,,,,,,,,,,,,,,,,,,,,,,,,,,,,,,,,,,,,,,,,,,,,,,,,,,,,,,,,,,,,,,,,,,,,,,,,,,,15.0
,06/12/2025,,Everton,Nottingham,3,0,H,2,0,H,,,,,,,,,,,,,,,,,,,,,,,,,,,,,,,,,,,,,,,,,,,,,,,,,,,,,,,,,,,,,,,,,,,,,,,,,,,,,,,,,,,,,,,,,,,,,,,,,,,,,,,,,,,,,,,,,,,,,,,,,,15.0
,06/12/2025,,Man City,Sunderland,3,0,H,2,0,H,,,,,,,,,,,,,,,,,,,,,,,,,,,,,,,,,,,,,,,,,,,,,,,,,,,,,,,,,,,,,,,,,,,,,,,,,,,,,,,,,,,,,,,,,,,,,,,,,,,,,,,,,,,,,,,,,,,,,,,,,,15.0
,06/12/2025,,Aston Villa,Arsenal,2,1,H,1,0,H,,,,,,,,,,,,,,,,,,,,,,,,,,,,,,,,,,,,,,,,,,,,,,,,,,,,,,,,,,,,,,,,,,,,,,,,,,,,,,,,,,,,,,,,,,,,,,,,,,,,,,,,,,,,,,,,,,,,,,,,,,15.0
,06/12/2025,,Newcastle,Burnley,2,1,H,2,0,H,,,,,,,,,,,,,,,,,,,,,,,,,,,,,,,,,,,,,,,,,,,,,,,,,,,,,,,,,,,,,,,,,,,,,,,,,,,,,,,,,,,,,,,,,,,,,,,,,,,,,,,,,,,,,,,,,,,,,,,,,,15.0
,07/12/2025,,Brighton Hove,West Ham,1,1,D,0,0,D,,,,,,,,,,,,,,,,,,,,,,,,,,,,,,,,,,,,,,,,,,,,,,,,,,,,,,,,,,,,,,,,,,,,,,,,,,,,,,,,,,,,,,,,,,,,,,,,,,,,,,,,,,,,,,,,,,,,,,,,,,15.0
,07/12/2025,,Fulham,Crystal Palace,1,2,A,1,1,D,,,,,,,,,,,,,,,,,,,,,,,,,,,,,,,,,,,,,,,,,,,,,,,,,,,,,,,,,,,,,,,,,,,,,,,,,,,,,,,,,,,,,,,,,,,,,,,,,,,,,,,,,,,,,,,,,,,,,,,,,,15.0
E0,07/12/2025,14:00,Brighton,West Ham,1,1,D,0,0,D,S Hooper,22.0,14.0,4.0,5.0,12.0,8.0,10.0,6.0,2.0,2.0,0.0,0.0,1.55,4.33,5.75,1.53,4.33,6.0,1.56,4.35,5.8,1.53,4.4,5.75,1.57,4.4,5.25,1.57,4.4,5.25,1.57,4.33,5.25,1.56,4.52,5.73,1.57,4.5,6.0,1.55,4.32,5.63,1.59,4.7,6.0,1.62,2.3,1.65,2.33,1.64,2.3,1.6,2.27,1.66,2.44,-1.0,1.9,1.95,1.9,2.01,1.9,1.95,1.88,1.9,1.95,2.03,1.6,4.2,5.25,1.6,4.33,5.5,1.6,4.3,5.4,1.6,4.33,5.0,1.6,4.2,5.0,1.6,4.2,5.0,1.6,4.2,5.0,1.63,4.35,5.35,1.62,4.33,5.5,1.6,4.24,5.16,1.65,4.5,5.6,1.62,2.3,1.61,2.41,1.62,2.4,1.58,2.34,1.63,2.54,-1.0,2.03,1.83,2.07,1.87,2.03,1.85,1.96,1.82,2.12,1.87,
,08/12/2025,,Wolverhampton,Man United,1,4,A,1,1,D,,,,,,,,,,,,,,,,,,,,,,,,,,,,,,,,,,,,,,,,,,,,,,,,,,,,,,,,,,,,,,,,,,,,,,,,,,,,,,,,,,,,,,,,,,,,,,,,,,,,,,,,,,,,,,,,,,,,,,,,,,15.0
E0,08/12/2025,20:00,Wolves,Man United,1,4,A,1,1,D,M Salisbury,8.0,27.0,2.0,10.0,17.0,12.0,1.0,9.0,3.0,2.0,0.0,0.0,4.2,4.0,1.75,4.33,3.75,1.8,4.4,4.1,1.76,4.2,3.8,1.75,4.33,3.8,1.78,4.33,3.8,1.8,4.2,3.75,1.8,4.19,4.01,1.83,4.4,4.1,1.8,4.22,3.9,1.77,4.4,4.1,1.82,1.67,2.2,1.72,2.2,1.7,2.2,1.67,2.14,1.76,2.26,0.75,1.85,2.0,1.89,2.01,1.85,2.0,1.82,1.94,1.87,2.12,4.75,4.0,1.67,5.5,4.2,1.62,5.4,4.2,1.62,5.0,4.1,1.65,5.0,4.1,1.63,4.8,4.0,1.67,4.8,4.0,1.65,5.35,4.2,1.65,5.5,4.2,1.67,5.04,4.09,1.64,5.6,4.2,1.7,1.73,2.1,1.75,2.17,1.73,2.25,1.68,2.15,1.77,2.28,0.75,2.0,1.85,2.1,1.84,2.07,1.85,2.02,1.76,2.12,1.85,
,13/12/2025,,Burnley,Fulham,2,3,A,1,2,A,,,,,,,,,,,,,,,,,,,,,,,,,,,,,,,,,,,,,,,,,,,,,,,,,,,,,,,,,,,,,,,,,,,,,,,,,,,,,,,,,,,,,,,,,,,,,,,,,,,,,,,,,,,,,,,,,,,,,,,,,,16.0
,13/12/2025,,Liverpool,Brighton Hove,2,0,H,1,0,H,,,,,,,,,,,,,,,,,,,,,,,,,,,,,,,,,,,,,,,,,,,,,,,,,,,,,,,,,,,,,,,,,,,,,,,,,,,,,,,,,,,,,,,,,,,,,,,,,,,,,,,,,,,,,,,,,,,,,,,,,,16.0
,13/12/2025,,Arsenal,Wolverhampton,2,1,H,0,0,D,,,,,,,,,,,,,,,,,,,,,,,,,,,,,,,,,,,,,,,,,,,,,,,,,,,,,,,,,,,,,,,,,,,,,,,,,,,,,,,,,,,,,,,,,,,,,,,,,,,,,,,,,,,,,,,,,,,,,,,,,,16.0
,13/12/2025,,Chelsea,Everton,2,0,H,2,0,H,,,,,,,,,,,,,,,,,,,,,,,,,,,,,,,,,,,,,,,,,,,,,,,,,,,,,,,,,,,,,,,,,,,,,,,,,,,,,,,,,,,,,,,,,,,,,,,,,,,,,,,,,,,,,,,,,,,,,,,,,,16.0
E0,13/12/2025,20:00,Arsenal,Wolves,2,1,H,0,0,D,R Jones,16.0,3.0,2.0,2.0,7.0,15.0,8.0,0.0,0.0,4.0,0.0,0.0,1.13,8.5,21.0,1.13,8.5,26.0,1.12,9.0,23.0,1.1,9.0,26.0,1.13,9.5,20.0,1.12,9.5,19.0,1.12,9.5,19.0,1.14,8.77,21.15,1.14,9.5,26.0,1.12,8.62,22.31,1.14,10.5,30.0,1.53,2.5,1.51,2.57,1.53,2.65,1.51,2.48,1.57,2.68,-2.25,1.93,1.93,1.96,1.93,1.95,1.94,1.88,1.89,1.99,1.95,1.11,9.0,21.0,1.11,9.0,26.0,1.12,9.5,25.0,1.1,9.5,26.0,1.12,9.5,20.0,1.12,9.5,19.0,1.12,9.5,19.0,1.13,9.55,27.0,1.14,9.5,28.0,1.12,8.9,22.31,1.15,10.0,29.0,1.5,2.63,1.45,2.72,1.5,2.75,1.47,2.61,1.54,2.82,-2.25,1.88,1.98,1.89,2.02,1.9,1.98,1.83,1.94,1.94,2.04,
E0,13/12/2025,15:00,Liverpool,Brighton,2,0,H,1,0,H,C Pawson,18.0,14.0,4.0,1.0,8.0,15.0,2.0,2.0,1.0,2.0,0.0,0.0,1.67,4.0,4.75,1.67,4.2,5.0,1.67,4.3,4.8,1.67,4.2,4.6,1.68,4.2,4.4,1.7,4.2,4.4,1.67,4.2,4.4,1.69,4.32,4.68,1.7,4.3,5.0,1.67,4.17,4.62,1.73,4.4,5.0,1.53,2.5,1.53,2.62,1.53,2.6,1.5,2.48,1.58,2.66,-0.75,1.83,2.03,1.88,2.03,1.83,2.03,1.8,1.96,1.91,2.07,1.75,3.9,4.33,1.73,4.0,4.5,1.75,4.0,4.6,1.75,4.0,4.33,1.72,4.0,4.33,1.73,4.0,4.33,1.73,4.0,4.33,1.8,4.1,4.28,1.76,4.0,4.6,1.74,3.98,4.37,1.82,4.2,4.6,1.62,2.3,1.67,2.32,1.66,2.45,1.58,2.32,1.67,2.46,-0.75,1.98,1.88,2.04,1.89,1.98,1.88,1.92,1.85,2.04,1.95,
,14/12/2025,,Crystal Palace,Man City,0,3,A,0,1,A,,,,,,,,,,,,,,,,,,,,,,,,,,,,,,,,,,,,,,,,,,,,,,,,,,,,,,,,,,,,,,,,,,,,,,,,,,,,,,,,,,,,,,,,,,,,,,,,,,,,,,,,,,,,,,,,,,,,,,,,,,16.0
E0,14/12/2025,16:30,Brentford,Leeds,1,1,D,0,0,D,J Brooks,7.0,18.0,2.0,4.0,8.0,9.0,0.0,3.0,0.0,0.0,0.0,0.0,1.91,3.6,4.0,1.95,3.6,4.0,1.92,3.65,4.0,1.9,3.5,3.8,1.98,3.5,3.75,2.0,3.5,3.75,1.95,3.5,3.7,1.97,3.69,3.89,2.0,3.7,4.0,1.94,3.54,3.85,2.02,3.75,4.1,1.9,1.95,1.92,1.97,1.91,1.95,1.86,1.89,1.95,2.02,-0.5,1.93,1.93,1.98,1.93,1.95,1.93,1.88,1.85,2.02,1.96,2.15,3.3,3.6,2.15,3.3,3.6,2.2,3.2,3.6,2.1,3.4,3.5,2.1,3.2,3.6,2.15,3.2,3.6,2.1,3.2,3.6,2.23,3.33,3.59,2.23,3.4,3.75,2.14,3.25,3.56,2.22,3.4,3.8,2.1,1.73,2.2,1.74,2.2,1.91,2.09,1.71,2.22,1.8,-0.25,1.83,2.03,1.91,2.02,1.85,2.03,1.81,1.96,1.9,2.09,
E0,14/12/2025,14:00,Nott'm Forest,Tottenham,3,0,H,1,0,H,S Barrott,15.0,6.0,6.0,1.0,9.0,13.0,3.0,3.0,1.0,3.0,0.0,0.0,2.55,3.3,2.8,2.5,3.3,2.88,2.6,3.35,2.75,2.5,3.3,2.7,2.55,3.3,2.75,2.5,3.3,2.75,2.5,3.3,2.75,2.6,3.4,2.82,2.63,3.35,2.88,2.55,3.28,2.76,2.7,3.45,2.88,2.03,1.83,2.04,1.85,2.03,1.86,1.95,1.8,2.06,1.91,0.0,1.88,1.98,1.88,2.03,1.88,2.0,1.81,1.94,1.93,2.06,2.7,3.3,2.7,2.63,3.3,2.75,2.65,3.4,2.75,2.63,3.4,2.63,2.6,3.3,2.7,2.6,3.3,2.7,2.6,3.3,2.7,2.75,3.35,2.74,2.7,3.4,2.8,2.62,3.31,2.7,2.82,3.45,2.78,1.91,1.91,1.99,1.92,2.0,1.91,1.92,1.85,2.0,1.96,0.0,1.93,1.93,1.96,1.96,1.93,1.95,1.86,1.89,2.01,1.98,
,14/12/2025,,Nottingham,Tottenham,3,0,H,1,0,H,,,,,,,,,,,,,,,,,,,,,,,,,,,,,,,,,,,,,,,,,,,,,,,,,,,,,,,,,,,,,,,,,,,,,,,,,,,,,,,,,,,,,,,,,,,,,,,,,,,,,,,,,,,,,,,,,,,,,,,,,,16.0
,14/12/2025,,West Ham,Aston Villa,2,3,A,2,1,H,,,,,,,,,,,,,,,,,,,,,,,,,,,,,,,,,,,,,,,,,,,,,,,,,,,,,,,,,,,,,,,,,,,,,,,,,,,,,,,,,,,,,,,,,,,,,,,,,,,,,,,,,,,,,,,,,,,,,,,,,,16.0
,14/12/2025,,Brentford,Leeds United,1,1,D,0,0,D,,,,,,,,,,,,,,,,,,,,,,,,,,,,,,,,,,,,,,,,,,,,,,,,,,,,,,,,,,,,,,,,,,,,,,,,,,,,,,,,,,,,,,,,,,,,,,,,,,,,,,,,,,,,,,,,,,,,,,,,,,16.0
,14/12/2025,,Sunderland,Newcastle,1,0,H,0,0,D,,,,,,,,,,,,,,,,,,,,,,,,,,,,,,,,,,,,,,,,,,,,,,,,,,,,,,,,,,,,,,,,,,,,,,,,,,,,,,,,,,,,,,,,,,,,,,,,,,,,,,,,,,,,,,,,,,,,,,,,,,16.0
,15/12/2025,,Man United,Bournemouth,4,4,D,2,1,H,,,,,,,,,,,,,,,,,,,,,,,,,,,,,,,,,,,,,,,,,,,,,,,,,,,,,,,,,,,,,,,,,,,,,,,,,,,,,,,,,,,,,,,,,,,,,,,,,,,,,,,,,,,,,,,,,,,,,,,,,,16.0
E0,20/12/2025,20:00,Leeds,Crystal Palace,4,1,H,2,0,H,T Bramall,20.0,9.0,8.0,3.0,5.0,10.0,9.0,5.0,1.0,3.0,0.0,0.0,2.6,3.3,2.75,2.63,3.25,2.88,2.65,3.25,2.8,2.6,3.3,2.7,2.55,3.3,2.75,2.5,3.3,2.75,2.5,3.25,2.75,2.66,3.32,2.81,2.7,3.3,2.88,2.6,3.25,2.76,2.76,3.4,2.9,2.1,1.73,2.1,1.79,2.1,1.77,2.05,1.73,2.14,1.86,0.0,1.88,1.98,1.9,2.01,1.88,1.98,1.83,1.93,1.94,2.05,2.88,3.1,2.63,2.88,3.1,2.75,2.85,3.1,2.7,2.88,3.1,2.63,2.8,3.1,2.65,2.8,3.1,2.7,2.8,3.0,2.62,2.93,3.11,2.74,2.88,3.13,2.75,2.83,3.06,2.66,2.98,3.2,2.8,2.38,1.57,2.53,1.57,2.5,1.6,2.35,1.57,2.5,1.66,0.0,2.0,1.85,2.03,1.89,2.0,1.85,1.94,1.82,2.05,1.94,
E0,20/12/2025,15:00,Wolves,Brentford,0,2,A,0,0,D,M Donohue,9.0,7.0,2.0,6.0,12.0,15.0,3.0,4.0,2.0,4.0,0.0,0.0,3.5,3.6,2.05,3.6,3.5,2.1,3.7,3.5,2.06,3.6,3.5,2.05,3.6,3.5,2.05,3.6,3.5,2.05,3.6,3.5,2.0,3.66,3.56,2.08,3.75,3.6,2.1,3.59,3.48,2.05,3.8,3.65,2.12,2.0,1.85,2.05,1.85,2.0,1.91,1.93,1.83,2.06,1.9,0.5,1.8,2.05,1.83,2.09,1.8,2.05,1.75,1.99,1.86,2.12,3.4,3.4,2.1,3.5,3.4,2.2,3.5,3.35,2.18,3.4,3.4,2.15,3.3,3.4,2.15,3.3,3.4,2.15,3.3,3.4,2.15,3.47,3.48,2.21,3.55,3.4,2.2,3.42,3.37,2.15,3.65,3.5,2.26,2.0,1.85,2.05,1.86,2.0,1.86,1.96,1.81,2.1,1.89,0.25,2.03,1.83,2.01,1.91,2.03,1.85,1.95,1.77,2.06,1.93,
,20/12/2025,,Man City,West Ham,3,0,H,2,0,H,,,,,,,,,,,,,,,,,,,,,,,,,,,,,,,,,,,,,,,,,,,,,,,,,,,,,,,,,,,,,,,,,,,,,,,,,,,,,,,,,,,,,,,,,,,,,,,,,,,,,,,,,,,,,,,,,,,,,,,,,,17.0
,20/12/2025,,Wolverhampton,Brentford,0,2,A,0,0,D,,,,,,,,,,,,,,,,,,,,,,,,,,,,,,,,,,,,,,,,,,,,,,,,,,,,,,,,,,,,,,,,,,,,,,,,,,,,,,,,,,,,,,,,,,,,,,,,,,,,,,,,,,,,,,,,,,,,,,,,,,17.0
,20/12/2025,,Tottenham,Liverpool,1,2,A,0,0,D,,,,,,,,,,,,,,,,,,,,,,,,,,,,,,,,,,,,,,,,,,,,,,,,,,,,,,,,,,,,,,,,,,,,,,,,,,,,,,,,,,,,,,,,,,,,,,,,,,,,,,,,,,,,,,,,,,,,,,,,,,17.0
,20/12/2025,,Everton,Arsenal,0,1,A,0,1,A,,,,,,,,,,,,,,,,,,,,,,,,,,,,,,,,,,,,,,,,,,,,,,,,,,,,,,,,,,,,,,,,,,,,,,,,,,,,,,,,,,,,,,,,,,,,,,,,,,,,,,,,,,,,,,,,,,,,,,,,,,17.0
,20/12/2025,,Leeds United,Crystal Palace,4,1,H,2,0,H,,,,,,,,,,,,,,,,,,,,,,,,,,,,,,,,,,,,,,,,,,,,,,,,,,,,,,,,,,,,,,,,,,,,,,,,,,,,,,,,,,,,,,,,,,,,,,,,,,,,,,,,,,,,,,,,,,,,,,,,,,17.0
,20/12/2025,,Newcastle,Chelsea,2,2,D,2,0,H,,,,,,,,,,,,,,,,,,,,,,,,,,,,,,,,,,,,,,,,,,,,,,,,,,,,,,,,,,,,,,,,,,,,,,,,,,,,,,,,,,,,,,,,,,,,,,,,,,,,,,,,,,,,,,,,,,,,,,,,,,17.0
E0,20/12/2025,15:00,Brighton,Sunderland,0,0,D,0,0,D,D England,16.0,14.0,4.0,6.0,11.0,15.0,3.0,4.0,2.0,2.0,0.0,0.0,1.67,4.0,5.25,1.67,4.0,5.5,1.67,4.0,5.2,1.65,3.9,5.25,1.65,4.0,5.0,1.65,4.0,5.0,1.65,4.0,5.0,1.63,4.15,5.5,1.7,4.2,5.5,1.65,3.95,5.16,1.69,4.2,5.7,1.85,2.0,1.86,2.03,1.85,2.02,1.8,1.96,1.87,2.12,-0.75,1.85,2.0,1.81,2.11,1.85,2.05,1.8,1.97,1.87,2.11,1.85,3.7,4.1,1.8,3.75,4.5,1.82,3.6,4.6,1.8,3.7,4.33,1.82,3.7,4.2,1.8,3.7,4.2,1.8,3.7,4.2,1.88,3.63,4.64,1.95,3.8,4.6,1.83,3.65,4.27,1.89,3.75,4.8,1.88,1.98,1.91,2.0,1.88,2.0,1.83,1.94,1.96,2.02,-0.5,1.83,2.03,1.88,2.05,1.91,2.03,1.78,1.96,1.89,2.11,
,20/12/2025,,Brighton Hove,Sunderland,0,0,D,0,0,D,,,,,,,,,,,,,,,,,,,,,,,,,,,,,,,,,,,,,,,,,,,,,,,,,,,,,,,,,,,,,,,,,,,,,,,,,,,,,,,,,,,,,,,,,,,,,,,,,,,,,,,,,,,,,,,,,,,,,,,,,,17.0
,20/12/2025,,Bournemouth,Burnley,1,1,D,0,0,D,,,,,,,,,,,,,,,,,,,,,,,,,,,,,,,,,,,,,,,,,,,,,,,,,,,,,,,,,,,,,,,,,,,,,,,,,,,,,,,,,,,,,,,,,,,,,,,,,,,,,,,,,,,,,,,,,,,,,,,,,,17.0
,21/12/2025,,Aston Villa,Man United,2,1,H,1,1,D,,,,,,,,,,,,,,,,,,,,,,,,,,,,,,,,,,,,,,,,,,,,,,,,,,,,,,,,,,,,,,,,,,,,,,,,,,,,,,,,,,,,,,,,,,,,,,,,,,,,,,,,,,,,,,,,,,,,,,,,,,17.0
E0,22/12/2025,20:00,Fulham,Nott'm Forest,1,0,H,1,0,H,A Taylor,11.0,12.0,1.0,2.0,5.0,9.0,1.0,5.0,5.0,4.0,0.0,0.0,2.4,3.25,3.0,2.4,3.3,3.1,2.48,3.35,2.95,2.38,3.25,2.88,2.37,3.4,2.95,2.37,3.4,2.9,2.37,3.3,2.9,2.51,3.29,3.01,2.5,3.4,3.1,2.42,3.27,2.93,2.58,3.4,3.05,2.05,1.8,2.09,1.81,2.1,1.8,1.99,1.76,2.1,1.85,-0.25,2.1,1.78,2.15,1.78,2.1,1.78,2.06,1.73,2.21,1.81,2.63,3.3,2.75,2.6,3.4,2.8,2.55,3.4,2.8,2.55,3.4,2.7,2.5,3.4,2.75,2.5,3.4,2.75,2.5,3.3,2.75,2.66,3.35,2.83,2.63,3.4,2.85,2.55,3.33,2.75,2.72,3.45,2.88,1.91,1.91,1.94,1.96,1.91,1.96,1.88,1.88,2.0,1.98,0.0,1.88,1.98,1.9,2.03,1.88,1.98,1.84,1.92,1.93,2.05,
,22/12/2025,,Fulham,Nottingham,1,0,H,1,0,H,,,,,,,,,,,,,,,,,,,,,,,,,,,,,,,,,,,,,,,,,,,,,,,,,,,,,,,,,,,,,,,,,,,,,,,,,,,,,,,,,,,,,,,,,,,,,,,,,,,,,,,,,,,,,,,,,,,,,,,,,,17.0
,26/12/2025,,Man United,Newcastle,1,0,H,1,0,H,,,,,,,,,,,,,,,,,,,,,,,,,,,,,,,,,,,,,,,,,,,,,,,,,,,,,,,,,,,,,,,,,,,,,,,,,,,,,,,,,,,,,,,,,,,,,,,,,,,,,,,,,,,,,,,,,,,,,,,,,,18.0
E0,27/12/2025,15:00,Arsenal,Brighton,2,1,H,1,0,H,J Brooks,24.0,8.0,6.0,3.0,7.0,13.0,7.0,2.0,2.0,3.0,0.0,0.0,1.42,4.75,7.0,1.44,4.6,8.0,1.43,4.7,8.0,1.36,4.75,7.5,1.43,4.8,6.75,1.44,4.8,7.0,1.44,4.8,6.5,1.39,5.09,8.08,1.44,5.0,8.0,1.41,4.73,7.34,1.43,5.1,9.0,1.67,2.2,1.66,2.3,1.67,2.25,1.64,2.2,1.74,2.3,-1.25,1.9,1.95,1.89,2.01,1.9,1.95,1.86,1.9,1.91,1.99,1.33,5.5,8.0,1.33,5.5,10.0,1.35,5.3,8.5,1.29,5.75,10.0,1.34,5.75,8.0,1.33,5.75,8.0,1.33,5.5,8.0,1.33,5.65,9.7,1.36,5.75,10.0,1.32,5.45,8.87,1.35,5.9,10.5,1.53,2.5,1.58,2.46,1.55,2.6,1.53,2.45,1.6,2.62,-1.5,1.9,1.95,1.95,1.97,1.91,1.95,1.84,1.87,1.97,2.02,
E0,27/12/2025,12:30,Nott'm Forest,Man City,1,2,A,0,0,D,R Jones,7.0,16.0,2.0,5.0,5.0,13.0,5.0,5.0,1.0,2.0,0.0,0.0,5.0,4.33,1.6,5.5,4.2,1.6,5.6,4.3,1.6,5.25,4.1,1.57,5.0,4.33,1.6,5.0,4.33,1.6,4.8,4.33,1.6,5.26,4.53,1.6,5.6,4.4,1.6,5.21,4.24,1.59,5.8,4.6,1.63,1.67,2.2,1.66,2.31,1.67,2.38,1.62,2.23,1.7,2.38,1.0,1.85,2.0,1.85,2.07,1.87,2.0,1.83,1.94,1.89,2.1,5.0,4.2,1.62,5.5,4.2,1.62,5.6,4.2,1.6,5.25,4.2,1.6,4.6,4.2,1.65,4.6,4.2,1.65,4.6,4.2,1.65,5.55,4.15,1.64,5.6,4.2,1.65,5.17,4.16,1.61,5.8,4.3,1.67,1.62,2.3,1.61,2.43,1.66,2.38,1.6,2.28,1.66,2.5,1.0,1.75,2.05,1.81,2.12,1.87,2.05,1.82,1.96,1.84,2.14,
,27/12/2025,,Chelsea,Aston Villa,1,2,A,1,0,H,,,,,,,,,,,,,,,,,,,,,,,,,,,,,,,,,,,,,,,,,,,,,,,,,,,,,,,,,,,,,,,,,,,,,,,,,,,,,,,,,,,,,,,,,,,,,,,,,,,,,,,,,,,,,,,,,,,,,,,,,,18.0
E0,27/12/2025,15:00,Liverpool,Wolves,2,1,H,2,0,H,S Hooper,14.0,9.0,4.0,4.0,5.0,13.0,6.0,4.0,0.0,1.0,0.0,0.0,1.25,6.5,10.0,1.25,6.5,13.0,1.24,6.5,12.0,1.22,6.0,12.0,1.24,6.75,10.5,1.25,6.5,10.0,1.25,6.5,10.0,1.23,7.02,11.7,1.25,6.75,13.0,1.24,6.31,11.25,1.25,7.6,14.0,1.5,2.63,1.48,2.65,1.5,2.75,1.46,2.62,1.54,2.76,-1.75,1.88,1.98,1.92,1.97,1.88,1.98,1.83,1.94,1.92,2.04,1.22,7.0,11.0,1.25,6.5,12.0,1.23,6.75,13.0,1.22,6.5,12.0,1.25,6.5,9.5,1.25,6.5,9.5,1.25,6.5,9.5,1.25,6.61,11.61,1.26,7.0,13.0,1.24,6.43,11.22,1.26,7.4,13.5,1.44,2.75,1.47,2.73,1.48,2.8,1.45,2.7,1.5,2.98,-1.75,1.88,1.98,1.93,1.97,1.88,2.05,1.81,1.97,1.94,2.04,
,27/12/2025,,West Ham,Fulham,0,1,A,0,0,D,,,,,,,,,,,,,,,,,,,,,,,,,,,,,,,,,,,,,,,,,,,,,,,,,,,,,,,,,,,,,,,,,,,,,,,,,,,,,,,,,,,,,,,,,,,,,,,,,,,,,,,,,,,,,,,,,,,,,,,,,,18.0
,27/12/2025,,Liverpool,Wolverhampton,2,1,H,2,0,H,,,,,,,,,,,,,,,,,,,,,,,,,,,,,,,,,,,,,,,,,,,,,,,,,,,,,,,,,,,,,,,,,,,,,,,,,,,,,,,,,,,,,,,,,,,,,,,,,,,,,,,,,,,,,,,,,,,,,,,,,,18.0
,27/12/2025,,Burnley,Everton,0,0,D,0,0,D,,,,,,,,,,,,,,,,,,,,,,,,,,,,,,,,,,,,,,,,,,,,,,,,,,,,,,,,,,,,,,,,,,,,,,,,,,,,,,,,,,,,,,,,,,,,,,,,,,,,,,,,,,,,,,,,,,,,,,,,,,18.0
,27/12/2025,,Brentford,Bournemouth,4,1,H,2,0,H,,,,,,,,,,,,,,,,,,,,,,,,,,,,,,,,,,,,,,,,,,,,,,,,,,,,,,,,,,,,,,,,,,,,,,,,,,,,,,,,,,,,,,,,,,,,,,,,,,,,,,,,,,,,,,,,,,,,,,,,,,18.0
,27/12/2025,,Arsenal,Brighton Hove,2,1,H,1,0,H,,,,,,,,,,,,,,,,,,,,,,,,,,,,,,,,,,,,,,,,,,,,,,,,,,,,,,,,,,,,,,,,,,,,,,,,,,,,,,,,,,,,,,,,,,,,,,,,,,,,,,,,,,,,,,,,,,,,,,,,,,18.0
,27/12/2025,,Nottingham,Man City,1,2,A,0,0,D,,,,,,,,,,,,,,,,,,,,,,,,,,,,,,,,,,,,,,,,,,,,,,,,,,,,,,,,,,,,,,,,,,,,,,,,,,,,,,,,,,,,,,,,,,,,,,,,,,,,,,,,,,,,,,,,,,,,,,,,,,18.0
E0,28/12/2025,14:00,Sunderland,Leeds,1,1,D,1,0,H,T Harrington,8.0,17.0,3.0,6.0,7.0,9.0,3.0,9.0,1.0,0.0,0.0,0.0,2.5,3.1,2.88,2.63,3.2,2.88,2.7,3.2,2.8,2.55,3.13,2.75,2.5,3.25,2.85,2.5,3.25,2.8,2.5,3.2,2.8,2.63,3.31,2.86,2.7,3.25,2.88,2.56,3.18,2.8,2.68,3.35,2.98,2.2,1.67,2.31,1.66,2.28,1.67,2.19,1.64,2.28,1.74,0.0,1.83,2.03,1.87,2.04,1.85,2.03,1.79,1.96,1.89,2.1,2.9,3.2,2.55,2.88,3.1,2.75,2.88,3.1,2.7,2.88,3.2,2.55,2.75,3.1,2.65,2.75,3.1,2.7,2.75,3.1,2.62,3.01,3.15,2.65,2.9,3.2,2.75,2.84,3.1,2.63,3.0,3.2,2.76,2.38,1.57,2.43,1.6,2.38,1.62,2.31,1.58,2.5,1.65,0.0,2.05,1.8,2.1,1.84,2.05,1.85,1.98,1.78,2.08,1.9,
,28/12/2025,,Sunderland,Leeds United,1,1,D,1,0,H,,,,,,,,,,,,,,,,,,,,,,,,,,,,,,,,,,,,,,,,,,,,,,,,,,,,,,,,,,,,,,,,,,,,,,,,,,,,,,,,,,,,,,,,,,,,,,,,,,,,,,,,,,,,,,,,,,,,,,,,,,18.0
,28/12/2025,,Crystal Palace,Tottenham,0,1,A,0,1,A,,,,,,,,,,,,,,,,,,,,,,,,,,,,,,,,,,,,,,,,,,,,,,,,,,,,,,,,,,,,,,,,,,,,,,,,,,,,,,,,,,,,,,,,,,,,,,,,,,,,,,,,,,,,,,,,,,,,,,,,,,18.0
E0,30/12/2025,19:30,West Ham,Brighton,2,2,D,2,1,H,M Salisbury,10.0,16.0,4.0,6.0,11.0,18.0,5.0,5.0,3.0,5.0,0.0,0.0,3.4,3.75,2.0,3.25,3.6,2.1,3.55,3.7,2.04,3.4,3.7,2.05,3.25,3.6,2.1,3.25,3.6,2.1,3.25,3.6,2.1,3.6,3.82,2.05,3.6,3.75,2.1,3.41,3.67,2.04,3.65,3.9,2.1,1.67,2.2,1.69,2.29,1.67,2.25,1.65,2.19,1.73,2.32,0.5,1.8,2.05,1.88,2.06,1.81,2.05,1.76,1.98,1.89,2.11,3.4,3.7,2.1,3.4,3.6,2.15,3.35,3.75,2.1,3.3,3.6,2.1,3.25,3.6,2.1,3.25,3.6,2.1,3.25,3.6,2.1,3.53,3.65,2.12,3.4,3.75,2.15,3.32,3.59,2.1,3.55,3.75,2.18,1.73,2.1,1.75,2.19,1.75,2.3,1.69,2.13,1.76,2.28,0.25,2.03,1.83,2.09,1.85,2.03,1.83,1.98,1.75,2.09,1.89,
,30/12/2025,,Man United,Wolverhampton,1,1,D,1,1,D,,,,,,,,,,,,,,,,,,,,,,,,,,,,,,,,,,,,,,,,,,,,,,,,,,,,,,,,,,,,,,,,,,,,,,,,,,,,,,,,,,,,,,,,,,,,,,,,,,,,,,,,,,,,,,,,,,,,,,,,,,19.0
E0,30/12/2025,20:15,Man United,Wolves,1,1,D,1,1,D,T Bramall,15.0,11.0,6.0,4.0,9.0,12.0,8.0,4.0,0.0,2.0,0.0,0.0,1.36,5.25,8.0,1.4,5.0,8.5,1.37,5.1,9.0,1.36,5.0,8.0,1.37,5.25,7.5,1.36,5.25,7.5,1.36,5.25,7.5,1.37,5.38,8.33,1.4,5.25,9.0,1.37,5.06,8.09,1.39,5.5,9.4,1.62,2.3,1.62,2.34,1.63,2.4,1.58,2.32,1.66,2.48,-1.25,1.83,2.03,1.85,2.08,1.83,2.08,1.77,2.02,1.88,2.09,1.36,5.25,7.0,1.4,5.0,8.5,1.37,5.2,8.5,1.36,5.0,8.0,1.4,5.0,7.0,1.36,5.0,7.0,1.36,5.0,7.0,1.38,5.4,8.25,1.4,5.25,8.5,1.37,5.04,7.63,1.42,5.4,8.6,1.53,2.5,1.54,2.61,1.57,2.55,1.53,2.45,1.59,2.66,-1.25,1.85,2.0,1.87,2.06,1.85,2.06,1.77,2.01,1.92,2.05,
E0,30/12/2025,19:30,Nott'm Forest,Everton,0,2,A,0,1,A,M Oliver,21.0,11.0,6.0,3.0,11.0,9.0,9.0,2.0,1.0,0.0,0.0,0.0,2.1,3.25,3.7,2.2,3.2,3.75,2.15,3.25,3.75,2.1,3.25,3.7,2.1,3.2,3.7,2.1,3.2,3.7,2.1,3.2,3.6,2.13,3.31,3.88,2.2,3.25,3.8,2.12,3.21,3.7,2.2,3.3,4.0,2.3,1.62,2.4,1.64,2.33,1.62,2.28,1.6,2.42,1.69,-0.25,1.8,2.05,1.83,2.11,1.81,2.05,1.79,1.99,1.87,2.12,1.83,3.5,4.2,1.95,3.4,4.33,1.94,3.35,4.4,1.83,3.5,4.4,1.93,3.4,4.2,1.91,3.4,4.2,1.91,3.3,4.2,1.92,3.49,4.54,1.95,3.5,4.4,1.9,3.37,4.29,1.97,3.6,4.6,2.2,1.67,2.3,1.68,2.3,1.67,2.21,1.65,2.34,1.72,-0.5,1.85,2.0,1.93,2.0,1.91,2.0,1.83,1.89,1.97,2.02,
,30/12/2025,,Arsenal,Aston Villa,4,1,H,0,0,D,,,,,,,,,,,,,,,,,,,,,,,,,,,,,,,,,,,,,,,,,,,,,,,,,,,,,,,,,,,,,,,,,,,,,,,,,,,,,,,,,,,,,,,,,,,,,,,,,,,,,,,,,,,,,,,,,,,,,,,,,,19.0
,30/12/2025,,West Ham,Brighton Hove,2,2,D,2,1,H,,,,,,,,,,,,,,,,,,,,,,,,,,,,,,,,,,,,,,,,,,,,,,,,,,,,,,,,,,,,,,,,,,,,,,,,,,,,,,,,,,,,,,,,,,,,,,,,,,,,,,,,,,,,,,,,,,,,,,,,,,19.0
,30/12/2025,,Nottingham,Everton,0,2,A,0,1,A,,,,,,,,,,,,,,,,,,,,,,,,,,,,,,,,,,,,,,,,,,,,,,,,,,,,,,,,,,,,,,,,,,,,,,,,,,,,,,,,,,,,,,,,,,,,,,,,,,,,,,,,,,,,,,,,,,,,,,,,,,19.0
,30/12/2025,,Chelsea,Bournemouth,2,2,D,2,2,D,,,,,,,,,,,,,,,,,,,,,,,,,,,,,,,,,,,,,,,,,,,,,,,,,,,,,,,,,,,,,,,,,,,,,,,,,,,,,,,,,,,,,,,,,,,,,,,,,,,,,,,,,,,,,,,,,,,,,,,,,,19.0
,30/12/2025,,Burnley,Newcastle,1,3,A,1,2,A,,,,,,,,,,,,,,,,,,,,,,,,,,,,,,,,,,,,,,,,,,,,,,,,,,,,,,,,,,,,,,,,,,,,,,,,,,,,,,,,,,,,,,,,,,,,,,,,,,,,,,,,,,,,,,,,,,,,,,,,,,19.0
E0,01/01/2026,17:30,Liverpool,Leeds,0,0,D,0,0,D,C Kavanagh,19.0,4.0,4.0,2.0,10.0,8.0,8.0,3.0,0.0,2.0,0.0,0.0,1.55,4.5,5.5,1.53,4.5,6.0,1.5,4.6,6.4,1.53,4.4,5.75,1.53,4.5,5.5,1.53,4.5,5.5,1.53,4.4,5.5,1.55,4.45,5.94,1.55,4.6,6.4,1.53,4.41,5.83,1.57,4.7,6.6,1.62,2.3,1.64,2.35,1.62,2.38,1.59,2.29,1.65,2.5,-1.0,1.88,1.98,1.93,1.97,1.91,2.02,1.83,1.95,1.93,2.05,1.48,4.5,6.5,1.5,4.5,7.0,1.48,4.5,6.75,1.45,4.5,7.0,1.49,4.5,6.5,1.48,4.5,6.5,1.48,4.4,6.5,1.48,4.65,7.25,1.5,4.6,7.0,1.47,4.45,6.68,1.51,4.7,7.8,1.73,2.1,1.77,2.15,1.75,2.25,1.69,2.13,1.8,2.22,-1.0,1.75,2.05,1.82,2.13,1.77,2.07,1.74,2.05,1.84,2.16,
,01/01/2026,,Brentford,Tottenham,0,0,D,0,0,D,,,,,,,,,,,,,,,,,,,,,,,,,,,,,,,,,,,,,,,,,,,,,,,,,,,,,,,,,,,,,,,,,,,,,,,,,,,,,,,,,,,,,,,,,,,,,,,,,,,,,,,,,,,,,,,,,,,,,,,,,,19.0
,01/01/2026,,Sunderland,Man City,0,0,D,0,0,D,,,,,,,,,,,,,,,,,,,,,,,,,,,,,,,,,,,,,,,,,,,,,,,,,,,,,,,,,,,,,,,,,,,,,,,,,,,,,,,,,,,,,,,,,,,,,,,,,,,,,,,,,,,,,,,,,,,,,,,,,,19.0
,01/01/2026,,Liverpool,Leeds United,0,0,D,0,0,D,,,,,,,,,,,,,,,,,,,,,,,,,,,,,,,,,,,,,,,,,,,,,,,,,,,,,,,,,,,,,,,,,,,,,,,,,,,,,,,,,,,,,,,,,,,,,,,,,,,,,,,,,,,,,,,,,,,,,,,,,,19.0
,01/01/2026,,Crystal Palace,Fulham,1,1,D,1,0,H,,,,,,,,,,,,,,,,,,,,,,,,,,,,,,,,,,,,,,,,,,,,,,,,,,,,,,,,,,,,,,,,,,,,,,,,,,,,,,,,,,,,,,,,,,,,,,,,,,,,,,,,,,,,,,,,,,,,,,,,,,19.0
,03/01/2026,,Bournemouth,Arsenal,2,3,A,1,1,D,,,,,,,,,,,,,,,,,,,,,,,,,,,,,,,,,,,,,,,,,,,,,,,,,,,,,,,,,,,,,,,,,,,,,,,,,,,,,,,,,,,,,,,,,,,,,,,,,,,,,,,,,,,,,,,,,,,,,,,,,,20.0
,03/01/2026,,Wolverhampton,West Ham,3,0,H,3,0,H,,,,,,,,,,,,,,,,,,,,,,,,,,,,,,,,,,,,,,,,,,,,,,,,,,,,,,,,,,,,,,,,,,,,,,,,,,,,,,,,,,,,,,,,,,,,,,,,,,,,,,,,,,,,,,,,,,,,,,,,,,20.0
,03/01/2026,,Aston Villa,Nottingham,3,1,H,1,0,H,,,,,,,,,,,,,,,,,,,,,,,,,,,,,,,,,,,,,,,,,,,,,,,,,,,,,,,,,,,,,,,,,,,,,,,,,,,,,,,,,,,,,,,,,,,,,,,,,,,,,,,,,,,,,,,,,,,,,,,,,,20.0
,03/01/2026,,Brighton Hove,Burnley,2,0,H,1,0,H,,,,,,,,,,,,,,,,,,,,,,,,,,,,,,,,,,,,,,,,,,,,,,,,,,,,,,,,,,,,,,,,,,,,,,,,,,,,,,,,,,,,,,,,,,,,,,,,,,,,,,,,,,,,,,,,,,,,,,,,,,20.0
E0,03/01/2026,15:00,Wolves,West Ham,3,0,H,3,0,H,P Bankes,11.0,6.0,8.0,0.0,11.0,10.0,6.0,7.0,1.0,0.0,0.0,0.0,2.5,3.3,2.88,2.5,3.4,2.88,2.45,3.4,2.95,2.5,3.4,2.8,2.5,3.4,2.75,2.5,3.4,2.75,2.45,3.4,2.75,2.53,3.44,2.88,2.52,3.5,2.95,2.48,3.37,2.82,2.62,3.45,2.98,1.98,1.88,1.99,1.9,1.98,1.91,1.91,1.85,2.04,1.93,0.0,1.8,2.05,1.83,2.09,1.83,2.05,1.77,1.99,1.87,2.12,2.6,3.4,2.63,2.63,3.4,2.75,2.65,3.3,2.75,2.63,3.5,2.6,2.6,3.4,2.65,2.6,3.4,2.62,2.6,3.4,2.62,2.73,3.4,2.72,2.7,3.5,2.75,2.63,3.36,2.66,2.76,3.55,2.76,1.9,1.95,1.89,2.01,1.96,2.1,1.86,1.91,1.93,2.06,0.0,1.93,1.93,1.96,1.96,1.93,1.93,1.89,1.88,1.97,2.02,
E0,03/01/2026,15:00,Brighton,Burnley,2,0,H,1,0,H,T Robinson,15.0,5.0,4.0,3.0,7.0,17.0,4.0,4.0,0.0,4.0,0.0,0.0,1.48,4.33,7.0,1.5,4.5,7.0,1.49,4.35,7.0,1.5,4.4,6.5,1.49,4.4,6.25,1.5,4.4,6.5,1.5,4.33,6.0,1.5,4.54,6.59,1.5,4.5,7.0,1.49,4.35,6.56,1.51,4.7,7.4,1.73,2.1,1.72,2.21,1.76,2.15,1.7,2.1,1.76,2.26,-1.0,1.75,2.05,1.81,2.1,1.83,2.05,1.77,2.01,1.81,2.18,1.44,4.5,7.0,1.44,4.6,7.5,1.45,4.6,7.5,1.44,4.5,7.0,1.47,4.6,6.25,1.48,4.6,6.5,1.44,4.5,6.5,1.47,4.6,7.55,1.48,4.6,7.5,1.45,4.51,7.0,1.49,4.8,8.2,1.73,2.1,1.74,2.19,1.73,2.28,1.67,2.16,1.74,2.32,-1.25,2.03,1.83,2.08,1.85,2.03,1.9,1.94,1.83,2.12,1.88,
E0,03/01/2026,12:30,Aston Villa,Nott'm Forest,3,1,H,1,0,H,S Hooper,11.0,10.0,4.0,5.0,10.0,20.0,4.0,4.0,1.0,2.0,0.0,0.0,1.75,3.9,4.5,1.8,3.75,4.6,1.77,3.8,4.7,1.73,3.8,4.6,1.77,3.75,4.4,1.75,3.75,4.4,1.75,3.7,4.4,1.76,3.86,4.83,1.8,3.9,4.75,1.76,3.74,4.54,1.8,3.95,5.0,1.8,2.0,1.83,2.05,1.85,2.0,1.8,1.97,1.88,2.1,-0.75,1.98,1.88,1.98,1.93,2.0,1.88,1.94,1.83,2.02,1.94,1.91,3.5,4.0,1.91,3.6,4.2,1.91,3.5,4.35,1.95,3.6,3.8,1.9,3.6,4.0,1.91,3.6,4.0,1.91,3.5,4.0,1.96,3.49,4.29,1.95,3.6,4.4,1.9,3.51,4.1,1.98,3.55,4.6,1.88,1.98,1.93,1.98,1.91,2.0,1.83,1.93,1.94,2.04,-0.5,1.93,1.93,1.97,1.95,1.93,1.95,1.86,1.88,1.97,2.02,
E0,04/01/2026,12:30,Leeds,Man United,1,1,D,0,0,D,J Gillett,11.0,15.0,3.0,2.0,9.0,9.0,6.0,4.0,0.0,1.0,0.0,0.0,2.7,3.3,2.63,2.8,3.4,2.6,2.7,3.5,2.6,2.63,3.5,2.6,2.7,3.5,2.5,2.7,3.5,2.5,2.7,3.5,2.5,2.71,3.57,2.61,2.8,3.5,2.63,2.68,3.44,2.56,2.82,3.6,2.7,1.83,2.03,1.85,2.05,1.85,2.03,1.8,1.96,1.89,2.08,0.0,1.98,1.88,1.99,1.92,1.98,1.88,1.92,1.84,2.03,1.95,2.8,3.2,2.6,2.8,3.3,2.63,2.75,3.35,2.63,2.7,3.4,2.55,2.65,3.3,2.6,2.7,3.3,2.6,2.62,3.3,2.6,2.77,3.4,2.68,2.8,3.4,2.65,2.73,3.3,2.59,2.86,3.5,2.72,2.0,1.8,2.04,1.87,2.0,1.87,1.95,1.82,2.06,1.93,0.0,2.0,1.85,1.99,1.93,2.0,1.87,1.94,1.82,2.05,1.94,
,04/01/2026,,Man City,Chelsea,1,1,D,1,0,H,,,,,,,,,,,,,,,,,,,,,,,,,,,,,,,,,,,,,,,,,,,,,,,,,,,,,,,,,,,,,,,,,,,,,,,,,,,,,,,,,,,,,,,,,,,,,,,,,,,,,,,,,,,,,,,,,,,,,,,,,,20.0
,04/01/2026,,Fulham,Liverpool,2,2,D,1,0,H,,,,,,,,,,,,,,,,,,,,,,,,,,,,,,,,,,,,,,,,,,,,,,,,,,,,,,,,,,,,,,,,,,,,,,,,,,,,,,,,,,,,,,,,,,,,,,,,,,,,,,,,,,,,,,,,,,,,,,,,,,20.0
,04/01/2026,,Tottenham,Sunderland,1,1,D,1,0,H,,,,,,,,,,,,,,,,,,,,,,,,,,,,,,,,,,,,,,,,,,,,,,,,,,,,,,,,,,,,,,,,,,,,,,,,,,,,,,,,,,,,,,,,,,,,,,,,,,,,,,,,,,,,,,,,,,,,,,,,,,20.0
,04/01/2026,,Everton,Brentford,2,4,A,0,1,A,,,,,,,,,,,,,,,,,,,,,,,,,,,,,,,,,,,,,,,,,,,,,,,,,,,,,,,,,,,,,,,,,,,,,,,,,,,,,,,,,,,,,,,,,,,,,,,,,,,,,,,,,,,,,,,,,,,,,,,,,,20.0
,04/01/2026,,Newcastle,Crystal Palace,2,0,H,0,0,D,,,,,,,,,,,,,,,,,,,,,,,,,,,,,,,,,,,,,,,,,,,,,,,,,,,,,,,,,,,,,,,,,,,,,,,,,,,,,,,,,,,,,,,,,,,,,,,,,,,,,,,,,,,,,,,,,,,,,,,,,,20.0
,04/01/2026,,Leeds United,Man United,1,1,D,0,0,D,,,,,,,,,,,,,,,,,,,,,,,,,,,,,,,,,,,,,,,,,,,,,,,,,,,,,,,,,,,,,,,,,,,,,,,,,,,,,,,,,,,,,,,,,,,,,,,,,,,,,,,,,,,,,,,,,,,,,,,,,,20.0
,06/01/2026,,West Ham,Nottingham,1,2,A,1,0,H,,,,,,,,,,,,,,,,,,,,,,,,,,,,,,,,,,,,,,,,,,,,,,,,,,,,,,,,,,,,,,,,,,,,,,,,,,,,,,,,,,,,,,,,,,,,,,,,,,,,,,,,,,,,,,,,,,,,,,,,,,21.0
E0,06/01/2026,20:00,West Ham,Nott'm Forest,1,2,A,1,0,H,T Harrington,14.0,13.0,3.0,5.0,15.0,9.0,6.0,5.0,3.0,0.0,0.0,0.0,2.88,3.25,2.2,3.1,3.4,2.38,3.2,3.35,2.28,3.1,3.4,2.3,3.0,3.4,2.3,3.0,3.4,2.3,3.0,3.3,2.3,3.29,3.37,2.34,3.25,3.4,2.38,3.1,3.33,2.3,3.3,3.5,2.4,1.98,1.88,2.01,1.89,1.98,1.91,1.91,1.86,2.04,1.94,0.25,1.88,1.98,1.92,2.01,1.88,1.98,1.84,1.88,1.92,2.05,2.9,3.5,2.35,3.0,3.4,2.38,2.95,3.4,2.45,2.88,3.5,2.38,2.9,3.4,2.35,2.9,3.4,2.37,2.87,3.4,2.37,3.05,3.5,2.41,3.0,3.5,2.45,2.92,3.39,2.39,3.1,3.6,2.48,1.8,2.0,1.88,2.02,1.91,2.0,1.83,1.93,1.9,2.1,0.25,1.8,2.05,1.85,2.09,1.8,2.06,1.76,1.97,1.86,2.13,
E0,07/01/2026,19:30,Man City,Brighton,1,1,D,1,0,H,T Bramall,22.0,6.0,6.0,3.0,6.0,16.0,6.0,2.0,1.0,6.0,0.0,0.0,1.4,5.25,6.5,1.4,5.0,7.5,1.37,5.3,8.0,1.36,5.25,7.5,1.4,5.25,6.75,1.4,5.25,6.5,1.4,5.25,6.5,1.4,5.43,7.17,1.4,5.5,8.5,1.37,5.23,7.27,1.42,5.7,8.2,1.44,2.75,1.42,2.9,1.44,2.88,1.42,2.76,1.46,3.05,-1.25,1.83,2.03,1.85,2.07,1.83,2.1,1.74,2.04,1.86,2.09,1.5,4.5,5.75,1.5,5.0,6.0,1.49,4.7,6.4,1.5,4.75,5.75,1.49,4.8,5.5,1.5,4.8,5.5,1.48,4.8,5.5,1.53,4.63,6.1,1.55,5.0,6.4,1.5,4.62,5.79,1.55,4.9,6.4,1.44,2.75,1.47,2.77,1.45,2.95,1.43,2.75,1.48,3.0,-1.0,1.8,2.05,1.87,2.06,1.83,2.12,1.75,2.05,1.91,2.08,
E0,07/01/2026,20:15,Newcastle,Leeds,4,3,H,1,2,A,M Salisbury,18.0,14.0,8.0,6.0,11.0,10.0,8.0,4.0,3.0,2.0,0.0,0.0,1.67,3.8,5.0,1.73,3.75,5.0,1.63,4.1,5.5,1.67,3.9,5.0,1.68,3.9,4.8,1.67,3.9,4.8,1.67,3.9,4.8,1.7,3.89,5.19,1.73,4.1,5.5,1.67,3.87,5.02,1.73,4.1,5.6,1.83,2.03,1.81,2.07,1.83,2.04,1.79,1.98,1.86,2.14,-0.75,1.88,1.98,1.9,2.01,1.88,2.02,1.81,1.96,1.92,2.06,1.6,3.9,6.0,1.62,4.0,6.0,1.63,4.0,5.6,1.57,3.9,6.0,1.63,4.0,5.25,1.61,4.0,5.25,1.61,3.9,5.25,1.65,4.04,5.57,1.64,4.0,6.0,1.61,3.94,5.56,1.67,4.1,6.0,1.8,2.0,1.85,2.07,1.83,2.06,1.78,1.99,1.89,2.1,-0.75,1.75,2.05,1.84,2.1,1.78,2.05,1.74,2.04,1.86,2.14,
E0,07/01/2026,19:30,Everton,Wolves,1,1,D,1,0,H,T Kirk,13.0,13.0,2.0,4.0,13.0,15.0,2.0,7.0,1.0,3.0,2.0,0.0,1.75,3.5,5.0,1.8,3.6,5.0,1.74,3.65,5.2,1.75,3.6,4.8,1.77,3.6,4.6,1.75,3.6,4.6,1.75,3.6,4.6,1.79,3.57,5.06,1.8,3.65,5.25,1.76,3.55,4.85,1.82,3.7,5.4,2.1,1.73,2.12,1.77,2.12,1.75,2.05,1.73,2.2,1.8,-0.75,2.03,1.83,2.05,1.86,2.03,1.86,1.95,1.82,2.07,1.9,1.85,3.5,4.33,1.83,3.5,4.6,1.79,3.55,4.9,1.85,3.4,4.5,1.82,3.5,4.5,1.83,3.5,4.5,1.8,3.5,4.5,1.89,3.52,4.6,1.91,3.55,5.0,1.84,3.46,4.51,1.91,3.65,4.8,2.05,1.8,2.06,1.85,2.1,1.86,2.01,1.77,2.1,1.89,-0.5,1.85,2.0,1.9,2.02,1.95,2.0,1.82,1.92,1.91,2.08,
,07/01/2026,,Newcastle,Leeds United,4,3,H,1,2,A,,,,,,,,,,,,,,,,,,,,,,,,,,,,,,,,,,,,,,,,,,,,,,,,,,,,,,,,,,,,,,,,,,,,,,,,,,,,,,,,,,,,,,,,,,,,,,,,,,,,,,,,,,,,,,,,,,,,,,,,,,21.0
,07/01/2026,,Burnley,Man United,2,2,D,1,0,H,,,,,,,,,,,,,,,,,,,,,,,,,,,,,,,,,,,,,,,,,,,,,,,,,,,,,,,,,,,,,,,,,,,,,,,,,,,,,,,,,,,,,,,,,,,,,,,,,,,,,,,,,,,,,,,,,,,,,,,,,,21.0
,07/01/2026,,Man City,Brighton Hove,1,1,D,1,0,H,,,,,,,,,,,,,,,,,,,,,,,,,,,,,,,,,,,,,,,,,,,,,,,,,,,,,,,,,,,,,,,,,,,,,,,,,,,,,,,,,,,,,,,,,,,,,,,,,,,,,,,,,,,,,,,,,,,,,,,,,,21.0
,07/01/2026,,Fulham,Chelsea,2,1,H,0,0,D,,,,,,,,,,,,,,,,,,,,,,,,,,,,,,,,,,,,,,,,,,,,,,,,,,,,,,,,,,,,,,,,,,,,,,,,,,,,,,,,,,,,,,,,,,,,,,,,,,,,,,,,,,,,,,,,,,,,,,,,,,21.0
,07/01/2026,,Everton,Wolverhampton,1,1,D,1,0,H,,,,,,,,,,,,,,,,,,,,,,,,,,,,,,,,,,,,,,,,,,,,,,,,,,,,,,,,,,,,,,,,,,,,,,,,,,,,,,,,,,,,,,,,,,,,,,,,,,,,,,,,,,,,,,,,,,,,,,,,,,21.0
,07/01/2026,,Brentford,Sunderland,3,0,H,1,0,H,,,,,,,,,,,,,,,,,,,,,,,,,,,,,,,,,,,,,,,,,,,,,,,,,,,,,,,,,,,,,,,,,,,,,,,,,,,,,,,,,,,,,,,,,,,,,,,,,,,,,,,,,,,,,,,,,,,,,,,,,,21.0
,07/01/2026,,Crystal Palace,Aston Villa,0,0,D,0,0,D,,,,,,,,,,,,,,,,,,,,,,,,,,,,,,,,,,,,,,,,,,,,,,,,,,,,,,,,,,,,,,,,,,,,,,,,,,,,,,,,,,,,,,,,,,,,,,,,,,,,,,,,,,,,,,,,,,,,,,,,,,21.0
,07/01/2026,,Bournemouth,Tottenham,3,2,H,2,1,H,,,,,,,,,,,,,,,,,,,,,,,,,,,,,,,,,,,,,,,,,,,,,,,,,,,,,,,,,,,,,,,,,,,,,,,,,,,,,,,,,,,,,,,,,,,,,,,,,,,,,,,,,,,,,,,,,,,,,,,,,,21.0
,08/01/2026,,Arsenal,Liverpool,0,0,D,0,0,D,,,,,,,,,,,,,,,,,,,,,,,,,,,,,,,,,,,,,,,,,,,,,,,,,,,,,,,,,,,,,,,,,,,,,,,,,,,,,,,,,,,,,,,,,,,,,,,,,,,,,,,,,,,,,,,,,,,,,,,,,,21.0
,17/01/2026,,Chelsea,Brentford,2,0,H,1,0,H,,,,,,,,,,,,,,,,,,,,,,,,,,,,,,,,,,,,,,,,,,,,,,,,,,,,,,,,,,,,,,,,,,,,,,,,,,,,,,,,,,,,,,,,,,,,,,,,,,,,,,,,,,,,,,,,,,,,,,,,,,22.0
,17/01/2026,,Leeds United,Fulham,1,0,H,0,0,D,,,,,,,,,,,,,,,,,,,,,,,,,,,,,,,,,,,,,,,,,,,,,,,,,,,,,,,,,,,,,,,,,,,,,,,,,,,,,,,,,,,,,,,,,,,,,,,,,,,,,,,,,,,,,,,,,,,,,,,,,,22.0
,17/01/2026,,Liverpool,Burnley,1,1,D,1,0,H,,,,,,,,,,,,,,,,,,,,,,,,,,,,,,,,,,,,,,,,,,,,,,,,,,,,,,,,,,,,,,,,,,,,,,,,,,,,,,,,,,,,,,,,,,,,,,,,,,,,,,,,,,,,,,,,,,,,,,,,,,22.0
,17/01/2026,,Nottingham,Arsenal,0,0,D,0,0,D,,,,,,,,,,,,,,,,,,,,,,,,,,,,,,,,,,,,,,,,,,,,,,,,,,,,,,,,,,,,,,,,,,,,,,,,,,,,,,,,,,,,,,,,,,,,,,,,,,,,,,,,,,,,,,,,,,,,,,,,,,22.0
,17/01/2026,,Tottenham,West Ham,1,2,A,0,1,A,,,,,,,,,,,,,,,,,,,,,,,,,,,,,,,,,,,,,,,,,,,,,,,,,,,,,,,,,,,,,,,,,,,,,,,,,,,,,,,,,,,,,,,,,,,,,,,,,,,,,,,,,,,,,,,,,,,,,,,,,,22.0
,17/01/2026,,Man United,Man City,2,0,H,0,0,D,,,,,,,,,,,,,,,,,,,,,,,,,,,,,,,,,,,,,,,,,,,,,,,,,,,,,,,,,,,,,,,,,,,,,,,,,,,,,,,,,,,,,,,,,,,,,,,,,,,,,,,,,,,,,,,,,,,,,,,,,,22.0
,17/01/2026,,Sunderland,Crystal Palace,2,1,H,1,1,D,,,,,,,,,,,,,,,,,,,,,,,,,,,,,,,,,,,,,,,,,,,,,,,,,,,,,,,,,,,,,,,,,,,,,,,,,,,,,,,,,,,,,,,,,,,,,,,,,,,,,,,,,,,,,,,,,,,,,,,,,,22.0
,18/01/2026,,Wolverhampton,Newcastle,0,0,D,0,0,D,,,,,,,,,,,,,,,,,,,,,,,,,,,,,,,,,,,,,,,,,,,,,,,,,,,,,,,,,,,,,,,,,,,,,,,,,,,,,,,,,,,,,,,,,,,,,,,,,,,,,,,,,,,,,,,,,,,,,,,,,,22.0
,18/01/2026,,Aston Villa,Everton,0,1,A,0,0,D,,,,,,,,,,,,,,,,,,,,,,,,,,,,,,,,,,,,,,,,,,,,,,,,,,,,,,,,,,,,,,,,,,,,,,,,,,,,,,,,,,,,,,,,,,,,,,,,,,,,,,,,,,,,,,,,,,,,,,,,,,22.0
,19/01/2026,,Brighton Hove,Bournemouth,1,1,D,0,1,A,,,,,,,,,,,,,,,,,,,,,,,,,,,,,,,,,,,,,,,,,,,,,,,,,,,,,,,,,,,,,,,,,,,,,,,,,,,,,,,,,,,,,,,,,,,,,,,,,,,,,,,,,,,,,,,,,,,,,,,,,,22.0
,24/01/2026,,Bournemouth,Liverpool,3,2,H,2,1,H,,,,,,,,,,,,,,,,,,,,,,,,,,,,,,,,,,,,,,,,,,,,,,,,,,,,,,,,,,,,,,,,,,,,,,,,,,,,,,,,,,,,,,,,,,,,,,,,,,,,,,,,,,,,,,,,,,,,,,,,,,23.0
,24/01/2026,,Man City,Wolverhampton,2,0,H,2,0,H,,,,,,,,,,,,,,,,,,,,,,,,,,,,,,,,,,,,,,,,,,,,,,,,,,,,,,,,,,,,,,,,,,,,,,,,,,,,,,,,,,,,,,,,,,,,,,,,,,,,,,,,,,,,,,,,,,,,,,,,,,23.0
,24/01/2026,,Fulham,Brighton Hove,2,1,H,0,1,A,,,,,,,,,,,,,,,,,,,,,,,,,,,,,,,,,,,,,,,,,,,,,,,,,,,,,,,,,,,,,,,,,,,,,,,,,,,,,,,,,,,,,,,,,,,,,,,,,,,,,,,,,,,,,,,,,,,,,,,,,,23.0
,24/01/2026,,Burnley,Tottenham,2,2,D,1,1,D,,,,,,,,,,,,,,,,,,,,,,,,,,,,,,,,,,,,,,,,,,,,,,,,,,,,,,,,,,,,,,,,,,,,,,,,,,,,,,,,,,,,,,,,,,,,,,,,,,,,,,,,,,,,,,,,,,,,,,,,,,23.0
,24/01/2026,,West Ham,Sunderland,3,1,H,3,0,H,,,,,,,,,,,,,,,,,,,,,,,,,,,,,,,,,,,,,,,,,,,,,,,,,,,,,,,,,,,,,,,,,,,,,,,,,,,,,,,,,,,,,,,,,,,,,,,,,,,,,,,,,,,,,,,,,,,,,,,,,,23.0
,25/01/2026,,Arsenal,Man United,2,3,A,1,1,D,,,,,,,,,,,,,,,,,,,,,,,,,,,,,,,,,,,,,,,,,,,,,,,,,,,,,,,,,,,,,,,,,,,,,,,,,,,,,,,,,,,,,,,,,,,,,,,,,,,,,,,,,,,,,,,,,,,,,,,,,,23.0
,25/01/2026,,Newcastle,Aston Villa,0,2,A,0,1,A,,,,,,,,,,,,,,,,,,,,,,,,,,,,,,,,,,,,,,,,,,,,,,,,,,,,,,,,,,,,,,,,,,,,,,,,,,,,,,,,,,,,,,,,,,,,,,,,,,,,,,,,,,,,,,,,,,,,,,,,,,23.0
,25/01/2026,,Brentford,Nottingham,0,2,A,0,1,A,,,,,,,,,,,,,,,,,,,,,,,,,,,,,,,,,,,,,,,,,,,,,,,,,,,,,,,,,,,,,,,,,,,,,,,,,,,,,,,,,,,,,,,,,,,,,,,,,,,,,,,,,,,,,,,,,,,,,,,,,,23.0
,25/01/2026,,Crystal Palace,Chelsea,1,3,A,0,1,A,,,,,,,,,,,,,,,,,,,,,,,,,,,,,,,,,,,,,,,,,,,,,,,,,,,,,,,,,,,,,,,,,,,,,,,,,,,,,,,,,,,,,,,,,,,,,,,,,,,,,,,,,,,,,,,,,,,,,,,,,,23.0
,26/01/2026,,Everton,Leeds United,1,1,D,0,1,A,,,,,,,,,,,,,,,,,,,,,,,,,,,,,,,,,,,,,,,,,,,,,,,,,,,,,,,,,,,,,,,,,,,,,,,,,,,,,,,,,,,,,,,,,,,,,,,,,,,,,,,,,,,,,,,,,,,,,,,,,,23.0
,31/01/2026,,Brighton Hove,Everton,1,1,D,0,0,D,,,,,,,,,,,,,,,,,,,,,,,,,,,,,,,,,,,,,,,,,,,,,,,,,,,,,,,,,,,,,,,,,,,,,,,,,,,,,,,,,,,,,,,,,,,,,,,,,,,,,,,,,,,,,,,,,,,,,,,,,,24.0
,31/01/2026,,Wolverhampton,Bournemouth,0,2,A,0,1,A,,,,,,,,,,,,,,,,,,,,,,,,,,,,,,,,,,,,,,,,,,,,,,,,,,,,,,,,,,,,,,,,,,,,,,,,,,,,,,,,,,,,,,,,,,,,,,,,,,,,,,,,,,,,,,,,,,,,,,,,,,24.0
,31/01/2026,,Chelsea,West Ham,3,2,H,0,2,A,,,,,,,,,,,,,,,,,,,,,,,,,,,,,,,,,,,,,,,,,,,,,,,,,,,,,,,,,,,,,,,,,,,,,,,,,,,,,,,,,,,,,,,,,,,,,,,,,,,,,,,,,,,,,,,,,,,,,,,,,,24.0
,31/01/2026,,Liverpool,Newcastle,4,1,H,2,1,H,,,,,,,,,,,,,,,,,,,,,,,,,,,,,,,,,,,,,,,,,,,,,,,,,,,,,,,,,,,,,,,,,,,,,,,,,,,,,,,,,,,,,,,,,,,,,,,,,,,,,,,,,,,,,,,,,,,,,,,,,,24.0
,31/01/2026,,Leeds United,Arsenal,0,4,A,0,2,A,,,,,,,,,,,,,,,,,,,,,,,,,,,,,,,,,,,,,,,,,,,,,,,,,,,,,,,,,,,,,,,,,,,,,,,,,,,,,,,,,,,,,,,,,,,,,,,,,,,,,,,,,,,,,,,,,,,,,,,,,,24.0
,01/02/2026,,Nottingham,Crystal Palace,1,1,D,1,1,D,,,,,,,,,,,,,,,,,,,,,,,,,,,,,,,,,,,,,,,,,,,,,,,,,,,,,,,,,,,,,,,,,,,,,,,,,,,,,,,,,,,,,,,,,,,,,,,,,,,,,,,,,,,,,,,,,,,,,,,,,,24.0
,01/02/2026,,Man United,Fulham,3,2,H,1,0,H,,,,,,,,,,,,,,,,,,,,,,,,,,,,,,,,,,,,,,,,,,,,,,,,,,,,,,,,,,,,,,,,,,,,,,,,,,,,,,,,,,,,,,,,,,,,,,,,,,,,,,,,,,,,,,,,,,,,,,,,,,24.0
,01/02/2026,,Aston Villa,Brentford,0,1,A,0,1,A,,,,,,,,,,,,,,,,,,,,,,,,,,,,,,,,,,,,,,,,,,,,,,,,,,,,,,,,,,,,,,,,,,,,,,,,,,,,,,,,,,,,,,,,,,,,,,,,,,,,,,,,,,,,,,,,,,,,,,,,,,24.0
,01/02/2026,,Tottenham,Man City,2,2,D,0,2,A,,,,,,,,,,,,,,,,,,,,,,,,,,,,,,,,,,,,,,,,,,,,,,,,,,,,,,,,,,,,,,,,,,,,,,,,,,,,,,,,,,,,,,,,,,,,,,,,,,,,,,,,,,,,,,,,,,,,,,,,,,24.0
,02/02/2026,,Sunderland,Burnley,3,0,H,2,0,H,,,,,,,,,,,,,,,,,,,,,,,,,,,,,,,,,,,,,,,,,,,,,,,,,,,,,,,,,,,,,,,,,,,,,,,,,,,,,,,,,,,,,,,,,,,,,,,,,,,,,,,,,,,,,,,,,,,,,,,,,,24.0
,06/02/2026,,Leeds United,Nottingham,3,1,H,2,0,H,,,,,,,,,,,,,,,,,,,,,,,,,,,,,,,,,,,,,,,,,,,,,,,,,,,,,,,,,,,,,,,,,,,,,,,,,,,,,,,,,,,,,,,,,,,,,,,,,,,,,,,,,,,,,,,,,,,,,,,,,,25.0
,07/02/2026,,Bournemouth,Aston Villa,1,1,D,0,1,A,,,,,,,,,,,,,,,,,,,,,,,,,,,,,,,,,,,,,,,,,,,,,,,,,,,,,,,,,,,,,,,,,,,,,,,,,,,,,,,,,,,,,,,,,,,,,,,,,,,,,,,,,,,,,,,,,,,,,,,,,,25.0
,07/02/2026,,Newcastle,Brentford,2,3,A,1,2,A,,,,,,,,,,,,,,,,,,,,,,,,,,,,,,,,,,,,,,,,,,,,,,,,,,,,,,,,,,,,,,,,,,,,,,,,,,,,,,,,,,,,,,,,,,,,,,,,,,,,,,,,,,,,,,,,,,,,,,,,,,25.0
,07/02/2026,,Wolverhampton,Chelsea,1,3,A,0,3,A,,,,,,,,,,,,,,,,,,,,,,,,,,,,,,,,,,,,,,,,,,,,,,,,,,,,,,,,,,,,,,,,,,,,,,,,,,,,,,,,,,,,,,,,,,,,,,,,,,,,,,,,,,,,,,,,,,,,,,,,,,25.0
,07/02/2026,,Fulham,Everton,1,2,A,1,0,H,,,,,,,,,,,,,,,,,,,,,,,,,,,,,,,,,,,,,,,,,,,,,,,,,,,,,,,,,,,,,,,,,,,,,,,,,,,,,,,,,,,,,,,,,,,,,,,,,,,,,,,,,,,,,,,,,,,,,,,,,,25.0
,07/02/2026,,Burnley,West Ham,0,2,A,0,2,A,,,,,,,,,,,,,,,,,,,,,,,,,,,,,,,,,,,,,,,,,,,,,,,,,,,,,,,,,,,,,,,,,,,,,,,,,,,,,,,,,,,,,,,,,,,,,,,,,,,,,,,,,,,,,,,,,,,,,,,,,,25.0
,07/02/2026,,Man United,Tottenham,2,0,H,1,0,H,,,,,,,,,,,,,,,,,,,,,,,,,,,,,,,,,,,,,,,,,,,,,,,,,,,,,,,,,,,,,,,,,,,,,,,,,,,,,,,,,,,,,,,,,,,,,,,,,,,,,,,,,,,,,,,,,,,,,,,,,,25.0
,07/02/2026,,Arsenal,Sunderland,3,0,H,1,0,H,,,,,,,,,,,,,,,,,,,,,,,,,,,,,,,,,,,,,,,,,,,,,,,,,,,,,,,,,,,,,,,,,,,,,,,,,,,,,,,,,,,,,,,,,,,,,,,,,,,,,,,,,,,,,,,,,,,,,,,,,,25.0
,08/02/2026,,Brighton Hove,Crystal Palace,0,1,A,0,0,D,,,,,,,,,,,,,,,,,,,,,,,,,,,,,,,,,,,,,,,,,,,,,,,,,,,,,,,,,,,,,,,,,,,,,,,,,,,,,,,,,,,,,,,,,,,,,,,,,,,,,,,,,,,,,,,,,,,,,,,,,,25.0
,08/02/2026,,Liverpool,Man City,1,2,A,0,0,D,,,,,,,,,,,,,,,,,,,,,,,,,,,,,,,,,,,,,,,,,,,,,,,,,,,,,,,,,,,,,,,,,,,,,,,,,,,,,,,,,,,,,,,,,,,,,,,,,,,,,,,,,,,,,,,,,,,,,,,,,,25.0
,10/02/2026,,West Ham,Man United,1,1,D,0,0,D,,,,,,,,,,,,,,,,,,,,,,,,,,,,,,,,,,,,,,,,,,,,,,,,,,,,,,,,,,,,,,,,,,,,,,,,,,,,,,,,,,,,,,,,,,,,,,,,,,,,,,,,,,,,,,,,,,,,,,,,,,26.0
,10/02/2026,,Tottenham,Newcastle,1,2,A,0,1,A,,,,,,,,,,,,,,,,,,,,,,,,,,,,,,,,,,,,,,,,,,,,,,,,,,,,,,,,,,,,,,,,,,,,,,,,,,,,,,,,,,,,,,,,,,,,,,,,,,,,,,,,,,,,,,,,,,,,,,,,,,26.0
,10/02/2026,,Everton,Bournemouth,1,2,A,1,0,H,,,,,,,,,,,,,,,,,,,,,,,,,,,,,,,,,,,,,,,,,,,,,,,,,,,,,,,,,,,,,,,,,,,,,,,,,,,,,,,,,,,,,,,,,,,,,,,,,,,,,,,,,,,,,,,,,,,,,,,,,,26.0
,10/02/2026,,Chelsea,Leeds United,2,2,D,1,0,H,,,,,,,,,,,,,,,,,,,,,,,,,,,,,,,,,,,,,,,,,,,,,,,,,,,,,,,,,,,,,,,,,,,,,,,,,,,,,,,,,,,,,,,,,,,,,,,,,,,,,,,,,,,,,,,,,,,,,,,,,,26.0
,11/02/2026,,Crystal Palace,Burnley,2,3,A,2,3,A,,,,,,,,,,,,,,,,,,,,,,,,,,,,,,,,,,,,,,,,,,,,,,,,,,,,,,,,,,,,,,,,,,,,,,,,,,,,,,,,,,,,,,,,,,,,,,,,,,,,,,,,,,,,,,,,,,,,,,,,,,26.0
,11/02/2026,,Sunderland,Liverpool,0,1,A,0,0,D,,,,,,,,,,,,,,,,,,,,,,,,,,,,,,,,,,,,,,,,,,,,,,,,,,,,,,,,,,,,,,,,,,,,,,,,,,,,,,,,,,,,,,,,,,,,,,,,,,,,,,,,,,,,,,,,,,,,,,,,,,26.0
,11/02/2026,,Man City,Fulham,3,0,H,3,0,H,,,,,,,,,,,,,,,,,,,,,,,,,,,,,,,,,,,,,,,,,,,,,,,,,,,,,,,,,,,,,,,,,,,,,,,,,,,,,,,,,,,,,,,,,,,,,,,,,,,,,,,,,,,,,,,,,,,,,,,,,,26.0
,11/02/2026,,Aston Villa,Brighton Hove,1,0,H,0,0,D,,,,,,,,,,,,,,,,,,,,,,,,,,,,,,,,,,,,,,,,,,,,,,,,,,,,,,,,,,,,,,,,,,,,,,,,,,,,,,,,,,,,,,,,,,,,,,,,,,,,,,,,,,,,,,,,,,,,,,,,,,26.0
,11/02/2026,,Nottingham,Wolverhampton,0,0,D,0,0,D,,,,,,,,,,,,,,,,,,,,,,,,,,,,,,,,,,,,,,,,,,,,,,,,,,,,,,,,,,,,,,,,,,,,,,,,,,,,,,,,,,,,,,,,,,,,,,,,,,,,,,,,,,,,,,,,,,,,,,,,,,26.0
,12/02/2026,,Brentford,Arsenal,1,1,D,0,0,D,,,,,,,,,,,,,,,,,,,,,,,,,,,,,,,,,,,,,,,,,,,,,,,,,,,,,,,,,,,,,,,,,,,,,,,,,,,,,,,,,,,,,,,,,,,,,,,,,,,,,,,,,,,,,,,,,,,,,,,,,,26.0
,18/02/2026,,Wolverhampton,Arsenal,2,2,D,0,1,A,,,,,,,,,,,,,,,,,,,,,,,,,,,,,,,,,,,,,,,,,,,,,,,,,,,,,,,,,,,,,,,,,,,,,,,,,,,,,,,,,,,,,,,,,,,,,,,,,,,,,,,,,,,,,,,,,,,,,,,,,,31.0
,21/02/2026,,Chelsea,Burnley,1,1,D,1,0,H,,,,,,,,,,,,,,,,,,,,,,,,,,,,,,,,,,,,,,,,,,,,,,,,,,,,,,,,,,,,,,,,,,,,,,,,,,,,,,,,,,,,,,,,,,,,,,,,,,,,,,,,,,,,,,,,,,,,,,,,,,27.0
,21/02/2026,,West Ham,Bournemouth,0,0,D,0,0,D,,,,,,,,,,,,,,,,,,,,,,,,,,,,,,,,,,,,,,,,,,,,,,,,,,,,,,,,,,,,,,,,,,,,,,,,,,,,,,,,,,,,,,,,,,,,,,,,,,,,,,,,,,,,,,,,,,,,,,,,,,27.0
,21/02/2026,,Man City,Newcastle,2,1,H,2,1,H,,,,,,,,,,,,,,,,,,,,,,,,,,,,,,,,,,,,,,,,,,,,,,,,,,,,,,,,,,,,,,,,,,,,,,,,,,,,,,,,,,,,,,,,,,,,,,,,,,,,,,,,,,,,,,,,,,,,,,,,,,27.0
,21/02/2026,,Brentford,Brighton Hove,0,2,A,0,2,A,,,,,,,,,,,,,,,,,,,,,,,,,,,,,,,,,,,,,,,,,,,,,,,,,,,,,,,,,,,,,,,,,,,,,,,,,,,,,,,,,,,,,,,,,,,,,,,,,,,,,,,,,,,,,,,,,,,,,,,,,,27.0
,21/02/2026,,Aston Villa,Leeds United,1,1,D,0,1,A,,,,,,,,,,,,,,,,,,,,,,,,,,,,,,,,,,,,,,,,,,,,,,,,,,,,,,,,,,,,,,,,,,,,,,,,,,,,,,,,,,,,,,,,,,,,,,,,,,,,,,,,,,,,,,,,,,,,,,,,,,27.0
,22/02/2026,,Nottingham,Liverpool,0,1,A,0,0,D,,,,,,,,,,,,,,,,,,,,,,,,,,,,,,,,,,,,,,,,,,,,,,,,,,,,,,,,,,,,,,,,,,,,,,,,,,,,,,,,,,,,,,,,,,,,,,,,,,,,,,,,,,,,,,,,,,,,,,,,,,27.0
,22/02/2026,,Crystal Palace,Wolverhampton,1,0,H,0,0,D,,,,,,,,,,,,,,,,,,,,,,,,,,,,,,,,,,,,,,,,,,,,,,,,,,,,,,,,,,,,,,,,,,,,,,,,,,,,,,,,,,,,,,,,,,,,,,,,,,,,,,,,,,,,,,,,,,,,,,,,,,27.0
,22/02/2026,,Sunderland,Fulham,1,3,A,0,0,D,,,,,,,,,,,,,,,,,,,,,,,,,,,,,,,,,,,,,,,,,,,,,,,,,,,,,,,,,,,,,,,,,,,,,,,,,,,,,,,,,,,,,,,,,,,,,,,,,,,,,,,,,,,,,,,,,,,,,,,,,,27.0
,22/02/2026,,Tottenham,Arsenal,1,4,A,1,1,D,,,,,,,,,,,,,,,,,,,,,,,,,,,,,,,,,,,,,,,,,,,,,,,,,,,,,,,,,,,,,,,,,,,,,,,,,,,,,,,,,,,,,,,,,,,,,,,,,,,,,,,,,,,,,,,,,,,,,,,,,,27.0
,23/02/2026,,Everton,Man United,0,1,A,0,0,D,,,,,,,,,,,,,,,,,,,,,,,,,,,,,,,,,,,,,,,,,,,,,,,,,,,,,,,,,,,,,,,,,,,,,,,,,,,,,,,,,,,,,,,,,,,,,,,,,,,,,,,,,,,,,,,,,,,,,,,,,,27.0
,27/02/2026,,Wolverhampton,Aston Villa,2,0,H,0,0,D,,,,,,,,,,,,,,,,,,,,,,,,,,,,,,,,,,,,,,,,,,,,,,,,,,,,,,,,,,,,,,,,,,,,,,,,,,,,,,,,,,,,,,,,,,,,,,,,,,,,,,,,,,,,,,,,,,,,,,,,,,28.0
,28/02/2026,,Bournemouth,Sunderland,1,1,D,0,1,A,,,,,,,,,,,,,,,,,,,,,,,,,,,,,,,,,,,,,,,,,,,,,,,,,,,,,,,,,,,,,,,,,,,,,,,,,,,,,,,,,,,,,,,,,,,,,,,,,,,,,,,,,,,,,,,,,,,,,,,,,,28.0
,28/02/2026,,Burnley,Brentford,3,4,A,1,3,A,,,,,,,,,,,,,,,,,,,,,,,,,,,,,,,,,,,,,,,,,,,,,,,,,,,,,,,,,,,,,,,,,,,,,,,,,,,,,,,,,,,,,,,,,,,,,,,,,,,,,,,,,,,,,,,,,,,,,,,,,,28.0
,28/02/2026,,Liverpool,West Ham,5,2,H,3,0,H,,,,,,,,,,,,,,,,,,,,,,,,,,,,,,,,,,,,,,,,,,,,,,,,,,,,,,,,,,,,,,,,,,,,,,,,,,,,,,,,,,,,,,,,,,,,,,,,,,,,,,,,,,,,,,,,,,,,,,,,,,28.0
,28/02/2026,,Newcastle,Everton,2,3,A,1,2,A,,,,,,,,,,,,,,,,,,,,,,,,,,,,,,,,,,,,,,,,,,,,,,,,,,,,,,,,,,,,,,,,,,,,,,,,,,,,,,,,,,,,,,,,,,,,,,,,,,,,,,,,,,,,,,,,,,,,,,,,,,28.0
,28/02/2026,,Leeds United,Man City,0,1,A,0,1,A,,,,,,,,,,,,,,,,,,,,,,,,,,,,,,,,,,,,,,,,,,,,,,,,,,,,,,,,,,,,,,,,,,,,,,,,,,,,,,,,,,,,,,,,,,,,,,,,,,,,,,,,,,,,,,,,,,,,,,,,,,28.0
,01/03/2026,,Brighton Hove,Nottingham,2,1,H,2,1,H,,,,,,,,,,,,,,,,,,,,,,,,,,,,,,,,,,,,,,,,,,,,,,,,,,,,,,,,,,,,,,,,,,,,,,,,,,,,,,,,,,,,,,,,,,,,,,,,,,,,,,,,,,,,,,,,,,,,,,,,,,28.0
,01/03/2026,,Fulham,Tottenham,2,1,H,2,0,H,,,,,,,,,,,,,,,,,,,,,,,,,,,,,,,,,,,,,,,,,,,,,,,,,,,,,,,,,,,,,,,,,,,,,,,,,,,,,,,,,,,,,,,,,,,,,,,,,,,,,,,,,,,,,,,,,,,,,,,,,,28.0
,01/03/2026,,Man United,Crystal Palace,2,1,H,0,1,A,,,,,,,,,,,,,,,,,,,,,,,,,,,,,,,,,,,,,,,,,,,,,,,,,,,,,,,,,,,,,,,,,,,,,,,,,,,,,,,,,,,,,,,,,,,,,,,,,,,,,,,,,,,,,,,,,,,,,,,,,,28.0
,01/03/2026,,Arsenal,Chelsea,2,1,H,1,1,D,,,,,,,,,,,,,,,,,,,,,,,,,,,,,,,,,,,,,,,,,,,,,,,,,,,,,,,,,,,,,,,,,,,,,,,,,,,,,,,,,,,,,,,,,,,,,,,,,,,,,,,,,,,,,,,,,,,,,,,,,,28.0
,03/03/2026,,Bournemouth,Brentford,0,0,D,0,0,D,,,,,,,,,,,,,,,,,,,,,,,,,,,,,,,,,,,,,,,,,,,,,,,,,,,,,,,,,,,,,,,,,,,,,,,,,,,,,,,,,,,,,,,,,,,,,,,,,,,,,,,,,,,,,,,,,,,,,,,,,,29.0
,03/03/2026,,Everton,Burnley,2,0,H,1,0,H,,,,,,,,,,,,,,,,,,,,,,,,,,,,,,,,,,,,,,,,,,,,,,,,,,,,,,,,,,,,,,,,,,,,,,,,,,,,,,,,,,,,,,,,,,,,,,,,,,,,,,,,,,,,,,,,,,,,,,,,,,29.0
,03/03/2026,,Leeds United,Sunderland,0,1,A,0,0,D,,,,,,,,,,,,,,,,,,,,,,,,,,,,,,,,,,,,,,,,,,,,,,,,,,,,,,,,,,,,,,,,,,,,,,,,,,,,,,,,,,,,,,,,,,,,,,,,,,,,,,,,,,,,,,,,,,,,,,,,,,29.0
,03/03/2026,,Wolverhampton,Liverpool,2,1,H,0,0,D,,,,,,,,,,,,,,,,,,,,,,,,,,,,,,,,,,,,,,,,,,,,,,,,,,,,,,,,,,,,,,,,,,,,,,,,,,,,,,,,,,,,,,,,,,,,,,,,,,,,,,,,,,,,,,,,,,,,,,,,,,29.0
,04/03/2026,,Aston Villa,Chelsea,1,4,A,1,2,A,,,,,,,,,,,,,,,,,,,,,,,,,,,,,,,,,,,,,,,,,,,,,,,,,,,,,,,,,,,,,,,,,,,,,,,,,,,,,,,,,,,,,,,,,,,,,,,,,,,,,,,,,,,,,,,,,,,,,,,,,,29.0
,04/03/2026,,Fulham,West Ham,0,1,A,0,0,D,,,,,,,,,,,,,,,,,,,,,,,,,,,,,,,,,,,,,,,,,,,,,,,,,,,,,,,,,,,,,,,,,,,,,,,,,,,,,,,,,,,,,,,,,,,,,,,,,,,,,,,,,,,,,,,,,,,,,,,,,,29.0
,04/03/2026,,Newcastle,Man United,2,1,H,1,1,D,,,,,,,,,,,,,,,,,,,,,,,,,,,,,,,,,,,,,,,,,,,,,,,,,,,,,,,,,,,,,,,,,,,,,,,,,,,,,,,,,,,,,,,,,,,,,,,,,,,,,,,,,,,,,,,,,,,,,,,,,,29.0
,04/03/2026,,Brighton Hove,Arsenal,0,1,A,0,1,A,,,,,,,,,,,,,,,,,,,,,,,,,,,,,,,,,,,,,,,,,,,,,,,,,,,,,,,,,,,,,,,,,,,,,,,,,,,,,,,,,,,,,,,,,,,,,,,,,,,,,,,,,,,,,,,,,,,,,,,,,,29.0
,04/03/2026,,Man City,Nottingham,2,2,D,1,0,H,,,,,,,,,,,,,,,,,,,,,,,,,,,,,,,,,,,,,,,,,,,,,,,,,,,,,,,,,,,,,,,,,,,,,,,,,,,,,,,,,,,,,,,,,,,,,,,,,,,,,,,,,,,,,,,,,,,,,,,,,,29.0
,05/03/2026,,Tottenham,Crystal Palace,1,3,A,1,3,A,,,,,,,,,,,,,,,,,,,,,,,,,,,,,,,,,,,,,,,,,,,,,,,,,,,,,,,,,,,,,,,,,,,,,,,,,,,,,,,,,,,,,,,,,,,,,,,,,,,,,,,,,,,,,,,,,,,,,,,,,,29.0
,14/03/2026,,West Ham,Man City,1,1,D,1,1,D,,,,,,,,,,,,,,,,,,,,,,,,,,,,,,,,,,,,,,,,,,,,,,,,,,,,,,,,,,,,,,,,,,,,,,,,,,,,,,,,,,,,,,,,,,,,,,,,,,,,,,,,,,,,,,,,,,,,,,,,,,30.0
,14/03/2026,,Arsenal,Everton,2,0,H,0,0,D,,,,,,,,,,,,,,,,,,,,,,,,,,,,,,,,,,,,,,,,,,,,,,,,,,,,,,,,,,,,,,,,,,,,,,,,,,,,,,,,,,,,,,,,,,,,,,,,,,,,,,,,,,,,,,,,,,,,,,,,,,30.0
,14/03/2026,,Burnley,Bournemouth,0,0,D,0,0,D,,,,,,,,,,,,,,,,,,,,,,,,,,,,,,,,,,,,,,,,,,,,,,,,,,,,,,,,,,,,,,,,,,,,,,,,,,,,,,,,,,,,,,,,,,,,,,,,,,,,,,,,,,,,,,,,,,,,,,,,,,30.0
,14/03/2026,,Chelsea,Newcastle,0,1,A,0,1,A,,,,,,,,,,,,,,,,,,,,,,,,,,,,,,,,,,,,,,,,,,,,,,,,,,,,,,,,,,,,,,,,,,,,,,,,,,,,,,,,,,,,,,,,,,,,,,,,,,,,,,,,,,,,,,,,,,,,,,,,,,30.0
,14/03/2026,,Sunderland,Brighton Hove,0,1,A,0,0,D,,,,,,,,,,,,,,,,,,,,,,,,,,,,,,,,,,,,,,,,,,,,,,,,,,,,,,,,,,,,,,,,,,,,,,,,,,,,,,,,,,,,,,,,,,,,,,,,,,,,,,,,,,,,,,,,,,,,,,,,,,30.0
,15/03/2026,,Liverpool,Tottenham,1,1,D,1,0,H,,,,,,,,,,,,,,,,,,,,,,,,,,,,,,,,,,,,,,,,,,,,,,,,,,,,,,,,,,,,,,,,,,,,,,,,,,,,,,,,,,,,,,,,,,,,,,,,,,,,,,,,,,,,,,,,,,,,,,,,,,30.0
,15/03/2026,,Nottingham,Fulham,0,0,D,0,0,D,,,,,,,,,,,,,,,,,,,,,,,,,,,,,,,,,,,,,,,,,,,,,,,,,,,,,,,,,,,,,,,,,,,,,,,,,,,,,,,,,,,,,,,,,,,,,,,,,,,,,,,,,,,,,,,,,,,,,,,,,,30.0
,15/03/2026,,Crystal Palace,Leeds United,0,0,D,0,0,D,,,,,,,,,,,,,,,,,,,,,,,,,,,,,,,,,,,,,,,,,,,,,,,,,,,,,,,,,,,,,,,,,,,,,,,,,,,,,,,,,,,,,,,,,,,,,,,,,,,,,,,,,,,,,,,,,,,,,,,,,,30.0
,15/03/2026,,Man United,Aston Villa,3,1,H,0,0,D,,,,,,,,,,,,,,,,,,,,,,,,,,,,,,,,,,,,,,,,,,,,,,,,,,,,,,,,,,,,,,,,,,,,,,,,,,,,,,,,,,,,,,,,,,,,,,,,,,,,,,,,,,,,,,,,,,,,,,,,,,30.0
,16/03/2026,,Brentford,Wolverhampton,2,2,D,2,1,H,,,,,,,,,,,,,,,,,,,,,,,,,,,,,,,,,,,,,,,,,,,,,,,,,,,,,,,,,,,,,,,,,,,,,,,,,,,,,,,,,,,,,,,,,,,,,,,,,,,,,,,,,,,,,,,,,,,,,,,,,,30.0
,20/03/2026,,Bournemouth,Man United,2,2,D,0,0,D,,,,,,,,,,,,,,,,,,,,,,,,,,,,,,,,,,,,,,,,,,,,,,,,,,,,,,,,,,,,,,,,,,,,,,,,,,,,,,,,,,,,,,,,,,,,,,,,,,,,,,,,,,,,,,,,,,,,,,,,,,31.0
,21/03/2026,,Leeds United,Brentford,0,0,D,0,0,D,,,,,,,,,,,,,,,,,,,,,,,,,,,,,,,,,,,,,,,,,,,,,,,,,,,,,,,,,,,,,,,,,,,,,,,,,,,,,,,,,,,,,,,,,,,,,,,,,,,,,,,,,,,,,,,,,,,,,,,,,,31.0
,21/03/2026,,Everton,Chelsea,3,0,H,1,0,H,,,,,,,,,,,,,,,,,,,,,,,,,,,,,,,,,,,,,,,,,,,,,,,,,,,,,,,,,,,,,,,,,,,,,,,,,,,,,,,,,,,,,,,,,,,,,,,,,,,,,,,,,,,,,,,,,,,,,,,,,,31.0
,21/03/2026,,Fulham,Burnley,3,1,H,0,0,D,,,,,,,,,,,,,,,,,,,,,,,,,,,,,,,,,,,,,,,,,,,,,,,,,,,,,,,,,,,,,,,,,,,,,,,,,,,,,,,,,,,,,,,,,,,,,,,,,,,,,,,,,,,,,,,,,,,,,,,,,,31.0
,21/03/2026,,Brighton Hove,Liverpool,2,1,H,1,1,D,,,,,,,,,,,,,,,,,,,,,,,,,,,,,,,,,,,,,,,,,,,,,,,,,,,,,,,,,,,,,,,,,,,,,,,,,,,,,,,,,,,,,,,,,,,,,,,,,,,,,,,,,,,,,,,,,,,,,,,,,,31.0
,22/03/2026,,Tottenham,Nottingham,0,3,A,0,1,A,,,,,,,,,,,,,,,,,,,,,,,,,,,,,,,,,,,,,,,,,,,,,,,,,,,,,,,,,,,,,,,,,,,,,,,,,,,,,,,,,,,,,,,,,,,,,,,,,,,,,,,,,,,,,,,,,,,,,,,,,,31.0
,22/03/2026,,Aston Villa,West Ham,2,0,H,1,0,H,,,,,,,,,,,,,,,,,,,,,,,,,,,,,,,,,,,,,,,,,,,,,,,,,,,,,,,,,,,,,,,,,,,,,,,,,,,,,,,,,,,,,,,,,,,,,,,,,,,,,,,,,,,,,,,,,,,,,,,,,,31.0
,22/03/2026,,Newcastle,Sunderland,1,2,A,1,0,H,,,,,,,,,,,,,,,,,,,,,,,,,,,,,,,,,,,,,,,,,,,,,,,,,,,,,,,,,,,,,,,,,,,,,,,,,,,,,,,,,,,,,,,,,,,,,,,,,,,,,,,,,,,,,,,,,,,,,,,,,,31.0
,10/04/2026,,West Ham,Wolverhampton,4,0,H,1,0,H,,,,,,,,,,,,,,,,,,,,,,,,,,,,,,,,,,,,,,,,,,,,,,,,,,,,,,,,,,,,,,,,,,,,,,,,,,,,,,,,,,,,,,,,,,,,,,,,,,,,,,,,,,,,,,,,,,,,,,,,,,32.0
,11/04/2026,,Burnley,Brighton Hove,0,2,A,0,1,A,,,,,,,,,,,,,,,,,,,,,,,,,,,,,,,,,,,,,,,,,,,,,,,,,,,,,,,,,,,,,,,,,,,,,,,,,,,,,,,,,,,,,,,,,,,,,,,,,,,,,,,,,,,,,,,,,,,,,,,,,,32.0
,11/04/2026,,Arsenal,Bournemouth,1,2,A,1,1,D,,,,,,,,,,,,,,,,,,,,,,,,,,,,,,,,,,,,,,,,,,,,,,,,,,,,,,,,,,,,,,,,,,,,,,,,,,,,,,,,,,,,,,,,,,,,,,,,,,,,,,,,,,,,,,,,,,,,,,,,,,32.0
,11/04/2026,,Brentford,Everton,2,2,D,1,1,D,,,,,,,,,,,,,,,,,,,,,,,,,,,,,,,,,,,,,,,,,,,,,,,,,,,,,,,,,,,,,,,,,,,,,,,,,,,,,,,,,,,,,,,,,,,,,,,,,,,,,,,,,,,,,,,,,,,,,,,,,,32.0
,11/04/2026,,Liverpool,Fulham,2,0,H,2,0,H,,,,,,,,,,,,,,,,,,,,,,,,,,,,,,,,,,,,,,,,,,,,,,,,,,,,,,,,,,,,,,,,,,,,,,,,,,,,,,,,,,,,,,,,,,,,,,,,,,,,,,,,,,,,,,,,,,,,,,,,,,32.0
,12/04/2026,,Chelsea,Man City,0,3,A,0,0,D,,,,,,,,,,,,,,,,,,,,,,,,,,,,,,,,,,,,,,,,,,,,,,,,,,,,,,,,,,,,,,,,,,,,,,,,,,,,,,,,,,,,,,,,,,,,,,,,,,,,,,,,,,,,,,,,,,,,,,,,,,32.0
,12/04/2026,,Crystal Palace,Newcastle,2,1,H,0,1,A,,,,,,,,,,,,,,,,,,,,,,,,,,,,,,,,,,,,,,,,,,,,,,,,,,,,,,,,,,,,,,,,,,,,,,,,,,,,,,,,,,,,,,,,,,,,,,,,,,,,,,,,,,,,,,,,,,,,,,,,,,32.0
,12/04/2026,,Nottingham,Aston Villa,1,1,D,1,1,D,,,,,,,,,,,,,,,,,,,,,,,,,,,,,,,,,,,,,,,,,,,,,,,,,,,,,,,,,,,,,,,,,,,,,,,,,,,,,,,,,,,,,,,,,,,,,,,,,,,,,,,,,,,,,,,,,,,,,,,,,,32.0
,12/04/2026,,Sunderland,Tottenham,1,0,H,0,0,D,,,,,,,,,,,,,,,,,,,,,,,,,,,,,,,,,,,,,,,,,,,,,,,,,,,,,,,,,,,,,,,,,,,,,,,,,,,,,,,,,,,,,,,,,,,,,,,,,,,,,,,,,,,,,,,,,,,,,,,,,,32.0
,13/04/2026,,Man United,Leeds United,1,2,A,0,2,A,,,,,,,,,,,,,,,,,,,,,,,,,,,,,,,,,,,,,,,,,,,,,,,,,,,,,,,,,,,,,,,,,,,,,,,,,,,,,,,,,,,,,,,,,,,,,,,,,,,,,,,,,,,,,,,,,,,,,,,,,,32.0
,18/04/2026,,Leeds United,Wolverhampton,3,0,H,2,0,H,,,,,,,,,,,,,,,,,,,,,,,,,,,,,,,,,,,,,,,,,,,,,,,,,,,,,,,,,,,,,,,,,,,,,,,,,,,,,,,,,,,,,,,,,,,,,,,,,,,,,,,,,,,,,,,,,,,,,,,,,,33.0
,18/04/2026,,Newcastle,Bournemouth,1,2,A,0,1,A,,,,,,,,,,,,,,,,,,,,,,,,,,,,,,,,,,,,,,,,,,,,,,,,,,,,,,,,,,,,,,,,,,,,,,,,,,,,,,,,,,,,,,,,,,,,,,,,,,,,,,,,,,,,,,,,,,,,,,,,,,33.0
,18/04/2026,,Chelsea,Man United,0,1,A,0,1,A,,,,,,,,,,,,,,,,,,,,,,,,,,,,,,,,,,,,,,,,,,,,,,,,,,,,,,,,,,,,,,,,,,,,,,,,,,,,,,,,,,,,,,,,,,,,,,,,,,,,,,,,,,,,,,,,,,,,,,,,,,33.0
,18/04/2026,,Tottenham,Brighton Hove,2,2,D,1,1,D,,,,,,,,,,,,,,,,,,,,,,,,,,,,,,,,,,,,,,,,,,,,,,,,,,,,,,,,,,,,,,,,,,,,,,,,,,,,,,,,,,,,,,,,,,,,,,,,,,,,,,,,,,,,,,,,,,,,,,,,,,33.0
,18/04/2026,,Brentford,Fulham,0,0,D,0,0,D,,,,,,,,,,,,,,,,,,,,,,,,,,,,,,,,,,,,,,,,,,,,,,,,,,,,,,,,,,,,,,,,,,,,,,,,,,,,,,,,,,,,,,,,,,,,,,,,,,,,,,,,,,,,,,,,,,,,,,,,,,33.0
,19/04/2026,,Man City,Arsenal,2,1,H,1,1,D,,,,,,,,,,,,,,,,,,,,,,,,,,,,,,,,,,,,,,,,,,,,,,,,,,,,,,,,,,,,,,,,,,,,,,,,,,,,,,,,,,,,,,,,,,,,,,,,,,,,,,,,,,,,,,,,,,,,,,,,,,33.0
,19/04/2026,,Nottingham,Burnley,4,1,H,0,1,A,,,,,,,,,,,,,,,,,,,,,,,,,,,,,,,,,,,,,,,,,,,,,,,,,,,,,,,,,,,,,,,,,,,,,,,,,,,,,,,,,,,,,,,,,,,,,,,,,,,,,,,,,,,,,,,,,,,,,,,,,,33.0
,19/04/2026,,Aston Villa,Sunderland,4,3,H,2,1,H,,,,,,,,,,,,,,,,,,,,,,,,,,,,,,,,,,,,,,,,,,,,,,,,,,,,,,,,,,,,,,,,,,,,,,,,,,,,,,,,,,,,,,,,,,,,,,,,,,,,,,,,,,,,,,,,,,,,,,,,,,33.0
,19/04/2026,,Everton,Liverpool,1,2,A,0,1,A,,,,,,,,,,,,,,,,,,,,,,,,,,,,,,,,,,,,,,,,,,,,,,,,,,,,,,,,,,,,,,,,,,,,,,,,,,,,,,,,,,,,,,,,,,,,,,,,,,,,,,,,,,,,,,,,,,,,,,,,,,33.0
,20/04/2026,,Crystal Palace,West Ham,0,0,D,0,0,D,,,,,,,,,,,,,,,,,,,,,,,,,,,,,,,,,,,,,,,,,,,,,,,,,,,,,,,,,,,,,,,,,,,,,,,,,,,,,,,,,,,,,,,,,,,,,,,,,,,,,,,,,,,,,,,,,,,,,,,,,,33.0
,21/04/2026,,Brighton Hove,Chelsea,3,0,H,1,0,H,,,,,,,,,,,,,,,,,,,,,,,,,,,,,,,,,,,,,,,,,,,,,,,,,,,,,,,,,,,,,,,,,,,,,,,,,,,,,,,,,,,,,,,,,,,,,,,,,,,,,,,,,,,,,,,,,,,,,,,,,,34.0
,22/04/2026,,Burnley,Man City,0,1,A,0,1,A,,,,,,,,,,,,,,,,,,,,,,,,,,,,,,,,,,,,,,,,,,,,,,,,,,,,,,,,,,,,,,,,,,,,,,,,,,,,,,,,,,,,,,,,,,,,,,,,,,,,,,,,,,,,,,,,,,,,,,,,,,34.0
,22/04/2026,,Bournemouth,Leeds United,2,2,D,0,0,D,,,,,,,,,,,,,,,,,,,,,,,,,,,,,,,,,,,,,,,,,,,,,,,,,,,,,,,,,,,,,,,,,,,,,,,,,,,,,,,,,,,,,,,,,,,,,,,,,,,,,,,,,,,,,,,,,,,,,,,,,,34.0
,24/04/2026,,Sunderland,Nottingham,0,5,A,0,4,A,,,,,,,,,,,,,,,,,,,,,,,,,,,,,,,,,,,,,,,,,,,,,,,,,,,,,,,,,,,,,,,,,,,,,,,,,,,,,,,,,,,,,,,,,,,,,,,,,,,,,,,,,,,,,,,,,,,,,,,,,,34.0
,25/04/2026,,Wolverhampton,Tottenham,0,1,A,0,0,D,,,,,,,,,,,,,,,,,,,,,,,,,,,,,,,,,,,,,,,,,,,,,,,,,,,,,,,,,,,,,,,,,,,,,,,,,,,,,,,,,,,,,,,,,,,,,,,,,,,,,,,,,,,,,,,,,,,,,,,,,,34.0
,25/04/2026,,West Ham,Everton,2,1,H,0,0,D,,,,,,,,,,,,,,,,,,,,,,,,,,,,,,,,,,,,,,,,,,,,,,,,,,,,,,,,,,,,,,,,,,,,,,,,,,,,,,,,,,,,,,,,,,,,,,,,,,,,,,,,,,,,,,,,,,,,,,,,,,34.0
,25/04/2026,,Liverpool,Crystal Palace,3,1,H,2,0,H,,,,,,,,,,,,,,,,,,,,,,,,,,,,,,,,,,,,,,,,,,,,,,,,,,,,,,,,,,,,,,,,,,,,,,,,,,,,,,,,,,,,,,,,,,,,,,,,,,,,,,,,,,,,,,,,,,,,,,,,,,34.0
,25/04/2026,,Fulham,Aston Villa,1,0,H,1,0,H,,,,,,,,,,,,,,,,,,,,,,,,,,,,,,,,,,,,,,,,,,,,,,,,,,,,,,,,,,,,,,,,,,,,,,,,,,,,,,,,,,,,,,,,,,,,,,,,,,,,,,,,,,,,,,,,,,,,,,,,,,34.0
,25/04/2026,,Arsenal,Newcastle,1,0,H,1,0,H,,,,,,,,,,,,,,,,,,,,,,,,,,,,,,,,,,,,,,,,,,,,,,,,,,,,,,,,,,,,,,,,,,,,,,,,,,,,,,,,,,,,,,,,,,,,,,,,,,,,,,,,,,,,,,,,,,,,,,,,,,34.0
,27/04/2026,,Man United,Brentford,2,1,H,2,0,H,,,,,,,,,,,,,,,,,,,,,,,,,,,,,,,,,,,,,,,,,,,,,,,,,,,,,,,,,,,,,,,,,,,,,,,,,,,,,,,,,,,,,,,,,,,,,,,,,,,,,,,,,,,,,,,,,,,,,,,,,,34.0
,01/05/2026,,Leeds United,Burnley,3,1,H,1,0,H,,,,,,,,,,,,,,,,,,,,,,,,,,,,,,,,,,,,,,,,,,,,,,,,,,,,,,,,,,,,,,,,,,,,,,,,,,,,,,,,,,,,,,,,,,,,,,,,,,,,,,,,,,,,,,,,,,,,,,,,,,35.0
,02/05/2026,,Brentford,West Ham,3,0,H,1,0,H,,,,,,,,,,,,,,,,,,,,,,,,,,,,,,,,,,,,,,,,,,,,,,,,,,,,,,,,,,,,,,,,,,,,,,,,,,,,,,,,,,,,,,,,,,,,,,,,,,,,,,,,,,,,,,,,,,,,,,,,,,35.0
,02/05/2026,,Newcastle,Brighton Hove,3,1,H,2,0,H,,,,,,,,,,,,,,,,,,,,,,,,,,,,,,,,,,,,,,,,,,,,,,,,,,,,,,,,,,,,,,,,,,,,,,,,,,,,,,,,,,,,,,,,,,,,,,,,,,,,,,,,,,,,,,,,,,,,,,,,,,35.0
,02/05/2026,,Wolverhampton,Sunderland,1,1,D,0,1,A,,,,,,,,,,,,,,,,,,,,,,,,,,,,,,,,,,,,,,,,,,,,,,,,,,,,,,,,,,,,,,,,,,,,,,,,,,,,,,,,,,,,,,,,,,,,,,,,,,,,,,,,,,,,,,,,,,,,,,,,,,35.0
,02/05/2026,,Arsenal,Fulham,3,0,H,3,0,H,,,,,,,,,,,,,,,,,,,,,,,,,,,,,,,,,,,,,,,,,,,,,,,,,,,,,,,,,,,,,,,,,,,,,,,,,,,,,,,,,,,,,,,,,,,,,,,,,,,,,,,,,,,,,,,,,,,,,,,,,,35.0
,03/05/2026,,Man United,Liverpool,3,2,H,2,0,H,,,,,,,,,,,,,,,,,,,,,,,,,,,,,,,,,,,,,,,,,,,,,,,,,,,,,,,,,,,,,,,,,,,,,,,,,,,,,,,,,,,,,,,,,,,,,,,,,,,,,,,,,,,,,,,,,,,,,,,,,,35.0
,03/05/2026,,Aston Villa,Tottenham,1,2,A,0,2,A,,,,,,,,,,,,,,,,,,,,,,,,,,,,,,,,,,,,,,,,,,,,,,,,,,,,,,,,,,,,,,,,,,,,,,,,,,,,,,,,,,,,,,,,,,,,,,,,,,,,,,,,,,,,,,,,,,,,,,,,,,35.0
,03/05/2026,,Bournemouth,Crystal Palace,3,0,H,2,0,H,,,,,,,,,,,,,,,,,,,,,,,,,,,,,,,,,,,,,,,,,,,,,,,,,,,,,,,,,,,,,,,,,,,,,,,,,,,,,,,,,,,,,,,,,,,,,,,,,,,,,,,,,,,,,,,,,,,,,,,,,,35.0
,04/05/2026,,Chelsea,Nottingham,1,3,A,0,2,A,,,,,,,,,,,,,,,,,,,,,,,,,,,,,,,,,,,,,,,,,,,,,,,,,,,,,,,,,,,,,,,,,,,,,,,,,,,,,,,,,,,,,,,,,,,,,,,,,,,,,,,,,,,,,,,,,,,,,,,,,,35.0
,04/05/2026,,Everton,Man City,3,3,D,0,1,A,,,,,,,,,,,,,,,,,,,,,,,,,,,,,,,,,,,,,,,,,,,,,,,,,,,,,,,,,,,,,,,,,,,,,,,,,,,,,,,,,,,,,,,,,,,,,,,,,,,,,,,,,,,,,,,,,,,,,,,,,,35.0
,09/05/2026,,Sunderland,Man United,0,0,D,0,0,D,,,,,,,,,,,,,,,,,,,,,,,,,,,,,,,,,,,,,,,,,,,,,,,,,,,,,,,,,,,,,,,,,,,,,,,,,,,,,,,,,,,,,,,,,,,,,,,,,,,,,,,,,,,,,,,,,,,,,,,,,,36.0
,09/05/2026,,Brighton Hove,Wolverhampton,3,0,H,2,0,H,,,,,,,,,,,,,,,,,,,,,,,,,,,,,,,,,,,,,,,,,,,,,,,,,,,,,,,,,,,,,,,,,,,,,,,,,,,,,,,,,,,,,,,,,,,,,,,,,,,,,,,,,,,,,,,,,,,,,,,,,,36.0
,09/05/2026,,Man City,Brentford,3,0,H,0,0,D,,,,,,,,,,,,,,,,,,,,,,,,,,,,,,,,,,,,,,,,,,,,,,,,,,,,,,,,,,,,,,,,,,,,,,,,,,,,,,,,,,,,,,,,,,,,,,,,,,,,,,,,,,,,,,,,,,,,,,,,,,36.0
,09/05/2026,,Fulham,Bournemouth,0,1,A,0,0,D,,,,,,,,,,,,,,,,,,,,,,,,,,,,,,,,,,,,,,,,,,,,,,,,,,,,,,,,,,,,,,,,,,,,,,,,,,,,,,,,,,,,,,,,,,,,,,,,,,,,,,,,,,,,,,,,,,,,,,,,,,36.0
,09/05/2026,,Liverpool,Chelsea,1,1,D,1,1,D,,,,,,,,,,,,,,,,,,,,,,,,,,,,,,,,,,,,,,,,,,,,,,,,,,,,,,,,,,,,,,,,,,,,,,,,,,,,,,,,,,,,,,,,,,,,,,,,,,,,,,,,,,,,,,,,,,,,,,,,,,36.0
,10/05/2026,,West Ham,Arsenal,0,1,A,0,0,D,,,,,,,,,,,,,,,,,,,,,,,,,,,,,,,,,,,,,,,,,,,,,,,,,,,,,,,,,,,,,,,,,,,,,,,,,,,,,,,,,,,,,,,,,,,,,,,,,,,,,,,,,,,,,,,,,,,,,,,,,,36.0
,10/05/2026,,Nottingham,Newcastle,1,1,D,0,0,D,,,,,,,,,,,,,,,,,,,,,,,,,,,,,,,,,,,,,,,,,,,,,,,,,,,,,,,,,,,,,,,,,,,,,,,,,,,,,,,,,,,,,,,,,,,,,,,,,,,,,,,,,,,,,,,,,,,,,,,,,,36.0
,10/05/2026,,Burnley,Aston Villa,2,2,D,1,1,D,,,,,,,,,,,,,,,,,,,,,,,,,,,,,,,,,,,,,,,,,,,,,,,,,,,,,,,,,,,,,,,,,,,,,,,,,,,,,,,,,,,,,,,,,,,,,,,,,,,,,,,,,,,,,,,,,,,,,,,,,,36.0
,10/05/2026,,Crystal Palace,Everton,2,2,D,1,1,D,,,,,,,,,,,,,,,,,,,,,,,,,,,,,,,,,,,,,,,,,,,,,,,,,,,,,,,,,,,,,,,,,,,,,,,,,,,,,,,,,,,,,,,,,,,,,,,,,,,,,,,,,,,,,,,,,,,,,,,,,,36.0
,11/05/2026,,Tottenham,Leeds United,1,1,D,0,0,D,,,,,,,,,,,,,,,,,,,,,,,,,,,,,,,,,,,,,,,,,,,,,,,,,,,,,,,,,,,,,,,,,,,,,,,,,,,,,,,,,,,,,,,,,,,,,,,,,,,,,,,,,,,,,,,,,,,,,,,,,,36.0
,13/05/2026,,Man City,Crystal Palace,3,0,H,2,0,H,,,,,,,,,,,,,,,,,,,,,,,,,,,,,,,,,,,,,,,,,,,,,,,,,,,,,,,,,,,,,,,,,,,,,,,,,,,,,,,,,,,,,,,,,,,,,,,,,,,,,,,,,,,,,,,,,,,,,,,,,,31.0
,15/05/2026,,Aston Villa,Liverpool,4,2,H,1,0,H,,,,,,,,,,,,,,,,,,,,,,,,,,,,,,,,,,,,,,,,,,,,,,,,,,,,,,,,,,,,,,,,,,,,,,,,,,,,,,,,,,,,,,,,,,,,,,,,,,,,,,,,,,,,,,,,,,,,,,,,,,37.0
,17/05/2026,,Man United,Nottingham,3,2,H,1,0,H,,,,,,,,,,,,,,,,,,,,,,,,,,,,,,,,,,,,,,,,,,,,,,,,,,,,,,,,,,,,,,,,,,,,,,,,,,,,,,,,,,,,,,,,,,,,,,,,,,,,,,,,,,,,,,,,,,,,,,,,,,37.0
,17/05/2026,,Brentford,Crystal Palace,2,2,D,1,1,D,,,,,,,,,,,,,,,,,,,,,,,,,,,,,,,,,,,,,,,,,,,,,,,,,,,,,,,,,,,,,,,,,,,,,,,,,,,,,,,,,,,,,,,,,,,,,,,,,,,,,,,,,,,,,,,,,,,,,,,,,,37.0
,17/05/2026,,Everton,Sunderland,1,3,A,1,0,H,,,,,,,,,,,,,,,,,,,,,,,,,,,,,,,,,,,,,,,,,,,,,,,,,,,,,,,,,,,,,,,,,,,,,,,,,,,,,,,,,,,,,,,,,,,,,,,,,,,,,,,,,,,,,,,,,,,,,,,,,,37.0
,17/05/2026,,Wolverhampton,Fulham,1,1,D,1,1,D,,,,,,,,,,,,,,,,,,,,,,,,,,,,,,,,,,,,,,,,,,,,,,,,,,,,,,,,,,,,,,,,,,,,,,,,,,,,,,,,,,,,,,,,,,,,,,,,,,,,,,,,,,,,,,,,,,,,,,,,,,37.0
,17/05/2026,,Newcastle,West Ham,3,1,H,2,0,H,,,,,,,,,,,,,,,,,,,,,,,,,,,,,,,,,,,,,,,,,,,,,,,,,,,,,,,,,,,,,,,,,,,,,,,,,,,,,,,,,,,,,,,,,,,,,,,,,,,,,,,,,,,,,,,,,,,,,,,,,,37.0
,17/05/2026,,Leeds United,Brighton Hove,1,0,H,0,0,D,,,,,,,,,,,,,,,,,,,,,,,,,,,,,,,,,,,,,,,,,,,,,,,,,,,,,,,,,,,,,,,,,,,,,,,,,,,,,,,,,,,,,,,,,,,,,,,,,,,,,,,,,,,,,,,,,,,,,,,,,,37.0
,18/05/2026,,Arsenal,Burnley,1,0,H,1,0,H,,,,,,,,,,,,,,,,,,,,,,,,,,,,,,,,,,,,,,,,,,,,,,,,,,,,,,,,,,,,,,,,,,,,,,,,,,,,,,,,,,,,,,,,,,,,,,,,,,,,,,,,,,,,,,,,,,,,,,,,,,37.0
,19/05/2026,,Chelsea,Tottenham,2,1,H,1,0,H,,,,,,,,,,,,,,,,,,,,,,,,,,,,,,,,,,,,,,,,,,,,,,,,,,,,,,,,,,,,,,,,,,,,,,,,,,,,,,,,,,,,,,,,,,,,,,,,,,,,,,,,,,,,,,,,,,,,,,,,,,37.0
,19/05/2026,,Bournemouth,Man City,1,1,D,1,0,H,,,,,,,,,,,,,,,,,,,,,,,,,,,,,,,,,,,,,,,,,,,,,,,,,,,,,,,,,,,,,,,,,,,,,,,,,,,,,,,,,,,,,,,,,,,,,,,,,,,,,,,,,,,,,,,,,,,,,,,,,,37.0
,24/05/2026,,Fulham,Newcastle,2,0,H,1,0,H,,,,,,,,,,,,,,,,,,,,,,,,,,,,,,,,,,,,,,,,,,,,,,,,,,,,,,,,,,,,,,,,,,,,,,,,,,,,,,,,,,,,,,,,,,,,,,,,,,,,,,,,,,,,,,,,,,,,,,,,,,38.0
,24/05/2026,,Liverpool,Brentford,1,1,D,0,0,D,,,,,,,,,,,,,,,,,,,,,,,,,,,,,,,,,,,,,,,,,,,,,,,,,,,,,,,,,,,,,,,,,,,,,,,,,,,,,,,,,,,,,,,,,,,,,,,,,,,,,,,,,,,,,,,,,,,,,,,,,,38.0
,24/05/2026,,Brighton Hove,Man United,0,3,A,0,2,A,,,,,,,,,,,,,,,,,,,,,,,,,,,,,,,,,,,,,,,,,,,,,,,,,,,,,,,,,,,,,,,,,,,,,,,,,,,,,,,,,,,,,,,,,,,,,,,,,,,,,,,,,,,,,,,,,,,,,,,,,,38.0
,24/05/2026,,Sunderland,Chelsea,2,1,H,1,0,H,,,,,,,,,,,,,,,,,,,,,,,,,,,,,,,,,,,,,,,,,,,,,,,,,,,,,,,,,,,,,,,,,,,,,,,,,,,,,,,,,,,,,,,,,,,,,,,,,,,,,,,,,,,,,,,,,,,,,,,,,,38.0
,24/05/2026,,Man City,Aston Villa,1,2,A,1,0,H,,,,,,,,,,,,,,,,,,,,,,,,,,,,,,,,,,,,,,,,,,,,,,,,,,,,,,,,,,,,,,,,,,,,,,,,,,,,,,,,,,,,,,,,,,,,,,,,,,,,,,,,,,,,,,,,,,,,,,,,,,38.0
,24/05/2026,,Nottingham,Bournemouth,1,1,D,1,0,H,,,,,,,,,,,,,,,,,,,,,,,,,,,,,,,,,,,,,,,,,,,,,,,,,,,,,,,,,,,,,,,,,,,,,,,,,,,,,,,,,,,,,,,,,,,,,,,,,,,,,,,,,,,,,,,,,,,,,,,,,,38.0
,24/05/2026,,Burnley,Wolverhampton,1,1,D,0,1,A,,,,,,,,,,,,,,,,,,,,,,,,,,,,,,,,,,,,,,,,,,,,,,,,,,,,,,,,,,,,,,,,,,,,,,,,,,,,,,,,,,,,,,,,,,,,,,,,,,,,,,,,,,,,,,,,,,,,,,,,,,38.0
,24/05/2026,,Crystal Palace,Arsenal,1,2,A,0,1,A,,,,,,,,,,,,,,,,,,,,,,,,,,,,,,,,,,,,,,,,,,,,,,,,,,,,,,,,,,,,,,,,,,,,,,,,,,,,,,,,,,,,,,,,,,,,,,,,,,,,,,,,,,,,,,,,,,,,,,,,,,38.0
,24/05/2026,,West Ham,Leeds United,3,0,H,0,0,D,,,,,,,,,,,,,,,,,,,,,,,,,,,,,,,,,,,,,,,,,,,,,,,,,,,,,,,,,,,,,,,,,,,,,,,,,,,,,,,,,,,,,,,,,,,,,,,,,,,,,,,,,,,,,,,,,,,,,,,,,,38.0
,24/05/2026,,Tottenham,Everton,1,0,H,1,0,H,,,,,,,,,,,,,,,,,,,,,,,,,,,,,,,,,,,,,,,,,,,,,,,,,,,,,,,,,,,,,,,,,,,,,,,,,,,,,,,,,,,,,,,,,,,,,,,,,,,,,,,,,,,,,,,,,,,,,,,,,,38.0
,21/08/2026,,Arsenal,Coventry City,3,0,H,2,0,H,,,,,,,,,,,,,,,,,,,,,,,,,,,,,,,,,,,,,,,,,,,,,,,,,,,,,,,,,,,,,,,,,,,,,,,,,,,,,,,,,,,,,,,,,,,,,,,,,,,,,,,,,,,,,,,,,,,,,,,,,,1.0
,22/08/2026,,Hull City,Man United,2,0,H,2,0,H,,,,,,,,,,,,,,,,,,,,,,,,,,,,,,,,,,,,,,,,,,,,,,,,,,,,,,,,,,,,,,,,,,,,,,,,,,,,,,,,,,,,,,,,,,,,,,,,,,,,,,,,,,,,,,,,,,,,,,,,,,1.0
,22/08/2026,,Ipswich,Sunderland,2,1,H,1,1,D,,,,,,,,,,,,,,,,,,,,,,,,,,,,,,,,,,,,,,,,,,,,,,,,,,,,,,,,,,,,,,,,,,,,,,,,,,,,,,,,,,,,,,,,,,,,,,,,,,,,,,,,,,,,,,,,,,,,,,,,,,1.0
,22/08/2026,,Nottingham,Leeds United,0,1,A,0,0,D,,,,,,,,,,,,,,,,,,,,,,,,,,,,,,,,,,,,,,,,,,,,,,,,,,,,,,,,,,,,,,,,,,,,,,,,,,,,,,,,,,,,,,,,,,,,,,,,,,,,,,,,,,,,,,,,,,,,,,,,,,1.0
,22/08/2026,,Everton,Crystal Palace,2,0,H,1,0,H,,,,,,,,,,,,,,,,,,,,,,,,,,,,,,,,,,,,,,,,,,,,,,,,,,,,,,,,,,,,,,,,,,,,,,,,,,,,,,,,,,,,,,,,,,,,,,,,,,,,,,,,,,,,,,,,,,,,,,,,,,1.0
,22/08/2026,,Brentford,Tottenham,3,0,H,2,0,H,,,,,,,,,,,,,,,,,,,,,,,,,,,,,,,,,,,,,,,,,,,,,,,,,,,,,,,,,,,,,,,,,,,,,,,,,,,,,,,,,,,,,,,,,,,,,,,,,,,,,,,,,,,,,,,,,,,,,,,,,,1.0
,23/08/2026,,Man City,Bournemouth,2,1,H,0,1,A,,,,,,,,,,,,,,,,,,,,,,,,,,,,,,,,,,,,,,,,,,,,,,,,,,,,,,,,,,,,,,,,,,,,,,,,,,,,,,,,,,,,,,,,,,,,,,,,,,,,,,,,,,,,,,,,,,,,,,,,,,1.0
,23/08/2026,,Brighton Hove,Aston Villa,4,0,H,4,0,H,,,,,,,,,,,,,,,,,,,,,,,,,,,,,,,,,,,,,,,,,,,,,,,,,,,,,,,,,,,,,,,,,,,,,,,,,,,,,,,,,,,,,,,,,,,,,,,,,,,,,,,,,,,,,,,,,,,,,,,,,,1.0
,23/08/2026,,Newcastle,Liverpool,2,2,D,1,0,H,,,,,,,,,,,,,,,,,,,,,,,,,,,,,,,,,,,,,,,,,,,,,,,,,,,,,,,,,,,,,,,,,,,,,,,,,,,,,,,,,,,,,,,,,,,,,,,,,,,,,,,,,,,,,,,,,,,,,,,,,,1.0
,24/08/2026,,Fulham,Chelsea,2,3,A,1,2,A,,,,,,,,,,,,,,,,,,,,,,,,,,,,,,,,,,,,,,,,,,,,,,,,,,,,,,,,,,,,,,,,,,,,,,,,,,,,,,,,,,,,,,,,,,,,,,,,,,,,,,,,,,,,,,,,,,,,,,,,,,1.0
,28/08/2026,,Crystal Palace,Man City,1,4,A,0,1,A,,,,,,,,,,,,,,,,,,,,,,,,,,,,,,,,,,,,,,,,,,,,,,,,,,,,,,,,,,,,,,,,,,,,,,,,,,,,,,,,,,,,,,,,,,,,,,,,,,,,,,,,,,,,,,,,,,,,,,,,,,2.0
,29/08/2026,,Liverpool,Nottingham,2,2,D,0,1,A,,,,,,,,,,,,,,,,,,,,,,,,,,,,,,,,,,,,,,,,,,,,,,,,,,,,,,,,,,,,,,,,,,,,,,,,,,,,,,,,,,,,,,,,,,,,,,,,,,,,,,,,,,,,,,,,,,,,,,,,,,2.0
,29/08/2026,,Bournemouth,Everton,1,1,D,1,0,H,,,,,,,,,,,,,,,,,,,,,,,,,,,,,,,,,,,,,,,,,,,,,,,,,,,,,,,,,,,,,,,,,,,,,,,,,,,,,,,,,,,,,,,,,,,,,,,,,,,,,,,,,,,,,,,,,,,,,,,,,,2.0
,29/08/2026,,Coventry City,Hull City,0,1,A,0,0,D,,,,,,,,,,,,,,,,,,,,,,,,,,,,,,,,,,,,,,,,,,,,,,,,,,,,,,,,,,,,,,,,,,,,,,,,,,,,,,,,,,,,,,,,,,,,,,,,,,,,,,,,,,,,,,,,,,,,,,,,,,2.0
,29/08/2026,,Tottenham,Newcastle,0,2,A,0,0,D,,,,,,,,,,,,,,,,,,,,,,,,,,,,,,,,,,,,,,,,,,,,,,,,,,,,,,,,,,,,,,,,,,,,,,,,,,,,,,,,,,,,,,,,,,,,,,,,,,,,,,,,,,,,,,,,,,,,,,,,,,2.0
