league,season_label,matchday,cutoff,match_id,home,away,kickoff,fthg,ftag,elo_available,team_stats_missing,A_market,A_poisson,A_conf,A_disagree,A_min_conf,A_admitted,A_hit,B_market,B_conf,B_admitted,B_n_admitted_markets,B_hit
Serie A,2024/25,1,2024-08-17T17:30:00+00:00,SerieA|2024|0,Genoa,Inter,2024-08-17T17:30:00Z,2,2,True,0,2,0.649882,0.622671,0.036282,0.55,True,0,2,0.622671,True,1,0
Serie A,2024/25,1,2024-08-17T17:30:00+00:00,SerieA|2024|1,Parma,Fiorentina,2024-08-17T17:30:00Z,1,1,True,1,GG,0.535862,0.535862,0.0,0.6,False,1,,,False,0,
Serie A,2024/25,1,2024-08-17T17:30:00+00:00,SerieA|2024|2,Empoli,Monza,2024-08-17T19:45:00Z,0,0,True,0,U2.5,0.64443,0.64443,0.0,0.6,True,1,U2.5,0.64443,True,1,1
Serie A,2024/25,1,2024-08-17T17:30:00+00:00,SerieA|2024|3,Milan,Torino,2024-08-17T19:45:00Z,2,2,True,0,1,0.688381,0.57747,0.147881,0.55,True,0,1,0.57747,True,1,0
Serie A,2024/25,1,2024-08-17T17:30:00+00:00,SerieA|2024|4,Bologna,Udinese,2024-08-18T17:30:00Z,1,1,True,0,U2.5,0.564006,0.564006,0.0,0.6,False,1,1,0.620515,True,1,0
Serie A,2024/25,1,2024-08-17T17:30:00+00:00,SerieA|2024|5,Verona,Napoli,2024-08-18T17:30:00Z,3,0,True,0,2,0.618239,0.492885,0.167139,0.55,False,0,,,False,0,
Serie A,2024/25,1,2024-08-17T17:30:00+00:00,SerieA|2024|6,Cagliari,Roma,2024-08-18T19:45:00Z,0,0,True,0,2,0.665138,0.531535,0.178138,0.55,False,0,,,False,0,
Serie A,2024/25,1,2024-08-17T17:30:00+00:00,SerieA|2024|7,Lazio,Venezia,2024-08-18T19:45:00Z,3,1,True,1,1,0.6628,0.585025,0.1037,0.55,True,1,1,0.585025,True,1,1
Serie A,2024/25,1,2024-08-17T17:30:00+00:00,SerieA|2024|8,Lecce,Atalanta,2024-08-19T17:30:00Z,0,4,True,0,2,0.705157,0.621789,0.111157,0.55,True,1,2,0.621789,True,1,1
Serie A,2024/25,1,2024-08-17T17:30:00+00:00,SerieA|2024|9,Juventus,Como,2024-08-19T19:45:00Z,3,0,True,1,1,0.695567,0.624567,0.094667,0.55,True,1,1,0.624567,True,1,1
Serie A,2024/25,2,2024-08-24T17:30:00+00:00,SerieA|2024|10,Parma,Milan,2024-08-24T17:30:00Z,2,1,True,0,U2.5,0.53244,0.53244,0.0,0.6,False,0,,,False,0,
Serie A,2024/25,2,2024-08-24T17:30:00+00:00,SerieA|2024|11,Udinese,Lazio,2024-08-24T17:30:00Z,2,1,True,0,GG,0.554473,0.554473,0.0,0.6,False,1,,,False,0,
Serie A,2024/25,2,2024-08-24T17:30:00+00:00,SerieA|2024|12,Inter,Lecce,2024-08-24T19:45:00Z,2,0,True,0,1,0.740268,0.836067,0.127732,0.55,True,1,1,0.836067,True,1,1
Serie A,2024/25,2,2024-08-24T17:30:00+00:00,SerieA|2024|13,Monza,Genoa,2024-08-24T19:45:00Z,0,1,True,0,U2.5,0.548791,0.548791,0.0,0.6,False,1,,,False,0,
Serie A,2024/25,2,2024-08-24T17:30:00+00:00,SerieA|2024|14,Fiorentina,Venezia,2024-08-25T17:30:00Z,0,0,True,0,1,0.573681,0.550895,0.030381,0.55,True,0,1,0.550895,True,1,0
Serie A,2024/25,2,2024-08-24T17:30:00+00:00,SerieA|2024|15,Torino,Atalanta,2024-08-25T17:30:00Z,2,1,True,0,GG,0.557664,0.557664,0.0,0.6,False,1,,,False,0,
Serie A,2024/25,2,2024-08-24T17:30:00+00:00,SerieA|2024|16,Napoli,Bologna,2024-08-25T19:45:00Z,3,0,True,0,GG,0.547812,0.547812,0.0,0.6,False,0,,,False,0,
Serie A,2024/25,2,2024-08-24T17:30:00+00:00,SerieA|2024|17,Roma,Empoli,2024-08-25T19:45:00Z,1,2,True,0,U2.5,0.598838,0.598838,0.0,0.6,False,0,1,0.583444,True,1,0
Serie A,2024/25,2,2024-08-24T17:30:00+00:00,SerieA|2024|18,Cagliari,Como,2024-08-26T17:30:00Z,1,1,True,0,U2.5,0.575604,0.575604,0.0,0.6,False,1,,,False,0,
Serie A,2024/25,2,2024-08-24T17:30:00+00:00,SerieA|2024|19,Verona,Juventus,2024-08-26T19:45:00Z,0,3,True,0,U2.5,0.576628,0.576628,0.0,0.6,False,0,,,False,0,
Serie A,2024/25,3,2024-08-30T17:30:00+00:00,SerieA|2024|20,Venezia,Torino,2024-08-30T17:30:00Z,0,1,True,0,GG,0.53956,0.53956,0.0,0.6,False,0,,,False,0,
Serie A,2024/25,3,2024-08-30T17:30:00+00:00,SerieA|2024|21,Inter,Atalanta,2024-08-30T19:45:00Z,4,0,True,0,GG,0.614092,0.614092,0.0,0.6,True,0,GG,0.614092,True,3,0
Serie A,2024/25,3,2024-08-30T17:30:00+00:00,SerieA|2024|22,Bologna,Empoli,2024-08-31T17:30:00Z,1,1,True,0,GG,0.535121,0.535121,0.0,0.6,False,1,1,0.564212,True,1,0
Serie A,2024/25,3,2024-08-30T17:30:00+00:00,SerieA|2024|23,Lecce,Cagliari,2024-08-31T17:30:00Z,1,0,True,0,GG,0.533333,0.533333,0.0,0.6,False,0,,,False,0,
Serie A,2024/25,3,2024-08-30T17:30:00+00:00,SerieA|2024|24,Lazio,Milan,2024-08-31T19:45:00Z,2,2,True,0,1,0.555776,0.440219,0.154076,0.55,False,0,,,False,0,
Serie A,2024/25,3,2024-08-30T17:30:00+00:00,SerieA|2024|25,Napoli,Parma,2024-08-31T19:45:00Z,2,1,True,0,GG,0.528767,0.528767,0.0,0.6,False,1,,,False,0,
Serie A,2024/25,3,2024-08-30T17:30:00+00:00,SerieA|2024|26,Fiorentina,Monza,2024-09-01T17:30:00Z,2,2,True,0,U2.5,0.682332,0.682332,0.0,0.6,True,0,U2.5,0.682332,True,3,0
Serie A,2024/25,3,2024-08-30T17:30:00+00:00,SerieA|2024|27,Genoa,Verona,2024-09-01T17:30:00Z,0,2,True,0,U2.5,0.570463,0.570463,0.0,0.6,False,1,1,0.569643,True,1,0
Serie A,2024/25,3,2024-08-30T17:30:00+00:00,SerieA|2024|28,Juventus,Roma,2024-09-01T19:45:00Z,0,0,True,0,1,0.610563,0.556816,0.071663,0.55,True,0,1,0.556816,True,1,0
Serie A,2024/25,3,2024-08-30T17:30:00+00:00,SerieA|2024|29,Udinese,Como,2024-09-01T19:45:00Z,1,0,True,0,U2.5,0.546649,0.546649,0.0,0.6,False,1,,,False,0,
Serie A,2024/25,4,2024-09-14T14:00:00+00:00,SerieA|2024|30,Como,Bologna,2024-09-14T14:00:00Z,2,2,True,0,U2.5,0.563576,0.563576,0.0,0.6,False,0,,,False,0,
Serie A,2024/25,4,2024-09-14T14:00:00+00:00,SerieA|2024|31,Empoli,Juventus,2024-09-14T17:00:00Z,0,0,True,0,U2.5,0.656025,0.656025,0.0,0.6,True,1,U2.5,0.656025,True,1,1
Serie A,2024/25,4,2024-09-14T14:00:00+00:00,SerieA|2024|32,Milan,Venezia,2024-09-14T19:45:00Z,4,0,True,0,1,0.698489,0.630847,0.090189,0.55,True,1,1,0.630847,True,1,1
Serie A,2024/25,4,2024-09-14T14:00:00+00:00,SerieA|2024|33,Genoa,Roma,2024-09-15T11:30:00Z,1,1,True,0,U2.5,0.545645,0.545645,0.0,0.6,False,1,,,False,0,
Serie A,2024/25,4,2024-09-14T14:00:00+00:00,SerieA|2024|34,Atalanta,Fiorentina,2024-09-15T14:00:00Z,3,2,True,0,GG,0.556463,0.556463,0.0,0.6,False,1,,,False,0,
Serie A,2024/25,4,2024-09-14T14:00:00+00:00,SerieA|2024|35,Torino,Lecce,2024-09-15T14:00:00Z,0,0,True,0,1,0.68304,0.662235,0.02774,0.55,True,0,1,0.662235,True,1,0
Serie A,2024/25,4,2024-09-14T14:00:00+00:00,SerieA|2024|36,Cagliari,Napoli,2024-09-15T17:00:00Z,0,4,True,0,GG,0.547905,0.547905,0.0,0.6,False,0,,,False,0,
Serie A,2024/25,4,2024-09-14T14:00:00+00:00,SerieA|2024|37,Monza,Inter,2024-09-15T19:45:00Z,1,1,True,0,U2.5,0.605572,0.605572,0.0,0.6,True,1,2,0.695879,True,2,0
Serie A,2024/25,4,2024-09-14T14:00:00+00:00,SerieA|2024|38,Parma,Udinese,2024-09-16T17:30:00Z,2,3,True,0,O2.5,0.558876,0.558876,0.0,0.6,False,1,,,False,0,
Serie A,2024/25,4,2024-09-14T14:00:00+00:00,SerieA|2024|39,Lazio,Verona,2024-09-16T19:45:00Z,2,1,True,0,1,0.535386,0.585422,0.066714,0.55,True,1,1,0.585422,True,1,1
Serie A,2024/25,5,2024-09-20T17:30:00+00:00,SerieA|2024|40,Cagliari,Empoli,2024-09-20T17:30:00Z,0,2,True,0,U2.5,0.563962,0.563962,0.0,0.6,False,1,,,False,0,
Serie A,2024/25,5,2024-09-20T17:30:00+00:00,SerieA|2024|41,Verona,Torino,2024-09-20T19:45:00Z,2,3,True,0,U2.5,0.520568,0.520568,0.0,0.6,False,0,,,False,0,
Serie A,2024/25,5,2024-09-20T17:30:00+00:00,SerieA|2024|42,Venezia,Genoa,2024-09-21T14:00:00Z,2,0,True,0,U2.5,0.561246,0.561246,0.0,0.6,False,1,,,False,0,
Serie A,2024/25,5,2024-09-20T17:30:00+00:00,SerieA|2024|43,Juventus,Napoli,2024-09-21T17:00:00Z,0,0,True,0,U2.5,0.663557,0.663557,0.0,0.6,True,1,U2.5,0.663557,True,1,1
Serie A,2024/25,5,2024-09-20T17:30:00+00:00,SerieA|2024|44,Lecce,Parma,2024-09-21T19:45:00Z,2,2,True,0,GG,0.606343,0.606343,0.0,0.6,True,1,GG,0.606343,True,1,1
Serie A,2024/25,5,2024-09-20T17:30:00+00:00,SerieA|2024|45,Fiorentina,Lazio,2024-09-22T11:30:00Z,2,1,True,0,U2.5,0.540131,0.540131,0.0,0.6,False,0,,,False,0,
Serie A,2024/25,5,2024-09-20T17:30:00+00:00,SerieA|2024|46,Monza,Bologna,2024-09-22T14:00:00Z,1,2,True,0,U2.5,0.645958,0.645958,0.0,0.6,True,0,U2.5,0.645958,True,1,0
Serie A,2024/25,5,2024-09-20T17:30:00+00:00,SerieA|2024|47,Roma,Udinese,2024-09-22T17:00:00Z,3,0,True,0,GG,0.564449,0.564449,0.0,0.6,False,0,,,False,0,
Serie A,2024/25,5,2024-09-20T17:30:00+00:00,SerieA|2024|48,Inter,Milan,2024-09-22T19:45:00Z,1,2,True,0,1,0.628059,0.632515,0.005941,0.55,True,0,1,0.632515,True,1,0
Serie A,2024/25,5,2024-09-20T17:30:00+00:00,SerieA|2024|49,Atalanta,Como,2024-09-24T19:45:00Z,2,3,True,0,1,0.688422,0.65608,0.043122,0.55,True,0,1,0.65608,True,1,0
Serie A,2024/25,6,2024-09-27T19:45:00+00:00,SerieA|2024|50,Milan,Lecce,2024-09-27T19:45:00Z,3,0,True,0,1,0.793785,0.751271,0.056685,0.55,True,1,1,0.751271,True,1,1
Serie A,2024/25,6,2024-09-27T19:45:00+00:00,SerieA|2024|51,Udinese,Inter,2024-09-28T14:00:00Z,2,3,True,0,2,0.655291,0.649748,0.007391,0.55,True,1,2,0.649748,True,1,1
Serie A,2024/25,6,2024-09-27T19:45:00+00:00,SerieA|2024|52,Genoa,Juventus,2024-09-28T17:00:00Z,0,3,True,0,U2.5,0.681569,0.681569,0.0,0.6,True,0,U2.5,0.681569,True,2,0
Serie A,2024/25,6,2024-09-27T19:45:00+00:00,SerieA|2024|53,Bologna,Atalanta,2024-09-28T19:45:00Z,1,1,True,0,GG,0.586906,0.586906,0.0,0.6,False,1,,,False,0,
Serie A,2024/25,6,2024-09-27T19:45:00+00:00,SerieA|2024|54,Torino,Lazio,2024-09-29T11:30:00Z,2,3,True,0,GG,0.561329,0.561329,0.0,0.6,False,1,,,False,0,
Serie A,2024/25,6,2024-09-27T19:45:00+00:00,SerieA|2024|55,Como,Verona,2024-09-29T14:00:00Z,3,2,True,0,U2.5,0.596578,0.596578,0.0,0.6,False,0,,,False,0,
Serie A,2024/25,6,2024-09-27T19:45:00+00:00,SerieA|2024|56,Roma,Venezia,2024-09-29T14:00:00Z,2,1,True,0,1,0.667224,0.582606,0.112824,0.55,True,1,1,0.582606,True,1,1
Serie A,2024/25,6,2024-09-27T19:45:00+00:00,SerieA|2024|57,Empoli,Fiorentina,2024-09-29T17:00:00Z,0,0,True,0,U2.5,0.548932,0.548932,0.0,0.6,False,1,,,False,0,
Serie A,2024/25,6,2024-09-27T19:45:00+00:00,SerieA|2024|58,Napoli,Monza,2024-09-29T19:45:00Z,2,0,True,0,U2.5,0.658822,0.658822,0.0,0.6,True,1,U2.5,0.658822,True,3,1
Serie A,2024/25,6,2024-09-27T19:45:00+00:00,SerieA|2024|59,Parma,Cagliari,2024-09-30T19:45:00Z,2,3,True,0,GG,0.590358,0.590358,0.0,0.6,False,1,1,0.564145,True,1,0
Serie A,2024/25,7,2024-10-04T17:30:00+00:00,SerieA|2024|60,Napoli,Como,2024-10-04T17:30:00Z,3,1,True,0,1,0.670384,0.569521,0.134484,0.55,True,1,U2.5,0.618685,True,2,0
Serie A,2024/25,7,2024-10-04T17:30:00+00:00,SerieA|2024|61,Verona,Venezia,2024-10-04T19:45:00Z,2,1,True,0,U2.5,0.554532,0.554532,0.0,0.6,False,0,,,False,0,
Serie A,2024/25,7,2024-10-04T17:30:00+00:00,SerieA|2024|62,Udinese,Lecce,2024-10-05T14:00:00Z,1,0,True,0,GG,0.579148,0.579148,0.0,0.6,False,0,,,False,0,
Serie A,2024/25,7,2024-10-04T17:30:00+00:00,SerieA|2024|63,Atalanta,Genoa,2024-10-05T17:00:00Z,5,1,True,0,1,0.774357,0.647939,0.168557,0.55,True,1,1,0.647939,True,2,1
Serie A,2024/25,7,2024-10-04T17:30:00+00:00,SerieA|2024|64,Inter,Torino,2024-10-05T19:45:00Z,3,2,True,0,1,0.65023,0.687333,0.04947,0.55,True,1,1,0.687333,True,1,1
Serie A,2024/25,7,2024-10-04T17:30:00+00:00,SerieA|2024|65,Juventus,Cagliari,2024-10-06T11:30:00Z,1,1,True,0,1,0.686369,0.742867,0.075331,0.55,True,0,1,0.742867,True,2,0
Serie A,2024/25,7,2024-10-04T17:30:00+00:00,SerieA|2024|66,Bologna,Parma,2024-10-06T14:00:00Z,0,0,True,0,GG,0.598628,0.598628,0.0,0.6,False,0,1,0.558876,True,1,0
Serie A,2024/25,7,2024-10-04T17:30:00+00:00,SerieA|2024|67,Lazio,Empoli,2024-10-06T14:00:00Z,2,1,True,0,1,0.588233,0.584758,0.004633,0.55,True,1,1,0.584758,True,1,1
Serie A,2024/25,7,2024-10-04T17:30:00+00:00,SerieA|2024|68,Monza,Roma,2024-10-06T17:00:00Z,1,1,True,0,2,0.639566,0.516891,0.163566,0.55,False,0,U2.5,0.633563,True,1,1
Serie A,2024/25,7,2024-10-04T17:30:00+00:00,SerieA|2024|69,Fiorentina,Milan,2024-10-06T19:45:00Z,2,1,True,0,GG,0.54417,0.54417,0.0,0.6,False,1,,,False,0,
Serie A,2024/25,8,2024-10-19T14:00:00+00:00,SerieA|2024|70,Como,Parma,2024-10-19T14:00:00Z,1,1,True,0,GG,0.553051,0.553051,0.0,0.6,False,1,,,False,0,
Serie A,2024/25,8,2024-10-19T14:00:00+00:00,SerieA|2024|71,Genoa,Bologna,2024-10-19T14:00:00Z,2,2,True,0,2,0.553456,0.459064,0.125856,0.55,False,0,,,False,0,
Serie A,2024/25,8,2024-10-19T14:00:00+00:00,SerieA|2024|72,Milan,Udinese,2024-10-19T17:00:00Z,1,0,True,0,1,0.819687,0.674122,0.194087,0.55,True,1,1,0.674122,True,1,1
Serie A,2024/25,8,2024-10-19T14:00:00+00:00,SerieA|2024|73,Juventus,Lazio,2024-10-19T19:45:00Z,1,0,True,0,U2.5,0.651092,0.651092,0.0,0.6,True,1,U2.5,0.651092,True,1,1
Serie A,2024/25,8,2024-10-19T14:00:00+00:00,SerieA|2024|74,Empoli,Napoli,2024-10-20T11:30:00Z,0,1,True,0,U2.5,0.664966,0.664966,0.0,0.6,True,1,U2.5,0.664966,True,1,1
Serie A,2024/25,8,2024-10-19T14:00:00+00:00,SerieA|2024|75,Lecce,Fiorentina,2024-10-20T14:00:00Z,0,6,True,0,GG,0.542634,0.542634,0.0,0.6,False,0,,,False,0,
Serie A,2024/25,8,2024-10-19T14:00:00+00:00,SerieA|2024|76,Venezia,Atalanta,2024-10-20T14:00:00Z,0,2,True,0,2,0.71309,0.551548,0.21539,0.55,True,1,2,0.551548,True,1,1
Serie A,2024/25,8,2024-10-19T14:00:00+00:00,SerieA|2024|77,Cagliari,Torino,2024-10-20T17:00:00Z,3,2,True,0,GG,0.595701,0.595701,0.0,0.6,False,1,,,False,0,
Serie A,2024/25,8,2024-10-19T14:00:00+00:00,SerieA|2024|78,Roma,Inter,2024-10-20T19:45:00Z,0,1,True,0,GG,0.573791,0.573791,0.0,0.6,False,0,,,False,0,
Serie A,2024/25,8,2024-10-19T14:00:00+00:00,SerieA|2024|79,Verona,Monza,2024-10-21T19:45:00Z,0,3,True,0,U2.5,0.654638,0.654638,0.0,0.6,True,0,U2.5,0.654638,True,2,0
Serie A,2024/25,9,2024-10-25T17:30:00+00:00,SerieA|2024|80,Udinese,Cagliari,2024-10-25T17:30:00Z,2,0,True,0,GG,0.588989,0.588989,0.0,0.6,False,0,,,False,0,
Serie A,2024/25,9,2024-10-25T17:30:00+00:00,SerieA|2024|81,Torino,Como,2024-10-25T19:45:00Z,1,0,True,0,U2.5,0.528819,0.528819,0.0,0.6,False,1,,,False,0,
Serie A,2024/25,9,2024-10-25T17:30:00+00:00,SerieA|2024|82,Napoli,Lecce,2024-10-26T14:00:00Z,1,0,True,0,1,0.811159,0.751115,0.080059,0.55,True,1,1,0.751115,True,1,1
Serie A,2024/25,9,2024-10-25T17:30:00+00:00,SerieA|2024|83,Atalanta,Verona,2024-10-26T19:45:00Z,6,1,True,0,1,0.777555,0.739339,0.050955,0.55,True,1,1,0.739339,True,1,1
Serie A,2024/25,9,2024-10-25T17:30:00+00:00,SerieA|2024|84,Parma,Empoli,2024-10-27T11:30:00Z,1,1,True,0,GG,0.535027,0.535027,0.0,0.6,False,1,,,False,0,
Serie A,2024/25,9,2024-10-25T17:30:00+00:00,SerieA|2024|85,Lazio,Genoa,2024-10-27T14:00:00Z,3,0,True,0,1,0.81278,0.641645,0.22818,0.55,True,1,1,0.641645,True,1,1
Serie A,2024/25,9,2024-10-25T17:30:00+00:00,SerieA|2024|86,Monza,Venezia,2024-10-27T14:00:00Z,2,2,True,0,U2.5,0.669667,0.669667,0.0,0.6,True,0,U2.5,0.669667,True,1,0
Serie A,2024/25,9,2024-10-25T17:30:00+00:00,SerieA|2024|87,Inter,Juventus,2024-10-27T17:00:00Z,4,4,True,0,U2.5,0.640499,0.640499,0.0,0.6,True,0,U2.5,0.640499,True,1,0
Serie A,2024/25,9,2024-10-25T17:30:00+00:00,SerieA|2024|88,Fiorentina,Roma,2024-10-27T19:45:00Z,5,1,True,0,GG,0.542566,0.542566,0.0,0.6,False,1,,,False,0,
Serie A,2024/25,10,2024-10-29T17:30:00+00:00,SerieA|2024|89,Cagliari,Bologna,2024-10-29T17:30:00Z,0,2,True,0,U2.5,0.532591,0.532591,0.0,0.6,False,1,,,False,0,
Serie A,2024/25,10,2024-10-29T17:30:00+00:00,SerieA|2024|90,Lecce,Verona,2024-10-29T17:30:00Z,1,0,True,0,GG,0.53868,0.53868,0.0,0.6,False,0,,,False,0,
Serie A,2024/25,10,2024-10-29T17:30:00+00:00,SerieA|2024|91,Milan,Napoli,2024-10-29T19:45:00Z,0,2,True,0,U2.5,0.549548,0.549548,0.0,0.6,False,1,,,False,0,
Serie A,2024/25,10,2024-10-29T17:30:00+00:00,SerieA|2024|92,Empoli,Inter,2024-10-30T17:30:00Z,0,3,True,0,2,0.566278,0.660419,0.125522,0.55,True,1,2,0.660419,True,1,1
Serie A,2024/25,10,2024-10-29T17:30:00+00:00,SerieA|2024|93,Venezia,Udinese,2024-10-30T17:30:00Z,3,2,True,0,U2.5,0.574937,0.574937,0.0,0.6,False,0,,,False,0,
Serie A,2024/25,10,2024-10-29T17:30:00+00:00,SerieA|2024|94,Atalanta,Monza,2024-10-30T19:45:00Z,2,0,True,0,1,0.777793,0.703998,0.098393,0.55,True,1,1,0.703998,True,1,1
Serie A,2024/25,10,2024-10-29T17:30:00+00:00,SerieA|2024|95,Juventus,Parma,2024-10-30T19:45:00Z,2,2,True,0,1,0.764389,0.697122,0.089689,0.55,True,0,1,0.697122,True,1,0
Serie A,2024/25,10,2024-10-29T17:30:00+00:00,SerieA|2024|96,Genoa,Fiorentina,2024-10-31T17:30:00Z,0,1,True,0,2,0.805064,0.556841,0.330964,0.55,False,1,,,False,0,
Serie A,2024/25,10,2024-10-29T17:30:00+00:00,SerieA|2024|97,Como,Lazio,2024-10-31T19:45:00Z,1,5,True,0,2,0.597196,0.484324,0.150496,0.55,False,1,,,False,0,
Serie A,2024/25,10,2024-10-29T17:30:00+00:00,SerieA|2024|98,Roma,Torino,2024-10-31T19:45:00Z,1,0,True,0,GG,0.580888,0.580888,0.0,0.6,False,0,,,False,0,
Serie A,2024/25,11,2024-11-02T14:00:00+00:00,SerieA|2024|99,Bologna,Lecce,2024-11-02T14:00:00Z,1,0,True,0,1,0.704853,0.705938,0.001447,0.55,True,1,1,0.705938,True,1,1
Serie A,2024/25,11,2024-11-02T14:00:00+00:00,SerieA|2024|100,Udinese,Juventus,2024-11-02T17:00:00Z,0,2,True,0,2,0.640825,0.535131,0.140925,0.55,False,1,,,False,0,
Serie A,2024/25,11,2024-11-02T14:00:00+00:00,SerieA|2024|101,Monza,Milan,2024-11-02T19:45:00Z,0,1,True,0,2,0.650029,0.532632,0.156529,0.55,False,1,U2.5,0.63914,True,1,1
Serie A,2024/25,11,2024-11-02T14:00:00+00:00,SerieA|2024|102,Napoli,Atalanta,2024-11-03T11:30:00Z,0,3,True,0,U2.5,0.53778,0.53778,0.0,0.6,False,0,,,False,0,
Serie A,2024/25,11,2024-11-02T14:00:00+00:00,SerieA|2024|103,Torino,Fiorentina,2024-11-03T14:00:00Z,0,1,True,0,2,0.643613,0.454753,0.251813,0.55,False,1,,,False,0,
Serie A,2024/25,11,2024-11-02T14:00:00+00:00,SerieA|2024|104,Verona,Roma,2024-11-03T17:00:00Z,3,2,True,0,GG,0.537018,0.537018,0.0,0.6,False,1,,,False,0,
Serie A,2024/25,11,2024-11-02T14:00:00+00:00,SerieA|2024|105,Inter,Venezia,2024-11-03T19:45:00Z,1,0,True,0,1,0.792526,0.819732,0.036274,0.55,True,1,1,0.819732,True,1,1
Serie A,2024/25,11,2024-11-02T14:00:00+00:00,SerieA|2024|106,Empoli,Como,2024-11-04T17:30:00Z,1,0,True,0,U2.5,0.617886,0.617886,0.0,0.6,True,1,U2.5,0.617886,True,1,1
Serie A,2024/25,11,2024-11-02T14:00:00+00:00,SerieA|2024|107,Parma,Genoa,2024-11-04T17:30:00Z,0,1,True,0,1,0.624643,0.499811,0.166443,0.55,False,0,,,False,0,
Serie A,2024/25,11,2024-11-02T14:00:00+00:00,SerieA|2024|108,Lazio,Cagliari,2024-11-04T19:45:00Z,2,1,True,0,1,0.810357,0.749114,0.081657,0.55,True,1,1,0.749114,True,1,1
Serie A,2024/25,12,2024-11-07T19:45:00+00:00,SerieA|2024|109,Genoa,Como,2024-11-07T19:45:00Z,1,1,True,0,U2.5,0.562141,0.562141,0.0,0.6,False,1,,,False,0,
Serie A,2024/25,12,2024-11-07T19:45:00+00:00,SerieA|2024|110,Lecce,Empoli,2024-11-08T19:45:00Z,1,1,True,0,U2.5,0.630523,0.630523,0.0,0.6,True,1,U2.5,0.630523,True,1,1
Serie A,2024/25,12,2024-11-07T19:45:00+00:00,SerieA|2024|111,Venezia,Parma,2024-11-09T14:00:00Z,1,2,True,0,GG,0.584377,0.584377,0.0,0.6,False,1,,,False,0,
Serie A,2024/25,12,2024-11-07T19:45:00+00:00,SerieA|2024|112,Cagliari,Milan,2024-11-09T17:00:00Z,3,3,True,0,2,0.721717,0.622554,0.132217,0.55,True,0,2,0.622554,True,1,0
Serie A,2024/25,12,2024-11-07T19:45:00+00:00,SerieA|2024|113,Juventus,Torino,2024-11-09T19:45:00Z,2,0,True,0,1,0.777964,0.647116,0.174464,0.55,True,1,1,0.647116,True,1,1
Serie A,2024/25,12,2024-11-07T19:45:00+00:00,SerieA|2024|114,Atalanta,Udinese,2024-11-10T11:30:00Z,2,1,True,0,1,0.813826,0.736106,0.103626,0.55,True,1,1,0.736106,True,1,1
Serie A,2024/25,12,2024-11-07T19:45:00+00:00,SerieA|2024|115,Fiorentina,Verona,2024-11-10T14:00:00Z,3,1,True,0,1,0.832001,0.74605,0.114601,0.55,True,1,1,0.74605,True,1,1
Serie A,2024/25,12,2024-11-07T19:45:00+00:00,SerieA|2024|116,Roma,Bologna,2024-11-10T14:00:00Z,2,3,True,0,U2.5,0.5428,0.5428,0.0,0.6,False,0,,,False,0,
Serie A,2024/25,12,2024-11-07T19:45:00+00:00,SerieA|2024|117,Monza,Lazio,2024-11-10T17:00:00Z,0,1,True,0,2,0.65839,0.551747,0.14219,0.55,True,1,U2.5,0.605053,True,2,1
Serie A,2024/25,12,2024-11-07T19:45:00+00:00,SerieA|2024|118,Inter,Napoli,2024-11-10T19:45:00Z,1,1,True,0,U2.5,0.536132,0.536132,0.0,0.6,False,1,1,0.611459,True,1,0
Serie A,2024/25,13,2024-11-23T14:00:00+00:00,SerieA|2024|119,Verona,Inter,2024-11-23T14:00:00Z,0,5,True,0,2,0.831921,0.782405,0.066021,0.55,True,1,2,0.782405,True,1,1
Serie A,2024/25,13,2024-11-23T14:00:00+00:00,SerieA|2024|120,Milan,Juventus,2024-11-23T17:00:00Z,0,0,True,0,U2.5,0.547681,0.547681,0.0,0.6,False,1,,,False,0,
Serie A,2024/25,13,2024-11-23T14:00:00+00:00,SerieA|2024|121,Parma,Atalanta,2024-11-23T19:45:00Z,1,3,True,0,2,0.704397,0.589574,0.153097,0.55,True,1,GG,0.601939,True,2,1
Serie A,2024/25,13,2024-11-23T14:00:00+00:00,SerieA|2024|122,Genoa,Cagliari,2024-11-24T11:30:00Z,2,2,True,0,GG,0.56552,0.56552,0.0,0.6,False,1,,,False,0,
Serie A,2024/25,13,2024-11-23T14:00:00+00:00,SerieA|2024|123,Como,Fiorentina,2024-11-24T14:00:00Z,0,2,True,0,2,0.706152,0.568638,0.183352,0.55,True,1,2,0.568638,True,1,1
Serie A,2024/25,13,2024-11-23T14:00:00+00:00,SerieA|2024|124,Torino,Monza,2024-11-24T14:00:00Z,1,1,True,0,U2.5,0.668573,0.668573,0.0,0.6,True,1,U2.5,0.668573,True,2,1
Serie A,2024/25,13,2024-11-23T14:00:00+00:00,SerieA|2024|125,Napoli,Roma,2024-11-24T17:00:00Z,1,0,True,0,1,0.563627,0.534582,0.038727,0.55,False,1,,,False,0,
Serie A,2024/25,13,2024-11-23T14:00:00+00:00,SerieA|2024|126,Lazio,Bologna,2024-11-24T19:45:00Z,3,0,True,0,1,0.562236,0.483234,0.105336,0.55,False,1,,,False,0,
Serie A,2024/25,13,2024-11-23T14:00:00+00:00,SerieA|2024|127,Empoli,Udinese,2024-11-25T17:30:00Z,1,1,True,0,U2.5,0.634199,0.634199,0.0,0.6,True,1,U2.5,0.634199,True,1,1
Serie A,2024/25,13,2024-11-23T14:00:00+00:00,SerieA|2024|128,Venezia,Lecce,2024-11-25T19:45:00Z,0,1,True,0,U2.5,0.520933,0.520933,0.0,0.6,False,1,,,False,0,
Serie A,2024/25,14,2024-11-29T19:45:00+00:00,SerieA|2024|129,Cagliari,Verona,2024-11-29T19:45:00Z,1,0,True,0,GG,0.596139,0.596139,0.0,0.6,False,0,,,False,0,
Serie A,2024/25,14,2024-11-29T19:45:00+00:00,SerieA|2024|130,Como,Monza,2024-11-30T14:00:00Z,1,1,True,0,U2.5,0.671069,0.671069,0.0,0.6,True,1,U2.5,0.671069,True,2,1
Serie A,2024/25,14,2024-11-29T19:45:00+00:00,SerieA|2024|131,Milan,Empoli,2024-11-30T17:00:00Z,3,0,True,0,1,0.638417,0.638554,0.000183,0.55,True,1,1,0.638554,True,1,1
Serie A,2024/25,14,2024-11-29T19:45:00+00:00,SerieA|2024|132,Bologna,Venezia,2024-11-30T19:45:00Z,3,0,True,0,1,0.645414,0.644203,0.001614,0.55,True,1,1,0.644203,True,1,1
Serie A,2024/25,14,2024-11-29T19:45:00+00:00,SerieA|2024|133,Udinese,Genoa,2024-12-01T11:30:00Z,0,2,True,0,U2.5,0.517254,0.517254,0.0,0.6,False,1,,,False,0,
Serie A,2024/25,14,2024-11-29T19:45:00+00:00,SerieA|2024|134,Parma,Lazio,2024-12-01T14:00:00Z,3,1,True,0,2,0.789311,0.587553,0.269011,0.55,False,0,,,False,0,
Serie A,2024/25,14,2024-11-29T19:45:00+00:00,SerieA|2024|135,Torino,Napoli,2024-12-01T14:00:00Z,0,1,True,0,U2.5,0.619725,0.619725,0.0,0.6,True,1,U2.5,0.619725,True,1,1
Serie A,2024/25,14,2024-11-29T19:45:00+00:00,SerieA|2024|136,Lecce,Juventus,2024-12-01T19:45:00Z,1,1,True,0,2,0.673239,0.65206,0.028239,0.55,True,0,2,0.65206,True,1,0
Serie A,2024/25,14,2024-11-29T19:45:00+00:00,SerieA|2024|137,Roma,Atalanta,2024-12-02T19:45:00Z,0,2,True,0,2,0.733019,0.553455,0.239419,0.55,True,1,2,0.553455,True,1,1
Serie A,2024/25,15,2024-12-06T17:30:00+00:00,SerieA|2024|138,Inter,Parma,2024-12-06T17:30:00Z,3,1,True,0,1,0.869539,0.81986,0.066239,0.55,True,1,1,0.81986,True,2,1
Serie A,2024/25,15,2024-12-06T17:30:00+00:00,SerieA|2024|139,Atalanta,Milan,2024-12-06T19:45:00Z,2,1,True,0,GG,0.574055,0.574055,0.0,0.6,False,1,,,False,0,
Serie A,2024/25,15,2024-12-06T17:30:00+00:00,SerieA|2024|140,Genoa,Torino,2024-12-07T14:00:00Z,0,0,True,0,U2.5,0.552807,0.552807,0.0,0.6,False,1,,,False,0,
Serie A,2024/25,15,2024-12-06T17:30:00+00:00,SerieA|2024|141,Juventus,Bologna,2024-12-07T17:00:00Z,2,2,True,0,U2.5,0.624387,0.624387,0.0,0.6,True,0,U2.5,0.624387,True,1,0
Serie A,2024/25,15,2024-12-06T17:30:00+00:00,SerieA|2024|142,Roma,Lecce,2024-12-07T19:45:00Z,4,1,True,0,GG,0.524905,0.524905,0.0,0.6,False,1,1,0.551565,True,1,1
Serie A,2024/25,15,2024-12-06T17:30:00+00:00,SerieA|2024|143,Fiorentina,Cagliari,2024-12-08T11:30:00Z,1,0,True,0,1,0.809507,0.758652,0.067807,0.55,True,1,1,0.758652,True,2,1
Serie A,2024/25,15,2024-12-06T17:30:00+00:00,SerieA|2024|144,Verona,Empoli,2024-12-08T14:00:00Z,1,4,True,0,U2.5,0.63611,0.63611,0.0,0.6,True,0,U2.5,0.63611,True,1,0
Serie A,2024/25,15,2024-12-06T17:30:00+00:00,SerieA|2024|145,Venezia,Como,2024-12-08T17:00:00Z,2,2,True,0,U2.5,0.530895,0.530895,0.0,0.6,False,0,,,False,0,
Serie A,2024/25,15,2024-12-06T17:30:00+00:00,SerieA|2024|146,Napoli,Lazio,2024-12-08T19:45:00Z,0,1,True,0,U2.5,0.605575,0.605575,0.0,0.6,True,1,U2.5,0.605575,True,1,1
Serie A,2024/25,15,2024-12-06T17:30:00+00:00,SerieA|2024|147,Monza,Udinese,2024-12-09T19:45:00Z,1,2,True,0,U2.5,0.678189,0.678189,0.0,0.6,True,0,U2.5,0.678189,True,2,0
Serie A,2024/25,16,2024-12-13T19:45:00+00:00,SerieA|2024|148,Empoli,Torino,2024-12-13T19:45:00Z,0,1,True,0,U2.5,0.682249,0.682249,0.0,0.6,True,1,U2.5,0.682249,True,2,1
Serie A,2024/25,16,2024-12-13T19:45:00+00:00,SerieA|2024|149,Cagliari,Atalanta,2024-12-14T14:00:00Z,0,1,True,0,2,0.813469,0.720717,0.123669,0.55,True,1,2,0.720717,True,3,1
Serie A,2024/25,16,2024-12-13T19:45:00+00:00,SerieA|2024|150,Udinese,Napoli,2024-12-14T17:00:00Z,1,3,True,0,U2.5,0.627235,0.627235,0.0,0.6,True,0,U2.5,0.627235,True,1,0
Serie A,2024/25,16,2024-12-13T19:45:00+00:00,SerieA|2024|151,Juventus,Venezia,2024-12-14T19:45:00Z,2,2,True,0,1,0.81934,0.76441,0.07324,0.55,True,0,1,0.76441,True,1,0
Serie A,2024/25,16,2024-12-13T19:45:00+00:00,SerieA|2024|152,Lecce,Monza,2024-12-15T11:30:00Z,2,1,True,0,U2.5,0.628789,0.628789,0.0,0.6,True,0,U2.5,0.628789,True,1,0
Serie A,2024/25,16,2024-12-13T19:45:00+00:00,SerieA|2024|154,Parma,Verona,2024-12-15T14:00:00Z,2,3,True,0,1,0.606066,0.587567,0.024666,0.55,True,0,1,0.587567,True,1,0
Serie A,2024/25,16,2024-12-13T19:45:00+00:00,SerieA|2024|155,Como,Roma,2024-12-15T17:00:00Z,2,0,True,0,U2.5,0.530872,0.530872,0.0,0.6,False,1,,,False,0,
Serie A,2024/25,16,2024-12-13T19:45:00+00:00,SerieA|2024|156,Milan,Genoa,2024-12-15T19:45:00Z,0,0,True,0,1,0.76451,0.651853,0.15021,0.55,True,0,1,0.651853,True,1,0
Serie A,2024/25,16,2024-12-13T19:45:00+00:00,SerieA|2024|157,Lazio,Inter,2024-12-16T19:45:00Z,0,6,True,0,GG,0.572529,0.572529,0.0,0.6,False,0,,,False,0,
Serie A,2024/25,17,2024-12-20T19:45:00+00:00,SerieA|2024|158,Verona,Milan,2024-12-20T19:45:00Z,0,1,True,0,2,0.799957,0.637014,0.217257,0.55,True,1,2,0.637014,True,1,1
Serie A,2024/25,17,2024-12-20T19:45:00+00:00,SerieA|2024|159,Torino,Bologna,2024-12-21T14:00:00Z,0,2,True,0,U2.5,0.589849,0.589849,0.0,0.6,False,1,,,False,0,
Serie A,2024/25,17,2024-12-20T19:45:00+00:00,SerieA|2024|160,Genoa,Napoli,2024-12-21T17:00:00Z,1,2,True,0,U2.5,0.606789,0.606789,0.0,0.6,True,0,U2.5,0.606789,True,1,0
Serie A,2024/25,17,2024-12-20T19:45:00+00:00,SerieA|2024|161,Lecce,Lazio,2024-12-21T19:45:00Z,1,2,True,0,2,0.619903,0.580001,0.053203,0.55,True,1,2,0.580001,True,1,1
Serie A,2024/25,17,2024-12-20T19:45:00+00:00,SerieA|2024|162,Roma,Parma,2024-12-22T11:30:00Z,5,0,True,0,GG,0.614785,0.614785,0.0,0.6,True,0,GG,0.614785,True,2,0
Serie A,2024/25,17,2024-12-20T19:45:00+00:00,SerieA|2024|163,Venezia,Cagliari,2024-12-22T14:00:00Z,2,1,True,0,GG,0.59995,0.59995,0.0,0.6,False,1,,,False,0,
Serie A,2024/25,17,2024-12-20T19:45:00+00:00,SerieA|2024|164,Atalanta,Empoli,2024-12-22T17:00:00Z,3,2,True,0,1,0.849829,0.789657,0.080229,0.55,True,1,1,0.789657,True,1,1
Serie A,2024/25,17,2024-12-20T19:45:00+00:00,SerieA|2024|165,Monza,Juventus,2024-12-22T19:45:00Z,1,2,True,0,U2.5,0.697044,0.697044,0.0,0.6,True,0,U2.5,0.697044,True,3,0
Serie A,2024/25,17,2024-12-20T19:45:00+00:00,SerieA|2024|166,Fiorentina,Udinese,2024-12-23T17:30:00Z,1,2,True,0,1,0.772624,0.709456,0.084224,0.55,True,0,1,0.709456,True,1,0
Serie A,2024/25,17,2024-12-20T19:45:00+00:00,SerieA|2024|167,Inter,Como,2024-12-23T19:45:00Z,2,0,True,0,1,0.771289,0.833322,0.082711,0.55,True,1,1,0.833322,True,1,1
Serie A,2024/25,18,2024-12-28T14:00:00+00:00,SerieA|2024|168,Empoli,Genoa,2024-12-28T14:00:00Z,1,2,True,0,U2.5,0.661635,0.661635,0.0,0.6,True,0,U2.5,0.661635,True,1,0
Serie A,2024/25,18,2024-12-28T14:00:00+00:00,SerieA|2024|169,Parma,Monza,2024-12-28T14:00:00Z,2,1,True,0,GG,0.535281,0.535281,0.0,0.6,False,1,,,False,0,
Serie A,2024/25,18,2024-12-28T14:00:00+00:00,SerieA|2024|170,Cagliari,Inter,2024-12-28T17:00:00Z,0,3,True,0,2,0.75999,0.802748,0.05701,0.55,True,1,2,0.802748,True,3,1
Serie A,2024/25,18,2024-12-28T14:00:00+00:00,SerieA|2024|171,Lazio,Atalanta,2024-12-28T19:45:00Z,1,1,True,0,GG,0.575623,0.575623,0.0,0.6,False,1,,,False,0,
Serie A,2024/25,18,2024-12-28T14:00:00+00:00,SerieA|2024|172,Udinese,Torino,2024-12-29T11:30:00Z,2,2,True,0,U2.5,0.605007,0.605007,0.0,0.6,True,0,U2.5,0.605007,True,1,0
Serie A,2024/25,18,2024-12-28T14:00:00+00:00,SerieA|2024|173,Napoli,Venezia,2024-12-29T14:00:00Z,1,0,True,0,1,0.804291,0.725323,0.105291,0.55,True,1,1,0.725323,True,1,1
Serie A,2024/25,18,2024-12-28T14:00:00+00:00,SerieA|2024|174,Juventus,Fiorentina,2024-12-29T17:00:00Z,2,2,True,0,U2.5,0.614943,0.614943,0.0,0.6,True,0,U2.5,0.614943,True,1,0
Serie A,2024/25,18,2024-12-28T14:00:00+00:00,SerieA|2024|175,Milan,Roma,2024-12-29T19:45:00Z,1,1,True,0,GG,0.565487,0.565487,0.0,0.6,False,1,,,False,0,
Serie A,2024/25,18,2024-12-28T14:00:00+00:00,SerieA|2024|176,Como,Lecce,2024-12-30T17:30:00Z,2,0,True,0,U2.5,0.577664,0.577664,0.0,0.6,False,1,,,False,0,
Serie A,2024/25,18,2024-12-28T14:00:00+00:00,SerieA|2024|177,Bologna,Verona,2024-12-30T19:45:00Z,2,3,True,0,1,0.820805,0.777001,0.058405,0.55,True,0,1,0.777001,True,1,0
Serie A,2024/25,19,2025-01-04T14:00:00+00:00,SerieA|2024|178,Venezia,Empoli,2025-01-04T14:00:00Z,1,1,True,0,U2.5,0.614838,0.614838,0.0,0.6,True,1,U2.5,0.614838,True,1,1
Serie A,2024/25,19,2025-01-04T14:00:00+00:00,SerieA|2024|179,Fiorentina,Napoli,2025-01-04T17:00:00Z,0,3,True,0,U2.5,0.621559,0.621559,0.0,0.6,True,0,U2.5,0.621559,True,1,0
Serie A,2024/25,19,2025-01-04T14:00:00+00:00,SerieA|2024|180,Verona,Udinese,2025-01-04T19:45:00Z,0,0,True,0,GG,0.524981,0.524981,0.0,0.6,False,0,,,False,0,
Serie A,2024/25,19,2025-01-04T14:00:00+00:00,SerieA|2024|181,Monza,Cagliari,2025-01-05T11:30:00Z,1,2,True,0,U2.5,0.526017,0.526017,0.0,0.6,False,0,,,False,0,
Serie A,2024/25,19,2025-01-04T14:00:00+00:00,SerieA|2024|182,Lecce,Genoa,2025-01-05T14:00:00Z,0,0,True,0,U2.5,0.564233,0.564233,0.0,0.6,False,1,,,False,0,
Serie A,2024/25,19,2025-01-04T14:00:00+00:00,SerieA|2024|183,Torino,Parma,2025-01-05T17:00:00Z,0,0,True,0,GG,0.553621,0.553621,0.0,0.6,False,0,,,False,0,
Serie A,2024/25,19,2025-01-04T14:00:00+00:00,SerieA|2024|184,Roma,Lazio,2025-01-05T19:45:00Z,2,0,True,0,GG,0.576108,0.576108,0.0,0.6,False,0,,,False,0,
Serie A,2024/25,20,2025-01-10T19:45:00+00:00,SerieA|2024|185,Lazio,Como,2025-01-10T19:45:00Z,1,1,True,0,U2.5,0.549358,0.549358,0.0,0.6,False,1,1,0.574088,True,1,0
Serie A,2024/25,20,2025-01-10T19:45:00+00:00,SerieA|2024|186,Empoli,Lecce,2025-01-11T14:00:00Z,1,3,True,0,U2.5,0.640823,0.640823,0.0,0.6,True,0,U2.5,0.640823,True,1,0
Serie A,2024/25,20,2025-01-10T19:45:00+00:00,SerieA|2024|187,Udinese,Atalanta,2025-01-11T14:00:00Z,0,0,True,0,2,0.774298,0.660449,0.151798,0.55,True,0,2,0.660449,True,1,0
Serie A,2024/25,20,2025-01-10T19:45:00+00:00,SerieA|2024|188,Torino,Juventus,2025-01-11T17:00:00Z,1,1,True,0,U2.5,0.665293,0.665293,0.0,0.6,True,1,U2.5,0.665293,True,2,1
Serie A,2024/25,20,2025-01-10T19:45:00+00:00,SerieA|2024|189,Milan,Cagliari,2025-01-11T19:45:00Z,1,1,True,0,1,0.796822,0.733956,0.083822,0.55,True,0,1,0.733956,True,2,0
Serie A,2024/25,20,2025-01-10T19:45:00+00:00,SerieA|2024|190,Genoa,Parma,2025-01-12T11:30:00Z,1,0,True,0,GG,0.578936,0.578936,0.0,0.6,False,0,,,False,0,
Serie A,2024/25,20,2025-01-10T19:45:00+00:00,SerieA|2024|191,Venezia,Inter,2025-01-12T14:00:00Z,0,1,True,0,2,0.84098,0.796745,0.05898,0.55,True,1,2,0.796745,True,1,1
Serie A,2024/25,20,2025-01-10T19:45:00+00:00,SerieA|2024|192,Bologna,Roma,2025-01-12T17:00:00Z,2,2,True,0,GG,0.543986,0.543986,0.0,0.6,False,1,,,False,0,
Serie A,2024/25,20,2025-01-10T19:45:00+00:00,SerieA|2024|193,Napoli,Verona,2025-01-12T19:45:00Z,2,0,True,0,1,0.845267,0.794967,0.067067,0.55,True,1,1,0.794967,True,1,1
Serie A,2024/25,20,2025-01-10T19:45:00+00:00,SerieA|2024|194,Monza,Fiorentina,2025-01-13T19:45:00Z,2,1,True,0,U2.5,0.603257,0.603257,0.0,0.6,True,0,U2.5,0.603257,True,1,0
Serie A,2024/25,20,2025-01-10T19:45:00+00:00,SerieA|2024|195,Como,Milan,2025-01-14T17:30:00Z,1,2,True,0,U2.5,0.555016,0.555016,0.0,0.6,False,0,,,False,0,
Serie A,2024/25,20,2025-01-10T19:45:00+00:00,SerieA|2024|196,Atalanta,Juventus,2025-01-14T19:45:00Z,1,1,True,0,U2.5,0.558051,0.558051,0.0,0.6,False,1,,,False,0,
Serie A,2024/25,19,2025-01-15T19:45:00+00:00,SerieA|2024|197,Inter,Bologna,2025-01-15T19:45:00Z,2,2,True,0,1,0.706384,0.704296,0.002784,0.55,True,0,1,0.704296,True,1,0
Serie A,2024/25,21,2025-01-17T19:45:00+00:00,SerieA|2024|198,Roma,Genoa,2025-01-17T19:45:00Z,3,1,True,0,1,0.659375,0.539544,0.159775,0.55,False,1,,,False,0,
Serie A,2024/25,21,2025-01-17T19:45:00+00:00,SerieA|2024|199,Bologna,Monza,2025-01-18T14:00:00Z,3,1,True,0,1,0.699003,0.707026,0.010697,0.55,True,1,1,0.707026,True,1,1
Serie A,2024/25,21,2025-01-17T19:45:00+00:00,SerieA|2024|200,Juventus,Milan,2025-01-18T17:00:00Z,2,0,True,0,U2.5,0.587534,0.587534,0.0,0.6,False,1,,,False,0,
Serie A,2024/25,21,2025-01-17T19:45:00+00:00,SerieA|2024|201,Atalanta,Napoli,2025-01-18T19:45:00Z,2,3,True,0,U2.5,0.550605,0.550605,0.0,0.6,False,0,,,False,0,
Serie A,2024/25,21,2025-01-17T19:45:00+00:00,SerieA|2024|202,Fiorentina,Torino,2025-01-19T11:30:00Z,1,1,True,0,U2.5,0.586331,0.586331,0.0,0.6,False,1,,,False,0,
Serie A,2024/25,21,2025-01-17T19:45:00+00:00,SerieA|2024|203,Cagliari,Lecce,2025-01-19T14:00:00Z,4,1,True,0,GG,0.572151,0.572151,0.0,0.6,False,1,,,False,0,
Serie A,2024/25,21,2025-01-17T19:45:00+00:00,SerieA|2024|204,Parma,Venezia,2025-01-19T14:00:00Z,1,1,True,0,GG,0.603649,0.603649,0.0,0.6,True,1,GG,0.603649,True,1,1
Serie A,2024/25,21,2025-01-17T19:45:00+00:00,SerieA|2024|205,Verona,Lazio,2025-01-19T17:00:00Z,0,3,True,0,2,0.596079,0.56257,0.044679,0.55,True,1,2,0.56257,True,1,1
Serie A,2024/25,21,2025-01-17T19:45:00+00:00,SerieA|2024|206,Inter,Empoli,2025-01-19T19:45:00Z,3,1,True,0,1,0.877,0.872425,0.0061,0.55,True,1,1,0.872425,True,1,1
Serie A,2024/25,21,2025-01-17T19:45:00+00:00,SerieA|2024|207,Como,Udinese,2025-01-20T19:45:00Z,4,1,True,0,U2.5,0.606176,0.606176,0.0,0.6,True,0,U2.5,0.606176,True,1,0
Serie A,2024/25,22,2025-01-24T19:45:00+00:00,SerieA|2024|208,Torino,Cagliari,2025-01-24T19:45:00Z,2,0,True,0,U2.5,0.525071,0.525071,0.0,0.6,False,1,,,False,0,
Serie A,2024/25,22,2025-01-24T19:45:00+00:00,SerieA|2024|209,Como,Atalanta,2025-01-25T14:00:00Z,1,2,True,0,GG,0.532972,0.532972,0.0,0.6,False,1,2,0.553491,True,1,1
Serie A,2024/25,22,2025-01-24T19:45:00+00:00,SerieA|2024|210,Napoli,Juventus,2025-01-25T17:00:00Z,2,1,True,0,U2.5,0.702365,0.702365,0.0,0.6,True,0,U2.5,0.702365,True,2,0
Serie A,2024/25,22,2025-01-24T19:45:00+00:00,SerieA|2024|211,Empoli,Bologna,2025-01-25T19:45:00Z,1,1,True,0,2,0.62048,0.567395,0.07078,0.55,True,0,U2.5,0.613911,True,2,1
Serie A,2024/25,22,2025-01-24T19:45:00+00:00,SerieA|2024|212,Milan,Parma,2025-01-26T11:30:00Z,3,2,True,0,1,0.82189,0.679772,0.18949,0.55,True,1,1,0.679772,True,2,1
Serie A,2024/25,22,2025-01-24T19:45:00+00:00,SerieA|2024|213,Udinese,Roma,2025-01-26T14:00:00Z,1,2,True,0,2,0.630007,0.483152,0.195807,0.55,False,1,,,False,0,
Serie A,2024/25,22,2025-01-24T19:45:00+00:00,SerieA|2024|214,Lecce,Inter,2025-01-26T17:00:00Z,0,4,True,0,2,0.88353,0.837458,0.06143,0.55,True,1,2,0.837458,True,1,1
Serie A,2024/25,22,2025-01-24T19:45:00+00:00,SerieA|2024|215,Lazio,Fiorentina,2025-01-26T19:45:00Z,1,2,True,0,1,0.610083,0.506071,0.138683,0.55,False,0,,,False,0,
Serie A,2024/25,22,2025-01-24T19:45:00+00:00,SerieA|2024|216,Venezia,Verona,2025-01-27T17:30:00Z,1,1,True,0,GG,0.546621,0.546621,0.0,0.6,False,1,,,False,0,
Serie A,2024/25,22,2025-01-24T19:45:00+00:00,SerieA|2024|217,Genoa,Monza,2025-01-27T19:45:00Z,2,0,True,0,U2.5,0.638809,0.638809,0.0,0.6,True,1,U2.5,0.638809,True,1,1
Serie A,2024/25,23,2025-01-31T19:45:00+00:00,SerieA|2024|218,Parma,Lecce,2025-01-31T19:45:00Z,1,3,True,0,GG,0.594007,0.594007,0.0,0.6,False,1,,,False,0,
Serie A,2024/25,23,2025-01-31T19:45:00+00:00,SerieA|2024|219,Monza,Verona,2025-02-01T14:00:00Z,0,1,True,0,U2.5,0.576071,0.576071,0.0,0.6,False,1,,,False,0,
Serie A,2024/25,23,2025-01-31T19:45:00+00:00,SerieA|2024|220,Udinese,Venezia,2025-02-01T14:00:00Z,3,2,True,0,U2.5,0.545798,0.545798,0.0,0.6,False,0,,,False,0,
Serie A,2024/25,23,2025-01-31T19:45:00+00:00,SerieA|2024|221,Atalanta,Torino,2025-02-01T17:00:00Z,1,1,True,0,1,0.608666,0.657442,0.065034,0.55,True,0,1,0.657442,True,1,0
Serie A,2024/25,23,2025-01-31T19:45:00+00:00,SerieA|2024|222,Bologna,Como,2025-02-01T19:45:00Z,2,0,True,0,U2.5,0.585896,0.585896,0.0,0.6,False,1,1,0.591312,True,1,1
Serie A,2024/25,23,2025-01-31T19:45:00+00:00,SerieA|2024|223,Juventus,Empoli,2025-02-02T11:30:00Z,4,1,True,0,1,0.772124,0.749231,0.030524,0.55,True,1,1,0.749231,True,3,1
Serie A,2024/25,23,2025-01-31T19:45:00+00:00,SerieA|2024|224,Fiorentina,Genoa,2025-02-02T14:00:00Z,2,1,True,0,U2.5,0.522445,0.522445,0.0,0.6,False,0,,,False,0,
Serie A,2024/25,23,2025-01-31T19:45:00+00:00,SerieA|2024|226,Roma,Napoli,2025-02-02T19:45:00Z,1,1,True,0,U2.5,0.560483,0.560483,0.0,0.6,False,1,,,False,0,
Serie A,2024/25,23,2025-01-31T19:45:00+00:00,SerieA|2024|227,Cagliari,Lazio,2025-02-03T19:45:00Z,1,2,True,0,2,0.613873,0.542343,0.095373,0.55,False,1,GG,0.602866,True,1,1
Serie A,2024/25,23,2025-02-06T17:00:00+00:00,SerieA|2024|228,Fiorentina,Inter,2025-02-06T17:00:00Z,3,0,True,0,2,0.695714,0.590704,0.140014,0.55,True,0,2,0.590704,True,1,0
Serie A,2024/25,24,2025-02-07T19:45:00+00:00,SerieA|2024|229,Como,Juventus,2025-02-07T19:45:00Z,1,2,True,0,2,0.672474,0.573944,0.131374,0.55,True,1,U2.5,0.642484,True,2,0
Serie A,2024/25,24,2025-02-07T19:45:00+00:00,SerieA|2024|230,Verona,Atalanta,2025-02-08T14:00:00Z,0,5,True,0,2,0.690974,0.677868,0.017474,0.55,True,1,2,0.677868,True,1,1
Serie A,2024/25,24,2025-02-07T19:45:00+00:00,SerieA|2024|231,Empoli,Milan,2025-02-08T17:00:00Z,0,2,True,0,2,0.697104,0.580701,0.155204,0.55,True,1,2,0.580701,True,1,1
Serie A,2024/25,24,2025-02-07T19:45:00+00:00,SerieA|2024|232,Torino,Genoa,2025-02-08T19:45:00Z,1,1,True,0,U2.5,0.616809,0.616809,0.0,0.6,True,1,U2.5,0.616809,True,1,1
Serie A,2024/25,24,2025-02-07T19:45:00+00:00,SerieA|2024|233,Venezia,Roma,2025-02-09T11:30:00Z,0,1,True,0,2,0.733738,0.552959,0.241038,0.55,True,1,2,0.552959,True,1,1
Serie A,2024/25,24,2025-02-07T19:45:00+00:00,SerieA|2024|234,Cagliari,Parma,2025-02-09T14:00:00Z,2,1,True,0,O2.5,0.680616,0.680616,0.0,0.6,True,1,O2.5,0.680616,True,2,1
Serie A,2024/25,24,2025-02-07T19:45:00+00:00,SerieA|2024|235,Lazio,Monza,2025-02-09T14:00:00Z,5,1,True,0,1,0.786942,0.750461,0.048642,0.55,True,1,1,0.750461,True,1,1
Serie A,2024/25,24,2025-02-07T19:45:00+00:00,SerieA|2024|236,Lecce,Bologna,2025-02-09T17:00:00Z,0,0,True,0,2,0.728283,0.606121,0.162883,0.55,True,0,2,0.606121,True,1,0
Serie A,2024/25,24,2025-02-07T19:45:00+00:00,SerieA|2024|237,Napoli,Udinese,2025-02-09T19:45:00Z,1,1,True,0,1,0.803209,0.763977,0.052309,0.55,True,0,1,0.763977,True,3,0
Serie A,2024/25,24,2025-02-07T19:45:00+00:00,SerieA|2024|238,Inter,Fiorentina,2025-02-10T19:45:00Z,2,1,True,0,1,0.569168,0.612167,0.057332,0.55,True,1,1,0.612167,True,1,1
Serie A,2024/25,25,2025-02-14T19:45:00+00:00,SerieA|2024|239,Bologna,Torino,2025-02-14T19:45:00Z,3,2,True,0,1,0.601518,0.567454,0.045418,0.55,True,1,1,0.567454,True,1,1
Serie A,2024/25,25,2025-02-14T19:45:00+00:00,SerieA|2024|240,Atalanta,Cagliari,2025-02-15T14:00:00Z,0,0,True,0,1,0.843887,0.809622,0.045687,0.55,True,0,1,0.809622,True,2,0
Serie A,2024/25,25,2025-02-14T19:45:00+00:00,SerieA|2024|241,Lazio,Napoli,2025-02-15T17:00:00Z,2,2,True,0,U2.5,0.57808,0.57808,0.0,0.6,False,0,,,False,0,
Serie A,2024/25,25,2025-02-14T19:45:00+00:00,SerieA|2024|242,Milan,Verona,2025-02-15T19:45:00Z,1,0,True,0,1,0.873943,0.774011,0.133243,0.55,True,1,1,0.774011,True,1,1
Serie A,2024/25,25,2025-02-14T19:45:00+00:00,SerieA|2024|243,Fiorentina,Como,2025-02-16T11:30:00Z,0,2,True,0,1,0.676413,0.655703,0.027613,0.55,True,0,1,0.655703,True,1,0
Serie A,2024/25,25,2025-02-14T19:45:00+00:00,SerieA|2024|244,Monza,Lecce,2025-02-16T14:00:00Z,0,0,True,0,U2.5,0.601335,0.601335,0.0,0.6,True,1,U2.5,0.601335,True,1,1
Serie A,2024/25,25,2025-02-14T19:45:00+00:00,SerieA|2024|245,Udinese,Empoli,2025-02-16T14:00:00Z,3,0,True,0,U2.5,0.642239,0.642239,0.0,0.6,True,0,U2.5,0.642239,True,1,0
Serie A,2024/25,25,2025-02-14T19:45:00+00:00,SerieA|2024|246,Parma,Roma,2025-02-16T17:00:00Z,0,1,True,0,2,0.778153,0.578913,0.265653,0.55,False,1,GG,0.632174,True,2,0
Serie A,2024/25,25,2025-02-14T19:45:00+00:00,SerieA|2024|247,Juventus,Inter,2025-02-16T19:45:00Z,1,0,True,0,U2.5,0.582381,0.582381,0.0,0.6,False,1,,,False,0,
Serie A,2024/25,25,2025-02-14T19:45:00+00:00,SerieA|2024|248,Genoa,Venezia,2025-02-17T19:45:00Z,2,0,True,0,1,0.564404,0.542276,0.029504,0.55,False,1,,,False,0,
Serie A,2024/25,26,2025-02-21T19:45:00+00:00,SerieA|2024|249,Lecce,Udinese,2025-02-21T19:45:00Z,0,1,True,0,U2.5,0.552821,0.552821,0.0,0.6,False,1,,,False,0,
Serie A,2024/25,26,2025-02-21T19:45:00+00:00,SerieA|2024|250,Parma,Bologna,2025-02-22T14:00:00Z,2,0,True,0,2,0.787017,0.630404,0.208817,0.55,True,0,2,0.630404,True,1,0
Serie A,2024/25,26,2025-02-21T19:45:00+00:00,SerieA|2024|251,Venezia,Lazio,2025-02-22T14:00:00Z,0,0,True,0,2,0.811877,0.627994,0.245177,0.55,True,0,2,0.627994,True,1,0
Serie A,2024/25,26,2025-02-21T19:45:00+00:00,SerieA|2024|252,Torino,Milan,2025-02-22T17:00:00Z,2,1,True,0,2,0.583422,0.469931,0.151322,0.55,False,0,,,False,0,
Serie A,2024/25,26,2025-02-21T19:45:00+00:00,SerieA|2024|253,Inter,Genoa,2025-02-22T19:45:00Z,1,0,True,0,1,0.751897,0.772524,0.027503,0.55,True,1,1,0.772524,True,1,1
Serie A,2024/25,26,2025-02-21T19:45:00+00:00,SerieA|2024|254,Como,Napoli,2025-02-23T11:30:00Z,2,1,True,0,U2.5,0.680859,0.680859,0.0,0.6,True,0,U2.5,0.680859,True,2,0
Serie A,2024/25,26,2025-02-21T19:45:00+00:00,SerieA|2024|255,Verona,Fiorentina,2025-02-23T14:00:00Z,1,0,True,0,2,0.716498,0.596199,0.160398,0.55,True,0,2,0.596199,True,1,0
Serie A,2024/25,26,2025-02-21T19:45:00+00:00,SerieA|2024|256,Empoli,Atalanta,2025-02-23T17:00:00Z,0,5,True,0,2,0.808757,0.718639,0.120157,0.55,True,1,2,0.718639,True,1,1
Serie A,2024/25,26,2025-02-21T19:45:00+00:00,SerieA|2024|257,Cagliari,Juventus,2025-02-23T19:45:00Z,0,1,True,0,2,0.658616,0.632054,0.035416,0.55,True,1,2,0.632054,True,1,1
Serie A,2024/25,26,2025-02-21T19:45:00+00:00,SerieA|2024|258,Roma,Monza,2025-02-24T19:45:00Z,4,0,True,0,1,0.811306,0.753776,0.076706,0.55,True,1,1,0.753776,True,1,1
Serie A,2024/25,26,2025-02-27T19:45:00+00:00,SerieA|2024|259,Bologna,Milan,2025-02-27T19:45:00Z,2,1,True,0,GG,0.542858,0.542858,0.0,0.6,False,1,,,False,0,
Serie A,2024/25,27,2025-02-28T19:45:00+00:00,SerieA|2024|260,Fiorentina,Lecce,2025-02-28T19:45:00Z,1,0,True,0,1,0.64734,0.658935,0.01546,0.55,True,1,1,0.658935,True,1,1
Serie A,2024/25,27,2025-02-28T19:45:00+00:00,SerieA|2024|261,Atalanta,Venezia,2025-03-01T14:00:00Z,0,0,True,0,1,0.903143,0.837861,0.087043,0.55,True,0,1,0.837861,True,2,0
Serie A,2024/25,27,2025-02-28T19:45:00+00:00,SerieA|2024|262,Napoli,Inter,2025-03-01T17:00:00Z,1,1,True,0,U2.5,0.606693,0.606693,0.0,0.6,True,1,U2.5,0.606693,True,1,1
Serie A,2024/25,27,2025-02-28T19:45:00+00:00,SerieA|2024|263,Udinese,Parma,2025-03-01T19:45:00Z,1,0,True,0,1,0.685644,0.545511,0.186844,0.55,False,1,,,False,0,
Serie A,2024/25,27,2025-02-28T19:45:00+00:00,SerieA|2024|264,Monza,Torino,2025-03-02T11:30:00Z,0,2,True,0,U2.5,0.657854,0.657854,0.0,0.6,True,1,U2.5,0.657854,True,1,1
Serie A,2024/25,27,2025-02-28T19:45:00+00:00,SerieA|2024|265,Bologna,Cagliari,2025-03-02T14:00:00Z,2,1,True,0,1,0.7151,0.6899,0.0336,0.55,True,1,1,0.6899,True,1,1
Serie A,2024/25,27,2025-02-28T19:45:00+00:00,SerieA|2024|266,Genoa,Empoli,2025-03-02T14:00:00Z,1,1,True,0,U2.5,0.610731,0.610731,0.0,0.6,True,1,U2.5,0.610731,True,2,1
Serie A,2024/25,27,2025-02-28T19:45:00+00:00,SerieA|2024|267,Roma,Como,2025-03-02T17:00:00Z,2,1,True,0,1,0.703101,0.593675,0.145901,0.55,True,1,1,0.593675,True,1,1
Serie A,2024/25,27,2025-02-28T19:45:00+00:00,SerieA|2024|268,Milan,Lazio,2025-03-02T19:45:00Z,1,2,True,0,GG,0.58071,0.58071,0.0,0.6,False,1,,,False,0,
Serie A,2024/25,27,2025-02-28T19:45:00+00:00,SerieA|2024|269,Juventus,Verona,2025-03-03T19:45:00Z,2,0,True,0,1,0.852302,0.8145,0.050402,0.55,True,1,1,0.8145,True,1,1
Serie A,2024/25,28,2025-03-07T19:45:00+00:00,SerieA|2024|270,Cagliari,Genoa,2025-03-07T19:45:00Z,1,1,True,0,GG,0.538696,0.538696,0.0,0.6,False,1,,,False,0,
Serie A,2024/25,28,2025-03-07T19:45:00+00:00,SerieA|2024|271,Como,Venezia,2025-03-08T14:00:00Z,1,1,True,0,U2.5,0.563528,0.563528,0.0,0.6,False,1,,,False,0,
Serie A,2024/25,28,2025-03-07T19:45:00+00:00,SerieA|2024|272,Parma,Torino,2025-03-08T14:00:00Z,2,2,True,0,2,0.547381,0.466245,0.108181,0.55,False,0,,,False,0,
Serie A,2024/25,28,2025-03-07T19:45:00+00:00,SerieA|2024|273,Lecce,Milan,2025-03-08T17:00:00Z,2,3,True,0,2,0.621974,0.555243,0.088974,0.55,True,1,2,0.555243,True,1,1
Serie A,2024/25,28,2025-03-07T19:45:00+00:00,SerieA|2024|274,Inter,Monza,2025-03-08T19:45:00Z,3,2,True,0,1,0.816332,0.867233,0.067868,0.55,True,1,1,0.867233,True,1,1
Serie A,2024/25,28,2025-03-07T19:45:00+00:00,SerieA|2024|275,Verona,Bologna,2025-03-09T11:30:00Z,1,2,True,0,2,0.734969,0.609442,0.167369,0.55,True,1,2,0.609442,True,1,1
Serie A,2024/25,28,2025-03-07T19:45:00+00:00,SerieA|2024|276,Napoli,Fiorentina,2025-03-09T14:00:00Z,2,1,True,0,U2.5,0.640442,0.640442,0.0,0.6,True,0,U2.5,0.640442,True,1,0
Serie A,2024/25,28,2025-03-07T19:45:00+00:00,SerieA|2024|277,Empoli,Roma,2025-03-09T17:00:00Z,0,1,True,0,2,0.715789,0.611622,0.138889,0.55,True,1,2,0.611622,True,1,1
Serie A,2024/25,28,2025-03-07T19:45:00+00:00,SerieA|2024|278,Juventus,Atalanta,2025-03-09T19:45:00Z,0,4,True,0,U2.5,0.544483,0.544483,0.0,0.6,False,0,,,False,0,
Serie A,2024/25,28,2025-03-07T19:45:00+00:00,SerieA|2024|279,Lazio,Udinese,2025-03-10T19:45:00Z,1,1,True,0,1,0.659732,0.613283,0.061932,0.55,True,0,1,0.613283,True,1,0
Serie A,2024/25,29,2025-03-14T19:45:00+00:00,SerieA|2024|280,Genoa,Lecce,2025-03-14T19:45:00Z,2,1,True,0,U2.5,0.571726,0.571726,0.0,0.6,False,0,,,False,0,
Serie A,2024/25,29,2025-03-14T19:45:00+00:00,SerieA|2024|281,Monza,Parma,2025-03-15T14:00:00Z,1,1,True,0,U2.5,0.530594,0.530594,0.0,0.6,False,1,,,False,0,
Serie A,2024/25,29,2025-03-14T19:45:00+00:00,SerieA|2024|282,Udinese,Verona,2025-03-15T14:00:00Z,0,1,True,0,1,0.670147,0.593312,0.102447,0.55,True,0,1,0.593312,True,1,0
Serie A,2024/25,29,2025-03-14T19:45:00+00:00,SerieA|2024|283,Milan,Como,2025-03-15T17:00:00Z,2,1,True,0,1,0.620003,0.579801,0.053603,0.55,True,1,1,0.579801,True,1,1
Serie A,2024/25,29,2025-03-14T19:45:00+00:00,SerieA|2024|284,Torino,Empoli,2025-03-15T19:45:00Z,1,0,True,0,U2.5,0.655247,0.655247,0.0,0.6,True,1,U2.5,0.655247,True,2,1
Serie A,2024/25,29,2025-03-14T19:45:00+00:00,SerieA|2024|285,Venezia,Napoli,2025-03-16T11:30:00Z,0,0,True,0,2,0.661149,0.636662,0.032649,0.55,True,0,2,0.636662,True,1,0
Serie A,2024/25,29,2025-03-14T19:45:00+00:00,SerieA|2024|286,Bologna,Lazio,2025-03-16T14:00:00Z,5,0,True,0,GG,0.543873,0.543873,0.0,0.6,False,0,,,False,0,
Serie A,2024/25,29,2025-03-14T19:45:00+00:00,SerieA|2024|287,Roma,Cagliari,2025-03-16T15:00:00Z,1,0,True,0,1,0.733684,0.703471,0.040284,0.55,True,1,1,0.703471,True,1,1
Serie A,2024/25,29,2025-03-14T19:45:00+00:00,SerieA|2024|288,Fiorentina,Juventus,2025-03-16T17:00:00Z,3,0,True,0,U2.5,0.590078,0.590078,0.0,0.6,False,0,,,False,0,
Serie A,2024/25,29,2025-03-14T19:45:00+00:00,SerieA|2024|289,Atalanta,Inter,2025-03-16T19:45:00Z,0,2,True,0,GG,0.588533,0.588533,0.0,0.6,False,0,,,False,0,
Serie A,2024/25,30,2025-03-29T14:00:00+00:00,SerieA|2024|290,Como,Empoli,2025-03-29T14:00:00Z,1,1,True,0,U2.5,0.631326,0.631326,0.0,0.6,True,1,U2.5,0.631326,True,2,1
Serie A,2024/25,30,2025-03-29T14:00:00+00:00,SerieA|2024|291,Venezia,Bologna,2025-03-29T14:00:00Z,0,1,True,0,2,0.682331,0.599508,0.110431,0.55,True,1,2,0.599508,True,1,1
Serie A,2024/25,30,2025-03-29T14:00:00+00:00,SerieA|2024|292,Juventus,Genoa,2025-03-29T17:00:00Z,1,0,True,0,U2.5,0.587369,0.587369,0.0,0.6,False,1,1,0.597636,True,1,1
Serie A,2024/25,30,2025-03-29T14:00:00+00:00,SerieA|2024|293,Lecce,Roma,2025-03-29T19:45:00Z,0,1,True,0,2,0.763936,0.637759,0.168236,0.55,True,1,2,0.637759,True,1,1
Serie A,2024/25,30,2025-03-29T14:00:00+00:00,SerieA|2024|294,Cagliari,Monza,2025-03-30T11:30:00Z,3,0,True,0,1,0.543721,0.52173,0.029321,0.55,False,1,,,False,0,
Serie A,2024/25,30,2025-03-29T14:00:00+00:00,SerieA|2024|295,Fiorentina,Atalanta,2025-03-30T14:00:00Z,1,0,True,0,2,0.560211,0.453553,0.142211,0.55,False,0,,,False,0,
Serie A,2024/25,30,2025-03-29T14:00:00+00:00,SerieA|2024|296,Inter,Udinese,2025-03-30T17:00:00Z,2,1,True,0,1,0.751739,0.806085,0.072461,0.55,True,1,1,0.806085,True,1,1
Serie A,2024/25,30,2025-03-29T14:00:00+00:00,SerieA|2024|297,Napoli,Milan,2025-03-30T19:45:00Z,2,1,True,0,U2.5,0.56393,0.56393,0.0,0.6,False,0,,,False,0,
Serie A,2024/25,30,2025-03-29T14:00:00+00:00,SerieA|2024|298,Verona,Parma,2025-03-31T17:30:00Z,0,0,True,0,GG,0.569368,0.569368,0.0,0.6,False,0,,,False,0,
Serie A,2024/25,30,2025-03-29T14:00:00+00:00,SerieA|2024|299,Lazio,Torino,2025-03-31T19:45:00Z,1,1,True,0,NG,0.527332,0.527332,0.0,0.6,False,0,,,False,0,
Serie A,2024/25,31,2025-04-04T19:45:00+00:00,SerieA|2024|300,Genoa,Udinese,2025-04-04T19:45:00Z,1,0,True,0,U2.5,0.598042,0.598042,0.0,0.6,False,1,,,False,0,
Serie A,2024/25,31,2025-04-04T19:45:00+00:00,SerieA|2024|301,Monza,Como,2025-04-05T14:00:00Z,1,3,True,0,U2.5,0.641169,0.641169,0.0,0.6,True,0,U2.5,0.641169,True,1,0
Serie A,2024/25,31,2025-04-04T19:45:00+00:00,SerieA|2024|302,Parma,Inter,2025-04-05T17:00:00Z,2,2,True,0,2,0.789826,0.776381,0.017926,0.55,True,0,2,0.776381,True,2,0
Serie A,2024/25,31,2025-04-04T19:45:00+00:00,SerieA|2024|303,Milan,Fiorentina,2025-04-05T19:45:00Z,2,2,True,0,GG,0.540598,0.540598,0.0,0.6,False,1,,,False,0,
Serie A,2024/25,31,2025-04-04T19:45:00+00:00,SerieA|2024|304,Lecce,Venezia,2025-04-06T11:30:00Z,1,1,True,0,U2.5,0.549104,0.549104,0.0,0.6,False,1,,,False,0,
Serie A,2024/25,31,2025-04-04T19:45:00+00:00,SerieA|2024|305,Empoli,Cagliari,2025-04-06T14:00:00Z,0,0,True,0,U2.5,0.525871,0.525871,0.0,0.6,False,1,,,False,0,
Serie A,2024/25,31,2025-04-04T19:45:00+00:00,SerieA|2024|306,Torino,Verona,2025-04-06T14:00:00Z,1,1,True,0,U2.5,0.606452,0.606452,0.0,0.6,True,1,U2.5,0.606452,True,2,1
Serie A,2024/25,31,2025-04-04T19:45:00+00:00,SerieA|2024|307,Atalanta,Lazio,2025-04-06T17:00:00Z,0,1,True,0,1,0.731021,0.59623,0.179721,0.55,True,0,1,0.59623,True,1,0
Serie A,2024/25,31,2025-04-04T19:45:00+00:00,SerieA|2024|308,Roma,Juventus,2025-04-06T19:45:00Z,1,1,True,0,U2.5,0.560461,0.560461,0.0,0.6,False,1,,,False,0,
Serie A,2024/25,31,2025-04-04T19:45:00+00:00,SerieA|2024|309,Bologna,Napoli,2025-04-07T19:45:00Z,1,1,True,0,U2.5,0.621957,0.621957,0.0,0.6,True,1,U2.5,0.621957,True,1,1
Serie A,2024/25,32,2025-04-11T19:45:00+00:00,SerieA|2024|310,Udinese,Milan,2025-04-11T19:45:00Z,0,4,True,0,2,0.585198,0.480349,0.139798,0.55,False,1,,,False,0,
Serie A,2024/25,32,2025-04-11T19:45:00+00:00,SerieA|2024|311,Venezia,Monza,2025-04-12T14:00:00Z,1,0,True,0,U2.5,0.598052,0.598052,0.0,0.6,False,1,,,False,0,
Serie A,2024/25,32,2025-04-11T19:45:00+00:00,SerieA|2024|312,Inter,Cagliari,2025-04-12T17:00:00Z,3,1,True,0,1,0.823081,0.85047,0.036519,0.55,True,1,1,0.85047,True,2,1
Serie A,2024/25,32,2025-04-11T19:45:00+00:00,SerieA|2024|313,Juventus,Lecce,2025-04-12T19:45:00Z,2,1,True,0,1,0.739903,0.776951,0.049397,0.55,True,1,1,0.776951,True,1,1
Serie A,2024/25,32,2025-04-11T19:45:00+00:00,SerieA|2024|314,Atalanta,Bologna,2025-04-13T11:30:00Z,2,0,True,0,GG,0.552149,0.552149,0.0,0.6,False,0,,,False,0,
Serie A,2024/25,32,2025-04-11T19:45:00+00:00,SerieA|2024|315,Fiorentina,Parma,2025-04-13T14:00:00Z,0,0,True,0,1,0.748269,0.691592,0.075569,0.55,True,0,1,0.691592,True,1,0
Serie A,2024/25,32,2025-04-11T19:45:00+00:00,SerieA|2024|316,Verona,Genoa,2025-04-13T14:00:00Z,0,0,True,0,U2.5,0.597013,0.597013,0.0,0.6,False,1,,,False,0,
Serie A,2024/25,32,2025-04-11T19:45:00+00:00,SerieA|2024|317,Como,Torino,2025-04-13T17:00:00Z,1,0,True,0,U2.5,0.618283,0.618283,0.0,0.6,True,1,U2.5,0.618283,True,1,1
Serie A,2024/25,32,2025-04-11T19:45:00+00:00,SerieA|2024|318,Lazio,Roma,2025-04-13T19:45:00Z,1,1,True,0,GG,0.565689,0.565689,0.0,0.6,False,1,,,False,0,
Serie A,2024/25,32,2025-04-11T19:45:00+00:00,SerieA|2024|319,Napoli,Empoli,2025-04-14T19:45:00Z,3,0,True,0,NG,0.631184,0.631184,0.0,0.6,True,1,1,0.769146,True,3,1
Serie A,2024/25,33,2025-04-19T14:00:00+00:00,SerieA|2024|320,Lecce,Como,2025-04-19T14:00:00Z,0,3,True,0,2,0.585651,0.485563,0.133451,0.55,False,1,,,False,0,
Serie A,2024/25,33,2025-04-19T14:00:00+00:00,SerieA|2024|321,Monza,Napoli,2025-04-19T17:00:00Z,0,1,True,0,2,0.777492,0.775323,0.002892,0.55,True,1,2,0.775323,True,3,1
Serie A,2024/25,33,2025-04-19T14:00:00+00:00,SerieA|2024|322,Roma,Verona,2025-04-19T19:45:00Z,1,0,True,0,1,0.614922,0.687805,0.097178,0.55,True,1,1,0.687805,True,1,1
Serie A,2024/25,33,2025-04-19T14:00:00+00:00,SerieA|2024|323,Empoli,Venezia,2025-04-20T14:00:00Z,2,2,True,0,U2.5,0.588632,0.588632,0.0,0.6,False,0,,,False,0,
Serie A,2024/25,33,2025-04-19T14:00:00+00:00,SerieA|2024|324,Bologna,Inter,2025-04-20T17:00:00Z,1,0,True,0,GG,0.543016,0.543016,0.0,0.6,False,0,,,False,0,
Serie A,2024/25,33,2025-04-19T14:00:00+00:00,SerieA|2024|325,Milan,Atalanta,2025-04-20T19:45:00Z,0,1,True,0,GG,0.620378,0.620378,0.0,0.6,True,0,GG,0.620378,True,1,0
Serie A,2024/25,33,2025-04-19T14:00:00+00:00,SerieA|2024|326,Cagliari,Fiorentina,2025-04-23T17:30:00Z,1,2,True,0,2,0.554574,0.528268,0.035074,0.55,False,1,,,False,0,
Serie A,2024/25,33,2025-04-19T14:00:00+00:00,SerieA|2024|327,Genoa,Lazio,2025-04-23T17:30:00Z,0,2,True,0,U2.5,0.552365,0.552365,0.0,0.6,False,1,,,False,0,
Serie A,2024/25,33,2025-04-19T14:00:00+00:00,SerieA|2024|328,Parma,Juventus,2025-04-23T17:30:00Z,1,0,True,0,2,0.542347,0.560912,0.024753,0.55,True,0,2,0.560912,True,1,0
Serie A,2024/25,33,2025-04-19T14:00:00+00:00,SerieA|2024|329,Torino,Udinese,2025-04-23T17:30:00Z,2,0,True,0,U2.5,0.608094,0.608094,0.0,0.6,True,1,U2.5,0.608094,True,1,1
Serie A,2024/25,34,2025-04-27T11:30:00+00:00,SerieA|2024|330,Como,Genoa,2025-04-27T11:30:00Z,1,0,True,0,U2.5,0.615674,0.615674,0.0,0.6,True,1,U2.5,0.615674,True,1,1
Serie A,2024/25,34,2025-04-27T11:30:00+00:00,SerieA|2024|331,Venezia,Milan,2025-04-27T11:30:00Z,0,2,True,0,2,0.717402,0.564851,0.203402,0.55,True,1,2,0.564851,True,1,1
Serie A,2024/25,34,2025-04-27T11:30:00+00:00,SerieA|2024|332,Fiorentina,Empoli,2025-04-27T14:00:00Z,2,1,True,0,1,0.748269,0.748592,0.000431,0.55,True,1,1,0.748592,True,1,1
Serie A,2024/25,34,2025-04-27T11:30:00+00:00,SerieA|2024|333,Inter,Roma,2025-04-27T14:00:00Z,0,1,True,0,1,0.645068,0.622817,0.029668,0.55,True,0,1,0.622817,True,1,0
Serie A,2024/25,34,2025-04-27T11:30:00+00:00,SerieA|2024|334,Juventus,Monza,2025-04-27T17:00:00Z,2,0,True,0,1,0.749813,0.820903,0.094787,0.55,True,1,1,0.820903,True,2,1
Serie A,2024/25,34,2025-04-27T11:30:00+00:00,SerieA|2024|335,Atalanta,Lecce,2025-04-27T19:45:00Z,1,1,True,0,1,0.84337,0.849842,0.00863,0.55,True,0,1,0.849842,True,2,0
Serie A,2024/25,34,2025-04-27T11:30:00+00:00,SerieA|2024|336,Napoli,Torino,2025-04-27T19:45:00Z,2,0,True,0,1,0.66599,0.633673,0.04309,0.55,True,1,1,0.633673,True,3,1
Serie A,2024/25,34,2025-04-27T11:30:00+00:00,SerieA|2024|337,Udinese,Bologna,2025-04-28T17:30:00Z,0,0,True,0,2,0.695224,0.591481,0.138324,0.55,True,0,2,0.591481,True,1,0
Serie A,2024/25,34,2025-04-27T11:30:00+00:00,SerieA|2024|338,Lazio,Parma,2025-04-28T19:45:00Z,2,2,True,0,1,0.627989,0.646372,0.024511,0.55,True,0,1,0.646372,True,2,0
Serie A,2024/25,34,2025-04-27T11:30:00+00:00,SerieA|2024|339,Verona,Cagliari,2025-04-28T19:45:00Z,0,2,True,0,GG,0.529326,0.529326,0.0,0.6,False,0,,,False,0,
Serie A,2024/25,35,2025-05-02T19:45:00+00:00,SerieA|2024|340,Torino,Venezia,2025-05-02T19:45:00Z,1,1,True,0,U2.5,0.597199,0.597199,0.0,0.6,False,1,1,0.559569,True,1,0
Serie A,2024/25,35,2025-05-02T19:45:00+00:00,SerieA|2024|341,Cagliari,Udinese,2025-05-03T14:00:00Z,1,2,True,0,1,0.578738,0.457884,0.161138,0.55,False,0,,,False,0,
Serie A,2024/25,35,2025-05-02T19:45:00+00:00,SerieA|2024|342,Parma,Como,2025-05-03T14:00:00Z,0,1,True,0,GG,0.528247,0.528247,0.0,0.6,False,0,,,False,0,
Serie A,2024/25,35,2025-05-02T19:45:00+00:00,SerieA|2024|343,Lecce,Napoli,2025-05-03T17:00:00Z,0,1,True,0,2,0.801905,0.741226,0.080905,0.55,True,1,2,0.741226,True,1,1
Serie A,2024/25,35,2025-05-02T19:45:00+00:00,SerieA|2024|344,Inter,Verona,2025-05-03T19:45:00Z,1,0,True,0,1,0.800583,0.847096,0.062017,0.55,True,1,1,0.847096,True,1,1
Serie A,2024/25,35,2025-05-02T19:45:00+00:00,SerieA|2024|345,Empoli,Lazio,2025-05-04T11:30:00Z,0,1,True,0,2,0.730802,0.6396,0.121602,0.55,True,1,2,0.6396,True,1,1
Serie A,2024/25,35,2025-05-02T19:45:00+00:00,SerieA|2024|346,Monza,Atalanta,2025-05-04T14:00:00Z,0,4,True,0,2,0.755128,0.778132,0.030672,0.55,True,1,2,0.778132,True,1,1
Serie A,2024/25,35,2025-05-02T19:45:00+00:00,SerieA|2024|347,Roma,Fiorentina,2025-05-04T17:00:00Z,1,0,True,0,U2.5,0.521146,0.521146,0.0,0.6,False,1,,,False,0,
Serie A,2024/25,35,2025-05-02T19:45:00+00:00,SerieA|2024|348,Bologna,Juventus,2025-05-04T19:45:00Z,1,1,True,0,U2.5,0.610036,0.610036,0.0,0.6,True,1,U2.5,0.610036,True,1,1
Serie A,2024/25,35,2025-05-02T19:45:00+00:00,SerieA|2024|349,Genoa,Milan,2025-05-05T19:45:00Z,1,2,True,0,2,0.628797,0.500474,0.171097,0.55,False,1,,,False,0,
Serie A,2024/25,36,2025-05-09T19:45:00+00:00,SerieA|2024|350,Milan,Bologna,2025-05-09T19:45:00Z,3,1,True,0,GG,0.553415,0.553415,0.0,0.6,False,1,,,False,0,
Serie A,2024/25,36,2025-05-09T19:45:00+00:00,SerieA|2024|351,Como,Cagliari,2025-05-10T14:00:00Z,3,1,True,0,1,0.64448,0.59792,0.06208,0.55,True,1,1,0.59792,True,1,1
Serie A,2024/25,36,2025-05-09T19:45:00+00:00,SerieA|2024|352,Lazio,Juventus,2025-05-10T17:00:00Z,1,1,True,0,U2.5,0.582057,0.582057,0.0,0.6,False,1,,,False,0,
Serie A,2024/25,36,2025-05-09T19:45:00+00:00,SerieA|2024|353,Empoli,Parma,2025-05-10T19:45:00Z,2,1,True,0,U2.5,0.538782,0.538782,0.0,0.6,False,0,,,False,0,
Serie A,2024/25,36,2025-05-09T19:45:00+00:00,SerieA|2024|354,Udinese,Monza,2025-05-11T11:30:00Z,1,2,True,0,U2.5,0.583712,0.583712,0.0,0.6,False,0,1,0.608623,True,1,0
Serie A,2024/25,36,2025-05-09T19:45:00+00:00,SerieA|2024|355,Verona,Lecce,2025-05-11T14:00:00Z,1,1,True,0,U2.5,0.573205,0.573205,0.0,0.6,False,1,,,False,0,
Serie A,2024/25,36,2025-05-09T19:45:00+00:00,SerieA|2024|356,Torino,Inter,2025-05-11T17:00:00Z,0,2,True,0,2,0.609499,0.5915,0.023999,0.55,True,1,2,0.5915,True,1,1
Serie A,2024/25,36,2025-05-09T19:45:00+00:00,SerieA|2024|357,Napoli,Genoa,2025-05-11T19:45:00Z,2,2,True,0,1,0.681342,0.722486,0.054858,0.55,True,0,1,0.722486,True,3,0
Serie A,2024/25,36,2025-05-09T19:45:00+00:00,SerieA|2024|358,Venezia,Fiorentina,2025-05-12T17:30:00Z,2,1,True,0,2,0.578252,0.544388,0.045152,0.55,False,0,,,False,0,
Serie A,2024/25,36,2025-05-09T19:45:00+00:00,SerieA|2024|359,Atalanta,Roma,2025-05-12T19:45:00Z,2,1,True,0,1,0.62161,0.507378,0.15231,0.55,False,1,,,False,0,
Serie A,2024/25,37,2025-05-17T19:45:00+00:00,SerieA|2024|360,Genoa,Atalanta,2025-05-17T19:45:00Z,2,3,True,0,2,0.789778,0.63102,0.211678,0.55,True,1,2,0.63102,True,1,1
Serie A,2024/25,37,2025-05-17T19:45:00+00:00,SerieA|2024|361,Cagliari,Venezia,2025-05-18T19:45:00Z,3,0,True,0,GG,0.55125,0.55125,0.0,0.6,False,0,,,False,0,
Serie A,2024/25,37,2025-05-17T19:45:00+00:00,SerieA|2024|362,Fiorentina,Bologna,2025-05-18T19:45:00Z,3,2,True,0,U2.5,0.58369,0.58369,0.0,0.6,False,0,,,False,0,
Serie A,2024/25,37,2025-05-17T19:45:00+00:00,SerieA|2024|363,Inter,Lazio,2025-05-18T19:45:00Z,2,2,True,0,GG,0.566398,0.566398,0.0,0.6,False,1,1,0.582284,True,1,0
Serie A,2024/25,37,2025-05-17T19:45:00+00:00,SerieA|2024|364,Juventus,Udinese,2025-05-18T19:45:00Z,2,0,True,0,1,0.729077,0.709144,0.026577,0.55,True,1,1,0.709144,True,1,1
Serie A,2024/25,37,2025-05-17T19:45:00+00:00,SerieA|2024|365,Lecce,Torino,2025-05-18T19:45:00Z,1,0,True,0,U2.5,0.600836,0.600836,0.0,0.6,True,1,U2.5,0.600836,True,1,1
Serie A,2024/25,37,2025-05-17T19:45:00+00:00,SerieA|2024|366,Monza,Empoli,2025-05-18T19:45:00Z,1,3,True,0,U2.5,0.658091,0.658091,0.0,0.6,True,0,U2.5,0.658091,True,1,0
Serie A,2024/25,37,2025-05-17T19:45:00+00:00,SerieA|2024|367,Parma,Napoli,2025-05-18T19:45:00Z,0,0,True,0,2,0.691735,0.637184,0.072735,0.55,True,0,2,0.637184,True,1,0
Serie A,2024/25,37,2025-05-17T19:45:00+00:00,SerieA|2024|368,Roma,Milan,2025-05-18T19:45:00Z,3,1,True,0,GG,0.595453,0.595453,0.0,0.6,False,1,,,False,0,
Serie A,2024/25,37,2025-05-17T19:45:00+00:00,SerieA|2024|369,Verona,Como,2025-05-18T19:45:00Z,1,1,True,0,U2.5,0.587587,0.587587,0.0,0.6,False,1,,,False,0,
Serie A,2024/25,38,2025-05-23T19:45:00+00:00,SerieA|2024|370,Como,Inter,2025-05-23T19:45:00Z,0,2,True,0,GG,0.541168,0.541168,0.0,0.6,False,0,,,False,0,
Serie A,2024/25,38,2025-05-23T19:45:00+00:00,SerieA|2024|371,Napoli,Cagliari,2025-05-23T19:45:00Z,2,0,True,0,1,0.709581,0.749495,0.053219,0.55,True,1,1,0.749495,True,1,1
Serie A,2024/25,38,2025-05-23T19:45:00+00:00,SerieA|2024|372,Bologna,Genoa,2025-05-24T17:00:00Z,1,3,True,0,1,0.60973,0.617583,0.01047,0.55,True,0,1,0.617583,True,1,0
Serie A,2024/25,38,2025-05-23T19:45:00+00:00,SerieA|2024|373,Milan,Monza,2025-05-24T19:45:00Z,2,0,True,0,1,0.880076,0.849869,0.040276,0.55,True,1,1,0.849869,True,1,1
Serie A,2024/25,38,2025-05-23T19:45:00+00:00,SerieA|2024|374,Atalanta,Parma,2025-05-25T19:45:00Z,2,3,True,0,1,0.841136,0.792509,0.064836,0.55,True,0,1,0.792509,True,2,0
Serie A,2024/25,38,2025-05-23T19:45:00+00:00,SerieA|2024|375,Empoli,Verona,2025-05-25T19:45:00Z,1,2,True,0,U2.5,0.62913,0.62913,0.0,0.6,True,0,U2.5,0.62913,True,1,0
Serie A,2024/25,38,2025-05-23T19:45:00+00:00,SerieA|2024|376,Lazio,Lecce,2025-05-25T19:45:00Z,0,1,True,0,1,0.801672,0.767718,0.045272,0.55,True,0,1,0.767718,True,1,0
Serie A,2024/25,38,2025-05-23T19:45:00+00:00,SerieA|2024|377,Torino,Roma,2025-05-25T19:45:00Z,0,2,True,0,2,0.579386,0.514822,0.086086,0.55,False,1,,,False,0,
Serie A,2024/25,38,2025-05-23T19:45:00+00:00,SerieA|2024|378,Udinese,Fiorentina,2025-05-25T19:45:00Z,2,3,True,0,2,0.578509,0.522402,0.074809,0.55,False,1,,,False,0,
Serie A,2024/25,38,2025-05-23T19:45:00+00:00,SerieA|2024|379,Venezia,Juventus,2025-05-25T19:45:00Z,2,3,True,0,2,0.732026,0.629331,0.136926,0.55,True,1,2,0.629331,True,1,1
Serie A,2025/26,1,2025-08-23T17:30:00+00:00,SerieA|2025|0,Genoa,Lecce,2025-08-23T17:30:00Z,0,0,True,0,U2.5,0.675803,0.675803,0.0,0.6,True,1,U2.5,0.675803,True,2,1
Serie A,2025/26,1,2025-08-23T17:30:00+00:00,SerieA|2025|1,Sassuolo,Napoli,2025-08-23T17:30:00Z,0,2,True,0,2,0.845238,0.768034,0.102938,0.55,True,1,2,0.768034,True,1,1
Serie A,2025/26,1,2025-08-23T17:30:00+00:00,SerieA|2025|2,Milan,Cremonese,2025-08-23T19:45:00Z,1,2,True,0,1,0.917578,0.804944,0.150178,0.55,True,0,1,0.804944,True,2,0
Serie A,2025/26,1,2025-08-23T17:30:00+00:00,SerieA|2025|3,Roma,Bologna,2025-08-23T19:45:00Z,1,0,True,0,1,0.660687,0.572122,0.118087,0.55,True,1,1,0.572122,True,1,1
Serie A,2025/26,1,2025-08-23T17:30:00+00:00,SerieA|2025|4,Cagliari,Fiorentina,2025-08-24T17:30:00Z,1,1,True,0,2,0.655034,0.555709,0.132434,0.55,True,0,2,0.555709,True,1,0
Serie A,2025/26,1,2025-08-23T17:30:00+00:00,SerieA|2025|5,Como,Lazio,2025-08-24T17:30:00Z,2,0,True,0,U2.5,0.527081,0.527081,0.0,0.6,False,1,,,False,0,
Serie A,2025/26,1,2025-08-23T17:30:00+00:00,SerieA|2025|6,Atalanta,Pisa,2025-08-24T19:45:00Z,1,1,True,1,1,0.721974,0.701069,0.027874,0.55,True,0,1,0.701069,True,1,0
Serie A,2025/26,1,2025-08-23T17:30:00+00:00,SerieA|2025|7,Juventus,Parma,2025-08-24T19:45:00Z,2,0,True,0,1,0.827055,0.721789,0.140355,0.55,True,1,1,0.721789,True,1,1
Serie A,2025/26,1,2025-08-23T17:30:00+00:00,SerieA|2025|8,Udinese,Verona,2025-08-25T17:30:00Z,1,1,True,0,U2.5,0.589694,0.589694,0.0,0.6,False,1,,,False,0,
Serie A,2025/26,1,2025-08-23T17:30:00+00:00,SerieA|2025|9,Inter,Torino,2025-08-25T19:45:00Z,5,0,True,0,1,0.823995,0.802549,0.028595,0.55,True,1,1,0.802549,True,1,1
Serie A,2025/26,2,2025-08-29T17:30:00+00:00,SerieA|2025|10,Cremonese,Sassuolo,2025-08-29T17:30:00Z,3,2,True,0,U2.5,0.546911,0.546911,0.0,0.6,False,0,,,False,0,
Serie A,2025/26,2,2025-08-29T17:30:00+00:00,SerieA|2025|11,Lecce,Milan,2025-08-29T19:45:00Z,0,2,True,0,U2.5,0.57585,0.57585,0.0,0.6,False,1,,,False,0,
Serie A,2025/26,2,2025-08-29T17:30:00+00:00,SerieA|2025|12,Bologna,Como,2025-08-30T17:30:00Z,1,0,True,0,U2.5,0.579827,0.579827,0.0,0.6,False,1,,,False,0,
Serie A,2025/26,2,2025-08-29T17:30:00+00:00,SerieA|2025|13,Parma,Atalanta,2025-08-30T17:30:00Z,1,1,True,0,2,0.665874,0.597494,0.091174,0.55,True,0,2,0.597494,True,1,0
Serie A,2025/26,2,2025-08-29T17:30:00+00:00,SerieA|2025|14,Napoli,Cagliari,2025-08-30T19:45:00Z,1,0,True,0,1,0.695152,0.756313,0.081548,0.55,True,1,1,0.756313,True,1,1
Serie A,2025/26,2,2025-08-29T17:30:00+00:00,SerieA|2025|15,Pisa,Roma,2025-08-30T19:45:00Z,0,1,True,0,2,0.62221,0.550503,0.09561,0.55,True,1,2,0.550503,True,1,1
Serie A,2025/26,2,2025-08-29T17:30:00+00:00,SerieA|2025|16,Genoa,Juventus,2025-08-31T17:30:00Z,0,1,True,0,2,0.588826,0.526181,0.083526,0.55,False,1,,,False,0,
Serie A,2025/26,2,2025-08-29T17:30:00+00:00,SerieA|2025|17,Torino,Fiorentina,2025-08-31T17:30:00Z,0,0,True,0,GG,0.562541,0.562541,0.0,0.6,False,0,,,False,0,
Serie A,2025/26,2,2025-08-29T17:30:00+00:00,SerieA|2025|18,Inter,Udinese,2025-08-31T19:45:00Z,1,2,True,0,1,0.7406,0.828725,0.1175,0.55,True,0,1,0.828725,True,1,0
Serie A,2025/26,2,2025-08-29T17:30:00+00:00,SerieA|2025|19,Lazio,Verona,2025-08-31T19:45:00Z,4,0,True,0,U2.5,0.581849,0.581849,0.0,0.6,False,0,,,False,0,
Serie A,2025/26,3,2025-09-13T14:00:00+00:00,SerieA|2025|20,Cagliari,Parma,2025-09-13T14:00:00Z,2,0,True,0,GG,0.522269,0.522269,0.0,0.6,False,0,,,False,0,
Serie A,2025/26,3,2025-09-13T14:00:00+00:00,SerieA|2025|21,Juventus,Inter,2025-09-13T17:00:00Z,4,3,True,0,GG,0.556744,0.556744,0.0,0.6,False,1,,,False,0,
Serie A,2025/26,3,2025-09-13T14:00:00+00:00,SerieA|2025|22,Fiorentina,Napoli,2025-09-13T19:45:00Z,1,3,True,0,U2.5,0.56488,0.56488,0.0,0.6,False,0,,,False,0,
Serie A,2025/26,3,2025-09-13T14:00:00+00:00,SerieA|2025|23,Roma,Torino,2025-09-14T11:30:00Z,0,1,True,0,1,0.722612,0.709328,0.017712,0.55,True,0,1,0.709328,True,1,0
Serie A,2025/26,3,2025-09-13T14:00:00+00:00,SerieA|2025|24,Atalanta,Lecce,2025-09-14T14:00:00Z,4,1,True,0,1,0.596358,0.744364,0.197342,0.55,True,1,1,0.744364,True,1,1
Serie A,2025/26,3,2025-09-13T14:00:00+00:00,SerieA|2025|25,Pisa,Udinese,2025-09-14T14:00:00Z,0,1,True,0,U2.5,0.552803,0.552803,0.0,0.6,False,1,,,False,0,
Serie A,2025/26,3,2025-09-13T14:00:00+00:00,SerieA|2025|26,Sassuolo,Lazio,2025-09-14T17:00:00Z,1,0,True,0,2,0.726548,0.659687,0.089148,0.55,True,0,2,0.659687,True,1,0
Serie A,2025/26,3,2025-09-13T14:00:00+00:00,SerieA|2025|27,Milan,Bologna,2025-09-14T19:45:00Z,1,0,True,0,1,0.721712,0.526853,0.259812,0.55,False,1,,,False,0,
Serie A,2025/26,3,2025-09-13T14:00:00+00:00,SerieA|2025|28,Verona,Cremonese,2025-09-15T17:30:00Z,0,0,True,0,GG,0.598933,0.598933,0.0,0.6,False,0,,,False,0,
Serie A,2025/26,3,2025-09-13T14:00:00+00:00,SerieA|2025|29,Como,Genoa,2025-09-15T19:45:00Z,1,1,True,0,U2.5,0.630079,0.630079,0.0,0.6,True,1,U2.5,0.630079,True,1,1
Serie A,2025/26,4,2025-09-19T19:45:00+00:00,SerieA|2025|30,Lecce,Cagliari,2025-09-19T19:45:00Z,1,2,True,0,U2.5,0.541355,0.541355,0.0,0.6,False,0,,,False,0,
Serie A,2025/26,4,2025-09-19T19:45:00+00:00,SerieA|2025|31,Bologna,Genoa,2025-09-20T14:00:00Z,2,1,True,0,U2.5,0.614377,0.614377,0.0,0.6,True,0,U2.5,0.614377,True,1,0
Serie A,2025/26,4,2025-09-19T19:45:00+00:00,SerieA|2025|32,Verona,Juventus,2025-09-20T17:00:00Z,1,1,True,0,2,0.69502,0.67633,0.02492,0.55,True,0,2,0.67633,True,1,0
Serie A,2025/26,4,2025-09-19T19:45:00+00:00,SerieA|2025|33,Udinese,Milan,2025-09-20T19:45:00Z,0,3,True,0,2,0.632913,0.532778,0.133513,0.55,False,1,,,False,0,
Serie A,2025/26,4,2025-09-19T19:45:00+00:00,SerieA|2025|34,Lazio,Roma,2025-09-21T11:30:00Z,0,1,True,0,U2.5,0.593787,0.593787,0.0,0.6,False,1,,,False,0,
Serie A,2025/26,4,2025-09-19T19:45:00+00:00,SerieA|2025|35,Cremonese,Parma,2025-09-21T14:00:00Z,0,0,True,0,1,0.590526,0.430081,0.213926,0.55,False,0,,,False,0,
Serie A,2025/26,4,2025-09-19T19:45:00+00:00,SerieA|2025|36,Torino,Atalanta,2025-09-21T14:00:00Z,0,3,True,0,2,0.628925,0.539731,0.118925,0.55,False,1,,,False,0,
Serie A,2025/26,4,2025-09-19T19:45:00+00:00,SerieA|2025|37,Fiorentina,Como,2025-09-21T17:00:00Z,1,2,True,0,GG,0.554283,0.554283,0.0,0.6,False,1,,,False,0,
Serie A,2025/26,4,2025-09-19T19:45:00+00:00,SerieA|2025|38,Inter,Sassuolo,2025-09-21T19:45:00Z,2,1,True,0,1,0.795702,0.853901,0.077598,0.55,True,1,1,0.853901,True,1,1
Serie A,2025/26,4,2025-09-19T19:45:00+00:00,SerieA|2025|39,Napoli,Pisa,2025-09-22T19:45:00Z,3,2,True,0,1,0.749191,0.749798,0.000809,0.55,True,1,1,0.749798,True,1,1
Serie A,2025/26,5,2025-09-27T14:00:00+00:00,SerieA|2025|40,Como,Cremonese,2025-09-27T14:00:00Z,1,1,True,0,U2.5,0.529264,0.529264,0.0,0.6,False,1,1,0.576369,True,1,0
Serie A,2025/26,5,2025-09-27T14:00:00+00:00,SerieA|2025|41,Juventus,Atalanta,2025-09-27T17:00:00Z,1,1,True,0,U2.5,0.542272,0.542272,0.0,0.6,False,1,,,False,0,
Serie A,2025/26,5,2025-09-27T14:00:00+00:00,SerieA|2025|42,Cagliari,Inter,2025-09-27T19:45:00Z,0,2,True,0,2,0.576869,0.641467,0.086131,0.55,True,1,2,0.641467,True,1,1
Serie A,2025/26,5,2025-09-27T14:00:00+00:00,SerieA|2025|43,Sassuolo,Udinese,2025-09-28T11:30:00Z,3,1,True,0,GG,0.537863,0.537863,0.0,0.6,False,1,,,False,0,
Serie A,2025/26,5,2025-09-27T14:00:00+00:00,SerieA|2025|44,Pisa,Fiorentina,2025-09-28T14:00:00Z,0,0,True,0,GG,0.558825,0.558825,0.0,0.6,False,0,,,False,0,
Serie A,2025/26,5,2025-09-27T14:00:00+00:00,SerieA|2025|45,Roma,Verona,2025-09-28T14:00:00Z,2,0,True,0,U2.5,0.59898,0.59898,0.0,0.6,False,1,1,0.742504,True,1,1
Serie A,2025/26,5,2025-09-27T14:00:00+00:00,SerieA|2025|46,Lecce,Bologna,2025-09-28T17:00:00Z,2,2,True,0,U2.5,0.607904,0.607904,0.0,0.6,True,0,U2.5,0.607904,True,1,0
Serie A,2025/26,5,2025-09-27T14:00:00+00:00,SerieA|2025|47,Milan,Napoli,2025-09-28T19:45:00Z,2,1,True,0,U2.5,0.533851,0.533851,0.0,0.6,False,0,,,False,0,
Serie A,2025/26,5,2025-09-27T14:00:00+00:00,SerieA|2025|48,Parma,Torino,2025-09-29T17:30:00Z,2,1,True,0,U2.5,0.532684,0.532684,0.0,0.6,False,0,,,False,0,
Serie A,2025/26,5,2025-09-27T14:00:00+00:00,SerieA|2025|49,Genoa,Lazio,2025-09-29T19:45:00Z,0,3,True,0,U2.5,0.55506,0.55506,0.0,0.6,False,0,,,False,0,
Serie A,2025/26,6,2025-10-03T19:45:00+00:00,SerieA|2025|50,Verona,Sassuolo,2025-10-03T19:45:00Z,0,1,True,0,GG,0.547962,0.547962,0.0,0.6,False,0,,,False,0,
Serie A,2025/26,6,2025-10-03T19:45:00+00:00,SerieA|2025|51,Lazio,Torino,2025-10-04T14:00:00Z,3,3,True,0,1,0.740892,0.612348,0.171392,0.55,True,0,1,0.612348,True,1,0
Serie A,2025/26,6,2025-10-03T19:45:00+00:00,SerieA|2025|52,Parma,Lecce,2025-10-04T14:00:00Z,0,1,True,0,U2.5,0.540444,0.540444,0.0,0.6,False,1,,,False,0,
Serie A,2025/26,6,2025-10-03T19:45:00+00:00,SerieA|2025|53,Inter,Cremonese,2025-10-04T17:00:00Z,4,1,True,0,1,0.758209,0.829452,0.094991,0.55,True,1,1,0.829452,True,1,1
Serie A,2025/26,6,2025-10-03T19:45:00+00:00,SerieA|2025|54,Atalanta,Como,2025-10-04T19:45:00Z,1,1,True,0,1,0.591947,0.612462,0.027353,0.55,True,0,1,0.612462,True,1,0
Serie A,2025/26,6,2025-10-03T19:45:00+00:00,SerieA|2025|55,Udinese,Cagliari,2025-10-05T11:30:00Z,1,1,True,0,GG,0.557607,0.557607,0.0,0.6,False,1,,,False,0,
Serie A,2025/26,6,2025-10-03T19:45:00+00:00,SerieA|2025|56,Bologna,Pisa,2025-10-05T14:00:00Z,4,0,True,0,U2.5,0.586418,0.586418,0.0,0.6,False,0,1,0.552136,True,1,1
Serie A,2025/26,6,2025-10-03T19:45:00+00:00,SerieA|2025|57,Fiorentina,Roma,2025-10-05T14:00:00Z,1,2,True,0,U2.5,0.608288,0.608288,0.0,0.6,True,0,U2.5,0.608288,True,1,0
Serie A,2025/26,6,2025-10-03T19:45:00+00:00,SerieA|2025|58,Napoli,Genoa,2025-10-05T17:00:00Z,2,1,True,0,1,0.804344,0.765611,0.051644,0.55,True,1,1,0.765611,True,1,1
Serie A,2025/26,6,2025-10-03T19:45:00+00:00,SerieA|2025|59,Juventus,Milan,2025-10-05T19:45:00Z,0,0,True,0,U2.5,0.607944,0.607944,0.0,0.6,True,1,U2.5,0.607944,True,1,1
Serie A,2025/26,7,2025-10-18T14:00:00+00:00,SerieA|2025|60,Lecce,Sassuolo,2025-10-18T14:00:00Z,0,0,True,0,GG,0.527538,0.527538,0.0,0.6,False,0,,,False,0,
Serie A,2025/26,7,2025-10-18T14:00:00+00:00,SerieA|2025|61,Pisa,Verona,2025-10-18T14:00:00Z,0,0,True,0,U2.5,0.555231,0.555231,0.0,0.6,False,1,,,False,0,
Serie A,2025/26,7,2025-10-18T14:00:00+00:00,SerieA|2025|62,Torino,Napoli,2025-10-18T17:00:00Z,1,0,True,0,2,0.687161,0.606565,0.107461,0.55,True,0,2,0.606565,True,1,0
Serie A,2025/26,7,2025-10-18T14:00:00+00:00,SerieA|2025|63,Roma,Inter,2025-10-18T19:45:00Z,0,1,True,0,U2.5,0.552285,0.552285,0.0,0.6,False,1,,,False,0,
Serie A,2025/26,7,2025-10-18T14:00:00+00:00,SerieA|2025|64,Como,Juventus,2025-10-19T11:30:00Z,2,0,True,0,U2.5,0.603154,0.603154,0.0,0.6,True,1,U2.5,0.603154,True,1,1
Serie A,2025/26,7,2025-10-18T14:00:00+00:00,SerieA|2025|65,Cagliari,Bologna,2025-10-19T14:00:00Z,0,2,True,0,2,0.605637,0.503309,0.136437,0.55,False,1,,,False,0,
Serie A,2025/26,7,2025-10-18T14:00:00+00:00,SerieA|2025|66,Genoa,Parma,2025-10-19T14:00:00Z,0,0,True,0,U2.5,0.564364,0.564364,0.0,0.6,False,1,,,False,0,
Serie A,2025/26,7,2025-10-18T14:00:00+00:00,SerieA|2025|67,Atalanta,Lazio,2025-10-19T17:00:00Z,0,0,True,0,GG,0.544949,0.544949,0.0,0.6,False,0,,,False,0,
Serie A,2025/26,7,2025-10-18T14:00:00+00:00,SerieA|2025|68,Milan,Fiorentina,2025-10-19T19:45:00Z,2,1,True,0,1,0.757836,0.602334,0.207336,0.55,True,1,1,0.602334,True,1,1
Serie A,2025/26,7,2025-10-18T14:00:00+00:00,SerieA|2025|69,Cremonese,Udinese,2025-10-20T19:45:00Z,1,1,True,0,GG,0.53151,0.53151,0.0,0.6,False,1,,,False,0,
Serie A,2025/26,8,2025-10-24T19:45:00+00:00,SerieA|2025|70,Milan,Pisa,2025-10-24T19:45:00Z,2,2,True,0,1,0.852302,0.744675,0.143502,0.55,True,0,1,0.744675,True,1,0
Serie A,2025/26,8,2025-10-24T19:45:00+00:00,SerieA|2025|71,Parma,Como,2025-10-25T14:00:00Z,0,0,True,0,U2.5,0.610124,0.610124,0.0,0.6,True,1,U2.5,0.610124,True,1,1
Serie A,2025/26,8,2025-10-24T19:45:00+00:00,SerieA|2025|72,Udinese,Lecce,2025-10-25T14:00:00Z,3,2,True,0,U2.5,0.557288,0.557288,0.0,0.6,False,0,,,False,0,
Serie A,2025/26,8,2025-10-24T19:45:00+00:00,SerieA|2025|73,Napoli,Inter,2025-10-25T17:00:00Z,3,1,True,0,GG,0.617572,0.617572,0.0,0.6,True,1,GG,0.617572,True,1,1
Serie A,2025/26,8,2025-10-24T19:45:00+00:00,SerieA|2025|74,Cremonese,Atalanta,2025-10-25T19:45:00Z,1,1,True,0,2,0.733304,0.675776,0.076704,0.55,True,0,2,0.675776,True,1,0
Serie A,2025/26,8,2025-10-24T19:45:00+00:00,SerieA|2025|75,Torino,Genoa,2025-10-26T11:30:00Z,2,1,True,0,GG,0.538149,0.538149,0.0,0.6,False,1,,,False,0,
Serie A,2025/26,8,2025-10-24T19:45:00+00:00,SerieA|2025|76,Sassuolo,Roma,2025-10-26T14:00:00Z,0,1,True,0,U2.5,0.585649,0.585649,0.0,0.6,False,1,2,0.624942,True,1,1
Serie A,2025/26,8,2025-10-24T19:45:00+00:00,SerieA|2025|77,Verona,Cagliari,2025-10-26T14:00:00Z,2,2,True,0,GG,0.520383,0.520383,0.0,0.6,False,1,,,False,0,
Serie A,2025/26,8,2025-10-24T19:45:00+00:00,SerieA|2025|78,Fiorentina,Bologna,2025-10-26T17:00:00Z,2,2,True,0,2,0.636005,0.431476,0.272705,0.55,False,0,,,False,0,
Serie A,2025/26,8,2025-10-24T19:45:00+00:00,SerieA|2025|79,Lazio,Juventus,2025-10-26T19:45:00Z,1,0,True,0,U2.5,0.526805,0.526805,0.0,0.6,False,1,,,False,0,
Serie A,2025/26,9,2025-10-28T17:30:00+00:00,SerieA|2025|80,Lecce,Napoli,2025-10-28T17:30:00Z,0,1,True,0,2,0.676061,0.70519,0.038839,0.55,True,1,2,0.70519,True,1,1
Serie A,2025/26,9,2025-10-28T17:30:00+00:00,SerieA|2025|81,Atalanta,Milan,2025-10-28T19:45:00Z,1,1,True,0,U2.5,0.591393,0.591393,0.0,0.6,False,1,,,False,0,
Serie A,2025/26,9,2025-10-28T17:30:00+00:00,SerieA|2025|82,Como,Verona,2025-10-29T17:30:00Z,3,1,True,0,U2.5,0.595376,0.595376,0.0,0.6,False,0,,,False,0,
Serie A,2025/26,9,2025-10-28T17:30:00+00:00,SerieA|2025|83,Juventus,Udinese,2025-10-29T17:30:00Z,3,1,True,0,U2.5,0.59093,0.59093,0.0,0.6,False,0,1,0.664953,True,1,1
Serie A,2025/26,9,2025-10-28T17:30:00+00:00,SerieA|2025|84,Roma,Parma,2025-10-29T17:30:00Z,2,1,True,0,U2.5,0.636786,0.636786,0.0,0.6,True,0,1,0.700639,True,2,1
Serie A,2025/26,9,2025-10-28T17:30:00+00:00,SerieA|2025|85,Bologna,Torino,2025-10-29T19:45:00Z,0,0,True,0,1,0.618576,0.571194,0.063176,0.55,True,0,1,0.571194,True,1,0
Serie A,2025/26,9,2025-10-28T17:30:00+00:00,SerieA|2025|86,Genoa,Cremonese,2025-10-29T19:45:00Z,0,2,True,0,1,0.550854,0.492988,0.077154,0.55,False,0,,,False,0,
Serie A,2025/26,9,2025-10-28T17:30:00+00:00,SerieA|2025|87,Inter,Fiorentina,2025-10-29T19:45:00Z,3,0,True,0,1,0.850675,0.727019,0.164875,0.55,True,1,1,0.727019,True,2,1
Serie A,2025/26,9,2025-10-28T17:30:00+00:00,SerieA|2025|88,Cagliari,Sassuolo,2025-10-30T17:30:00Z,1,2,True,0,GG,0.557511,0.557511,0.0,0.6,False,1,,,False,0,
Serie A,2025/26,9,2025-10-28T17:30:00+00:00,SerieA|2025|89,Pisa,Lazio,2025-10-30T19:45:00Z,0,0,True,0,2,0.699175,0.520169,0.238675,0.55,False,0,,,False,0,
Serie A,2025/26,10,2025-11-01T14:00:00+00:00,SerieA|2025|90,Udinese,Atalanta,2025-11-01T14:00:00Z,1,0,True,0,2,0.549966,0.594091,0.058834,0.55,True,0,2,0.594091,True,1,0
Serie A,2025/26,10,2025-11-01T14:00:00+00:00,SerieA|2025|91,Napoli,Como,2025-11-01T17:00:00Z,0,0,True,0,1,0.595056,0.601389,0.008444,0.55,True,0,1,0.601389,True,1,0
Serie A,2025/26,10,2025-11-01T14:00:00+00:00,SerieA|2025|92,Cremonese,Juventus,2025-11-01T19:45:00Z,1,2,True,0,2,0.627074,0.580069,0.062674,0.55,True,1,2,0.580069,True,1,1
Serie A,2025/26,10,2025-11-01T14:00:00+00:00,SerieA|2025|93,Verona,Inter,2025-11-02T11:30:00Z,1,2,True,0,2,0.789113,0.780853,0.011013,0.55,True,1,2,0.780853,True,1,1
Serie A,2025/26,10,2025-11-01T14:00:00+00:00,SerieA|2025|94,Fiorentina,Lecce,2025-11-02T14:00:00Z,0,1,True,0,U2.5,0.548414,0.548414,0.0,0.6,False,1,1,0.597253,True,1,0
Serie A,2025/26,10,2025-11-01T14:00:00+00:00,SerieA|2025|95,Torino,Pisa,2025-11-02T14:00:00Z,2,2,True,0,1,0.627963,0.524566,0.137863,0.55,False,0,,,False,0,
Serie A,2025/26,10,2025-11-01T14:00:00+00:00,SerieA|2025|96,Parma,Bologna,2025-11-02T17:00:00Z,1,3,True,0,U2.5,0.619552,0.619552,0.0,0.6,True,0,U2.5,0.619552,True,1,0
Serie A,2025/26,10,2025-11-01T14:00:00+00:00,SerieA|2025|97,Milan,Roma,2025-11-02T19:45:00Z,1,0,True,0,U2.5,0.637635,0.637635,0.0,0.6,True,1,U2.5,0.637635,True,1,1
Serie A,2025/26,10,2025-11-01T14:00:00+00:00,SerieA|2025|98,Sassuolo,Genoa,2025-11-03T17:30:00Z,1,2,True,0,GG,0.547016,0.547016,0.0,0.6,False,1,,,False,0,
Serie A,2025/26,10,2025-11-01T14:00:00+00:00,SerieA|2025|99,Lazio,Cagliari,2025-11-03T19:45:00Z,2,0,True,0,1,0.76861,0.689177,0.10591,0.55,True,1,1,0.689177,True,1,1
Serie A,2025/26,11,2025-11-07T19:45:00+00:00,SerieA|2025|100,Pisa,Cremonese,2025-11-07T19:45:00Z,1,0,True,0,U2.5,0.535033,0.535033,0.0,0.6,False,1,,,False,0,
Serie A,2025/26,11,2025-11-07T19:45:00+00:00,SerieA|2025|101,Como,Cagliari,2025-11-08T14:00:00Z,0,0,True,0,1,0.605159,0.648015,0.057141,0.55,True,0,1,0.648015,True,1,0
Serie A,2025/26,11,2025-11-07T19:45:00+00:00,SerieA|2025|102,Lecce,Verona,2025-11-08T14:00:00Z,0,0,True,0,U2.5,0.617488,0.617488,0.0,0.6,True,1,U2.5,0.617488,True,1,1
Serie A,2025/26,11,2025-11-07T19:45:00+00:00,SerieA|2025|103,Juventus,Torino,2025-11-08T17:00:00Z,0,0,True,0,U2.5,0.519565,0.519565,0.0,0.6,False,1,1,0.591486,True,1,0
Serie A,2025/26,11,2025-11-07T19:45:00+00:00,SerieA|2025|104,Parma,Milan,2025-11-08T19:45:00Z,2,2,True,0,2,0.612185,0.602521,0.012885,0.55,True,0,2,0.602521,True,1,0
Serie A,2025/26,11,2025-11-07T19:45:00+00:00,SerieA|2025|105,Atalanta,Sassuolo,2025-11-09T11:30:00Z,0,3,True,0,1,0.599481,0.739895,0.187219,0.55,True,0,1,0.739895,True,1,0
Serie A,2025/26,11,2025-11-07T19:45:00+00:00,SerieA|2025|106,Bologna,Napoli,2025-11-09T14:00:00Z,2,0,True,0,GG,0.531913,0.531913,0.0,0.6,False,0,,,False,0,
Serie A,2025/26,11,2025-11-07T19:45:00+00:00,SerieA|2025|107,Genoa,Fiorentina,2025-11-09T14:00:00Z,2,2,True,0,GG,0.571771,0.571771,0.0,0.6,False,1,,,False,0,
Serie A,2025/26,11,2025-11-07T19:45:00+00:00,SerieA|2025|108,Roma,Udinese,2025-11-09T17:00:00Z,2,0,True,0,U2.5,0.553668,0.553668,0.0,0.6,False,1,1,0.692929,True,1,1
Serie A,2025/26,11,2025-11-07T19:45:00+00:00,SerieA|2025|109,Inter,Lazio,2025-11-09T19:45:00Z,2,0,True,0,1,0.706515,0.651829,0.072915,0.55,True,1,1,0.651829,True,1,1
Serie A,2025/26,12,2025-11-22T14:00:00+00:00,SerieA|2025|110,Cagliari,Genoa,2025-11-22T14:00:00Z,3,3,True,0,GG,0.546986,0.546986,0.0,0.6,False,1,,,False,0,
Serie A,2025/26,12,2025-11-22T14:00:00+00:00,SerieA|2025|111,Udinese,Bologna,2025-11-22T14:00:00Z,0,3,True,0,2,0.614797,0.557499,0.076397,0.55,True,1,2,0.557499,True,1,1
Serie A,2025/26,12,2025-11-22T14:00:00+00:00,SerieA|2025|112,Fiorentina,Juventus,2025-11-22T17:00:00Z,1,1,True,0,2,0.576589,0.474297,0.136389,0.55,False,0,,,False,0,
Serie A,2025/26,12,2025-11-22T14:00:00+00:00,SerieA|2025|113,Napoli,Atalanta,2025-11-22T19:45:00Z,3,1,True,0,U2.5,0.549521,0.549521,0.0,0.6,False,0,,,False,0,
Serie A,2025/26,12,2025-11-22T14:00:00+00:00,SerieA|2025|114,Verona,Parma,2025-11-23T11:30:00Z,1,2,True,0,U2.5,0.585827,0.585827,0.0,0.6,False,0,,,False,0,
Serie A,2025/26,12,2025-11-22T14:00:00+00:00,SerieA|2025|115,Cremonese,Roma,2025-11-23T14:00:00Z,1,3,True,0,2,0.545931,0.618733,0.097069,0.55,True,1,2,0.618733,True,1,1
Serie A,2025/26,12,2025-11-22T14:00:00+00:00,SerieA|2025|116,Lazio,Lecce,2025-11-23T17:00:00Z,2,0,True,0,U2.5,0.607242,0.607242,0.0,0.6,True,1,1,0.638962,True,2,1
Serie A,2025/26,12,2025-11-22T14:00:00+00:00,SerieA|2025|117,Inter,Milan,2025-11-23T19:45:00Z,0,1,True,0,1,0.555741,0.55991,0.005559,0.55,True,0,1,0.55991,True,1,0
Serie A,2025/26,12,2025-11-22T14:00:00+00:00,SerieA|2025|118,Torino,Como,2025-11-24T17:30:00Z,1,5,True,0,U2.5,0.575741,0.575741,0.0,0.6,False,0,,,False,0,
Serie A,2025/26,12,2025-11-22T14:00:00+00:00,SerieA|2025|119,Sassuolo,Pisa,2025-11-24T19:45:00Z,2,2,True,0,U2.5,0.524321,0.524321,0.0,0.6,False,0,,,False,0,
Serie A,2025/26,13,2025-11-28T19:45:00+00:00,SerieA|2025|120,Como,Sassuolo,2025-11-28T19:45:00Z,2,0,True,0,U2.5,0.518701,0.518701,0.0,0.6,False,1,1,0.635164,True,1,1
Serie A,2025/26,13,2025-11-28T19:45:00+00:00,SerieA|2025|121,Genoa,Verona,2025-11-29T14:00:00Z,2,1,True,0,1,0.546689,0.527272,0.025889,0.55,False,1,,,False,0,
Serie A,2025/26,13,2025-11-28T19:45:00+00:00,SerieA|2025|122,Parma,Udinese,2025-11-29T14:00:00Z,0,2,True,0,U2.5,0.555295,0.555295,0.0,0.6,False,1,,,False,0,
Serie A,2025/26,13,2025-11-28T19:45:00+00:00,SerieA|2025|123,Juventus,Cagliari,2025-11-29T17:00:00Z,2,1,True,0,1,0.761802,0.73795,0.031802,0.55,True,1,1,0.73795,True,1,1
Serie A,2025/26,13,2025-11-28T19:45:00+00:00,SerieA|2025|124,Milan,Lazio,2025-11-29T19:45:00Z,1,0,True,0,1,0.597601,0.54555,0.069401,0.55,False,1,,,False,0,
Serie A,2025/26,13,2025-11-28T19:45:00+00:00,SerieA|2025|125,Lecce,Torino,2025-11-30T11:30:00Z,2,1,True,0,U2.5,0.598409,0.598409,0.0,0.6,False,0,,,False,0,
Serie A,2025/26,13,2025-11-28T19:45:00+00:00,SerieA|2025|126,Pisa,Inter,2025-11-30T14:00:00Z,0,2,True,0,2,0.777402,0.67825,0.132202,0.55,True,1,2,0.67825,True,1,1
Serie A,2025/26,13,2025-11-28T19:45:00+00:00,SerieA|2025|127,Atalanta,Fiorentina,2025-11-30T17:00:00Z,2,0,True,0,1,0.558665,0.536116,0.030065,0.55,False,1,,,False,0,
Serie A,2025/26,13,2025-11-28T19:45:00+00:00,SerieA|2025|128,Roma,Napoli,2025-11-30T19:45:00Z,0,1,True,0,U2.5,0.524978,0.524978,0.0,0.6,False,1,,,False,0,
Serie A,2025/26,13,2025-11-28T19:45:00+00:00,SerieA|2025|129,Bologna,Cremonese,2025-12-01T19:45:00Z,1,3,True,0,1,0.822604,0.766651,0.074604,0.55,True,0,1,0.766651,True,1,0
Serie A,2025/26,14,2025-12-06T14:00:00+00:00,SerieA|2025|130,Sassuolo,Fiorentina,2025-12-06T14:00:00Z,3,1,True,0,GG,0.559586,0.559586,0.0,0.6,False,1,,,False,0,
Serie A,2025/26,14,2025-12-06T14:00:00+00:00,SerieA|2025|131,Inter,Como,2025-12-06T17:00:00Z,4,0,True,0,1,0.688434,0.639433,0.065334,0.55,True,1,1,0.639433,True,1,1
Serie A,2025/26,14,2025-12-06T14:00:00+00:00,SerieA|2025|132,Verona,Atalanta,2025-12-06T19:45:00Z,3,1,True,0,U2.5,0.582335,0.582335,0.0,0.6,False,0,2,0.584103,True,1,0
Serie A,2025/26,14,2025-12-06T14:00:00+00:00,SerieA|2025|133,Cremonese,Lecce,2025-12-07T11:30:00Z,2,0,True,0,U2.5,0.597176,0.597176,0.0,0.6,False,1,,,False,0,
Serie A,2025/26,14,2025-12-06T14:00:00+00:00,SerieA|2025|134,Cagliari,Roma,2025-12-07T14:00:00Z,1,0,True,0,2,0.688947,0.649762,0.052247,0.55,True,0,2,0.649762,True,1,0
Serie A,2025/26,14,2025-12-06T14:00:00+00:00,SerieA|2025|135,Lazio,Bologna,2025-12-07T17:00:00Z,1,1,True,0,U2.5,0.544545,0.544545,0.0,0.6,False,1,,,False,0,
Serie A,2025/26,14,2025-12-06T14:00:00+00:00,SerieA|2025|136,Napoli,Juventus,2025-12-07T19:45:00Z,2,1,True,0,U2.5,0.578252,0.578252,0.0,0.6,False,0,,,False,0,
Serie A,2025/26,14,2025-12-06T14:00:00+00:00,SerieA|2025|137,Pisa,Parma,2025-12-08T14:00:00Z,0,1,True,0,U2.5,0.561933,0.561933,0.0,0.6,False,1,,,False,0,
Serie A,2025/26,14,2025-12-06T14:00:00+00:00,SerieA|2025|138,Udinese,Genoa,2025-12-08T17:00:00Z,1,2,True,0,GG,0.553733,0.553733,0.0,0.6,False,1,,,False,0,
Serie A,2025/26,14,2025-12-06T14:00:00+00:00,SerieA|2025|139,Torino,Milan,2025-12-08T19:45:00Z,2,3,True,0,2,0.641407,0.575327,0.088107,0.55,True,1,2,0.575327,True,1,1
Serie A,2025/26,15,2025-12-12T19:45:00+00:00,SerieA|2025|140,Lecce,Pisa,2025-12-12T19:45:00Z,1,0,True,0,U2.5,0.604097,0.604097,0.0,0.6,True,1,U2.5,0.604097,True,1,1
Serie A,2025/26,15,2025-12-12T19:45:00+00:00,SerieA|2025|141,Torino,Cremonese,2025-12-13T14:00:00Z,1,0,True,0,GG,0.55522,0.55522,0.0,0.6,False,0,,,False,0,
Serie A,2025/26,15,2025-12-12T19:45:00+00:00,SerieA|2025|142,Parma,Lazio,2025-12-13T17:00:00Z,0,1,True,0,U2.5,0.594149,0.594149,0.0,0.6,False,1,,,False,0,
Serie A,2025/26,15,2025-12-12T19:45:00+00:00,SerieA|2025|143,Atalanta,Cagliari,2025-12-13T19:45:00Z,2,1,True,0,1,0.617331,0.633058,0.020969,0.55,True,1,1,0.633058,True,1,1
Serie A,2025/26,15,2025-12-12T19:45:00+00:00,SerieA|2025|144,Milan,Sassuolo,2025-12-14T11:30:00Z,2,2,True,0,1,0.767193,0.773198,0.008007,0.55,True,0,1,0.773198,True,1,0
Serie A,2025/26,15,2025-12-12T19:45:00+00:00,SerieA|2025|145,Fiorentina,Verona,2025-12-14T14:00:00Z,1,2,True,0,GG,0.528767,0.528767,0.0,0.6,False,1,,,False,0,
Serie A,2025/26,15,2025-12-12T19:45:00+00:00,SerieA|2025|146,Udinese,Napoli,2025-12-14T14:00:00Z,1,0,True,0,2,0.588167,0.646992,0.078433,0.55,True,0,2,0.646992,True,1,0
Serie A,2025/26,15,2025-12-12T19:45:00+00:00,SerieA|2025|147,Genoa,Inter,2025-12-14T17:00:00Z,1,2,True,0,2,0.764779,0.710045,0.072979,0.55,True,1,2,0.710045,True,1,1
Serie A,2025/26,15,2025-12-12T19:45:00+00:00,SerieA|2025|148,Bologna,Juventus,2025-12-14T19:45:00Z,0,1,True,0,U2.5,0.560732,0.560732,0.0,0.6,False,1,,,False,0,
Serie A,2025/26,15,2025-12-12T19:45:00+00:00,SerieA|2025|149,Roma,Como,2025-12-15T19:45:00Z,1,0,True,0,U2.5,0.583309,0.583309,0.0,0.6,False,1,,,False,0,
Serie A,2025/26,16,2025-12-20T17:00:00+00:00,SerieA|2025|150,Lazio,Cremonese,2025-12-20T17:00:00Z,0,0,True,0,1,0.575098,0.624599,0.066002,0.55,True,0,1,0.624599,True,1,0
Serie A,2025/26,16,2025-12-20T17:00:00+00:00,SerieA|2025|151,Juventus,Roma,2025-12-20T19:45:00Z,2,1,True,0,U2.5,0.60556,0.60556,0.0,0.6,True,0,U2.5,0.60556,True,1,0
Serie A,2025/26,16,2025-12-20T17:00:00+00:00,SerieA|2025|152,Cagliari,Pisa,2025-12-21T11:30:00Z,2,2,True,0,U2.5,0.548115,0.548115,0.0,0.6,False,0,,,False,0,
Serie A,2025/26,16,2025-12-20T17:00:00+00:00,SerieA|2025|153,Sassuolo,Torino,2025-12-21T14:00:00Z,0,1,True,0,GG,0.538961,0.538961,0.0,0.6,False,0,,,False,0,
Serie A,2025/26,16,2025-12-20T17:00:00+00:00,SerieA|2025|154,Fiorentina,Udinese,2025-12-21T17:00:00Z,5,1,True,0,GG,0.554865,0.554865,0.0,0.6,False,1,,,False,0,
Serie A,2025/26,16,2025-12-20T17:00:00+00:00,SerieA|2025|155,Genoa,Atalanta,2025-12-21T19:45:00Z,0,1,True,0,GG,0.541749,0.541749,0.0,0.6,False,0,,,False,0,
Serie A,2025/26,17,2025-12-27T11:30:00+00:00,SerieA|2025|156,Parma,Fiorentina,2025-12-27T11:30:00Z,1,0,True,0,GG,0.537141,0.537141,0.0,0.6,False,0,,,False,0,
Serie A,2025/26,17,2025-12-27T11:30:00+00:00,SerieA|2025|158,Torino,Cagliari,2025-12-27T14:00:00Z,1,2,True,0,U2.5,0.521437,0.521437,0.0,0.6,False,0,,,False,0,
Serie A,2025/26,17,2025-12-27T11:30:00+00:00,SerieA|2025|159,Udinese,Lazio,2025-12-27T17:00:00Z,1,1,True,0,U2.5,0.573015,0.573015,0.0,0.6,False,1,,,False,0,
Serie A,2025/26,17,2025-12-27T11:30:00+00:00,SerieA|2025|160,Pisa,Juventus,2025-12-27T19:45:00Z,0,2,True,0,2,0.764979,0.62257,0.189879,0.55,True,1,2,0.62257,True,1,1
Serie A,2025/26,17,2025-12-27T11:30:00+00:00,SerieA|2025|162,Cremonese,Napoli,2025-12-28T14:00:00Z,0,2,True,0,2,0.563214,0.605503,0.056386,0.55,True,1,2,0.605503,True,1,1
Serie A,2025/26,17,2025-12-27T11:30:00+00:00,SerieA|2025|163,Bologna,Sassuolo,2025-12-28T17:00:00Z,1,1,True,0,1,0.69781,0.673802,0.03201,0.55,True,0,1,0.673802,True,1,0
Serie A,2025/26,17,2025-12-27T11:30:00+00:00,SerieA|2025|164,Atalanta,Inter,2025-12-28T19:45:00Z,0,1,True,0,2,0.567751,0.515888,0.069151,0.55,False,1,,,False,0,
Serie A,2025/26,17,2025-12-27T11:30:00+00:00,SerieA|2025|165,Roma,Genoa,2025-12-29T19:45:00Z,3,1,True,0,1,0.543962,0.670965,0.169338,0.55,True,1,1,0.670965,True,1,1
Serie A,2025/26,18,2026-01-02T19:45:00+00:00,SerieA|2025|166,Cagliari,Milan,2026-01-02T19:45:00Z,0,1,True,0,2,0.767147,0.651237,0.154547,0.55,True,1,2,0.651237,True,1,1
Serie A,2025/26,18,2026-01-02T19:45:00+00:00,SerieA|2025|167,Como,Udinese,2026-01-03T11:30:00Z,1,0,True,0,1,0.590768,0.634592,0.058432,0.55,True,1,1,0.634592,True,1,1
Serie A,2025/26,18,2026-01-02T19:45:00+00:00,SerieA|2025|168,Genoa,Pisa,2026-01-03T14:00:00Z,1,1,True,0,1,0.564626,0.469132,0.127326,0.55,False,0,,,False,0,
Serie A,2025/26,18,2026-01-02T19:45:00+00:00,SerieA|2025|169,Sassuolo,Parma,2026-01-03T14:00:00Z,1,1,True,0,U2.5,0.557025,0.557025,0.0,0.6,False,1,,,False,0,
Serie A,2025/26,18,2026-01-02T19:45:00+00:00,SerieA|2025|170,Juventus,Lecce,2026-01-03T17:00:00Z,1,1,True,0,1,0.804349,0.800187,0.005549,0.55,True,0,1,0.800187,True,1,0
Serie A,2025/26,18,2026-01-02T19:45:00+00:00,SerieA|2025|171,Atalanta,Roma,2026-01-03T19:45:00Z,1,0,True,0,U2.5,0.560121,0.560121,0.0,0.6,False,1,,,False,0,
Serie A,2025/26,18,2026-01-02T19:45:00+00:00,SerieA|2025|172,Lazio,Napoli,2026-01-04T11:30:00Z,0,2,True,0,U2.5,0.602732,0.602732,0.0,0.6,True,1,U2.5,0.602732,True,1,1
Serie A,2025/26,18,2026-01-02T19:45:00+00:00,SerieA|2025|173,Fiorentina,Cremonese,2026-01-04T14:00:00Z,1,0,True,0,1,0.613937,0.514534,0.132537,0.55,False,1,,,False,0,
Serie A,2025/26,18,2026-01-02T19:45:00+00:00,SerieA|2025|174,Verona,Torino,2026-01-04T17:00:00Z,0,3,True,0,GG,0.527132,0.527132,0.0,0.6,False,0,,,False,0,
Serie A,2025/26,18,2026-01-02T19:45:00+00:00,SerieA|2025|180,Napoli,Verona,2026-01-07T17:30:00Z,2,2,True,0,1,0.746298,0.80855,0.083002,0.55,True,0,1,0.80855,True,1,0
Serie A,2025/26,18,2026-01-02T19:45:00+00:00,SerieA|2025|182,Parma,Inter,2026-01-07T19:45:00Z,0,2,True,0,2,0.723164,0.728441,0.007036,0.55,True,1,2,0.728441,True,1,1
Serie A,2025/26,19,2026-01-08T17:30:00+00:00,SerieA|2025|184,Cremonese,Cagliari,2026-01-08T17:30:00Z,2,2,True,0,U2.5,0.563088,0.563088,0.0,0.6,False,0,,,False,0,
Serie A,2025/26,19,2026-01-08T17:30:00+00:00,SerieA|2025|185,Milan,Genoa,2026-01-08T19:45:00Z,1,1,True,0,1,0.824985,0.784046,0.054585,0.55,True,0,1,0.784046,True,1,0
Serie A,2025/26,19,2026-01-08T17:30:00+00:00,SerieA|2025|186,Como,Bologna,2026-01-10T14:00:00Z,1,1,True,0,1,0.553985,0.508471,0.060685,0.55,False,0,,,False,0,
Serie A,2025/26,19,2026-01-08T17:30:00+00:00,SerieA|2025|190,Lecce,Parma,2026-01-11T11:30:00Z,1,2,True,0,U2.5,0.624894,0.624894,0.0,0.6,True,0,U2.5,0.624894,True,1,0
Serie A,2025/26,19,2026-01-08T17:30:00+00:00,SerieA|2025|193,Inter,Napoli,2026-01-11T19:45:00Z,2,2,True,0,1,0.560638,0.534509,0.034838,0.55,False,0,,,False,0,
Serie A,2025/26,20,2026-01-12T17:30:00+00:00,SerieA|2025|194,Genoa,Cagliari,2026-01-12T17:30:00Z,3,0,True,0,U2.5,0.525527,0.525527,0.0,0.6,False,0,,,False,0,
Serie A,2025/26,20,2026-01-12T17:30:00+00:00,SerieA|2025|195,Juventus,Cremonese,2026-01-12T19:45:00Z,5,0,True,0,1,0.827271,0.773593,0.071571,0.55,True,1,1,0.773593,True,1,1
Serie A,2025/26,20,2026-01-12T17:30:00+00:00,SerieA|2025|196,Napoli,Parma,2026-01-14T17:30:00Z,0,0,True,0,1,0.698835,0.760984,0.082865,0.55,True,0,1,0.760984,True,1,0
Serie A,2025/26,20,2026-01-12T17:30:00+00:00,SerieA|2025|197,Inter,Lecce,2026-01-14T19:45:00Z,1,0,True,0,1,0.907604,0.886676,0.027904,0.55,True,1,1,0.886676,True,1,1
Serie A,2025/26,20,2026-01-12T17:30:00+00:00,SerieA|2025|198,Verona,Bologna,2026-01-15T17:30:00Z,2,3,True,0,U2.5,0.553731,0.553731,0.0,0.6,False,0,,,False,0,
Serie A,2025/26,20,2026-01-12T17:30:00+00:00,SerieA|2025|199,Como,Milan,2026-01-15T19:45:00Z,1,3,True,0,U2.5,0.560573,0.560573,0.0,0.6,False,0,,,False,0,
Serie A,2025/26,21,2026-01-16T19:45:00+00:00,SerieA|2025|200,Pisa,Atalanta,2026-01-16T19:45:00Z,1,1,True,0,2,0.69982,0.598405,0.13522,0.55,True,0,2,0.598405,True,1,0
Serie A,2025/26,21,2026-01-16T19:45:00+00:00,SerieA|2025|201,Udinese,Inter,2026-01-17T14:00:00Z,0,1,True,0,2,0.823598,0.760449,0.084198,0.55,True,1,2,0.760449,True,1,1
Serie A,2025/26,21,2026-01-16T19:45:00+00:00,SerieA|2025|202,Napoli,Sassuolo,2026-01-17T17:00:00Z,1,0,True,0,1,0.820463,0.812991,0.009963,0.55,True,1,1,0.812991,True,1,1
Serie A,2025/26,21,2026-01-16T19:45:00+00:00,SerieA|2025|203,Cagliari,Juventus,2026-01-17T19:45:00Z,1,0,True,0,2,0.807124,0.675406,0.175624,0.55,True,0,2,0.675406,True,1,0
Serie A,2025/26,21,2026-01-16T19:45:00+00:00,SerieA|2025|204,Parma,Genoa,2026-01-18T11:30:00Z,0,0,True,0,U2.5,0.571353,0.571353,0.0,0.6,False,1,,,False,0,
Serie A,2025/26,21,2026-01-16T19:45:00+00:00,SerieA|2025|205,Bologna,Fiorentina,2026-01-18T14:00:00Z,1,2,True,0,GG,0.578634,0.578634,0.0,0.6,False,1,,,False,0,
Serie A,2025/26,21,2026-01-16T19:45:00+00:00,SerieA|2025|206,Torino,Roma,2026-01-18T17:00:00Z,0,2,True,0,U2.5,0.528235,0.528235,0.0,0.6,False,1,,,False,0,
Serie A,2025/26,21,2026-01-16T19:45:00+00:00,SerieA|2025|207,Milan,Lecce,2026-01-18T19:45:00Z,1,0,True,0,1,0.847342,0.84176,0.007442,0.55,True,1,1,0.84176,True,1,1
Serie A,2025/26,21,2026-01-16T19:45:00+00:00,SerieA|2025|208,Cremonese,Verona,2026-01-19T17:30:00Z,0,0,True,0,U2.5,0.553046,0.553046,0.0,0.6,False,1,,,False,0,
Serie A,2025/26,21,2026-01-16T19:45:00+00:00,SerieA|2025|209,Lazio,Como,2026-01-19T19:45:00Z,0,3,True,0,U2.5,0.606704,0.606704,0.0,0.6,True,0,U2.5,0.606704,True,1,0
Serie A,2025/26,22,2026-01-23T19:45:00+00:00,SerieA|2025|210,Inter,Pisa,2026-01-23T19:45:00Z,6,2,True,0,1,0.919564,0.877516,0.056064,0.55,True,1,1,0.877516,True,1,1
Serie A,2025/26,22,2026-01-23T19:45:00+00:00,SerieA|2025|211,Como,Torino,2026-01-24T14:00:00Z,6,0,True,0,1,0.630399,0.64135,0.014601,0.55,True,1,1,0.64135,True,1,1
Serie A,2025/26,22,2026-01-23T19:45:00+00:00,SerieA|2025|212,Fiorentina,Cagliari,2026-01-24T17:00:00Z,1,2,True,0,1,0.683298,0.566975,0.155098,0.55,True,0,1,0.566975,True,1,0
Serie A,2025/26,22,2026-01-23T19:45:00+00:00,SerieA|2025|213,Lecce,Lazio,2026-01-24T19:45:00Z,0,0,True,0,U2.5,0.643973,0.643973,0.0,0.6,True,1,U2.5,0.643973,True,1,1
Serie A,2025/26,22,2026-01-23T19:45:00+00:00,SerieA|2025|214,Sassuolo,Cremonese,2026-01-25T11:30:00Z,1,0,True,0,U2.5,0.525137,0.525137,0.0,0.6,False,1,,,False,0,
Serie A,2025/26,22,2026-01-23T19:45:00+00:00,SerieA|2025|215,Atalanta,Parma,2026-01-25T14:00:00Z,4,0,True,0,1,0.633035,0.653859,0.027765,0.55,True,1,1,0.653859,True,1,1
Serie A,2025/26,22,2026-01-23T19:45:00+00:00,SerieA|2025|216,Genoa,Bologna,2026-01-25T14:00:00Z,3,2,True,0,GG,0.538534,0.538534,0.0,0.6,False,1,,,False,0,
Serie A,2025/26,22,2026-01-23T19:45:00+00:00,SerieA|2025|217,Juventus,Napoli,2026-01-25T17:00:00Z,3,0,True,0,U2.5,0.589089,0.589089,0.0,0.6,False,0,,,False,0,
Serie A,2025/26,22,2026-01-23T19:45:00+00:00,SerieA|2025|218,Roma,Milan,2026-01-25T19:45:00Z,1,1,True,0,U2.5,0.548125,0.548125,0.0,0.6,False,1,,,False,0,
Serie A,2025/26,22,2026-01-23T19:45:00+00:00,SerieA|2025|219,Verona,Udinese,2026-01-26T19:45:00Z,1,3,True,0,U2.5,0.572904,0.572904,0.0,0.6,False,0,,,False,0,
Serie A,2025/26,23,2026-01-30T19:45:00+00:00,SerieA|2025|220,Lazio,Genoa,2026-01-30T19:45:00Z,3,2,True,0,U2.5,0.606503,0.606503,0.0,0.6,True,0,U2.5,0.606503,True,1,0
Serie A,2025/26,23,2026-01-30T19:45:00+00:00,SerieA|2025|221,Pisa,Sassuolo,2026-01-31T14:00:00Z,1,3,True,0,GG,0.532969,0.532969,0.0,0.6,False,1,,,False,0,
Serie A,2025/26,23,2026-01-30T19:45:00+00:00,SerieA|2025|222,Napoli,Fiorentina,2026-01-31T17:00:00Z,2,1,True,0,GG,0.529933,0.529933,0.0,0.6,False,1,,,False,0,
Serie A,2025/26,23,2026-01-30T19:45:00+00:00,SerieA|2025|223,Cagliari,Verona,2026-01-31T19:45:00Z,4,0,True,0,U2.5,0.618293,0.618293,0.0,0.6,True,0,U2.5,0.618293,True,1,0
Serie A,2025/26,23,2026-01-30T19:45:00+00:00,SerieA|2025|224,Torino,Lecce,2026-02-01T11:30:00Z,1,0,True,0,U2.5,0.571504,0.571504,0.0,0.6,False,1,,,False,0,
Serie A,2025/26,23,2026-01-30T19:45:00+00:00,SerieA|2025|225,Como,Atalanta,2026-02-01T14:00:00Z,0,0,True,0,GG,0.532526,0.532526,0.0,0.6,False,0,,,False,0,
Serie A,2025/26,23,2026-01-30T19:45:00+00:00,SerieA|2025|226,Cremonese,Inter,2026-02-01T17:00:00Z,0,2,True,0,2,0.911297,0.822724,0.118097,0.55,True,1,2,0.822724,True,1,1
Serie A,2025/26,23,2026-01-30T19:45:00+00:00,SerieA|2025|227,Parma,Juventus,2026-02-01T19:45:00Z,1,4,True,0,2,0.793459,0.644315,0.198859,0.55,True,1,2,0.644315,True,1,1
Serie A,2025/26,23,2026-01-30T19:45:00+00:00,SerieA|2025|228,Udinese,Roma,2026-02-02T19:45:00Z,1,0,True,0,U2.5,0.547776,0.547776,0.0,0.6,False,1,2,0.559163,True,1,0
Serie A,2025/26,23,2026-01-30T19:45:00+00:00,SerieA|2025|229,Bologna,Milan,2026-02-03T19:45:00Z,0,3,True,0,2,0.609299,0.51285,0.128599,0.55,False,1,,,False,0,
Serie A,2025/26,24,2026-02-06T19:45:00+00:00,SerieA|2025|230,Verona,Pisa,2026-02-06T19:45:00Z,0,0,True,0,U2.5,0.561389,0.561389,0.0,0.6,False,1,,,False,0,
Serie A,2025/26,24,2026-02-06T19:45:00+00:00,SerieA|2025|231,Genoa,Napoli,2026-02-07T17:00:00Z,2,3,True,0,U2.5,0.563174,0.563174,0.0,0.6,False,0,,,False,0,
Serie A,2025/26,24,2026-02-06T19:45:00+00:00,SerieA|2025|232,Fiorentina,Torino,2026-02-07T19:45:00Z,2,2,True,0,1,0.586034,0.501408,0.112834,0.55,False,0,,,False,0,
Serie A,2025/26,24,2026-02-06T19:45:00+00:00,SerieA|2025|233,Bologna,Parma,2026-02-08T11:30:00Z,0,1,True,0,1,0.676283,0.585771,0.120683,0.55,True,0,1,0.585771,True,1,0
Serie A,2025/26,24,2026-02-06T19:45:00+00:00,SerieA|2025|234,Lecce,Udinese,2026-02-08T14:00:00Z,2,1,True,0,U2.5,0.621409,0.621409,0.0,0.6,True,0,U2.5,0.621409,True,1,0
Serie A,2025/26,24,2026-02-06T19:45:00+00:00,SerieA|2025|235,Sassuolo,Inter,2026-02-08T17:00:00Z,0,5,True,0,2,0.851692,0.780448,0.094992,0.55,True,1,2,0.780448,True,1,1
Serie A,2025/26,24,2026-02-06T19:45:00+00:00,SerieA|2025|236,Juventus,Lazio,2026-02-08T19:45:00Z,2,2,True,0,1,0.745756,0.642739,0.137356,0.55,True,0,1,0.642739,True,1,0
Serie A,2025/26,24,2026-02-06T19:45:00+00:00,SerieA|2025|237,Atalanta,Cremonese,2026-02-09T17:30:00Z,2,1,True,0,1,0.865508,0.776927,0.118108,0.55,True,1,1,0.776927,True,1,1
Serie A,2025/26,24,2026-02-06T19:45:00+00:00,SerieA|2025|238,Roma,Cagliari,2026-02-09T19:45:00Z,2,0,True,0,1,0.664044,0.680061,0.021356,0.55,True,1,1,0.680061,True,1,1
Serie A,2025/26,25,2026-02-13T19:45:00+00:00,SerieA|2025|239,Pisa,Milan,2026-02-13T19:45:00Z,1,2,True,0,2,0.825322,0.735456,0.119822,0.55,True,1,2,0.735456,True,1,1
Serie A,2025/26,25,2026-02-13T19:45:00+00:00,SerieA|2025|240,Como,Fiorentina,2026-02-14T14:00:00Z,1,2,True,0,1,0.590811,0.609703,0.025189,0.55,True,0,1,0.609703,True,1,0
Serie A,2025/26,25,2026-02-13T19:45:00+00:00,SerieA|2025|241,Lazio,Atalanta,2026-02-14T17:00:00Z,0,2,True,0,2,0.599205,0.444701,0.206005,0.55,False,1,,,False,0,
Serie A,2025/26,25,2026-02-13T19:45:00+00:00,SerieA|2025|242,Inter,Juventus,2026-02-14T19:45:00Z,3,2,True,0,U2.5,0.54157,0.54157,0.0,0.6,False,0,1,0.561482,True,1,1
Serie A,2025/26,25,2026-02-13T19:45:00+00:00,SerieA|2025|243,Udinese,Sassuolo,2026-02-15T11:30:00Z,1,2,True,0,1,0.587235,0.491134,0.128135,0.55,False,0,,,False,0,
Serie A,2025/26,25,2026-02-13T19:45:00+00:00,SerieA|2025|244,Cremonese,Genoa,2026-02-15T14:00:00Z,0,0,True,0,2,0.58991,0.429028,0.21451,0.55,False,0,,,False,0,
Serie A,2025/26,25,2026-02-13T19:45:00+00:00,SerieA|2025|245,Parma,Verona,2026-02-15T14:00:00Z,2,1,True,0,U2.5,0.637293,0.637293,0.0,0.6,True,0,U2.5,0.637293,True,1,0
Serie A,2025/26,25,2026-02-13T19:45:00+00:00,SerieA|2025|246,Torino,Bologna,2026-02-15T17:00:00Z,1,2,True,0,GG,0.524988,0.524988,0.0,0.6,False,1,,,False,0,
Serie A,2025/26,25,2026-02-13T19:45:00+00:00,SerieA|2025|247,Napoli,Roma,2026-02-15T19:45:00Z,2,2,True,0,U2.5,0.593589,0.593589,0.0,0.6,False,0,,,False,0,
Serie A,2025/26,25,2026-02-13T19:45:00+00:00,SerieA|2025|248,Cagliari,Lecce,2026-02-16T19:45:00Z,0,2,True,0,U2.5,0.634821,0.634821,0.0,0.6,True,1,U2.5,0.634821,True,1,1
Serie A,2025/26,25,2026-02-13T19:45:00+00:00,SerieA|2025|249,Milan,Como,2026-02-18T19:45:00Z,1,1,True,0,1,0.57672,0.54723,0.03932,0.55,False,0,,,False,0,
Serie A,2025/26,26,2026-02-20T19:45:00+00:00,SerieA|2025|250,Sassuolo,Verona,2026-02-20T19:45:00Z,3,0,True,0,U2.5,0.614939,0.614939,0.0,0.6,True,0,U2.5,0.614939,True,1,0
Serie A,2025/26,26,2026-02-20T19:45:00+00:00,SerieA|2025|251,Juventus,Como,2026-02-21T14:00:00Z,0,2,True,0,1,0.555355,0.518189,0.049555,0.55,False,0,,,False,0,
Serie A,2025/26,26,2026-02-20T19:45:00+00:00,SerieA|2025|252,Lecce,Inter,2026-02-21T17:00:00Z,0,2,True,0,2,0.807491,0.811173,0.004909,0.55,True,1,2,0.811173,True,1,1
Serie A,2025/26,26,2026-02-20T19:45:00+00:00,SerieA|2025|253,Cagliari,Lazio,2026-02-21T19:45:00Z,0,0,True,0,U2.5,0.613598,0.613598,0.0,0.6,True,1,U2.5,0.613598,True,1,1
Serie A,2025/26,26,2026-02-20T19:45:00+00:00,SerieA|2025|254,Genoa,Torino,2026-02-22T11:30:00Z,3,0,True,0,U2.5,0.525838,0.525838,0.0,0.6,False,0,,,False,0,
Serie A,2025/26,26,2026-02-20T19:45:00+00:00,SerieA|2025|255,Atalanta,Napoli,2026-02-22T14:00:00Z,2,1,True,0,GG,0.546292,0.546292,0.0,0.6,False,1,,,False,0,
Serie A,2025/26,26,2026-02-20T19:45:00+00:00,SerieA|2025|256,Milan,Parma,2026-02-22T17:00:00Z,0,1,True,0,1,0.8659,0.792775,0.0975,0.55,True,0,1,0.792775,True,1,0
Serie A,2025/26,26,2026-02-20T19:45:00+00:00,SerieA|2025|257,Roma,Cremonese,2026-02-22T19:45:00Z,3,0,True,0,1,0.733637,0.770884,0.049663,0.55,True,1,1,0.770884,True,1,1
Serie A,2025/26,26,2026-02-20T19:45:00+00:00,SerieA|2025|258,Fiorentina,Pisa,2026-02-23T17:30:00Z,1,0,True,0,1,0.767095,0.623399,0.191595,0.55,True,1,1,0.623399,True,1,1
Serie A,2025/26,26,2026-02-20T19:45:00+00:00,SerieA|2025|259,Bologna,Udinese,2026-02-23T19:45:00Z,1,0,True,0,U2.5,0.552545,0.552545,0.0,0.6,False,1,,,False,0,
Serie A,2025/26,27,2026-02-27T19:45:00+00:00,SerieA|2025|260,Parma,Cagliari,2026-02-27T19:45:00Z,1,1,True,0,U2.5,0.60018,0.60018,0.0,0.6,True,1,U2.5,0.60018,True,1,1
Serie A,2025/26,27,2026-02-27T19:45:00+00:00,SerieA|2025|261,Como,Lecce,2026-02-28T14:00:00Z,3,1,True,0,1,0.682893,0.732698,0.066407,0.55,True,1,1,0.732698,True,1,1
Serie A,2025/26,27,2026-02-27T19:45:00+00:00,SerieA|2025|262,Verona,Napoli,2026-02-28T17:00:00Z,1,2,True,0,2,0.653861,0.736015,0.109539,0.55,True,1,2,0.736015,True,2,1
Serie A,2025/26,27,2026-02-27T19:45:00+00:00,SerieA|2025|263,Inter,Genoa,2026-02-28T19:45:00Z,2,0,True,0,1,0.886345,0.860286,0.034745,0.55,True,1,1,0.860286,True,1,1
Serie A,2025/26,27,2026-02-27T19:45:00+00:00,SerieA|2025|264,Cremonese,Milan,2026-03-01T11:30:00Z,0,2,True,0,2,0.838405,0.725676,0.150305,0.55,True,1,2,0.725676,True,1,1
Serie A,2025/26,27,2026-02-27T19:45:00+00:00,SerieA|2025|265,Sassuolo,Atalanta,2026-03-01T14:00:00Z,2,1,True,0,2,0.66186,0.585465,0.10186,0.55,True,0,2,0.585465,True,1,0
Serie A,2025/26,27,2026-02-27T19:45:00+00:00,SerieA|2025|266,Torino,Lazio,2026-03-01T17:00:00Z,2,0,True,0,U2.5,0.580959,0.580959,0.0,0.6,False,1,,,False,0,
Serie A,2025/26,27,2026-02-27T19:45:00+00:00,SerieA|2025|267,Roma,Juventus,2026-03-01T19:45:00Z,3,3,True,0,U2.5,0.592601,0.592601,0.0,0.6,False,0,,,False,0,
Serie A,2025/26,27,2026-02-27T19:45:00+00:00,SerieA|2025|268,Pisa,Bologna,2026-03-02T17:30:00Z,0,1,True,0,2,0.538843,0.489161,0.066243,0.55,False,1,,,False,0,
Serie A,2025/26,27,2026-02-27T19:45:00+00:00,SerieA|2025|269,Udinese,Fiorentina,2026-03-02T19:45:00Z,3,0,True,0,GG,0.54373,0.54373,0.0,0.6,False,0,,,False,0,
Serie A,2025/26,28,2026-03-06T19:45:00+00:00,SerieA|2025|270,Napoli,Torino,2026-03-06T19:45:00Z,2,1,True,0,1,0.663946,0.726087,0.082854,0.55,True,1,1,0.726087,True,1,1
Serie A,2025/26,28,2026-03-06T19:45:00+00:00,SerieA|2025|271,Cagliari,Como,2026-03-07T14:00:00Z,1,2,True,0,2,0.562077,0.557744,0.005777,0.55,True,1,2,0.557744,True,1,1
Serie A,2025/26,28,2026-03-06T19:45:00+00:00,SerieA|2025|272,Atalanta,Udinese,2026-03-07T17:00:00Z,2,2,True,0,1,0.658593,0.681473,0.030507,0.55,True,0,1,0.681473,True,1,0
Serie A,2025/26,28,2026-03-06T19:45:00+00:00,SerieA|2025|273,Juventus,Pisa,2026-03-07T19:45:00Z,4,0,True,0,1,0.863501,0.81085,0.070201,0.55,True,1,1,0.81085,True,1,1
Serie A,2025/26,28,2026-03-06T19:45:00+00:00,SerieA|2025|274,Lecce,Cremonese,2026-03-08T11:30:00Z,2,1,True,0,U2.5,0.587566,0.587566,0.0,0.6,False,0,,,False,0,
Serie A,2025/26,28,2026-03-06T19:45:00+00:00,SerieA|2025|275,Bologna,Verona,2026-03-08T14:00:00Z,1,2,True,0,U2.5,0.615221,0.615221,0.0,0.6,True,0,1,0.690951,True,2,0
Serie A,2025/26,28,2026-03-06T19:45:00+00:00,SerieA|2025|276,Fiorentina,Parma,2026-03-08T14:00:00Z,0,0,True,0,1,0.548753,0.472513,0.101653,0.55,False,0,,,False,0,
Serie A,2025/26,28,2026-03-06T19:45:00+00:00,SerieA|2025|277,Genoa,Roma,2026-03-08T17:00:00Z,2,1,True,0,2,0.628688,0.560672,0.090688,0.55,True,0,2,0.560672,True,1,0
Serie A,2025/26,28,2026-03-06T19:45:00+00:00,SerieA|2025|278,Milan,Inter,2026-03-08T19:45:00Z,1,0,True,0,GG,0.53097,0.53097,0.0,0.6,False,0,,,False,0,
Serie A,2025/26,28,2026-03-06T19:45:00+00:00,SerieA|2025|279,Lazio,Sassuolo,2026-03-09T19:45:00Z,2,1,True,0,U2.5,0.588944,0.588944,0.0,0.6,False,0,,,False,0,
Serie A,2025/26,29,2026-03-13T19:45:00+00:00,SerieA|2025|280,Torino,Parma,2026-03-13T19:45:00Z,4,1,True,0,U2.5,0.56668,0.56668,0.0,0.6,False,0,,,False,0,
Serie A,2025/26,29,2026-03-13T19:45:00+00:00,SerieA|2025|281,Inter,Atalanta,2026-03-14T14:00:00Z,1,1,True,0,1,0.703606,0.655452,0.064206,0.55,True,0,1,0.655452,True,2,0
Serie A,2025/26,29,2026-03-13T19:45:00+00:00,SerieA|2025|282,Napoli,Lecce,2026-03-14T17:00:00Z,2,1,True,0,1,0.755826,0.791882,0.048074,0.55,True,1,1,0.791882,True,1,1
Serie A,2025/26,29,2026-03-13T19:45:00+00:00,SerieA|2025|283,Udinese,Juventus,2026-03-14T19:45:00Z,0,1,True,0,2,0.679581,0.574895,0.139581,0.55,True,1,2,0.574895,True,1,1
Serie A,2025/26,29,2026-03-13T19:45:00+00:00,SerieA|2025|284,Verona,Genoa,2026-03-15T11:30:00Z,0,2,True,0,U2.5,0.605575,0.605575,0.0,0.6,True,1,U2.5,0.605575,True,1,1
Serie A,2025/26,29,2026-03-13T19:45:00+00:00,SerieA|2025|285,Pisa,Cagliari,2026-03-15T14:00:00Z,3,1,True,0,U2.5,0.580788,0.580788,0.0,0.6,False,0,,,False,0,
Serie A,2025/26,29,2026-03-13T19:45:00+00:00,SerieA|2025|286,Sassuolo,Bologna,2026-03-15T14:00:00Z,0,1,True,0,U2.5,0.546197,0.546197,0.0,0.6,False,1,,,False,0,
Serie A,2025/26,29,2026-03-13T19:45:00+00:00,SerieA|2025|287,Como,Roma,2026-03-15T17:00:00Z,2,1,True,0,U2.5,0.549338,0.549338,0.0,0.6,False,0,,,False,0,
Serie A,2025/26,29,2026-03-13T19:45:00+00:00,SerieA|2025|288,Lazio,Milan,2026-03-15T19:45:00Z,1,0,True,0,2,0.583852,0.537913,0.061252,0.55,False,0,,,False,0,
Serie A,2025/26,29,2026-03-13T19:45:00+00:00,SerieA|2025|289,Cremonese,Fiorentina,2026-03-16T19:45:00Z,1,4,True,0,2,0.635494,0.483698,0.202394,0.55,False,1,,,False,0,
Serie A,2025/26,30,2026-03-20T17:30:00+00:00,SerieA|2025|290,Cagliari,Napoli,2026-03-20T17:30:00Z,0,1,True,0,2,0.711838,0.67311,0.051638,0.55,True,1,2,0.67311,True,1,1
Serie A,2025/26,30,2026-03-20T17:30:00+00:00,SerieA|2025|291,Genoa,Udinese,2026-03-20T19:45:00Z,0,2,True,0,U2.5,0.552411,0.552411,0.0,0.6,False,1,,,False,0,
Serie A,2025/26,30,2026-03-20T17:30:00+00:00,SerieA|2025|292,Parma,Cremonese,2026-03-21T14:00:00Z,0,2,True,0,U2.5,0.563729,0.563729,0.0,0.6,False,1,,,False,0,
Serie A,2025/26,30,2026-03-20T17:30:00+00:00,SerieA|2025|293,Milan,Torino,2026-03-21T17:00:00Z,3,2,True,0,1,0.664895,0.720474,0.074105,0.55,True,1,1,0.720474,True,1,1
Serie A,2025/26,30,2026-03-20T17:30:00+00:00,SerieA|2025|294,Juventus,Sassuolo,2026-03-21T19:45:00Z,1,1,True,0,1,0.708424,0.714481,0.008076,0.55,True,0,1,0.714481,True,1,0
Serie A,2025/26,30,2026-03-20T17:30:00+00:00,SerieA|2025|295,Como,Pisa,2026-03-22T11:30:00Z,5,0,True,0,1,0.835339,0.79841,0.049239,0.55,True,1,1,0.79841,True,1,1
Serie A,2025/26,30,2026-03-20T17:30:00+00:00,SerieA|2025|296,Atalanta,Verona,2026-03-22T14:00:00Z,1,0,True,0,1,0.789635,0.828534,0.051865,0.55,True,1,1,0.828534,True,1,1
Serie A,2025/26,30,2026-03-20T17:30:00+00:00,SerieA|2025|297,Bologna,Lazio,2026-03-22T14:00:00Z,0,2,True,0,U2.5,0.611368,0.611368,0.0,0.6,True,1,U2.5,0.611368,True,1,1
Serie A,2025/26,30,2026-03-20T17:30:00+00:00,SerieA|2025|298,Roma,Lecce,2026-03-22T17:00:00Z,1,0,True,0,1,0.773682,0.755396,0.024382,0.55,True,1,1,0.755396,True,1,1
Serie A,2025/26,30,2026-03-20T17:30:00+00:00,SerieA|2025|299,Fiorentina,Inter,2026-03-22T19:45:00Z,1,1,True,0,2,0.673603,0.672326,0.001703,0.55,True,0,2,0.672326,True,1,0
Serie A,2025/26,31,2026-04-04T14:00:00+00:00,SerieA|2025|300,Sassuolo,Cagliari,2026-04-04T14:00:00Z,2,1,True,0,1,0.592589,0.521497,0.094789,0.55,False,1,,,False,0,
Serie A,2025/26,31,2026-04-04T14:00:00+00:00,SerieA|2025|301,Verona,Fiorentina,2026-04-04T17:00:00Z,0,1,True,0,U2.5,0.573654,0.573654,0.0,0.6,False,1,,,False,0,
Serie A,2025/26,31,2026-04-04T14:00:00+00:00,SerieA|2025|302,Lazio,Parma,2026-04-04T19:45:00Z,1,1,True,0,U2.5,0.618455,0.618455,0.0,0.6,True,1,U2.5,0.618455,True,2,1
Serie A,2025/26,31,2026-04-04T14:00:00+00:00,SerieA|2025|303,Cremonese,Bologna,2026-04-05T14:00:00Z,1,2,True,0,2,0.602853,0.492338,0.147353,0.55,False,1,,,False,0,
Serie A,2025/26,31,2026-04-04T14:00:00+00:00,SerieA|2025|304,Pisa,Torino,2026-04-05T17:00:00Z,0,1,True,0,2,0.62206,0.447265,0.23306,0.55,False,1,,,False,0,
Serie A,2025/26,31,2026-04-04T14:00:00+00:00,SerieA|2025|305,Inter,Roma,2026-04-05T19:45:00Z,5,2,True,0,1,0.67002,0.63288,0.04952,0.55,True,1,1,0.63288,True,1,1
Serie A,2025/26,31,2026-04-04T14:00:00+00:00,SerieA|2025|306,Udinese,Como,2026-04-06T11:30:00Z,0,0,True,0,U2.5,0.534284,0.534284,0.0,0.6,False,1,,,False,0,
Serie A,2025/26,31,2026-04-04T14:00:00+00:00,SerieA|2025|307,Lecce,Atalanta,2026-04-06T14:00:00Z,0,3,True,0,2,0.764357,0.659689,0.139557,0.55,True,1,2,0.659689,True,1,1
Serie A,2025/26,31,2026-04-04T14:00:00+00:00,SerieA|2025|308,Juventus,Genoa,2026-04-06T17:00:00Z,2,0,True,0,1,0.685013,0.676378,0.011513,0.55,True,1,1,0.676378,True,1,1
Serie A,2025/26,31,2026-04-04T14:00:00+00:00,SerieA|2025|309,Napoli,Milan,2026-04-06T19:45:00Z,1,0,True,0,U2.5,0.559305,0.559305,0.0,0.6,False,1,,,False,0,
Serie A,2025/26,32,2026-04-10T19:45:00+00:00,SerieA|2025|310,Roma,Pisa,2026-04-10T19:45:00Z,3,0,True,0,1,0.815601,0.784775,0.041101,0.55,True,1,1,0.784775,True,1,1
Serie A,2025/26,32,2026-04-10T19:45:00+00:00,SerieA|2025|311,Cagliari,Cremonese,2026-04-11T14:00:00Z,1,0,True,0,U2.5,0.566554,0.566554,0.0,0.6,False,1,,,False,0,
Serie A,2025/26,32,2026-04-10T19:45:00+00:00,SerieA|2025|312,Torino,Verona,2026-04-11T14:00:00Z,2,1,True,0,1,0.625065,0.634691,0.012835,0.55,True,1,1,0.634691,True,2,1
Serie A,2025/26,32,2026-04-10T19:45:00+00:00,SerieA|2025|313,Milan,Udinese,2026-04-11T17:00:00Z,0,3,True,0,1,0.625057,0.684414,0.079143,0.55,True,0,1,0.684414,True,1,0
Serie A,2025/26,32,2026-04-10T19:45:00+00:00,SerieA|2025|314,Atalanta,Juventus,2026-04-11T19:45:00Z,0,1,True,0,GG,0.579055,0.579055,0.0,0.6,False,0,,,False,0,
Serie A,2025/26,32,2026-04-10T19:45:00+00:00,SerieA|2025|315,Genoa,Sassuolo,2026-04-12T11:30:00Z,2,1,True,0,U2.5,0.53415,0.53415,0.0,0.6,False,0,,,False,0,
Serie A,2025/26,32,2026-04-10T19:45:00+00:00,SerieA|2025|316,Parma,Napoli,2026-04-12T14:00:00Z,1,1,True,0,2,0.752787,0.672997,0.106387,0.55,True,0,2,0.672997,True,2,0
Serie A,2025/26,32,2026-04-10T19:45:00+00:00,SerieA|2025|317,Bologna,Lecce,2026-04-12T17:00:00Z,2,0,True,0,1,0.644515,0.618329,0.034915,0.55,True,1,1,0.618329,True,1,1
Serie A,2025/26,32,2026-04-10T19:45:00+00:00,SerieA|2025|318,Como,Inter,2026-04-12T19:45:00Z,3,4,True,0,2,0.604216,0.494479,0.146316,0.55,False,1,,,False,0,
Serie A,2025/26,32,2026-04-10T19:45:00+00:00,SerieA|2025|319,Fiorentina,Lazio,2026-04-13T19:45:00Z,1,0,True,0,U2.5,0.557669,0.557669,0.0,0.6,False,1,,,False,0,
Serie A,2025/26,33,2026-04-17T17:30:00+00:00,SerieA|2025|320,Sassuolo,Como,2026-04-17T17:30:00Z,2,1,True,0,2,0.672696,0.570699,0.135996,0.55,True,0,2,0.570699,True,1,0
Serie A,2025/26,33,2026-04-17T17:30:00+00:00,SerieA|2025|321,Inter,Cagliari,2026-04-17T19:45:00Z,3,0,True,0,1,0.904624,0.883681,0.027924,0.55,True,1,1,0.883681,True,1,1
Serie A,2025/26,33,2026-04-17T17:30:00+00:00,SerieA|2025|322,Udinese,Parma,2026-04-18T14:00:00Z,0,1,True,0,1,0.639435,0.553834,0.114135,0.55,True,0,U2.5,0.606374,True,2,1
Serie A,2025/26,33,2026-04-17T17:30:00+00:00,SerieA|2025|323,Napoli,Lazio,2026-04-18T17:00:00Z,0,2,True,0,U2.5,0.624722,0.624722,0.0,0.6,True,1,U2.5,0.624722,True,2,1
Serie A,2025/26,33,2026-04-17T17:30:00+00:00,SerieA|2025|324,Roma,Atalanta,2026-04-18T19:45:00Z,1,1,True,0,GG,0.566179,0.566179,0.0,0.6,False,1,,,False,0,
Serie A,2025/26,33,2026-04-17T17:30:00+00:00,SerieA|2025|325,Cremonese,Torino,2026-04-19T11:30:00Z,0,0,True,0,2,0.65659,0.489272,0.22309,0.55,False,0,,,False,0,
Serie A,2025/26,33,2026-04-17T17:30:00+00:00,SerieA|2025|326,Verona,Milan,2026-04-19T14:00:00Z,0,1,True,0,U2.5,0.589865,0.589865,0.0,0.6,False,1,2,0.70455,True,1,1
Serie A,2025/26,33,2026-04-17T17:30:00+00:00,SerieA|2025|327,Pisa,Genoa,2026-04-19T17:00:00Z,1,2,True,0,2,0.564398,0.465924,0.131298,0.55,False,1,,,False,0,
Serie A,2025/26,33,2026-04-17T17:30:00+00:00,SerieA|2025|328,Juventus,Bologna,2026-04-19T19:45:00Z,2,0,True,0,1,0.667248,0.638562,0.038248,0.55,True,1,1,0.638562,True,1,1
Serie A,2025/26,33,2026-04-17T17:30:00+00:00,SerieA|2025|329,Lecce,Fiorentina,2026-04-20T19:45:00Z,1,1,True,0,2,0.690439,0.533885,0.208739,0.55,False,0,,,False,0,
Serie A,2025/26,34,2026-04-24T19:45:00+00:00,SerieA|2025|330,Napoli,Cremonese,2026-04-24T19:45:00Z,4,0,True,0,1,0.742067,0.805767,0.084933,0.55,True,1,1,0.805767,True,1,1
Serie A,2025/26,34,2026-04-24T19:45:00+00:00,SerieA|2025|331,Parma,Pisa,2026-04-25T14:00:00Z,1,0,True,0,U2.5,0.584539,0.584539,0.0,0.6,False,1,,,False,0,
Serie A,2025/26,34,2026-04-24T19:45:00+00:00,SerieA|2025|332,Bologna,Roma,2026-04-25T17:00:00Z,0,2,True,0,U2.5,0.558334,0.558334,0.0,0.6,False,1,,,False,0,
Serie A,2025/26,34,2026-04-24T19:45:00+00:00,SerieA|2025|333,Verona,Lecce,2026-04-25T19:45:00Z,0,0,True,0,U2.5,0.650244,0.650244,0.0,0.6,True,1,U2.5,0.650244,True,1,1
Serie A,2025/26,34,2026-04-24T19:45:00+00:00,SerieA|2025|334,Fiorentina,Sassuolo,2026-04-26T11:30:00Z,0,0,True,0,1,0.644922,0.529331,0.154122,0.55,False,0,,,False,0,
Serie A,2025/26,34,2026-04-24T19:45:00+00:00,SerieA|2025|335,Genoa,Como,2026-04-26T14:00:00Z,0,2,True,0,U2.5,0.525977,0.525977,0.0,0.6,False,1,,,False,0,
Serie A,2025/26,34,2026-04-24T19:45:00+00:00,SerieA|2025|336,Torino,Inter,2026-04-26T17:00:00Z,2,2,True,0,2,0.628345,0.705186,0.102455,0.55,True,0,2,0.705186,True,1,0
Serie A,2025/26,34,2026-04-24T19:45:00+00:00,SerieA|2025|337,Milan,Juventus,2026-04-26T19:45:00Z,0,0,True,0,GG,0.528062,0.528062,0.0,0.6,False,0,,,False,0,
Serie A,2025/26,34,2026-04-24T19:45:00+00:00,SerieA|2025|338,Cagliari,Atalanta,2026-04-27T17:30:00Z,3,2,True,0,2,0.710091,0.635248,0.099791,0.55,True,0,2,0.635248,True,1,0
Serie A,2025/26,34,2026-04-24T19:45:00+00:00,SerieA|2025|339,Lazio,Udinese,2026-04-27T19:45:00Z,3,3,True,0,U2.5,0.593965,0.593965,0.0,0.6,False,0,,,False,0,
Serie A,2025/26,35,2026-05-01T19:45:00+00:00,SerieA|2025|340,Pisa,Lecce,2026-05-01T19:45:00Z,1,2,True,0,U2.5,0.569893,0.569893,0.0,0.6,False,0,,,False,0,
Serie A,2025/26,35,2026-05-01T19:45:00+00:00,SerieA|2025|341,Udinese,Torino,2026-05-02T14:00:00Z,2,0,True,0,U2.5,0.526126,0.526126,0.0,0.6,False,1,,,False,0,
Serie A,2025/26,35,2026-05-01T19:45:00+00:00,SerieA|2025|342,Como,Napoli,2026-05-02T17:00:00Z,0,0,True,0,U2.5,0.570215,0.570215,0.0,0.6,False,1,,,False,0,
Serie A,2025/26,35,2026-05-01T19:45:00+00:00,SerieA|2025|343,Atalanta,Genoa,2026-05-02T19:45:00Z,0,0,True,0,1,0.770203,0.669176,0.134703,0.55,True,0,1,0.669176,True,1,0
Serie A,2025/26,35,2026-05-01T19:45:00+00:00,SerieA|2025|344,Bologna,Cagliari,2026-05-03T11:30:00Z,0,0,True,0,1,0.571443,0.547036,0.032543,0.55,False,0,,,False,0,
Serie A,2025/26,35,2026-05-01T19:45:00+00:00,SerieA|2025|345,Sassuolo,Milan,2026-05-03T14:00:00Z,2,0,True,0,2,0.537024,0.520881,0.021524,0.55,False,0,,,False,0,
Serie A,2025/26,35,2026-05-01T19:45:00+00:00,SerieA|2025|346,Juventus,Verona,2026-05-03T17:00:00Z,1,1,True,0,1,0.666756,0.820014,0.204344,0.55,True,0,1,0.820014,True,1,0
Serie A,2025/26,35,2026-05-01T19:45:00+00:00,SerieA|2025|347,Inter,Parma,2026-05-03T19:45:00Z,2,0,True,0,1,0.828666,0.845342,0.022234,0.55,True,1,1,0.845342,True,1,1
Serie A,2025/26,35,2026-05-01T19:45:00+00:00,SerieA|2025|348,Cremonese,Lazio,2026-05-04T17:30:00Z,1,2,True,0,2,0.710765,0.599041,0.148965,0.55,True,1,2,0.599041,True,1,1
Serie A,2025/26,35,2026-05-01T19:45:00+00:00,SerieA|2025|349,Roma,Fiorentina,2026-05-04T19:45:00Z,4,0,True,0,1,0.549917,0.587104,0.049583,0.55,True,1,1,0.587104,True,1,1
Serie A,2025/26,36,2026-05-08T19:45:00+00:00,SerieA|2025|350,Torino,Sassuolo,2026-05-08T19:45:00Z,2,1,True,0,U2.5,0.522047,0.522047,0.0,0.6,False,0,,,False,0,
Serie A,2025/26,36,2026-05-08T19:45:00+00:00,SerieA|2025|351,Cagliari,Udinese,2026-05-09T14:00:00Z,0,2,True,0,U2.5,0.57633,0.57633,0.0,0.6,False,1,,,False,0,
Serie A,2025/26,36,2026-05-08T19:45:00+00:00,SerieA|2025|352,Lazio,Inter,2026-05-09T17:00:00Z,0,3,True,0,2,0.57557,0.581518,0.00793,0.55,True,1,2,0.581518,True,1,1
Serie A,2025/26,36,2026-05-08T19:45:00+00:00,SerieA|2025|353,Lecce,Juventus,2026-05-09T19:45:00Z,0,1,True,0,2,0.768661,0.69339,0.100361,0.55,True,1,2,0.69339,True,1,1
Serie A,2025/26,36,2026-05-08T19:45:00+00:00,SerieA|2025|354,Verona,Como,2026-05-10T11:30:00Z,0,1,True,0,U2.5,0.612915,0.612915,0.0,0.6,True,1,U2.5,0.612915,True,1,1
Serie A,2025/26,36,2026-05-08T19:45:00+00:00,SerieA|2025|355,Cremonese,Pisa,2026-05-10T14:00:00Z,3,0,True,0,U2.5,0.531869,0.531869,0.0,0.6,False,0,,,False,0,
Serie A,2025/26,36,2026-05-08T19:45:00+00:00,SerieA|2025|356,Fiorentina,Genoa,2026-05-10T14:00:00Z,0,0,True,0,GG,0.534461,0.534461,0.0,0.6,False,0,,,False,0,
Serie A,2025/26,36,2026-05-08T19:45:00+00:00,SerieA|2025|357,Parma,Roma,2026-05-10T17:00:00Z,2,3,True,0,2,0.626669,0.567142,0.079369,0.55,True,1,2,0.567142,True,1,1
Serie A,2025/26,36,2026-05-08T19:45:00+00:00,SerieA|2025|358,Milan,Atalanta,2026-05-10T19:45:00Z,2,3,True,0,GG,0.567919,0.567919,0.0,0.6,False,1,,,False,0,
Serie A,2025/26,36,2026-05-08T19:45:00+00:00,SerieA|2025|359,Napoli,Bologna,2026-05-11T19:45:00Z,2,3,True,0,U2.5,0.569986,0.569986,0.0,0.6,False,0,1,0.628483,True,1,0
Serie A,2025/26,37,2026-05-17T11:00:00+00:00,SerieA|2025|360,Como,Parma,2026-05-17T11:00:00Z,1,0,True,0,1,0.709301,0.6988,0.014001,0.55,True,1,1,0.6988,True,1,1
Serie A,2025/26,37,2026-05-17T11:00:00+00:00,SerieA|2025|361,Genoa,Milan,2026-05-17T11:00:00Z,1,2,True,0,U2.5,0.540307,0.540307,0.0,0.6,False,0,,,False,0,
Serie A,2025/26,37,2026-05-17T11:00:00+00:00,SerieA|2025|362,Juventus,Fiorentina,2026-05-17T11:00:00Z,0,2,True,0,1,0.59079,0.646747,0.07461,0.55,True,0,1,0.646747,True,1,0
Serie A,2025/26,37,2026-05-17T11:00:00+00:00,SerieA|2025|363,Pisa,Napoli,2026-05-17T11:00:00Z,0,3,True,0,2,0.768114,0.745604,0.030014,0.55,True,1,2,0.745604,True,1,1
Serie A,2025/26,37,2026-05-17T11:00:00+00:00,SerieA|2025|364,Roma,Lazio,2026-05-17T11:00:00Z,2,0,True,0,1,0.636425,0.582931,0.071325,0.55,True,1,1,0.582931,True,1,1
Serie A,2025/26,37,2026-05-17T11:00:00+00:00,SerieA|2025|365,Inter,Verona,2026-05-17T14:00:00Z,1,1,True,0,1,0.809926,0.880631,0.094274,0.55,True,0,1,0.880631,True,1,0
Serie A,2025/26,37,2026-05-17T11:00:00+00:00,SerieA|2025|366,Atalanta,Bologna,2026-05-17T17:00:00Z,0,1,True,0,GG,0.548021,0.548021,0.0,0.6,False,0,1,0.569351,True,1,0
Serie A,2025/26,37,2026-05-17T11:00:00+00:00,SerieA|2025|367,Cagliari,Torino,2026-05-17T19:45:00Z,2,1,True,0,U2.5,0.541833,0.541833,0.0,0.6,False,0,,,False,0,
Serie A,2025/26,37,2026-05-17T11:00:00+00:00,SerieA|2025|368,Sassuolo,Lecce,2026-05-17T19:45:00Z,2,3,True,0,U2.5,0.565884,0.565884,0.0,0.6,False,0,,,False,0,
Serie A,2025/26,37,2026-05-17T11:00:00+00:00,SerieA|2025|369,Udinese,Cremonese,2026-05-17T19:45:00Z,0,1,True,0,1,0.717558,0.669589,0.063958,0.55,True,0,1,0.669589,True,1,0
Serie A,2025/26,38,2026-05-22T19:45:00+00:00,SerieA|2025|370,Fiorentina,Atalanta,2026-05-22T19:45:00Z,1,1,True,0,GG,0.586537,0.586537,0.0,0.6,False,1,,,False,0,
Serie A,2025/26,38,2026-05-22T19:45:00+00:00,SerieA|2025|371,Bologna,Inter,2026-05-23T17:00:00Z,3,3,True,0,2,0.722635,0.658634,0.085335,0.55,True,0,2,0.658634,True,1,0
Serie A,2025/26,38,2026-05-22T19:45:00+00:00,SerieA|2025|372,Lazio,Pisa,2026-05-23T19:45:00Z,2,1,True,0,1,0.721995,0.744949,0.030605,0.55,True,1,1,0.744949,True,1,1
Serie A,2025/26,38,2026-05-22T19:45:00+00:00,SerieA|2025|373,Parma,Sassuolo,2026-05-24T14:00:00Z,1,0,True,0,U2.5,0.577851,0.577851,0.0,0.6,False,1,,,False,0,
Serie A,2025/26,38,2026-05-22T19:45:00+00:00,SerieA|2025|374,Napoli,Udinese,2026-05-24T17:00:00Z,1,0,True,0,1,0.62356,0.62719,0.00484,0.55,True,1,1,0.62719,True,1,1
Serie A,2025/26,38,2026-05-22T19:45:00+00:00,SerieA|2025|375,Cremonese,Como,2026-05-24T19:45:00Z,1,4,True,0,2,0.581539,0.62861,0.062761,0.55,True,1,2,0.62861,True,1,1
Serie A,2025/26,38,2026-05-22T19:45:00+00:00,SerieA|2025|376,Lecce,Genoa,2026-05-24T19:45:00Z,1,0,True,0,U2.5,0.583698,0.583698,0.0,0.6,False,1,,,False,0,
Serie A,2025/26,38,2026-05-22T19:45:00+00:00,SerieA|2025|377,Milan,Cagliari,2026-05-24T19:45:00Z,1,2,True,0,1,0.731513,0.712303,0.025613,0.55,True,0,1,0.712303,True,1,0
Serie A,2025/26,38,2026-05-22T19:45:00+00:00,SerieA|2025|378,Torino,Juventus,2026-05-24T19:45:00Z,2,2,True,0,2,0.642238,0.558359,0.111838,0.55,True,0,2,0.558359,True,1,0
Serie A,2025/26,38,2026-05-22T19:45:00+00:00,SerieA|2025|379,Verona,Roma,2026-05-24T19:45:00Z,0,2,True,0,U2.5,0.621613,0.621613,0.0,0.6,True,1,2,0.719864,True,2,1
Premier League,2024/25,1,2024-08-16T20:00:00+00:00,Premier|2024|0,Man United,Fulham,2024-08-16T20:00:00Z,1,0,True,0,1,0.582768,0.535092,0.063568,0.55,False,1,,,False,0,
Premier League,2024/25,1,2024-08-16T20:00:00+00:00,Premier|2024|1,Ipswich,Liverpool,2024-08-17T12:30:00Z,0,2,True,1,2,0.65741,0.563877,0.12471,0.55,True,1,GG,0.616586,True,3,0
Premier League,2024/25,1,2024-08-16T20:00:00+00:00,Premier|2024|2,Arsenal,Wolves,2024-08-17T15:00:00Z,2,0,True,0,1,0.934636,0.872284,0.083136,0.55,True,1,1,0.872284,True,2,1
Premier League,2024/25,1,2024-08-16T20:00:00+00:00,Premier|2024|3,Everton,Brighton,2024-08-17T15:00:00Z,0,3,True,0,U2.5,0.54754,0.54754,0.0,0.6,False,0,,,False,0,
Premier League,2024/25,1,2024-08-16T20:00:00+00:00,Premier|2024|4,Newcastle,Southampton,2024-08-17T15:00:00Z,1,0,True,0,1,0.890239,0.80516,0.113439,0.55,True,1,1,0.80516,True,2,1
Premier League,2024/25,1,2024-08-16T20:00:00+00:00,Premier|2024|5,Nott'm Forest,Bournemouth,2024-08-17T15:00:00Z,1,1,True,0,GG,0.556578,0.556578,0.0,0.6,False,1,,,False,0,
Premier League,2024/25,1,2024-08-16T20:00:00+00:00,Premier|2024|6,West Ham,Aston Villa,2024-08-17T17:30:00Z,1,2,True,0,GG,0.603135,0.603135,0.0,0.6,True,1,GG,0.603135,True,1,1
Premier League,2024/25,1,2024-08-16T20:00:00+00:00,Premier|2024|7,Brentford,Crystal Palace,2024-08-18T14:00:00Z,2,1,True,0,GG,0.523599,0.523599,0.0,0.6,False,1,,,False,0,
Premier League,2024/25,1,2024-08-16T20:00:00+00:00,Premier|2024|8,Chelsea,Man City,2024-08-18T16:30:00Z,0,2,True,0,2,0.610074,0.583169,0.035874,0.55,True,1,2,0.583169,True,1,1
Premier League,2024/25,1,2024-08-16T20:00:00+00:00,Premier|2024|9,Leicester,Tottenham,2024-08-19T20:00:00Z,1,1,True,0,GG,0.680541,0.680541,0.0,0.6,True,1,GG,0.680541,True,2,1
Premier League,2024/25,2,2024-08-24T12:30:00+00:00,Premier|2024|10,Brighton,Man United,2024-08-24T12:30:00Z,2,1,True,0,GG,0.572241,0.572241,0.0,0.6,False,1,,,False,0,
Premier League,2024/25,2,2024-08-24T12:30:00+00:00,Premier|2024|11,Crystal Palace,West Ham,2024-08-24T15:00:00Z,0,2,True,0,GG,0.656058,0.656058,0.0,0.6,True,0,GG,0.656058,True,3,0
Premier League,2024/25,2,2024-08-24T12:30:00+00:00,Premier|2024|12,Fulham,Leicester,2024-08-24T15:00:00Z,2,1,True,0,GG,0.581519,0.581519,0.0,0.6,False,1,,,False,0,
Premier League,2024/25,2,2024-08-24T12:30:00+00:00,Premier|2024|13,Man City,Ipswich,2024-08-24T15:00:00Z,4,1,True,0,1,0.775592,0.834548,0.078608,0.55,True,1,1,0.834548,True,2,1
Premier League,2024/25,2,2024-08-24T12:30:00+00:00,Premier|2024|14,Southampton,Nott'm Forest,2024-08-24T15:00:00Z,0,1,True,0,O2.5,0.587689,0.587689,0.0,0.6,False,0,,,False,0,
Premier League,2024/25,2,2024-08-24T12:30:00+00:00,Premier|2024|15,Tottenham,Everton,2024-08-24T15:00:00Z,4,0,True,0,GG,0.566053,0.566053,0.0,0.6,False,0,1,0.554776,True,1,1
Premier League,2024/25,2,2024-08-24T12:30:00+00:00,Premier|2024|16,Aston Villa,Arsenal,2024-08-24T17:30:00Z,0,2,True,0,GG,0.648853,0.648853,0.0,0.6,True,0,GG,0.648853,True,2,0
Premier League,2024/25,2,2024-08-24T12:30:00+00:00,Premier|2024|17,Bournemouth,Newcastle,2024-08-25T14:00:00Z,1,1,True,0,O2.5,0.587689,0.587689,0.0,0.6,False,0,,,False,0,
Premier League,2024/25,2,2024-08-24T12:30:00+00:00,Premier|2024|18,Wolves,Chelsea,2024-08-25T14:00:00Z,2,6,True,0,2,0.587601,0.5048,0.110401,0.55,False,1,,,False,0,
Premier League,2024/25,2,2024-08-24T12:30:00+00:00,Premier|2024|19,Liverpool,Brentford,2024-08-25T16:30:00Z,2,0,True,0,1,0.730071,0.734818,0.006329,0.55,True,1,1,0.734818,True,3,1
Premier League,2024/25,3,2024-08-31T12:30:00+00:00,Premier|2024|20,Arsenal,Brighton,2024-08-31T12:30:00Z,1,1,True,0,GG,0.561547,0.561547,0.0,0.6,False,1,1,0.72309,True,1,0
Premier League,2024/25,3,2024-08-31T12:30:00+00:00,Premier|2024|21,Brentford,Southampton,2024-08-31T15:00:00Z,3,1,True,0,GG,0.574945,0.574945,0.0,0.6,False,1,1,0.606299,True,1,1
Premier League,2024/25,3,2024-08-31T12:30:00+00:00,Premier|2024|22,Everton,Bournemouth,2024-08-31T15:00:00Z,2,3,True,0,GG,0.609903,0.609903,0.0,0.6,True,1,GG,0.609903,True,1,1
Premier League,2024/25,3,2024-08-31T12:30:00+00:00,Premier|2024|23,Ipswich,Fulham,2024-08-31T15:00:00Z,1,1,True,0,GG,0.601184,0.601184,0.0,0.6,True,1,GG,0.601184,True,1,1
Premier League,2024/25,3,2024-08-31T12:30:00+00:00,Premier|2024|24,Leicester,Aston Villa,2024-08-31T15:00:00Z,1,2,True,0,GG,0.622347,0.622347,0.0,0.6,True,1,GG,0.622347,True,2,1
Premier League,2024/25,3,2024-08-31T12:30:00+00:00,Premier|2024|25,Nott'm Forest,Wolves,2024-08-31T15:00:00Z,1,1,True,0,1,0.723292,0.527173,0.261492,0.55,False,0,O2.5,0.605063,True,2,0
Premier League,2024/25,3,2024-08-31T12:30:00+00:00,Premier|2024|26,West Ham,Man City,2024-08-31T17:30:00Z,1,3,True,0,GG,0.636095,0.636095,0.0,0.6,True,1,2,0.712393,True,3,1
Premier League,2024/25,3,2024-08-31T12:30:00+00:00,Premier|2024|27,Chelsea,Crystal Palace,2024-09-01T13:30:00Z,1,1,True,0,GG,0.595248,0.595248,0.0,0.6,False,1,,,False,0,
Premier League,2024/25,3,2024-08-31T12:30:00+00:00,Premier|2024|28,Newcastle,Tottenham,2024-09-01T13:30:00Z,2,1,True,0,GG,0.601442,0.601442,0.0,0.6,True,1,GG,0.601442,True,1,1
Premier League,2024/25,3,2024-08-31T12:30:00+00:00,Premier|2024|29,Man United,Liverpool,2024-09-01T16:00:00Z,0,3,True,0,GG,0.608433,0.608433,0.0,0.6,True,0,GG,0.608433,True,1,0
Premier League,2024/25,4,2024-09-14T12:30:00+00:00,Premier|2024|30,Southampton,Man United,2024-09-14T12:30:00Z,0,3,True,0,GG,0.614132,0.614132,0.0,0.6,True,0,GG,0.614132,True,2,0
Premier League,2024/25,4,2024-09-14T12:30:00+00:00,Premier|2024|31,Brighton,Ipswich,2024-09-14T15:00:00Z,0,0,True,0,1,0.765651,0.551263,0.285851,0.55,False,0,O2.5,0.608448,True,1,0
Premier League,2024/25,4,2024-09-14T12:30:00+00:00,Premier|2024|32,Crystal Palace,Leicester,2024-09-14T15:00:00Z,2,2,True,0,GG,0.548911,0.548911,0.0,0.6,False,1,1,0.575772,True,1,0
Premier League,2024/25,4,2024-09-14T12:30:00+00:00,Premier|2024|33,Fulham,West Ham,2024-09-14T15:00:00Z,1,1,True,0,GG,0.591902,0.591902,0.0,0.6,False,1,,,False,0,
Premier League,2024/25,4,2024-09-14T12:30:00+00:00,Premier|2024|34,Liverpool,Nott'm Forest,2024-09-14T15:00:00Z,0,1,True,0,1,0.660242,0.779985,0.159658,0.55,True,0,1,0.779985,True,1,0
Premier League,2024/25,4,2024-09-14T12:30:00+00:00,Premier|2024|35,Man City,Brentford,2024-09-14T15:00:00Z,2,1,True,0,1,0.779124,0.840006,0.081176,0.55,True,1,1,0.840006,True,3,1
Premier League,2024/25,4,2024-09-14T12:30:00+00:00,Premier|2024|36,Aston Villa,Everton,2024-09-14T17:30:00Z,3,2,True,0,1,0.656935,0.646934,0.013335,0.55,True,1,O2.5,0.649721,True,3,1
Premier League,2024/25,4,2024-09-14T12:30:00+00:00,Premier|2024|37,Bournemouth,Chelsea,2024-09-14T20:00:00Z,0,1,True,0,GG,0.657674,0.657674,0.0,0.6,True,0,GG,0.657674,True,2,0
Premier League,2024/25,4,2024-09-14T12:30:00+00:00,Premier|2024|38,Tottenham,Arsenal,2024-09-15T14:00:00Z,0,1,True,0,GG,0.568617,0.568617,0.0,0.6,False,0,,,False,0,
Premier League,2024/25,4,2024-09-14T12:30:00+00:00,Premier|2024|39,Wolves,Newcastle,2024-09-15T16:30:00Z,1,2,True,0,GG,0.585326,0.585326,0.0,0.6,False,1,,,False,0,
Premier League,2024/25,5,2024-09-21T12:30:00+00:00,Premier|2024|40,West Ham,Chelsea,2024-09-21T12:30:00Z,0,3,True,0,2,0.680106,0.498527,0.242106,0.55,False,1,GG,0.641568,True,2,0
Premier League,2024/25,5,2024-09-21T12:30:00+00:00,Premier|2024|41,Aston Villa,Wolves,2024-09-21T15:00:00Z,3,1,True,0,O2.5,0.617282,0.617282,0.0,0.6,True,1,1,0.669531,True,3,1
Premier League,2024/25,5,2024-09-21T12:30:00+00:00,Premier|2024|42,Fulham,Newcastle,2024-09-21T15:00:00Z,3,1,True,0,GG,0.552064,0.552064,0.0,0.6,False,1,,,False,0,
Premier League,2024/25,5,2024-09-21T12:30:00+00:00,Premier|2024|43,Leicester,Everton,2024-09-21T15:00:00Z,1,1,True,0,GG,0.613358,0.613358,0.0,0.6,True,1,GG,0.613358,True,2,1
Premier League,2024/25,5,2024-09-21T12:30:00+00:00,Premier|2024|44,Liverpool,Bournemouth,2024-09-21T15:00:00Z,3,0,True,0,1,0.739047,0.743287,0.005653,0.55,True,1,1,0.743287,True,3,1
Premier League,2024/25,5,2024-09-21T12:30:00+00:00,Premier|2024|45,Southampton,Ipswich,2024-09-21T15:00:00Z,1,1,True,0,O2.5,0.598044,0.598044,0.0,0.6,False,0,,,False,0,
Premier League,2024/25,5,2024-09-21T12:30:00+00:00,Premier|2024|46,Tottenham,Brentford,2024-09-21T15:00:00Z,3,1,True,0,1,0.703127,0.563982,0.185527,0.55,True,1,1,0.563982,True,1,1
Premier League,2024/25,5,2024-09-21T12:30:00+00:00,Premier|2024|47,Crystal Palace,Man United,2024-09-21T17:30:00Z,0,0,True,0,GG,0.624666,0.624666,0.0,0.6,True,0,GG,0.624666,True,2,0
Premier League,2024/25,5,2024-09-21T12:30:00+00:00,Premier|2024|48,Brighton,Nott'm Forest,2024-09-22T14:00:00Z,2,2,True,0,GG,0.544315,0.544315,0.0,0.6,False,1,,,False,0,
Premier League,2024/25,5,2024-09-21T12:30:00+00:00,Premier|2024|49,Man City,Arsenal,2024-09-22T16:30:00Z,2,2,True,0,GG,0.548147,0.548147,0.0,0.6,False,1,,,False,0,
Premier League,2024/25,6,2024-09-28T12:30:00+00:00,Premier|2024|50,Newcastle,Man City,2024-09-28T12:30:00Z,1,1,True,0,2,0.599399,0.604875,0.007301,0.55,True,0,2,0.604875,True,1,0
Premier League,2024/25,6,2024-09-28T12:30:00+00:00,Premier|2024|51,Arsenal,Leicester,2024-09-28T15:00:00Z,4,2,True,0,1,0.730886,0.834921,0.138714,0.55,True,1,1,0.834921,True,1,1
Premier League,2024/25,6,2024-09-28T12:30:00+00:00,Premier|2024|52,Brentford,West Ham,2024-09-28T15:00:00Z,1,1,True,0,O2.5,0.655672,0.655672,0.0,0.6,True,0,O2.5,0.655672,True,2,0
Premier League,2024/25,6,2024-09-28T12:30:00+00:00,Premier|2024|53,Chelsea,Brighton,2024-09-28T15:00:00Z,4,2,True,0,GG,0.5632,0.5632,0.0,0.6,False,1,1,0.563133,True,1,1
Premier League,2024/25,6,2024-09-28T12:30:00+00:00,Premier|2024|54,Everton,Crystal Palace,2024-09-28T15:00:00Z,2,1,True,0,GG,0.627082,0.627082,0.0,0.6,True,1,GG,0.627082,True,2,1
Premier League,2024/25,6,2024-09-28T12:30:00+00:00,Premier|2024|55,Nott'm Forest,Fulham,2024-09-28T15:00:00Z,0,1,True,0,GG,0.524719,0.524719,0.0,0.6,False,0,,,False,0,
Premier League,2024/25,6,2024-09-28T12:30:00+00:00,Premier|2024|56,Wolves,Liverpool,2024-09-28T17:30:00Z,1,2,True,0,2,0.747131,0.711108,0.048031,0.55,True,1,2,0.711108,True,1,1
Premier League,2024/25,6,2024-09-28T12:30:00+00:00,Premier|2024|57,Ipswich,Aston Villa,2024-09-29T14:00:00Z,2,2,True,0,2,0.761578,0.513345,0.330978,0.55,False,0,O2.5,0.600215,True,1,1
Premier League,2024/25,6,2024-09-28T12:30:00+00:00,Premier|2024|58,Man United,Tottenham,2024-09-29T16:30:00Z,0,3,True,0,GG,0.598114,0.598114,0.0,0.6,False,0,,,False,0,
Premier League,2024/25,6,2024-09-28T12:30:00+00:00,Premier|2024|59,Bournemouth,Southampton,2024-09-30T20:00:00Z,3,1,True,0,O2.5,0.695645,0.695645,0.0,0.6,True,1,O2.5,0.695645,True,3,1
Premier League,2024/25,7,2024-10-05T12:30:00+00:00,Premier|2024|60,Crystal Palace,Liverpool,2024-10-05T12:30:00Z,0,1,True,0,2,0.665828,0.592157,0.098228,0.55,True,1,2,0.592157,True,1,1
Premier League,2024/25,7,2024-10-05T12:30:00+00:00,Premier|2024|61,Arsenal,Southampton,2024-10-05T15:00:00Z,3,1,True,0,1,0.875972,0.895643,0.026228,0.55,True,1,1,0.895643,True,3,1
Premier League,2024/25,7,2024-10-05T12:30:00+00:00,Premier|2024|62,Brentford,Wolves,2024-10-05T15:00:00Z,5,3,True,0,GG,0.561729,0.561729,0.0,0.6,False,1,,,False,0,
Premier League,2024/25,7,2024-10-05T12:30:00+00:00,Premier|2024|63,Leicester,Bournemouth,2024-10-05T15:00:00Z,1,0,True,0,O2.5,0.630921,0.630921,0.0,0.6,True,0,O2.5,0.630921,True,2,0
Premier League,2024/25,7,2024-10-05T12:30:00+00:00,Premier|2024|64,Man City,Fulham,2024-10-05T15:00:00Z,3,2,True,0,1,0.568687,0.758822,0.253513,0.55,False,1,,,False,0,
Premier League,2024/25,7,2024-10-05T12:30:00+00:00,Premier|2024|65,West Ham,Ipswich,2024-10-05T15:00:00Z,4,1,True,0,GG,0.582622,0.582622,0.0,0.6,False,1,,,False,0,
Premier League,2024/25,7,2024-10-05T12:30:00+00:00,Premier|2024|66,Everton,Newcastle,2024-10-05T17:30:00Z,0,0,True,0,GG,0.598088,0.598088,0.0,0.6,False,0,,,False,0,
Premier League,2024/25,7,2024-10-05T12:30:00+00:00,Premier|2024|67,Aston Villa,Man United,2024-10-06T14:00:00Z,0,0,True,0,1,0.676469,0.559267,0.156269,0.55,True,0,O2.5,0.675727,True,3,0
Premier League,2024/25,7,2024-10-05T12:30:00+00:00,Premier|2024|68,Chelsea,Nott'm Forest,2024-10-06T14:00:00Z,1,1,True,0,1,0.636868,0.673492,0.048832,0.55,True,0,1,0.673492,True,1,0
Premier League,2024/25,7,2024-10-05T12:30:00+00:00,Premier|2024|69,Brighton,Tottenham,2024-10-06T16:30:00Z,3,2,True,0,2,0.63984,0.45051,0.25244,0.55,False,0,GG,0.607914,True,1,1
Premier League,2024/25,8,2024-10-19T12:30:00+00:00,Premier|2024|70,Tottenham,West Ham,2024-10-19T12:30:00Z,4,1,True,0,1,0.811569,0.614342,0.262969,0.55,False,1,O2.5,0.661754,True,2,1
Premier League,2024/25,8,2024-10-19T12:30:00+00:00,Premier|2024|71,Fulham,Aston Villa,2024-10-19T15:00:00Z,1,3,True,0,GG,0.543478,0.543478,0.0,0.6,False,1,,,False,0,
Premier League,2024/25,8,2024-10-19T12:30:00+00:00,Premier|2024|72,Ipswich,Everton,2024-10-19T15:00:00Z,0,2,True,0,GG,0.594205,0.594205,0.0,0.6,False,0,,,False,0,
Premier League,2024/25,8,2024-10-19T12:30:00+00:00,Premier|2024|73,Man United,Brentford,2024-10-19T15:00:00Z,2,1,True,0,GG,0.63209,0.63209,0.0,0.6,True,1,GG,0.63209,True,2,1
Premier League,2024/25,8,2024-10-19T12:30:00+00:00,Premier|2024|74,Newcastle,Brighton,2024-10-19T15:00:00Z,0,1,True,0,GG,0.585471,0.585471,0.0,0.6,False,0,,,False,0,
Premier League,2024/25,8,2024-10-19T12:30:00+00:00,Premier|2024|75,Southampton,Leicester,2024-10-19T15:00:00Z,2,3,True,0,O2.5,0.636896,0.636896,0.0,0.6,True,1,O2.5,0.636896,True,2,1
Premier League,2024/25,8,2024-10-19T12:30:00+00:00,Premier|2024|76,Bournemouth,Arsenal,2024-10-19T17:30:00Z,2,0,True,0,2,0.63587,0.687043,0.06823,0.55,True,0,2,0.687043,True,3,0
Premier League,2024/25,8,2024-10-19T12:30:00+00:00,Premier|2024|77,Wolves,Man City,2024-10-20T14:00:00Z,1,2,True,0,2,0.729788,0.819347,0.119412,0.55,True,1,2,0.819347,True,1,1
Premier League,2024/25,8,2024-10-19T12:30:00+00:00,Premier|2024|78,Liverpool,Chelsea,2024-10-20T16:30:00Z,2,1,True,0,GG,0.566716,0.566716,0.0,0.6,False,1,1,0.561631,True,1,1
Premier League,2024/25,8,2024-10-19T12:30:00+00:00,Premier|2024|79,Nott'm Forest,Crystal Palace,2024-10-21T20:00:00Z,1,0,True,0,GG,0.526476,0.526476,0.0,0.6,False,0,,,False,0,
Premier League,2024/25,9,2024-10-25T20:00:00+00:00,Premier|2024|80,Leicester,Nott'm Forest,2024-10-25T20:00:00Z,1,3,True,0,GG,0.571651,0.571651,0.0,0.6,False,1,,,False,0,
Premier League,2024/25,9,2024-10-25T20:00:00+00:00,Premier|2024|81,Aston Villa,Bournemouth,2024-10-26T15:00:00Z,1,1,True,0,GG,0.598901,0.598901,0.0,0.6,False,1,1,0.582318,True,1,0
Premier League,2024/25,9,2024-10-25T20:00:00+00:00,Premier|2024|82,Brentford,Ipswich,2024-10-26T15:00:00Z,4,3,True,0,1,0.762474,0.541318,0.294874,0.55,False,1,O2.5,0.622708,True,1,1
Premier League,2024/25,9,2024-10-25T20:00:00+00:00,Premier|2024|83,Brighton,Wolves,2024-10-26T15:00:00Z,2,2,True,0,1,0.686273,0.650668,0.047473,0.55,True,0,1,0.650668,True,1,0
Premier League,2024/25,9,2024-10-25T20:00:00+00:00,Premier|2024|84,Man City,Southampton,2024-10-26T15:00:00Z,1,0,True,0,1,0.871621,0.90288,0.041679,0.55,True,1,1,0.90288,True,2,1
Premier League,2024/25,9,2024-10-25T20:00:00+00:00,Premier|2024|85,Everton,Fulham,2024-10-26T17:30:00Z,1,1,True,0,GG,0.555606,0.555606,0.0,0.6,False,1,,,False,0,
Premier League,2024/25,9,2024-10-25T20:00:00+00:00,Premier|2024|86,Chelsea,Newcastle,2024-10-27T14:00:00Z,2,1,True,0,1,0.665226,0.533056,0.176226,0.55,False,1,O2.5,0.609003,True,1,1
Premier League,2024/25,9,2024-10-25T20:00:00+00:00,Premier|2024|87,Crystal Palace,Tottenham,2024-10-27T14:00:00Z,1,0,True,0,2,0.614783,0.464721,0.200083,0.55,False,0,,,False,0,
Premier League,2024/25,9,2024-10-25T20:00:00+00:00,Premier|2024|88,West Ham,Man United,2024-10-27T14:00:00Z,2,1,True,0,GG,0.6284,0.6284,0.0,0.6,True,1,GG,0.6284,True,2,1
Premier League,2024/25,9,2024-10-25T20:00:00+00:00,Premier|2024|89,Arsenal,Liverpool,2024-10-27T16:30:00Z,2,2,True,0,GG,0.596284,0.596284,0.0,0.6,False,1,,,False,0,
Premier League,2024/25,10,2024-11-02T12:30:00+00:00,Premier|2024|90,Newcastle,Arsenal,2024-11-02T12:30:00Z,1,0,True,0,GG,0.60515,0.60515,0.0,0.6,True,0,GG,0.60515,True,1,0
Premier League,2024/25,10,2024-11-02T12:30:00+00:00,Premier|2024|91,Bournemouth,Man City,2024-11-02T15:00:00Z,2,1,True,0,GG,0.580191,0.580191,0.0,0.6,False,1,2,0.678664,True,1,0
Premier League,2024/25,10,2024-11-02T12:30:00+00:00,Premier|2024|92,Ipswich,Leicester,2024-11-02T15:00:00Z,1,1,True,0,GG,0.644335,0.644335,0.0,0.6,True,1,GG,0.644335,True,2,1
Premier League,2024/25,10,2024-11-02T12:30:00+00:00,Premier|2024|93,Liverpool,Brighton,2024-11-02T15:00:00Z,2,1,True,0,1,0.770816,0.729479,0.055116,0.55,True,1,1,0.729479,True,1,1
Premier League,2024/25,10,2024-11-02T12:30:00+00:00,Premier|2024|94,Nott'm Forest,West Ham,2024-11-02T15:00:00Z,3,0,True,0,GG,0.580094,0.580094,0.0,0.6,False,0,,,False,0,
Premier League,2024/25,10,2024-11-02T12:30:00+00:00,Premier|2024|95,Southampton,Everton,2024-11-02T15:00:00Z,1,0,True,0,GG,0.620583,0.620583,0.0,0.6,True,0,GG,0.620583,True,2,0
Premier League,2024/25,10,2024-11-02T12:30:00+00:00,Premier|2024|96,Wolves,Crystal Palace,2024-11-02T17:30:00Z,2,2,True,0,GG,0.531539,0.531539,0.0,0.6,False,1,,,False,0,
Premier League,2024/25,10,2024-11-02T12:30:00+00:00,Premier|2024|97,Tottenham,Aston Villa,2024-11-03T14:00:00Z,4,1,True,0,GG,0.553705,0.553705,0.0,0.6,False,1,,,False,0,
Premier League,2024/25,10,2024-11-02T12:30:00+00:00,Premier|2024|98,Man United,Chelsea,2024-11-03T16:30:00Z,1,1,True,0,GG,0.647402,0.647402,0.0,0.6,True,1,GG,0.647402,True,2,1
Premier League,2024/25,10,2024-11-02T12:30:00+00:00,Premier|2024|99,Fulham,Brentford,2024-11-04T20:00:00Z,2,1,True,0,O2.5,0.598449,0.598449,0.0,0.6,False,1,,,False,0,
Premier League,2024/25,11,2024-11-09T15:00:00+00:00,Premier|2024|100,Brentford,Bournemouth,2024-11-09T15:00:00Z,3,2,True,0,GG,0.632647,0.632647,0.0,0.6,True,1,GG,0.632647,True,2,1
Premier League,2024/25,11,2024-11-09T15:00:00+00:00,Premier|2024|101,Crystal Palace,Fulham,2024-11-09T15:00:00Z,0,2,True,0,GG,0.536152,0.536152,0.0,0.6,False,0,,,False,0,
Premier League,2024/25,11,2024-11-09T15:00:00+00:00,Premier|2024|102,West Ham,Everton,2024-11-09T15:00:00Z,0,0,True,0,GG,0.594722,0.594722,0.0,0.6,False,0,,,False,0,
Premier League,2024/25,11,2024-11-09T15:00:00+00:00,Premier|2024|103,Wolves,Southampton,2024-11-09T15:00:00Z,2,0,True,0,1,0.62382,0.570405,0.07122,0.55,True,1,GG,0.606382,True,2,0
Premier League,2024/25,11,2024-11-09T15:00:00+00:00,Premier|2024|104,Brighton,Man City,2024-11-09T17:30:00Z,2,1,True,0,GG,0.591592,0.591592,0.0,0.6,False,1,2,0.639838,True,1,0
Premier League,2024/25,11,2024-11-09T15:00:00+00:00,Premier|2024|105,Liverpool,Aston Villa,2024-11-09T20:00:00Z,2,0,True,0,1,0.718295,0.658974,0.079095,0.55,True,1,1,0.658974,True,1,1
Premier League,2024/25,11,2024-11-09T15:00:00+00:00,Premier|2024|106,Man United,Leicester,2024-11-10T14:00:00Z,3,0,True,0,1,0.685315,0.620504,0.086415,0.55,True,1,O2.5,0.68327,True,3,1
Premier League,2024/25,11,2024-11-09T15:00:00+00:00,Premier|2024|107,Nott'm Forest,Newcastle,2024-11-10T14:00:00Z,1,3,True,0,1,0.533245,0.390861,0.189845,0.55,False,0,,,False,0,
Premier League,2024/25,11,2024-11-09T15:00:00+00:00,Premier|2024|108,Tottenham,Ipswich,2024-11-10T14:00:00Z,1,2,True,0,1,0.917871,0.714418,0.271271,0.55,False,0,O2.5,0.696731,True,1,1
Premier League,2024/25,11,2024-11-09T15:00:00+00:00,Premier|2024|109,Chelsea,Arsenal,2024-11-10T16:30:00Z,1,1,True,0,GG,0.611563,0.611563,0.0,0.6,True,1,GG,0.611563,True,1,1
Premier League,2024/25,12,2024-11-23T12:30:00+00:00,Premier|2024|110,Leicester,Chelsea,2024-11-23T12:30:00Z,1,2,True,0,2,0.649988,0.595322,0.072888,0.55,True,1,GG,0.619434,True,3,1
Premier League,2024/25,12,2024-11-23T12:30:00+00:00,Premier|2024|111,Arsenal,Nott'm Forest,2024-11-23T15:00:00Z,3,0,True,0,GG,0.533742,0.533742,0.0,0.6,False,0,,,False,0,
Premier League,2024/25,12,2024-11-23T12:30:00+00:00,Premier|2024|112,Aston Villa,Crystal Palace,2024-11-23T15:00:00Z,2,2,True,0,O2.5,0.59225,0.59225,0.0,0.6,False,1,1,0.553269,True,1,0
Premier League,2024/25,12,2024-11-23T12:30:00+00:00,Premier|2024|113,Bournemouth,Brighton,2024-11-23T15:00:00Z,1,2,True,0,GG,0.622225,0.622225,0.0,0.6,True,1,GG,0.622225,True,2,1
Premier League,2024/25,12,2024-11-23T12:30:00+00:00,Premier|2024|114,Everton,Brentford,2024-11-23T15:00:00Z,0,0,True,0,GG,0.583013,0.583013,0.0,0.6,False,0,,,False,0,
Premier League,2024/25,12,2024-11-23T12:30:00+00:00,Premier|2024|115,Fulham,Wolves,2024-11-23T15:00:00Z,1,4,True,0,1,0.697461,0.638765,0.078261,0.55,True,0,1,0.638765,True,1,0
Premier League,2024/25,12,2024-11-23T12:30:00+00:00,Premier|2024|116,Man City,Tottenham,2024-11-23T17:30:00Z,0,4,True,0,GG,0.62017,0.62017,0.0,0.6,True,0,1,0.680922,True,3,0
Premier League,2024/25,12,2024-11-23T12:30:00+00:00,Premier|2024|117,Southampton,Liverpool,2024-11-24T14:00:00Z,2,3,True,0,2,0.841124,0.851831,0.014276,0.55,True,1,2,0.851831,True,1,1
Premier League,2024/25,12,2024-11-23T12:30:00+00:00,Premier|2024|118,Ipswich,Man United,2024-11-24T16:30:00Z,1,1,True,0,2,0.663002,0.4662,0.262402,0.55,False,0,GG,0.639383,True,2,1
Premier League,2024/25,12,2024-11-23T12:30:00+00:00,Premier|2024|119,Newcastle,West Ham,2024-11-25T20:00:00Z,0,2,True,0,GG,0.589706,0.589706,0.0,0.6,False,0,1,0.598618,True,1,0
Premier League,2024/25,13,2024-11-29T20:00:00+00:00,Premier|2024|120,Brighton,Southampton,2024-11-29T20:00:00Z,1,1,True,0,1,0.787686,0.788371,0.000914,0.55,True,0,1,0.788371,True,3,0
Premier League,2024/25,13,2024-11-29T20:00:00+00:00,Premier|2024|121,Brentford,Leicester,2024-11-30T15:00:00Z,4,1,True,0,1,0.751787,0.605022,0.195687,0.55,True,1,O2.5,0.649658,True,3,1
Premier League,2024/25,13,2024-11-29T20:00:00+00:00,Premier|2024|122,Crystal Palace,Newcastle,2024-11-30T15:00:00Z,1,1,True,0,GG,0.571303,0.571303,0.0,0.6,False,1,,,False,0,
Premier League,2024/25,13,2024-11-29T20:00:00+00:00,Premier|2024|123,Nott'm Forest,Ipswich,2024-11-30T15:00:00Z,1,0,True,0,1,0.772188,0.540672,0.308688,0.55,False,1,,,False,0,
Premier League,2024/25,13,2024-11-29T20:00:00+00:00,Premier|2024|124,Wolves,Bournemouth,2024-11-30T15:00:00Z,2,4,True,0,GG,0.56284,0.56284,0.0,0.6,False,1,,,False,0,
Premier League,2024/25,13,2024-11-29T20:00:00+00:00,Premier|2024|125,West Ham,Arsenal,2024-11-30T17:30:00Z,2,5,True,0,GG,0.586028,0.586028,0.0,0.6,False,1,2,0.592988,True,1,1
Premier League,2024/25,13,2024-11-29T20:00:00+00:00,Premier|2024|126,Chelsea,Aston Villa,2024-12-01T13:30:00Z,3,0,True,0,GG,0.627855,0.627855,0.0,0.6,True,0,GG,0.627855,True,2,0
Premier League,2024/25,13,2024-11-29T20:00:00+00:00,Premier|2024|127,Man United,Everton,2024-12-01T13:30:00Z,4,0,True,0,1,0.600875,0.564369,0.048675,0.55,True,1,1,0.564369,True,1,1
Premier League,2024/25,13,2024-11-29T20:00:00+00:00,Premier|2024|128,Tottenham,Fulham,2024-12-01T13:30:00Z,1,1,True,0,1,0.681404,0.597851,0.111404,0.55,True,0,1,0.597851,True,1,0
Premier League,2024/25,13,2024-11-29T20:00:00+00:00,Premier|2024|129,Liverpool,Man City,2024-12-01T16:00:00Z,2,0,True,0,1,0.755159,0.50574,0.332559,0.55,False,1,O2.5,0.62297,True,2,0
Premier League,2024/25,14,2024-12-03T19:30:00+00:00,Premier|2024|130,Ipswich,Crystal Palace,2024-12-03T19:30:00Z,0,1,True,0,GG,0.611486,0.611486,0.0,0.6,True,0,GG,0.611486,True,1,0
Premier League,2024/25,14,2024-12-03T19:30:00+00:00,Premier|2024|131,Leicester,West Ham,2024-12-03T20:15:00Z,3,1,True,0,GG,0.630927,0.630927,0.0,0.6,True,1,GG,0.630927,True,2,1
Premier League,2024/25,14,2024-12-03T19:30:00+00:00,Premier|2024|132,Everton,Wolves,2024-12-04T19:30:00Z,4,0,True,0,U2.5,0.529778,0.529778,0.0,0.6,False,0,,,False,0,
Premier League,2024/25,14,2024-12-03T19:30:00+00:00,Premier|2024|133,Man City,Nott'm Forest,2024-12-04T19:30:00Z,3,0,True,0,GG,0.574664,0.574664,0.0,0.6,False,0,,,False,0,
Premier League,2024/25,14,2024-12-03T19:30:00+00:00,Premier|2024|134,Newcastle,Liverpool,2024-12-04T19:30:00Z,3,3,True,0,2,0.628743,0.556711,0.096043,0.55,True,0,2,0.556711,True,1,0
Premier League,2024/25,14,2024-12-03T19:30:00+00:00,Premier|2024|135,Southampton,Chelsea,2024-12-04T19:30:00Z,1,5,True,0,2,0.70986,0.73704,0.03624,0.55,True,1,2,0.73704,True,3,1
Premier League,2024/25,14,2024-12-03T19:30:00+00:00,Premier|2024|136,Arsenal,Man United,2024-12-04T20:15:00Z,2,0,True,0,O2.5,0.60645,0.60645,0.0,0.6,True,0,1,0.67207,True,2,1
Premier League,2024/25,14,2024-12-03T19:30:00+00:00,Premier|2024|137,Aston Villa,Brentford,2024-12-04T20:15:00Z,3,1,True,0,O2.5,0.624649,0.624649,0.0,0.6,True,1,O2.5,0.624649,True,2,1
Premier League,2024/25,14,2024-12-03T19:30:00+00:00,Premier|2024|138,Fulham,Brighton,2024-12-05T19:30:00Z,3,1,True,0,GG,0.548294,0.548294,0.0,0.6,False,1,,,False,0,
Premier League,2024/25,14,2024-12-03T19:30:00+00:00,Premier|2024|139,Bournemouth,Tottenham,2024-12-05T20:15:00Z,1,0,True,0,GG,0.632134,0.632134,0.0,0.6,True,0,GG,0.632134,True,2,0
Premier League,2024/25,15,2024-12-07T15:00:00+00:00,Premier|2024|140,Aston Villa,Southampton,2024-12-07T15:00:00Z,1,0,True,0,1,0.757978,0.793544,0.047422,0.55,True,1,1,0.793544,True,3,1
Premier League,2024/25,15,2024-12-07T15:00:00+00:00,Premier|2024|141,Brentford,Newcastle,2024-12-07T15:00:00Z,4,2,True,0,GG,0.581199,0.581199,0.0,0.6,False,1,,,False,0,
Premier League,2024/25,15,2024-12-07T15:00:00+00:00,Premier|2024|142,Crystal Palace,Man City,2024-12-07T15:00:00Z,2,2,True,0,GG,0.627541,0.627541,0.0,0.6,True,1,GG,0.627541,True,3,1
Premier League,2024/25,15,2024-12-07T15:00:00+00:00,Premier|2024|143,Man United,Nott'm Forest,2024-12-07T17:30:00Z,2,3,True,0,1,0.640591,0.551648,0.118591,0.55,True,0,1,0.551648,True,1,0
Premier League,2024/25,15,2024-12-07T15:00:00+00:00,Premier|2024|144,Fulham,Arsenal,2024-12-08T14:00:00Z,1,1,True,0,GG,0.531184,0.531184,0.0,0.6,False,1,,,False,0,
Premier League,2024/25,15,2024-12-07T15:00:00+00:00,Premier|2024|145,Ipswich,Bournemouth,2024-12-08T14:00:00Z,1,2,True,0,O2.5,0.618273,0.618273,0.0,0.6,True,1,O2.5,0.618273,True,2,1
Premier League,2024/25,15,2024-12-07T15:00:00+00:00,Premier|2024|146,Leicester,Brighton,2024-12-08T14:00:00Z,2,2,True,0,GG,0.608557,0.608557,0.0,0.6,True,1,GG,0.608557,True,1,1
Premier League,2024/25,15,2024-12-07T15:00:00+00:00,Premier|2024|147,Tottenham,Chelsea,2024-12-08T16:30:00Z,3,4,True,0,GG,0.65223,0.65223,0.0,0.6,True,1,GG,0.65223,True,2,1
Premier League,2024/25,15,2024-12-07T15:00:00+00:00,Premier|2024|148,West Ham,Wolves,2024-12-09T20:00:00Z,2,1,True,0,GG,0.573,0.573,0.0,0.6,False,1,,,False,0,
Premier League,2024/25,16,2024-12-14T15:00:00+00:00,Premier|2024|149,Arsenal,Everton,2024-12-14T15:00:00Z,0,0,True,0,1,0.758051,0.803163,0.060149,0.55,True,0,1,0.803163,True,1,0
Premier League,2024/25,16,2024-12-14T15:00:00+00:00,Premier|2024|150,Liverpool,Fulham,2024-12-14T15:00:00Z,2,2,True,0,1,0.681251,0.724863,0.058149,0.55,True,0,1,0.724863,True,1,0
Premier League,2024/25,16,2024-12-14T15:00:00+00:00,Premier|2024|151,Newcastle,Leicester,2024-12-14T15:00:00Z,4,0,True,0,1,0.720452,0.659588,0.081152,0.55,True,1,1,0.659588,True,1,1
Premier League,2024/25,16,2024-12-14T15:00:00+00:00,Premier|2024|152,Wolves,Ipswich,2024-12-14T15:00:00Z,1,2,True,0,GG,0.552332,0.552332,0.0,0.6,False,1,,,False,0,
Premier League,2024/25,16,2024-12-14T15:00:00+00:00,Premier|2024|153,Nott'm Forest,Aston Villa,2024-12-14T17:30:00Z,2,1,True,0,GG,0.541634,0.541634,0.0,0.6,False,1,,,False,0,
Premier League,2024/25,16,2024-12-14T15:00:00+00:00,Premier|2024|154,Brighton,Crystal Palace,2024-12-15T14:00:00Z,1,3,True,0,GG,0.558623,0.558623,0.0,0.6,False,1,,,False,0,
Premier League,2024/25,16,2024-12-14T15:00:00+00:00,Premier|2024|155,Man City,Man United,2024-12-15T16:30:00Z,1,2,True,0,O2.5,0.634513,0.634513,0.0,0.6,True,1,O2.5,0.634513,True,2,1
Premier League,2024/25,16,2024-12-14T15:00:00+00:00,Premier|2024|156,Chelsea,Brentford,2024-12-15T19:00:00Z,2,1,True,0,1,0.747422,0.674881,0.096722,0.55,True,1,O2.5,0.693596,True,3,1
Premier League,2024/25,16,2024-12-14T15:00:00+00:00,Premier|2024|157,Southampton,Tottenham,2024-12-15T19:00:00Z,0,5,True,0,2,0.78601,0.699602,0.11521,0.55,True,1,2,0.699602,True,3,1
Premier League,2024/25,16,2024-12-14T15:00:00+00:00,Premier|2024|158,Bournemouth,West Ham,2024-12-16T20:00:00Z,1,1,True,0,1,0.759827,0.581532,0.237727,0.55,True,0,O2.5,0.687986,True,3,0
Premier League,2024/25,17,2024-12-21T12:30:00+00:00,Premier|2024|159,Aston Villa,Man City,2024-12-21T12:30:00Z,2,1,True,0,GG,0.635313,0.635313,0.0,0.6,True,1,GG,0.635313,True,2,1
Premier League,2024/25,17,2024-12-21T12:30:00+00:00,Premier|2024|160,Brentford,Nott'm Forest,2024-12-21T15:00:00Z,0,2,True,0,GG,0.556237,0.556237,0.0,0.6,False,0,,,False,0,
Premier League,2024/25,17,2024-12-21T12:30:00+00:00,Premier|2024|161,Ipswich,Newcastle,2024-12-21T15:00:00Z,0,4,True,0,GG,0.586067,0.586067,0.0,0.6,False,0,,,False,0,
Premier League,2024/25,17,2024-12-21T12:30:00+00:00,Premier|2024|162,West Ham,Brighton,2024-12-21T15:00:00Z,1,1,True,0,GG,0.622449,0.622449,0.0,0.6,True,1,GG,0.622449,True,2,1
Premier League,2024/25,17,2024-12-21T12:30:00+00:00,Premier|2024|163,Crystal Palace,Arsenal,2024-12-21T17:30:00Z,1,5,True,0,GG,0.548747,0.548747,0.0,0.6,False,1,2,0.562422,True,1,1
Premier League,2024/25,17,2024-12-21T12:30:00+00:00,Premier|2024|164,Everton,Chelsea,2024-12-22T14:00:00Z,0,0,True,0,2,0.612725,0.562831,0.066525,0.55,True,0,2,0.562831,True,1,0
Premier League,2024/25,17,2024-12-21T12:30:00+00:00,Premier|2024|165,Fulham,Southampton,2024-12-22T14:00:00Z,0,0,True,0,1,0.788226,0.786856,0.001826,0.55,True,0,1,0.786856,True,2,0
Premier League,2024/25,17,2024-12-21T12:30:00+00:00,Premier|2024|166,Leicester,Wolves,2024-12-22T14:00:00Z,0,3,True,0,GG,0.563014,0.563014,0.0,0.6,False,0,,,False,0,
Premier League,2024/25,17,2024-12-21T12:30:00+00:00,Premier|2024|167,Man United,Bournemouth,2024-12-22T14:00:00Z,0,3,True,0,GG,0.617353,0.617353,0.0,0.6,True,0,GG,0.617353,True,1,0
Premier League,2024/25,17,2024-12-21T12:30:00+00:00,Premier|2024|168,Tottenham,Liverpool,2024-12-22T16:30:00Z,3,6,True,0,GG,0.633482,0.633482,0.0,0.6,True,1,GG,0.633482,True,2,1
Premier League,2024/25,18,2024-12-26T12:30:00+00:00,Premier|2024|169,Man City,Everton,2024-12-26T12:30:00Z,1,1,True,0,1,0.570057,0.706889,0.182443,0.55,True,0,1,0.706889,True,1,0
Premier League,2024/25,18,2024-12-26T12:30:00+00:00,Premier|2024|170,Bournemouth,Crystal Palace,2024-12-26T15:00:00Z,0,0,True,0,1,0.713885,0.551821,0.216085,0.55,True,0,O2.5,0.637328,True,3,0
Premier League,2024/25,18,2024-12-26T12:30:00+00:00,Premier|2024|171,Chelsea,Fulham,2024-12-26T15:00:00Z,1,2,True,0,1,0.595043,0.607836,0.017057,0.55,True,0,1,0.607836,True,1,0
Premier League,2024/25,18,2024-12-26T12:30:00+00:00,Premier|2024|172,Newcastle,Aston Villa,2024-12-26T15:00:00Z,3,0,True,0,GG,0.592081,0.592081,0.0,0.6,False,0,,,False,0,
Premier League,2024/25,18,2024-12-26T12:30:00+00:00,Premier|2024|173,Nott'm Forest,Tottenham,2024-12-26T15:00:00Z,1,0,True,0,GG,0.580695,0.580695,0.0,0.6,False,0,,,False,0,
Premier League,2024/25,18,2024-12-26T12:30:00+00:00,Premier|2024|174,Southampton,West Ham,2024-12-26T15:00:00Z,0,1,True,0,GG,0.651587,0.651587,0.0,0.6,True,0,GG,0.651587,True,2,0
Premier League,2024/25,18,2024-12-26T12:30:00+00:00,Premier|2024|175,Wolves,Man United,2024-12-26T17:30:00Z,2,0,True,0,GG,0.534381,0.534381,0.0,0.6,False,0,,,False,0,
Premier League,2024/25,18,2024-12-26T12:30:00+00:00,Premier|2024|176,Liverpool,Leicester,2024-12-26T20:00:00Z,3,1,True,0,1,0.934706,0.892777,0.055906,0.55,True,1,1,0.892777,True,2,1
Premier League,2024/25,18,2024-12-26T12:30:00+00:00,Premier|2024|177,Brighton,Brentford,2024-12-27T19:30:00Z,0,0,True,0,GG,0.601033,0.601033,0.0,0.6,True,0,GG,0.601033,True,1,0
Premier League,2024/25,18,2024-12-26T12:30:00+00:00,Premier|2024|178,Arsenal,Ipswich,2024-12-27T20:15:00Z,1,0,True,0,1,0.93348,0.87492,0.07808,0.55,True,1,1,0.87492,True,2,1
Premier League,2024/25,19,2024-12-29T14:30:00+00:00,Premier|2024|179,Leicester,Man City,2024-12-29T14:30:00Z,0,2,True,0,2,0.773166,0.736892,0.048366,0.55,True,1,2,0.736892,True,3,1
Premier League,2024/25,19,2024-12-29T14:30:00+00:00,Premier|2024|180,Crystal Palace,Southampton,2024-12-29T15:00:00Z,2,1,True,0,1,0.698889,0.736847,0.050611,0.55,True,1,1,0.736847,True,3,1
Premier League,2024/25,19,2024-12-29T14:30:00+00:00,Premier|2024|181,Everton,Nott'm Forest,2024-12-29T15:00:00Z,0,2,True,0,U2.5,0.610951,0.610951,0.0,0.6,True,1,U2.5,0.610951,True,1,1
Premier League,2024/25,19,2024-12-29T14:30:00+00:00,Premier|2024|182,Fulham,Bournemouth,2024-12-29T15:00:00Z,2,2,True,0,GG,0.566225,0.566225,0.0,0.6,False,1,,,False,0,
Premier League,2024/25,19,2024-12-29T14:30:00+00:00,Premier|2024|183,Tottenham,Wolves,2024-12-29T15:00:00Z,2,2,True,0,1,0.709215,0.643804,0.087215,0.55,True,0,1,0.643804,True,1,0
Premier League,2024/25,19,2024-12-29T14:30:00+00:00,Premier|2024|184,West Ham,Liverpool,2024-12-29T17:15:00Z,0,5,True,0,2,0.667458,0.665614,0.002458,0.55,True,1,2,0.665614,True,3,1
Premier League,2024/25,19,2024-12-29T14:30:00+00:00,Premier|2024|185,Aston Villa,Brighton,2024-12-30T19:45:00Z,2,2,True,0,1,0.601522,0.531005,0.094022,0.55,False,0,,,False,0,
Premier League,2024/25,19,2024-12-29T14:30:00+00:00,Premier|2024|186,Ipswich,Chelsea,2024-12-30T19:45:00Z,2,0,True,0,2,0.844519,0.651605,0.257219,0.55,False,0,O2.5,0.675972,True,2,0
Premier League,2024/25,19,2024-12-29T14:30:00+00:00,Premier|2024|187,Man United,Newcastle,2024-12-30T20:00:00Z,0,2,True,0,GG,0.574418,0.574418,0.0,0.6,False,0,,,False,0,
Premier League,2024/25,19,2024-12-29T14:30:00+00:00,Premier|2024|188,Brentford,Arsenal,2025-01-01T17:30:00Z,1,3,True,0,2,0.773976,0.676869,0.129476,0.55,True,1,2,0.676869,True,1,1
Premier League,2024/25,20,2025-01-04T12:30:00+00:00,Premier|2024|189,Tottenham,Newcastle,2025-01-04T12:30:00Z,1,2,True,0,GG,0.642514,0.642514,0.0,0.6,True,1,GG,0.642514,True,2,1
Premier League,2024/25,20,2025-01-04T12:30:00+00:00,Premier|2024|190,Aston Villa,Leicester,2025-01-04T15:00:00Z,2,1,True,0,1,0.73338,0.709845,0.03138,0.55,True,1,1,0.709845,True,2,1
Premier League,2024/25,20,2025-01-04T12:30:00+00:00,Premier|2024|191,Bournemouth,Everton,2025-01-04T15:00:00Z,1,0,True,0,1,0.657897,0.584699,0.097597,0.55,True,1,1,0.584699,True,1,1
Premier League,2024/25,20,2025-01-04T12:30:00+00:00,Premier|2024|192,Crystal Palace,Chelsea,2025-01-04T15:00:00Z,1,1,True,0,GG,0.649841,0.649841,0.0,0.6,True,1,GG,0.649841,True,2,1
Premier League,2024/25,20,2025-01-04T12:30:00+00:00,Premier|2024|193,Man City,West Ham,2025-01-04T15:00:00Z,4,1,True,0,1,0.708283,0.739721,0.041917,0.55,True,1,1,0.739721,True,3,1
Premier League,2024/25,20,2025-01-04T12:30:00+00:00,Premier|2024|194,Southampton,Brentford,2025-01-04T15:00:00Z,0,5,True,0,GG,0.646118,0.646118,0.0,0.6,True,0,GG,0.646118,True,2,0
Premier League,2024/25,20,2025-01-04T12:30:00+00:00,Premier|2024|195,Brighton,Arsenal,2025-01-04T17:30:00Z,1,1,True,0,2,0.703219,0.642155,0.081419,0.55,True,0,2,0.642155,True,1,0
Premier League,2024/25,20,2025-01-04T12:30:00+00:00,Premier|2024|196,Fulham,Ipswich,2025-01-05T14:00:00Z,2,2,True,0,1,0.73018,0.61687,0.15108,0.55,True,0,1,0.61687,True,1,0
Premier League,2024/25,20,2025-01-04T12:30:00+00:00,Premier|2024|197,Liverpool,Man United,2025-01-05T16:30:00Z,2,2,True,0,1,0.821401,0.814275,0.009501,0.55,True,0,1,0.814275,True,2,0
Premier League,2024/25,20,2025-01-04T12:30:00+00:00,Premier|2024|198,Wolves,Nott'm Forest,2025-01-06T20:00:00Z,0,3,True,0,U2.5,0.608121,0.608121,0.0,0.6,True,0,U2.5,0.608121,True,1,0
Premier League,2024/25,21,2025-01-14T19:30:00+00:00,Premier|2024|199,Brentford,Man City,2025-01-14T19:30:00Z,2,2,True,0,GG,0.651841,0.651841,0.0,0.6,True,1,GG,0.651841,True,3,1
Premier League,2024/25,21,2025-01-14T19:30:00+00:00,Premier|2024|200,Chelsea,Bournemouth,2025-01-14T19:30:00Z,2,2,True,0,GG,0.657402,0.657402,0.0,0.6,True,1,GG,0.657402,True,2,1
Premier League,2024/25,21,2025-01-14T19:30:00+00:00,Premier|2024|201,West Ham,Fulham,2025-01-14T19:30:00Z,3,2,True,0,GG,0.573714,0.573714,0.0,0.6,False,1,,,False,0,
Premier League,2024/25,21,2025-01-14T19:30:00+00:00,Premier|2024|202,Nott'm Forest,Liverpool,2025-01-14T20:00:00Z,1,1,True,0,GG,0.525311,0.525311,0.0,0.6,False,1,,,False,0,
Premier League,2024/25,21,2025-01-14T19:30:00+00:00,Premier|2024|203,Everton,Aston Villa,2025-01-15T19:30:00Z,0,1,True,0,GG,0.522507,0.522507,0.0,0.6,False,0,,,False,0,
Premier League,2024/25,21,2025-01-14T19:30:00+00:00,Premier|2024|204,Leicester,Crystal Palace,2025-01-15T19:30:00Z,0,2,True,0,GG,0.588073,0.588073,0.0,0.6,False,0,,,False,0,
Premier League,2024/25,21,2025-01-14T19:30:00+00:00,Premier|2024|205,Newcastle,Wolves,2025-01-15T19:30:00Z,3,0,True,0,1,0.671539,0.711035,0.052661,0.55,True,1,1,0.711035,True,1,1
Premier League,2024/25,21,2025-01-14T19:30:00+00:00,Premier|2024|206,Arsenal,Tottenham,2025-01-15T20:00:00Z,2,1,True,0,1,0.752115,0.730654,0.028615,0.55,True,1,1,0.730654,True,2,1
Premier League,2024/25,21,2025-01-14T19:30:00+00:00,Premier|2024|207,Ipswich,Brighton,2025-01-16T19:30:00Z,0,2,True,0,GG,0.586489,0.586489,0.0,0.6,False,0,,,False,0,
Premier League,2024/25,21,2025-01-14T19:30:00+00:00,Premier|2024|208,Man United,Southampton,2025-01-16T20:00:00Z,3,1,True,0,1,0.726058,0.748664,0.030142,0.55,True,1,1,0.748664,True,2,1
Premier League,2024/25,22,2025-01-18T12:30:00+00:00,Premier|2024|209,Newcastle,Bournemouth,2025-01-18T12:30:00Z,1,4,True,0,GG,0.60636,0.60636,0.0,0.6,True,1,GG,0.60636,True,1,1
Premier League,2024/25,22,2025-01-18T12:30:00+00:00,Premier|2024|210,Brentford,Liverpool,2025-01-18T15:00:00Z,0,2,True,0,2,0.686234,0.651334,0.046534,0.55,True,1,2,0.651334,True,3,1
Premier League,2024/25,22,2025-01-18T12:30:00+00:00,Premier|2024|211,Leicester,Fulham,2025-01-18T15:00:00Z,0,2,True,0,2,0.661617,0.558779,0.137117,0.55,True,1,2,0.558779,True,1,1
Premier League,2024/25,22,2025-01-18T12:30:00+00:00,Premier|2024|212,West Ham,Crystal Palace,2025-01-18T15:00:00Z,0,2,True,0,GG,0.629214,0.629214,0.0,0.6,True,0,GG,0.629214,True,2,0
Premier League,2024/25,22,2025-01-18T12:30:00+00:00,Premier|2024|213,Arsenal,Aston Villa,2025-01-18T17:30:00Z,2,2,True,0,1,0.679053,0.690413,0.015147,0.55,True,0,1,0.690413,True,1,0
Premier League,2024/25,22,2025-01-18T12:30:00+00:00,Premier|2024|214,Everton,Tottenham,2025-01-19T14:00:00Z,3,2,True,0,GG,0.568578,0.568578,0.0,0.6,False,1,,,False,0,
Premier League,2024/25,22,2025-01-18T12:30:00+00:00,Premier|2024|215,Man United,Brighton,2025-01-19T14:00:00Z,1,3,True,0,GG,0.568371,0.568371,0.0,0.6,False,1,,,False,0,
Premier League,2024/25,22,2025-01-18T12:30:00+00:00,Premier|2024|216,Nott'm Forest,Southampton,2025-01-19T14:00:00Z,3,2,True,0,1,0.853574,0.849469,0.005474,0.55,True,1,1,0.849469,True,2,1
Premier League,2024/25,22,2025-01-18T12:30:00+00:00,Premier|2024|217,Ipswich,Man City,2025-01-19T16:30:00Z,0,6,True,0,2,0.829963,0.694766,0.180263,0.55,True,1,2,0.694766,True,3,1
Premier League,2024/25,22,2025-01-18T12:30:00+00:00,Premier|2024|218,Chelsea,Wolves,2025-01-20T20:00:00Z,3,1,True,0,1,0.687322,0.710856,0.031378,0.55,True,1,1,0.710856,True,2,1
Premier League,2024/25,23,2025-01-25T15:00:00+00:00,Premier|2024|219,Bournemouth,Nott'm Forest,2025-01-25T15:00:00Z,5,0,True,0,GG,0.542137,0.542137,0.0,0.6,False,0,,,False,0,
Premier League,2024/25,23,2025-01-25T15:00:00+00:00,Premier|2024|220,Brighton,Everton,2025-01-25T15:00:00Z,0,1,True,0,1,0.594594,0.565574,0.038694,0.55,True,0,1,0.565574,True,1,0
Premier League,2024/25,23,2025-01-25T15:00:00+00:00,Premier|2024|221,Liverpool,Ipswich,2025-01-25T15:00:00Z,4,1,True,0,1,0.962687,0.887922,0.099687,0.55,True,1,1,0.887922,True,2,1
Premier League,2024/25,23,2025-01-25T15:00:00+00:00,Premier|2024|222,Southampton,Newcastle,2025-01-25T15:00:00Z,1,3,True,0,2,0.822153,0.768938,0.070953,0.55,True,1,2,0.768938,True,3,1
Premier League,2024/25,23,2025-01-25T15:00:00+00:00,Premier|2024|223,Wolves,Arsenal,2025-01-25T15:00:00Z,0,1,True,0,2,0.810968,0.766892,0.058768,0.55,True,1,2,0.766892,True,1,1
Premier League,2024/25,23,2025-01-25T15:00:00+00:00,Premier|2024|224,Man City,Chelsea,2025-01-25T17:30:00Z,3,1,True,0,GG,0.680765,0.680765,0.0,0.6,True,1,GG,0.680765,True,3,1
Premier League,2024/25,23,2025-01-25T15:00:00+00:00,Premier|2024|225,Crystal Palace,Brentford,2025-01-26T14:00:00Z,1,2,True,0,GG,0.624134,0.624134,0.0,0.6,True,1,GG,0.624134,True,2,1
Premier League,2024/25,23,2025-01-25T15:00:00+00:00,Premier|2024|226,Tottenham,Leicester,2025-01-26T14:00:00Z,1,2,True,0,1,0.71674,0.70531,0.01524,0.55,True,0,1,0.70531,True,3,0
Premier League,2024/25,23,2025-01-25T15:00:00+00:00,Premier|2024|227,Aston Villa,West Ham,2025-01-26T16:30:00Z,1,1,True,0,1,0.674051,0.614838,0.078951,0.55,True,0,O2.5,0.625342,True,2,0
Premier League,2024/25,23,2025-01-25T15:00:00+00:00,Premier|2024|228,Fulham,Man United,2025-01-26T19:00:00Z,0,1,True,0,1,0.610738,0.53331,0.103238,0.55,False,0,,,False,0,
Premier League,2024/25,24,2025-02-01T12:30:00+00:00,Premier|2024|229,Nott'm Forest,Brighton,2025-02-01T12:30:00Z,7,0,True,0,U2.5,0.537482,0.537482,0.0,0.6,False,0,,,False,0,
Premier League,2024/25,24,2025-02-01T12:30:00+00:00,Premier|2024|230,Bournemouth,Liverpool,2025-02-01T15:00:00Z,0,2,True,0,GG,0.623132,0.623132,0.0,0.6,True,0,GG,0.623132,True,2,0
Premier League,2024/25,24,2025-02-01T12:30:00+00:00,Premier|2024|231,Everton,Leicester,2025-02-01T15:00:00Z,4,0,True,0,1,0.56559,0.591247,0.03421,0.55,True,1,1,0.591247,True,1,1
Premier League,2024/25,24,2025-02-01T12:30:00+00:00,Premier|2024|232,Ipswich,Southampton,2025-02-01T15:00:00Z,1,2,True,0,GG,0.637607,0.637607,0.0,0.6,True,1,GG,0.637607,True,3,1
Premier League,2024/25,24,2025-02-01T12:30:00+00:00,Premier|2024|233,Newcastle,Fulham,2025-02-01T15:00:00Z,1,2,True,0,1,0.547247,0.545637,0.002147,0.55,False,0,,,False,0,
Premier League,2024/25,24,2025-02-01T12:30:00+00:00,Premier|2024|234,Wolves,Aston Villa,2025-02-01T17:30:00Z,2,0,True,0,2,0.653684,0.544046,0.146184,0.55,False,0,,,False,0,
Premier League,2024/25,24,2025-02-01T12:30:00+00:00,Premier|2024|235,Brentford,Tottenham,2025-02-02T14:00:00Z,0,2,True,0,GG,0.685947,0.685947,0.0,0.6,True,0,GG,0.685947,True,2,0
Premier League,2024/25,24,2025-02-01T12:30:00+00:00,Premier|2024|236,Man United,Crystal Palace,2025-02-02T14:00:00Z,0,2,True,0,GG,0.581016,0.581016,0.0,0.6,False,0,,,False,0,
Premier League,2024/25,24,2025-02-01T12:30:00+00:00,Premier|2024|237,Arsenal,Man City,2025-02-02T16:30:00Z,5,1,True,0,O2.5,0.592823,0.592823,0.0,0.6,False,1,,,False,0,
Premier League,2024/25,24,2025-02-01T12:30:00+00:00,Premier|2024|238,Chelsea,West Ham,2025-02-03T20:00:00Z,2,1,True,0,1,0.730283,0.658221,0.096083,0.55,True,1,O2.5,0.701709,True,3,1
Premier League,2024/25,24,2025-02-12T19:30:00+00:00,Premier|2024|239,Everton,Liverpool,2025-02-12T19:30:00Z,2,2,True,0,2,0.707103,0.691051,0.021403,0.55,True,0,2,0.691051,True,1,0
Premier League,2024/25,25,2025-02-14T20:00:00+00:00,Premier|2024|240,Brighton,Chelsea,2025-02-14T20:00:00Z,3,0,True,0,2,0.637938,0.47096,0.222638,0.55,False,0,GG,0.620799,True,2,0
Premier League,2024/25,25,2025-02-14T20:00:00+00:00,Premier|2024|241,Leicester,Arsenal,2025-02-15T12:30:00Z,0,2,True,0,2,0.870194,0.847999,0.029594,0.55,True,1,2,0.847999,True,1,1
Premier League,2024/25,25,2025-02-14T20:00:00+00:00,Premier|2024|242,Aston Villa,Ipswich,2025-02-15T15:00:00Z,1,1,True,0,1,0.767439,0.674185,0.124339,0.55,True,0,1,0.674185,True,2,0
Premier League,2024/25,25,2025-02-14T20:00:00+00:00,Premier|2024|243,Fulham,Nott'm Forest,2025-02-15T15:00:00Z,2,1,True,0,U2.5,0.556352,0.556352,0.0,0.6,False,0,,,False,0,
Premier League,2024/25,25,2025-02-14T20:00:00+00:00,Premier|2024|244,Man City,Newcastle,2025-02-15T15:00:00Z,4,0,True,0,GG,0.632293,0.632293,0.0,0.6,True,0,GG,0.632293,True,3,0
Premier League,2024/25,25,2025-02-14T20:00:00+00:00,Premier|2024|245,Southampton,Bournemouth,2025-02-15T15:00:00Z,1,3,True,0,2,0.853854,0.760138,0.124954,0.55,True,1,2,0.760138,True,3,1
Premier League,2024/25,25,2025-02-14T20:00:00+00:00,Premier|2024|246,West Ham,Brentford,2025-02-15T15:00:00Z,0,1,True,0,GG,0.652342,0.652342,0.0,0.6,True,0,GG,0.652342,True,2,0
Premier League,2024/25,25,2025-02-14T20:00:00+00:00,Premier|2024|247,Crystal Palace,Everton,2025-02-15T17:30:00Z,1,2,True,0,GG,0.518287,0.518287,0.0,0.6,False,1,,,False,0,
Premier League,2024/25,25,2025-02-14T20:00:00+00:00,Premier|2024|248,Liverpool,Wolves,2025-02-16T14:00:00Z,2,1,True,0,1,0.916296,0.878049,0.050996,0.55,True,1,1,0.878049,True,2,1
Premier League,2024/25,25,2025-02-14T20:00:00+00:00,Premier|2024|249,Tottenham,Man United,2025-02-16T16:30:00Z,1,0,True,0,GG,0.632891,0.632891,0.0,0.6,True,0,GG,0.632891,True,2,0
Premier League,2024/25,26,2025-02-19T19:30:00+00:00,Premier|2024|250,Aston Villa,Liverpool,2025-02-19T19:30:00Z,2,2,True,0,2,0.617,0.602825,0.0189,0.55,True,0,2,0.602825,True,1,0
Premier League,2024/25,26,2025-02-19T19:30:00+00:00,Premier|2024|251,Leicester,Brentford,2025-02-21T20:00:00Z,0,4,True,0,O2.5,0.620654,0.620654,0.0,0.6,True,1,O2.5,0.620654,True,2,1
Premier League,2024/25,26,2025-02-19T19:30:00+00:00,Premier|2024|252,Everton,Man United,2025-02-22T12:30:00Z,2,2,True,0,GG,0.528841,0.528841,0.0,0.6,False,1,,,False,0,
Premier League,2024/25,26,2025-02-19T19:30:00+00:00,Premier|2024|253,Arsenal,West Ham,2025-02-22T15:00:00Z,0,1,True,0,1,0.862802,0.855601,0.009602,0.55,True,0,1,0.855601,True,2,0
Premier League,2024/25,26,2025-02-19T19:30:00+00:00,Premier|2024|254,Bournemouth,Wolves,2025-02-22T15:00:00Z,0,1,True,0,1,0.816701,0.723025,0.124901,0.55,True,0,1,0.723025,True,1,0
Premier League,2024/25,26,2025-02-19T19:30:00+00:00,Premier|2024|255,Fulham,Crystal Palace,2025-02-22T15:00:00Z,0,2,True,0,GG,0.526367,0.526367,0.0,0.6,False,0,,,False,0,
Premier League,2024/25,26,2025-02-19T19:30:00+00:00,Premier|2024|256,Ipswich,Tottenham,2025-02-22T15:00:00Z,1,4,True,0,2,0.708938,0.517734,0.254938,0.55,False,1,O2.5,0.644568,True,2,1
Premier League,2024/25,26,2025-02-19T19:30:00+00:00,Premier|2024|257,Southampton,Brighton,2025-02-22T15:00:00Z,0,4,True,0,2,0.648116,0.648629,0.000684,0.55,True,1,2,0.648629,True,3,1
Premier League,2024/25,26,2025-02-19T19:30:00+00:00,Premier|2024|259,Newcastle,Nott'm Forest,2025-02-23T14:00:00Z,4,3,True,0,GG,0.545977,0.545977,0.0,0.6,False,1,,,False,0,
Premier League,2024/25,27,2025-02-23T16:30:00+00:00,Premier|2024|260,Man City,Liverpool,2025-02-23T16:30:00Z,0,2,True,0,O2.5,0.631574,0.631574,0.0,0.6,True,0,O2.5,0.631574,True,2,0
Premier League,2024/25,27,2025-02-23T16:30:00+00:00,Premier|2024|261,Brighton,Bournemouth,2025-02-25T19:30:00Z,2,1,True,0,GG,0.61637,0.61637,0.0,0.6,True,1,GG,0.61637,True,1,1
Premier League,2024/25,27,2025-02-23T16:30:00+00:00,Premier|2024|263,Wolves,Fulham,2025-02-25T19:30:00Z,1,2,True,0,U2.5,0.569825,0.569825,0.0,0.6,False,0,,,False,0,
Premier League,2024/25,27,2025-02-23T16:30:00+00:00,Premier|2024|264,Chelsea,Southampton,2025-02-25T20:15:00Z,4,0,True,0,1,0.869284,0.856921,0.016484,0.55,True,1,1,0.856921,True,3,1
Premier League,2024/25,27,2025-02-23T16:30:00+00:00,Premier|2024|265,Brentford,Everton,2025-02-26T19:30:00Z,1,1,True,0,GG,0.556918,0.556918,0.0,0.6,False,1,,,False,0,
Premier League,2024/25,27,2025-02-23T16:30:00+00:00,Premier|2024|266,Man United,Ipswich,2025-02-26T19:30:00Z,3,2,True,0,1,0.702573,0.590993,0.148773,0.55,True,1,1,0.590993,True,1,1
Premier League,2024/25,27,2025-02-23T16:30:00+00:00,Premier|2024|267,Nott'm Forest,Arsenal,2025-02-26T19:30:00Z,0,0,True,0,2,0.649898,0.5617,0.117598,0.55,True,0,2,0.5617,True,1,0
Premier League,2024/25,27,2025-02-23T16:30:00+00:00,Premier|2024|268,Tottenham,Man City,2025-02-26T19:30:00Z,0,1,True,0,GG,0.67817,0.67817,0.0,0.6,True,0,GG,0.67817,True,2,0
Premier League,2024/25,27,2025-02-23T16:30:00+00:00,Premier|2024|270,West Ham,Leicester,2025-02-27T20:00:00Z,2,0,True,0,1,0.637427,0.634482,0.003927,0.55,True,1,1,0.634482,True,1,1
Premier League,2024/25,28,2025-03-08T12:30:00+00:00,Premier|2024|271,Nott'm Forest,Man City,2025-03-08T12:30:00Z,1,0,True,0,GG,0.592697,0.592697,0.0,0.6,False,0,,,False,0,
Premier League,2024/25,28,2025-03-08T12:30:00+00:00,Premier|2024|272,Brighton,Fulham,2025-03-08T15:00:00Z,2,1,True,0,GG,0.525411,0.525411,0.0,0.6,False,1,,,False,0,
Premier League,2024/25,28,2025-03-08T12:30:00+00:00,Premier|2024|273,Crystal Palace,Ipswich,2025-03-08T15:00:00Z,1,0,True,0,1,0.857075,0.740094,0.155975,0.55,True,1,1,0.740094,True,2,1
Premier League,2024/25,28,2025-03-08T12:30:00+00:00,Premier|2024|276,Wolves,Everton,2025-03-08T20:00:00Z,1,1,True,0,U2.5,0.58279,0.58279,0.0,0.6,False,1,,,False,0,
Premier League,2024/25,28,2025-03-08T12:30:00+00:00,Premier|2024|277,Chelsea,Leicester,2025-03-09T14:00:00Z,1,0,True,0,1,0.86321,0.814228,0.06531,0.55,True,1,1,0.814228,True,2,1
Premier League,2024/25,28,2025-03-08T12:30:00+00:00,Premier|2024|278,Tottenham,Bournemouth,2025-03-09T14:00:00Z,2,2,True,0,GG,0.67639,0.67639,0.0,0.6,True,1,GG,0.67639,True,2,1
Premier League,2024/25,28,2025-03-08T12:30:00+00:00,Premier|2024|279,Man United,Arsenal,2025-03-09T16:30:00Z,1,1,True,0,2,0.597505,0.627876,0.040495,0.55,True,0,2,0.627876,True,1,0
Premier League,2024/25,28,2025-03-08T12:30:00+00:00,Premier|2024|280,West Ham,Newcastle,2025-03-10T20:00:00Z,0,1,True,0,GG,0.606739,0.606739,0.0,0.6,True,0,GG,0.606739,True,1,0
Premier League,2024/25,29,2025-03-15T15:00:00+00:00,Premier|2024|281,Everton,West Ham,2025-03-15T15:00:00Z,1,1,True,0,GG,0.529868,0.529868,0.0,0.6,False,1,,,False,0,
Premier League,2024/25,29,2025-03-15T15:00:00+00:00,Premier|2024|282,Ipswich,Nott'm Forest,2025-03-15T15:00:00Z,2,4,True,0,2,0.732379,0.596645,0.180979,0.55,True,1,2,0.596645,True,1,1
Premier League,2024/25,29,2025-03-15T15:00:00+00:00,Premier|2024|283,Man City,Brighton,2025-03-15T15:00:00Z,2,2,True,0,GG,0.606042,0.606042,0.0,0.6,True,1,GG,0.606042,True,2,1
Premier League,2024/25,29,2025-03-15T15:00:00+00:00,Premier|2024|284,Southampton,Wolves,2025-03-15T15:00:00Z,1,2,True,0,GG,0.583749,0.583749,0.0,0.6,False,1,,,False,0,
Premier League,2024/25,29,2025-03-15T15:00:00+00:00,Premier|2024|285,Bournemouth,Brentford,2025-03-15T17:30:00Z,1,2,True,0,O2.5,0.661286,0.661286,0.0,0.6,True,1,O2.5,0.661286,True,2,1
Premier League,2024/25,29,2025-03-15T15:00:00+00:00,Premier|2024|286,Arsenal,Chelsea,2025-03-16T13:30:00Z,1,0,True,0,O2.5,0.570215,0.570215,0.0,0.6,False,0,1,0.618764,True,1,1
Premier League,2024/25,29,2025-03-15T15:00:00+00:00,Premier|2024|287,Fulham,Tottenham,2025-03-16T13:30:00Z,2,0,True,0,GG,0.567327,0.567327,0.0,0.6,False,0,,,False,0,
Premier League,2024/25,29,2025-03-15T15:00:00+00:00,Premier|2024|288,Leicester,Man United,2025-03-16T19:00:00Z,0,3,True,0,2,0.578792,0.530648,0.064192,0.55,False,1,,,False,0,
Premier League,2024/25,30,2025-04-01T19:45:00+00:00,Premier|2024|289,Arsenal,Fulham,2025-04-01T19:45:00Z,2,1,True,0,U2.5,0.577682,0.577682,0.0,0.6,False,0,1,0.660082,True,1,1
Premier League,2024/25,30,2025-04-01T19:45:00+00:00,Premier|2024|290,Wolves,West Ham,2025-04-01T19:45:00Z,1,0,True,0,GG,0.533944,0.533944,0.0,0.6,False,0,,,False,0,
Premier League,2024/25,30,2025-04-01T19:45:00+00:00,Premier|2024|291,Nott'm Forest,Man United,2025-04-01T20:00:00Z,1,0,True,0,GG,0.540642,0.540642,0.0,0.6,False,0,,,False,0,
Premier League,2024/25,30,2025-04-01T19:45:00+00:00,Premier|2024|292,Bournemouth,Ipswich,2025-04-02T19:45:00Z,1,2,True,0,1,0.801012,0.727953,0.097412,0.55,True,0,1,0.727953,True,2,0
Premier League,2024/25,30,2025-04-01T19:45:00+00:00,Premier|2024|293,Brighton,Aston Villa,2025-04-02T19:45:00Z,0,3,True,0,GG,0.606945,0.606945,0.0,0.6,True,0,GG,0.606945,True,1,0
Premier League,2024/25,30,2025-04-01T19:45:00+00:00,Premier|2024|294,Man City,Leicester,2025-04-02T19:45:00Z,2,0,True,0,1,0.840941,0.869185,0.037659,0.55,True,1,1,0.869185,True,2,1
Premier League,2024/25,30,2025-04-01T19:45:00+00:00,Premier|2024|295,Newcastle,Brentford,2025-04-02T19:45:00Z,2,1,True,0,GG,0.624316,0.624316,0.0,0.6,True,1,GG,0.624316,True,2,1
Premier League,2024/25,30,2025-04-01T19:45:00+00:00,Premier|2024|296,Southampton,Crystal Palace,2025-04-02T19:45:00Z,1,1,True,0,2,0.842149,0.762762,0.105849,0.55,True,0,2,0.762762,True,3,0
Premier League,2024/25,30,2025-04-01T19:45:00+00:00,Premier|2024|297,Liverpool,Everton,2025-04-02T20:00:00Z,1,0,True,0,1,0.796611,0.816928,0.027089,0.55,True,1,1,0.816928,True,1,1
Premier League,2024/25,30,2025-04-01T19:45:00+00:00,Premier|2024|298,Chelsea,Tottenham,2025-04-03T20:00:00Z,1,0,True,0,O2.5,0.69012,0.69012,0.0,0.6,True,0,O2.5,0.69012,True,2,0
Premier League,2024/25,31,2025-04-05T12:30:00+00:00,Premier|2024|299,Everton,Arsenal,2025-04-05T12:30:00Z,1,1,True,0,U2.5,0.575255,0.575255,0.0,0.6,False,1,2,0.596663,True,1,0
Premier League,2024/25,31,2025-04-05T12:30:00+00:00,Premier|2024|300,Crystal Palace,Brighton,2025-04-05T15:00:00Z,2,1,True,0,GG,0.598932,0.598932,0.0,0.6,False,1,,,False,0,
Premier League,2024/25,31,2025-04-05T12:30:00+00:00,Premier|2024|301,Ipswich,Wolves,2025-04-05T15:00:00Z,1,2,True,0,GG,0.535483,0.535483,0.0,0.6,False,1,,,False,0,
Premier League,2024/25,31,2025-04-05T12:30:00+00:00,Premier|2024|302,West Ham,Bournemouth,2025-04-05T15:00:00Z,2,2,True,0,O2.5,0.630715,0.630715,0.0,0.6,True,1,O2.5,0.630715,True,2,1
Premier League,2024/25,31,2025-04-05T12:30:00+00:00,Premier|2024|303,Aston Villa,Nott'm Forest,2025-04-05T17:30:00Z,2,1,True,0,GG,0.553323,0.553323,0.0,0.6,False,1,,,False,0,
Premier League,2024/25,31,2025-04-05T12:30:00+00:00,Premier|2024|304,Brentford,Chelsea,2025-04-06T14:00:00Z,0,0,True,0,GG,0.666523,0.666523,0.0,0.6,True,0,GG,0.666523,True,2,0
Premier League,2024/25,31,2025-04-05T12:30:00+00:00,Premier|2024|305,Fulham,Liverpool,2025-04-06T14:00:00Z,3,2,True,0,2,0.65939,0.634422,0.03329,0.55,True,0,2,0.634422,True,1,0
Premier League,2024/25,31,2025-04-05T12:30:00+00:00,Premier|2024|306,Tottenham,Southampton,2025-04-06T14:00:00Z,3,1,True,0,1,0.824252,0.804638,0.026152,0.55,True,1,1,0.804638,True,3,1
Premier League,2024/25,31,2025-04-05T12:30:00+00:00,Premier|2024|307,Man United,Man City,2025-04-06T16:30:00Z,0,0,True,0,GG,0.61036,0.61036,0.0,0.6,True,0,GG,0.61036,True,1,0
Premier League,2024/25,31,2025-04-05T12:30:00+00:00,Premier|2024|308,Leicester,Newcastle,2025-04-07T20:00:00Z,0,3,True,0,2,0.655083,0.685846,0.041017,0.55,True,1,2,0.685846,True,1,1
Premier League,2024/25,32,2025-04-12T12:30:00+00:00,Premier|2024|309,Man City,Crystal Palace,2025-04-12T12:30:00Z,5,2,True,0,GG,0.611335,0.611335,0.0,0.6,True,1,GG,0.611335,True,2,1
Premier League,2024/25,32,2025-04-12T12:30:00+00:00,Premier|2024|310,Brighton,Leicester,2025-04-12T15:00:00Z,2,2,True,0,1,0.738443,0.764961,0.035357,0.55,True,0,1,0.764961,True,1,0
Premier League,2024/25,32,2025-04-12T12:30:00+00:00,Premier|2024|311,Nott'm Forest,Everton,2025-04-12T15:00:00Z,0,1,True,0,U2.5,0.5647,0.5647,0.0,0.6,False,1,,,False,0,
Premier League,2024/25,32,2025-04-12T12:30:00+00:00,Premier|2024|312,Southampton,Aston Villa,2025-04-12T15:00:00Z,0,3,True,0,2,0.850512,0.772728,0.103712,0.55,True,1,2,0.772728,True,3,1
Premier League,2024/25,32,2025-04-12T12:30:00+00:00,Premier|2024|313,Arsenal,Brentford,2025-04-12T17:30:00Z,1,1,True,0,1,0.630725,0.728581,0.130475,0.55,True,0,1,0.728581,True,1,0
Premier League,2024/25,32,2025-04-12T12:30:00+00:00,Premier|2024|314,Chelsea,Ipswich,2025-04-13T14:00:00Z,2,2,True,0,1,0.831912,0.757278,0.099512,0.55,True,0,1,0.757278,True,2,0
Premier League,2024/25,32,2025-04-12T12:30:00+00:00,Premier|2024|315,Liverpool,West Ham,2025-04-13T14:00:00Z,2,1,True,0,1,0.839746,0.848486,0.011654,0.55,True,1,1,0.848486,True,2,1
Premier League,2024/25,32,2025-04-12T12:30:00+00:00,Premier|2024|316,Wolves,Tottenham,2025-04-13T14:00:00Z,4,2,True,0,GG,0.586525,0.586525,0.0,0.6,False,1,,,False,0,
Premier League,2024/25,32,2025-04-12T12:30:00+00:00,Premier|2024|317,Newcastle,Man United,2025-04-13T16:30:00Z,4,1,True,0,GG,0.584495,0.584495,0.0,0.6,False,1,1,0.57491,True,1,1
Premier League,2024/25,32,2025-04-12T12:30:00+00:00,Premier|2024|318,Bournemouth,Fulham,2025-04-14T20:00:00Z,1,0,True,0,GG,0.573465,0.573465,0.0,0.6,False,0,,,False,0,
Premier League,2024/25,32,2025-04-12T12:30:00+00:00,Premier|2024|319,Newcastle,Crystal Palace,2025-04-16T19:30:00Z,5,0,True,0,GG,0.605805,0.605805,0.0,0.6,True,0,GG,0.605805,True,1,0
Premier League,2024/25,33,2025-04-19T15:00:00+00:00,Premier|2024|320,Brentford,Brighton,2025-04-19T15:00:00Z,4,2,True,0,GG,0.619757,0.619757,0.0,0.6,True,1,GG,0.619757,True,1,1
Premier League,2024/25,33,2025-04-19T15:00:00+00:00,Premier|2024|321,Crystal Palace,Bournemouth,2025-04-19T15:00:00Z,0,0,True,0,GG,0.649453,0.649453,0.0,0.6,True,0,GG,0.649453,True,2,0
Premier League,2024/25,33,2025-04-19T15:00:00+00:00,Premier|2024|322,Everton,Man City,2025-04-19T15:00:00Z,0,2,True,0,2,0.591345,0.530336,0.081345,0.55,False,1,,,False,0,
Premier League,2024/25,33,2025-04-19T15:00:00+00:00,Premier|2024|323,West Ham,Southampton,2025-04-19T15:00:00Z,1,1,True,0,1,0.713885,0.729421,0.020715,0.55,True,0,1,0.729421,True,2,0
Premier League,2024/25,33,2025-04-19T15:00:00+00:00,Premier|2024|324,Aston Villa,Newcastle,2025-04-19T17:30:00Z,4,1,True,0,GG,0.615918,0.615918,0.0,0.6,True,1,GG,0.615918,True,1,1
Premier League,2024/25,33,2025-04-19T15:00:00+00:00,Premier|2024|325,Fulham,Chelsea,2025-04-20T14:00:00Z,1,2,True,0,GG,0.576002,0.576002,0.0,0.6,False,1,,,False,0,
Premier League,2024/25,33,2025-04-19T15:00:00+00:00,Premier|2024|326,Ipswich,Arsenal,2025-04-20T14:00:00Z,0,4,True,0,2,0.78107,0.766168,0.01987,0.55,True,1,2,0.766168,True,1,1
Premier League,2024/25,33,2025-04-19T15:00:00+00:00,Premier|2024|327,Man United,Wolves,2025-04-20T14:00:00Z,0,1,True,0,GG,0.526964,0.526964,0.0,0.6,False,0,,,False,0,
Premier League,2024/25,33,2025-04-19T15:00:00+00:00,Premier|2024|328,Leicester,Liverpool,2025-04-20T16:30:00Z,0,1,True,0,2,0.921918,0.884254,0.050218,0.55,True,1,2,0.884254,True,2,1
Premier League,2024/25,33,2025-04-19T15:00:00+00:00,Premier|2024|329,Tottenham,Nott'm Forest,2025-04-21T20:00:00Z,1,2,True,0,GG,0.590205,0.590205,0.0,0.6,False,1,,,False,0,
Premier League,2024/25,34,2025-04-22T20:00:00+00:00,Premier|2024|330,Man City,Aston Villa,2025-04-22T20:00:00Z,2,1,True,0,GG,0.62723,0.62723,0.0,0.6,True,1,GG,0.62723,True,3,1
Premier League,2024/25,34,2025-04-22T20:00:00+00:00,Premier|2024|331,Arsenal,Crystal Palace,2025-04-23T20:00:00Z,2,2,True,0,1,0.817872,0.731118,0.115672,0.55,True,0,1,0.731118,True,1,0
Premier League,2024/25,34,2025-04-22T20:00:00+00:00,Premier|2024|332,Chelsea,Everton,2025-04-26T12:30:00Z,1,0,True,0,1,0.575445,0.552536,0.030545,0.55,True,1,1,0.552536,True,1,1
Premier League,2024/25,34,2025-04-22T20:00:00+00:00,Premier|2024|333,Brighton,West Ham,2025-04-26T15:00:00Z,3,2,True,0,O2.5,0.594354,0.594354,0.0,0.6,False,1,,,False,0,
Premier League,2024/25,34,2025-04-22T20:00:00+00:00,Premier|2024|334,Newcastle,Ipswich,2025-04-26T15:00:00Z,3,0,True,0,1,0.891312,0.796653,0.126212,0.55,True,1,1,0.796653,True,2,1
Premier League,2024/25,34,2025-04-22T20:00:00+00:00,Premier|2024|335,Southampton,Fulham,2025-04-26T15:00:00Z,1,2,True,0,2,0.716965,0.687366,0.039465,0.55,True,1,2,0.687366,True,1,1
Premier League,2024/25,34,2025-04-22T20:00:00+00:00,Premier|2024|336,Wolves,Leicester,2025-04-26T15:00:00Z,3,0,True,0,1,0.759081,0.71852,0.054081,0.55,True,1,1,0.71852,True,1,1
Premier League,2024/25,34,2025-04-22T20:00:00+00:00,Premier|2024|337,Bournemouth,Man United,2025-04-27T14:00:00Z,1,1,True,0,O2.5,0.602935,0.602935,0.0,0.6,True,0,O2.5,0.602935,True,1,0
Premier League,2024/25,34,2025-04-22T20:00:00+00:00,Premier|2024|338,Liverpool,Tottenham,2025-04-27T16:30:00Z,5,1,True,0,1,0.870077,0.832819,0.049677,0.55,True,1,1,0.832819,True,2,1
Premier League,2024/25,34,2025-05-01T19:30:00+00:00,Premier|2024|339,Nott'm Forest,Brentford,2025-05-01T19:30:00Z,0,2,True,0,GG,0.577655,0.577655,0.0,0.6,False,0,,,False,0,
Premier League,2024/25,35,2025-05-02T20:00:00+00:00,Premier|2024|340,Man City,Wolves,2025-05-02T20:00:00Z,1,0,True,0,1,0.667854,0.717913,0.066746,0.55,True,1,1,0.717913,True,1,1
Premier League,2024/25,35,2025-05-02T20:00:00+00:00,Premier|2024|341,Aston Villa,Fulham,2025-05-03T12:30:00Z,1,0,True,0,1,0.607363,0.540866,0.088663,0.55,False,1,,,False,0,
Premier League,2024/25,35,2025-05-02T20:00:00+00:00,Premier|2024|342,Everton,Ipswich,2025-05-03T15:00:00Z,2,2,True,0,1,0.664076,0.630944,0.044176,0.55,True,0,1,0.630944,True,1,0
Premier League,2024/25,35,2025-05-02T20:00:00+00:00,Premier|2024|343,Leicester,Southampton,2025-05-03T15:00:00Z,2,0,True,0,GG,0.614227,0.614227,0.0,0.6,True,0,GG,0.614227,True,2,0
Premier League,2024/25,35,2025-05-02T20:00:00+00:00,Premier|2024|344,Arsenal,Bournemouth,2025-05-03T17:30:00Z,1,2,True,0,1,0.668315,0.687279,0.025285,0.55,True,0,1,0.687279,True,1,0
Premier League,2024/25,35,2025-05-02T20:00:00+00:00,Premier|2024|345,Brentford,Man United,2025-05-04T14:00:00Z,4,3,True,0,GG,0.596474,0.596474,0.0,0.6,False,1,,,False,0,
Premier League,2024/25,35,2025-05-02T20:00:00+00:00,Premier|2024|346,Brighton,Newcastle,2025-05-04T14:00:00Z,1,1,True,0,GG,0.626833,0.626833,0.0,0.6,True,1,GG,0.626833,True,2,1
Premier League,2024/25,35,2025-05-02T20:00:00+00:00,Premier|2024|347,West Ham,Tottenham,2025-05-04T14:00:00Z,1,1,True,0,GG,0.63233,0.63233,0.0,0.6,True,1,GG,0.63233,True,2,1
Premier League,2024/25,35,2025-05-02T20:00:00+00:00,Premier|2024|348,Chelsea,Liverpool,2025-05-04T16:30:00Z,3,1,True,0,GG,0.610243,0.610243,0.0,0.6,True,1,GG,0.610243,True,2,1
Premier League,2024/25,35,2025-05-02T20:00:00+00:00,Premier|2024|349,Crystal Palace,Nott'm Forest,2025-05-05T20:00:00Z,1,1,True,0,GG,0.559135,0.559135,0.0,0.6,False,1,,,False,0,
Premier League,2024/25,36,2025-05-10T15:00:00+00:00,Premier|2024|350,Fulham,Everton,2025-05-10T15:00:00Z,1,3,True,0,U2.5,0.596904,0.596904,0.0,0.6,False,0,,,False,0,
Premier League,2024/25,36,2025-05-10T15:00:00+00:00,Premier|2024|351,Ipswich,Brentford,2025-05-10T15:00:00Z,0,1,True,0,2,0.778611,0.587653,0.254611,0.55,False,1,O2.5,0.629552,True,2,0
Premier League,2024/25,36,2025-05-10T15:00:00+00:00,Premier|2024|352,Southampton,Man City,2025-05-10T15:00:00Z,0,0,True,0,2,0.897009,0.878627,0.024509,0.55,True,0,2,0.878627,True,2,0
Premier League,2024/25,36,2025-05-10T15:00:00+00:00,Premier|2024|353,Wolves,Brighton,2025-05-10T15:00:00Z,0,2,True,0,GG,0.543389,0.543389,0.0,0.6,False,0,,,False,0,
Premier League,2024/25,36,2025-05-10T15:00:00+00:00,Premier|2024|354,Bournemouth,Aston Villa,2025-05-10T17:30:00Z,0,1,True,0,GG,0.628331,0.628331,0.0,0.6,True,0,GG,0.628331,True,2,0
Premier League,2024/25,36,2025-05-10T15:00:00+00:00,Premier|2024|355,Newcastle,Chelsea,2025-05-11T12:00:00Z,2,0,True,0,GG,0.64886,0.64886,0.0,0.6,True,0,GG,0.64886,True,2,0
Premier League,2024/25,36,2025-05-10T15:00:00+00:00,Premier|2024|356,Man United,West Ham,2025-05-11T14:15:00Z,0,2,True,0,GG,0.56716,0.56716,0.0,0.6,False,0,,,False,0,
Premier League,2024/25,36,2025-05-10T15:00:00+00:00,Premier|2024|357,Nott'm Forest,Leicester,2025-05-11T14:15:00Z,2,2,True,0,1,0.675596,0.759899,0.112404,0.55,True,0,1,0.759899,True,1,0
Premier League,2024/25,36,2025-05-10T15:00:00+00:00,Premier|2024|358,Tottenham,Crystal Palace,2025-05-11T14:15:00Z,0,2,True,0,GG,0.652467,0.652467,0.0,0.6,True,0,GG,0.652467,True,2,0
Premier League,2024/25,36,2025-05-10T15:00:00+00:00,Premier|2024|359,Liverpool,Arsenal,2025-05-11T16:30:00Z,2,2,True,0,GG,0.542507,0.542507,0.0,0.6,False,1,,,False,0,
Premier League,2024/25,37,2025-05-16T19:30:00+00:00,Premier|2024|360,Aston Villa,Tottenham,2025-05-16T19:30:00Z,2,0,True,0,1,0.71245,0.663737,0.06495,0.55,True,1,1,0.663737,True,3,1
Premier League,2024/25,37,2025-05-16T19:30:00+00:00,Premier|2024|361,Chelsea,Man United,2025-05-16T20:15:00Z,1,0,True,0,1,0.731792,0.674348,0.076592,0.55,True,1,1,0.674348,True,3,1
Premier League,2024/25,37,2025-05-16T19:30:00+00:00,Premier|2024|362,Everton,Southampton,2025-05-18T12:00:00Z,2,0,True,0,1,0.664363,0.773066,0.144937,0.55,True,1,1,0.773066,True,1,1
Premier League,2024/25,37,2025-05-16T19:30:00+00:00,Premier|2024|363,West Ham,Nott'm Forest,2025-05-18T14:15:00Z,1,2,True,0,GG,0.544802,0.544802,0.0,0.6,False,1,,,False,0,
Premier League,2024/25,37,2025-05-16T19:30:00+00:00,Premier|2024|364,Brentford,Fulham,2025-05-18T15:00:00Z,2,3,True,0,1,0.554977,0.516369,0.051477,0.55,False,0,,,False,0,
Premier League,2024/25,37,2025-05-16T19:30:00+00:00,Premier|2024|365,Leicester,Ipswich,2025-05-18T15:00:00Z,2,0,True,0,GG,0.580396,0.580396,0.0,0.6,False,0,,,False,0,
Premier League,2024/25,37,2025-05-16T19:30:00+00:00,Premier|2024|366,Arsenal,Newcastle,2025-05-18T16:30:00Z,1,0,True,0,GG,0.555836,0.555836,0.0,0.6,False,0,,,False,0,
Premier League,2024/25,37,2025-05-16T19:30:00+00:00,Premier|2024|367,Brighton,Liverpool,2025-05-19T20:00:00Z,3,2,True,0,2,0.704091,0.608098,0.127991,0.55,True,0,2,0.608098,True,3,0
Premier League,2024/25,37,2025-05-16T19:30:00+00:00,Premier|2024|368,Crystal Palace,Wolves,2025-05-20T20:00:00Z,4,2,True,0,O2.5,0.546833,0.546833,0.0,0.6,False,1,,,False,0,
Premier League,2024/25,37,2025-05-16T19:30:00+00:00,Premier|2024|369,Man City,Bournemouth,2025-05-20T20:00:00Z,3,1,True,0,GG,0.628965,0.628965,0.0,0.6,True,1,1,0.641588,True,3,1
Premier League,2024/25,38,2025-05-25T16:00:00+00:00,Premier|2024|370,Bournemouth,Leicester,2025-05-25T16:00:00Z,2,0,True,0,1,0.679299,0.7243,0.060001,0.55,True,1,1,0.7243,True,2,1
Premier League,2024/25,38,2025-05-25T16:00:00+00:00,Premier|2024|371,Fulham,Man City,2025-05-25T16:00:00Z,0,2,True,0,2,0.577364,0.541166,0.048264,0.55,False,1,,,False,0,
Premier League,2024/25,38,2025-05-25T16:00:00+00:00,Premier|2024|372,Ipswich,West Ham,2025-05-25T16:00:00Z,1,3,True,0,GG,0.58215,0.58215,0.0,0.6,False,1,,,False,0,
Premier League,2024/25,38,2025-05-25T16:00:00+00:00,Premier|2024|373,Liverpool,Crystal Palace,2025-05-25T16:00:00Z,1,1,True,0,O2.5,0.671696,0.671696,0.0,0.6,True,0,O2.5,0.671696,True,3,0
Premier League,2024/25,38,2025-05-25T16:00:00+00:00,Premier|2024|374,Man United,Aston Villa,2025-05-25T16:00:00Z,2,0,True,0,2,0.591369,0.545867,0.060669,0.55,False,0,,,False,0,
Premier League,2024/25,38,2025-05-25T16:00:00+00:00,Premier|2024|375,Newcastle,Everton,2025-05-25T16:00:00Z,0,1,True,0,1,0.551382,0.569396,0.024018,0.55,True,0,1,0.569396,True,1,0
Premier League,2024/25,38,2025-05-25T16:00:00+00:00,Premier|2024|376,Nott'm Forest,Chelsea,2025-05-25T16:00:00Z,0,1,True,0,GG,0.572236,0.572236,0.0,0.6,False,0,,,False,0,
Premier League,2024/25,38,2025-05-25T16:00:00+00:00,Premier|2024|377,Southampton,Arsenal,2025-05-25T16:00:00Z,1,2,True,0,2,0.855946,0.868886,0.017254,0.55,True,1,2,0.868886,True,2,1
Premier League,2024/25,38,2025-05-25T16:00:00+00:00,Premier|2024|378,Tottenham,Brighton,2025-05-25T16:00:00Z,1,4,True,0,GG,0.645648,0.645648,0.0,0.6,True,1,GG,0.645648,True,2,1
Premier League,2024/25,38,2025-05-25T16:00:00+00:00,Premier|2024|379,Wolves,Brentford,2025-05-25T16:00:00Z,1,1,True,0,GG,0.566006,0.566006,0.0,0.6,False,1,,,False,0,
Premier League,2025/26,1,2025-08-15T20:00:00+00:00,Premier|2025|0,Liverpool,Bournemouth,2025-08-15T20:00:00Z,4,2,True,0,1,0.776455,0.713714,0.083655,0.55,True,1,1,0.713714,True,2,1
Premier League,2025/26,1,2025-08-15T20:00:00+00:00,Premier|2025|1,Aston Villa,Newcastle,2025-08-16T12:30:00Z,0,0,True,0,GG,0.615488,0.615488,0.0,0.6,True,0,GG,0.615488,True,1,0
Premier League,2025/26,1,2025-08-15T20:00:00+00:00,Premier|2025|2,Brighton,Fulham,2025-08-16T15:00:00Z,1,1,True,0,1,0.706347,0.560062,0.195047,0.55,True,0,GG,0.611753,True,3,1
Premier League,2025/26,1,2025-08-15T20:00:00+00:00,Premier|2025|3,Sunderland,West Ham,2025-08-16T15:00:00Z,3,0,True,1,GG,0.582803,0.582803,0.0,0.6,False,0,,,False,0,
Premier League,2025/26,1,2025-08-15T20:00:00+00:00,Premier|2025|4,Tottenham,Burnley,2025-08-16T15:00:00Z,3,0,True,0,O2.5,0.717071,0.717071,0.0,0.6,True,1,O2.5,0.717071,True,3,1
Premier League,2025/26,1,2025-08-15T20:00:00+00:00,Premier|2025|5,Wolves,Man City,2025-08-16T17:30:00Z,0,4,True,0,2,0.828282,0.683396,0.193182,0.55,True,1,2,0.683396,True,2,1
Premier League,2025/26,1,2025-08-15T20:00:00+00:00,Premier|2025|6,Chelsea,Crystal Palace,2025-08-17T14:00:00Z,0,0,True,0,GG,0.51921,0.51921,0.0,0.6,False,0,,,False,0,
Premier League,2025/26,1,2025-08-15T20:00:00+00:00,Premier|2025|7,Nott'm Forest,Brentford,2025-08-17T14:00:00Z,3,1,True,0,GG,0.579246,0.579246,0.0,0.6,False,1,,,False,0,
Premier League,2025/26,1,2025-08-15T20:00:00+00:00,Premier|2025|8,Man United,Arsenal,2025-08-17T16:30:00Z,0,1,True,0,2,0.673658,0.641515,0.042858,0.55,True,1,2,0.641515,True,1,1
Premier League,2025/26,1,2025-08-15T20:00:00+00:00,Premier|2025|9,Leeds,Everton,2025-08-18T20:00:00Z,1,0,True,0,U2.5,0.544445,0.544445,0.0,0.6,False,1,,,False,0,
Premier League,2025/26,2,2025-08-22T20:00:00+00:00,Premier|2025|10,West Ham,Chelsea,2025-08-22T20:00:00Z,1,5,True,0,GG,0.558239,0.558239,0.0,0.6,False,1,,,False,0,
Premier League,2025/26,2,2025-08-22T20:00:00+00:00,Premier|2025|11,Man City,Tottenham,2025-08-23T12:30:00Z,0,2,True,0,1,0.694632,0.779133,0.112668,0.55,True,0,1,0.779133,True,2,0
Premier League,2025/26,2,2025-08-22T20:00:00+00:00,Premier|2025|12,Bournemouth,Wolves,2025-08-23T15:00:00Z,1,0,True,0,GG,0.637188,0.637188,0.0,0.6,True,0,GG,0.637188,True,2,0
Premier League,2025/26,2,2025-08-22T20:00:00+00:00,Premier|2025|13,Brentford,Aston Villa,2025-08-23T15:00:00Z,1,0,True,0,GG,0.58655,0.58655,0.0,0.6,False,0,,,False,0,
Premier League,2025/26,2,2025-08-22T20:00:00+00:00,Premier|2025|14,Burnley,Sunderland,2025-08-23T15:00:00Z,2,0,True,0,GG,0.566882,0.566882,0.0,0.6,False,0,,,False,0,
Premier League,2025/26,2,2025-08-22T20:00:00+00:00,Premier|2025|15,Arsenal,Leeds,2025-08-23T17:30:00Z,5,0,True,0,GG,0.617679,0.617679,0.0,0.6,True,0,GG,0.617679,True,1,0
Premier League,2025/26,2,2025-08-22T20:00:00+00:00,Premier|2025|16,Crystal Palace,Nott'm Forest,2025-08-24T14:00:00Z,1,1,True,0,GG,0.610997,0.610997,0.0,0.6,True,1,GG,0.610997,True,1,1
Premier League,2025/26,2,2025-08-22T20:00:00+00:00,Premier|2025|17,Everton,Brighton,2025-08-24T14:00:00Z,2,0,True,0,GG,0.606827,0.606827,0.0,0.6,True,0,GG,0.606827,True,1,0
Premier League,2025/26,2,2025-08-22T20:00:00+00:00,Premier|2025|18,Fulham,Man United,2025-08-24T16:30:00Z,1,1,True,0,GG,0.598553,0.598553,0.0,0.6,False,1,,,False,0,
Premier League,2025/26,2,2025-08-22T20:00:00+00:00,Premier|2025|19,Newcastle,Liverpool,2025-08-25T20:00:00Z,2,3,True,0,GG,0.609434,0.609434,0.0,0.6,True,1,GG,0.609434,True,1,1
Premier League,2025/26,3,2025-08-30T12:30:00+00:00,Premier|2025|20,Chelsea,Fulham,2025-08-30T12:30:00Z,2,0,True,0,1,0.734277,0.633119,0.134877,0.55,True,1,O2.5,0.647036,True,3,0
Premier League,2025/26,3,2025-08-30T12:30:00+00:00,Premier|2025|21,Man United,Burnley,2025-08-30T15:00:00Z,3,2,True,0,1,0.633802,0.57335,0.080602,0.55,True,1,1,0.57335,True,1,1
Premier League,2025/26,3,2025-08-30T12:30:00+00:00,Premier|2025|22,Sunderland,Brentford,2025-08-30T15:00:00Z,2,1,True,0,GG,0.541649,0.541649,0.0,0.6,False,1,,,False,0,
Premier League,2025/26,3,2025-08-30T12:30:00+00:00,Premier|2025|23,Tottenham,Bournemouth,2025-08-30T15:00:00Z,0,1,True,0,GG,0.606442,0.606442,0.0,0.6,True,0,GG,0.606442,True,1,0
Premier League,2025/26,3,2025-08-30T12:30:00+00:00,Premier|2025|24,Wolves,Everton,2025-08-30T15:00:00Z,2,3,True,0,GG,0.616892,0.616892,0.0,0.6,True,1,GG,0.616892,True,1,1
Premier League,2025/26,3,2025-08-30T12:30:00+00:00,Premier|2025|25,Leeds,Newcastle,2025-08-30T17:30:00Z,0,0,True,0,GG,0.581631,0.581631,0.0,0.6,False,0,2,0.588184,True,1,0
Premier League,2025/26,3,2025-08-30T12:30:00+00:00,Premier|2025|26,Brighton,Man City,2025-08-31T14:00:00Z,2,1,True,0,GG,0.614993,0.614993,0.0,0.6,True,1,GG,0.614993,True,1,1
Premier League,2025/26,3,2025-08-30T12:30:00+00:00,Premier|2025|27,Nott'm Forest,West Ham,2025-08-31T14:00:00Z,0,3,True,0,1,0.688169,0.632242,0.074569,0.55,True,0,1,0.632242,True,2,0
Premier League,2025/26,3,2025-08-30T12:30:00+00:00,Premier|2025|28,Liverpool,Arsenal,2025-08-31T16:30:00Z,1,0,True,0,GG,0.625945,0.625945,0.0,0.6,True,0,GG,0.625945,True,2,0
Premier League,2025/26,3,2025-08-30T12:30:00+00:00,Premier|2025|29,Aston Villa,Crystal Palace,2025-08-31T19:00:00Z,0,3,True,0,GG,0.545211,0.545211,0.0,0.6,False,0,,,False,0,
Premier League,2025/26,4,2025-09-13T12:30:00+00:00,Premier|2025|30,Arsenal,Nott'm Forest,2025-09-13T12:30:00Z,3,0,True,0,1,0.689946,0.696361,0.008554,0.55,True,1,1,0.696361,True,1,1
Premier League,2025/26,4,2025-09-13T12:30:00+00:00,Premier|2025|31,Bournemouth,Brighton,2025-09-13T15:00:00Z,2,1,True,0,GG,0.631957,0.631957,0.0,0.6,True,1,GG,0.631957,True,2,1
Premier League,2025/26,4,2025-09-13T12:30:00+00:00,Premier|2025|32,Crystal Palace,Sunderland,2025-09-13T15:00:00Z,0,0,True,0,GG,0.559978,0.559978,0.0,0.6,False,0,1,0.566051,True,1,0
Premier League,2025/26,4,2025-09-13T12:30:00+00:00,Premier|2025|33,Everton,Aston Villa,2025-09-13T15:00:00Z,0,0,True,0,GG,0.604456,0.604456,0.0,0.6,True,0,GG,0.604456,True,1,0
Premier League,2025/26,4,2025-09-13T12:30:00+00:00,Premier|2025|34,Fulham,Leeds,2025-09-13T15:00:00Z,1,0,True,0,GG,0.573362,0.573362,0.0,0.6,False,0,1,0.573521,True,1,1
Premier League,2025/26,4,2025-09-13T12:30:00+00:00,Premier|2025|35,Newcastle,Wolves,2025-09-13T15:00:00Z,1,0,True,0,1,0.67055,0.659562,0.01465,0.55,True,1,1,0.659562,True,1,1
Premier League,2025/26,4,2025-09-13T12:30:00+00:00,Premier|2025|36,West Ham,Tottenham,2025-09-13T17:30:00Z,0,3,True,0,GG,0.595518,0.595518,0.0,0.6,False,0,,,False,0,
Premier League,2025/26,4,2025-09-13T12:30:00+00:00,Premier|2025|37,Brentford,Chelsea,2025-09-13T20:00:00Z,2,2,True,0,2,0.733667,0.502842,0.307767,0.55,False,0,GG,0.625624,True,2,1
Premier League,2025/26,4,2025-09-13T12:30:00+00:00,Premier|2025|38,Burnley,Liverpool,2025-09-14T14:00:00Z,0,1,True,0,2,0.664406,0.769252,0.139794,0.55,True,1,2,0.769252,True,2,1
Premier League,2025/26,4,2025-09-13T12:30:00+00:00,Premier|2025|39,Man City,Man United,2025-09-14T16:30:00Z,3,0,True,0,GG,0.676317,0.676317,0.0,0.6,True,0,1,0.686893,True,3,1
Premier League,2025/26,5,2025-09-20T12:30:00+00:00,Premier|2025|40,Liverpool,Everton,2025-09-20T12:30:00Z,2,1,True,0,1,0.642935,0.709734,0.089065,0.55,True,1,1,0.709734,True,3,1
Premier League,2025/26,5,2025-09-20T12:30:00+00:00,Premier|2025|41,Brighton,Tottenham,2025-09-20T15:00:00Z,2,2,True,0,GG,0.61248,0.61248,0.0,0.6,True,1,GG,0.61248,True,1,1
Premier League,2025/26,5,2025-09-20T12:30:00+00:00,Premier|2025|42,Burnley,Nott'm Forest,2025-09-20T15:00:00Z,1,1,True,0,GG,0.640405,0.640405,0.0,0.6,True,1,GG,0.640405,True,2,1
Premier League,2025/26,5,2025-09-20T12:30:00+00:00,Premier|2025|43,West Ham,Crystal Palace,2025-09-20T15:00:00Z,1,2,True,0,GG,0.606021,0.606021,0.0,0.6,True,1,GG,0.606021,True,1,1
Premier League,2025/26,5,2025-09-20T12:30:00+00:00,Premier|2025|44,Wolves,Leeds,2025-09-20T15:00:00Z,1,3,True,0,GG,0.524733,0.524733,0.0,0.6,False,1,,,False,0,
Premier League,2025/26,5,2025-09-20T12:30:00+00:00,Premier|2025|45,Man United,Chelsea,2025-09-20T17:30:00Z,2,1,True,0,GG,0.69148,0.69148,0.0,0.6,True,1,GG,0.69148,True,2,1
Premier League,2025/26,5,2025-09-20T12:30:00+00:00,Premier|2025|46,Fulham,Brentford,2025-09-20T20:00:00Z,3,1,True,0,GG,0.582702,0.582702,0.0,0.6,False,1,,,False,0,
Premier League,2025/26,5,2025-09-20T12:30:00+00:00,Premier|2025|47,Bournemouth,Newcastle,2025-09-21T14:00:00Z,0,0,True,0,U2.5,0.548496,0.548496,0.0,0.6,False,1,,,False,0,
Premier League,2025/26,5,2025-09-20T12:30:00+00:00,Premier|2025|48,Sunderland,Aston Villa,2025-09-21T14:00:00Z,1,1,True,0,GG,0.519814,0.519814,0.0,0.6,False,1,,,False,0,
Premier League,2025/26,5,2025-09-20T12:30:00+00:00,Premier|2025|49,Arsenal,Man City,2025-09-21T16:30:00Z,1,1,True,0,O2.5,0.602668,0.602668,0.0,0.6,True,0,O2.5,0.602668,True,1,0
Premier League,2025/26,6,2025-09-27T12:30:00+00:00,Premier|2025|50,Brentford,Man United,2025-09-27T12:30:00Z,3,1,True,0,GG,0.656461,0.656461,0.0,0.6,True,1,GG,0.656461,True,2,1
Premier League,2025/26,6,2025-09-27T12:30:00+00:00,Premier|2025|51,Chelsea,Brighton,2025-09-27T15:00:00Z,1,3,True,0,1,0.757244,0.587336,0.226544,0.55,True,0,O2.5,0.669473,True,3,1
Premier League,2025/26,6,2025-09-27T12:30:00+00:00,Premier|2025|52,Crystal Palace,Liverpool,2025-09-27T15:00:00Z,2,1,True,0,GG,0.590324,0.590324,0.0,0.6,False,1,,,False,0,
Premier League,2025/26,6,2025-09-27T12:30:00+00:00,Premier|2025|53,Leeds,Bournemouth,2025-09-27T15:00:00Z,2,2,True,0,GG,0.52237,0.52237,0.0,0.6,False,1,,,False,0,
Premier League,2025/26,6,2025-09-27T12:30:00+00:00,Premier|2025|54,Man City,Burnley,2025-09-27T15:00:00Z,5,1,True,0,1,0.872606,0.859026,0.018106,0.55,True,1,1,0.859026,True,3,1
Premier League,2025/26,6,2025-09-27T12:30:00+00:00,Premier|2025|55,Nott'm Forest,Sunderland,2025-09-27T17:30:00Z,0,1,True,0,GG,0.563756,0.563756,0.0,0.6,False,0,,,False,0,
Premier League,2025/26,6,2025-09-27T12:30:00+00:00,Premier|2025|56,Tottenham,Wolves,2025-09-27T20:00:00Z,1,1,True,0,1,0.747332,0.609308,0.184032,0.55,True,0,1,0.609308,True,1,0
Premier League,2025/26,6,2025-09-27T12:30:00+00:00,Premier|2025|57,Aston Villa,Fulham,2025-09-28T14:00:00Z,3,1,True,0,GG,0.577657,0.577657,0.0,0.6,False,1,,,False,0,
Premier League,2025/26,6,2025-09-27T12:30:00+00:00,Premier|2025|58,Newcastle,Arsenal,2025-09-28T16:30:00Z,1,2,True,0,U2.5,0.602694,0.602694,0.0,0.6,True,0,U2.5,0.602694,True,1,0
Premier League,2025/26,6,2025-09-27T12:30:00+00:00,Premier|2025|59,Everton,West Ham,2025-09-29T20:00:00Z,1,1,True,0,O2.5,0.64591,0.64591,0.0,0.6,True,0,O2.5,0.64591,True,3,0
Premier League,2025/26,7,2025-10-03T20:00:00+00:00,Premier|2025|60,Bournemouth,Fulham,2025-10-03T20:00:00Z,3,1,True,0,GG,0.536244,0.536244,0.0,0.6,False,1,,,False,0,
Premier League,2025/26,7,2025-10-03T20:00:00+00:00,Premier|2025|61,Leeds,Tottenham,2025-10-04T12:30:00Z,1,2,True,0,2,0.547272,0.451668,0.127472,0.55,False,1,,,False,0,
Premier League,2025/26,7,2025-10-03T20:00:00+00:00,Premier|2025|62,Arsenal,West Ham,2025-10-04T15:00:00Z,2,0,True,0,1,0.842256,0.832539,0.012956,0.55,True,1,1,0.832539,True,1,1
Premier League,2025/26,7,2025-10-03T20:00:00+00:00,Premier|2025|63,Man United,Sunderland,2025-10-04T15:00:00Z,2,0,True,0,O2.5,0.627757,0.627757,0.0,0.6,True,0,O2.5,0.627757,True,2,0
Premier League,2025/26,7,2025-10-03T20:00:00+00:00,Premier|2025|64,Chelsea,Liverpool,2025-10-04T17:30:00Z,2,1,True,0,O2.5,0.672138,0.672138,0.0,0.6,True,1,O2.5,0.672138,True,2,1
Premier League,2025/26,7,2025-10-03T20:00:00+00:00,Premier|2025|65,Aston Villa,Burnley,2025-10-05T14:00:00Z,2,1,True,0,1,0.653095,0.713849,0.081005,0.55,True,1,1,0.713849,True,1,1
Premier League,2025/26,7,2025-10-03T20:00:00+00:00,Premier|2025|66,Everton,Crystal Palace,2025-10-05T14:00:00Z,2,1,True,0,GG,0.643414,0.643414,0.0,0.6,True,1,GG,0.643414,True,2,1
Premier League,2025/26,7,2025-10-03T20:00:00+00:00,Premier|2025|67,Newcastle,Nott'm Forest,2025-10-05T14:00:00Z,2,0,True,0,1,0.620136,0.563709,0.075236,0.55,True,1,1,0.563709,True,1,1
Premier League,2025/26,7,2025-10-03T20:00:00+00:00,Premier|2025|68,Wolves,Brighton,2025-10-05T14:00:00Z,1,1,True,0,GG,0.601177,0.601177,0.0,0.6,True,1,GG,0.601177,True,1,1
Premier League,2025/26,7,2025-10-03T20:00:00+00:00,Premier|2025|69,Brentford,Man City,2025-10-05T16:30:00Z,0,1,True,0,GG,0.649659,0.649659,0.0,0.6,True,0,GG,0.649659,True,2,0
Premier League,2025/26,8,2025-10-18T12:30:00+00:00,Premier|2025|70,Nott'm Forest,Chelsea,2025-10-18T12:30:00Z,0,3,True,0,2,0.703467,0.502867,0.267467,0.55,False,1,O2.5,0.653986,True,2,1
Premier League,2025/26,8,2025-10-18T12:30:00+00:00,Premier|2025|71,Brighton,Newcastle,2025-10-18T15:00:00Z,2,1,True,0,GG,0.553884,0.553884,0.0,0.6,False,1,,,False,0,
Premier League,2025/26,8,2025-10-18T12:30:00+00:00,Premier|2025|72,Burnley,Leeds,2025-10-18T15:00:00Z,2,0,True,0,2,0.565216,0.385654,0.239416,0.55,False,0,,,False,0,
Premier League,2025/26,8,2025-10-18T12:30:00+00:00,Premier|2025|73,Crystal Palace,Bournemouth,2025-10-18T15:00:00Z,3,3,True,0,GG,0.621478,0.621478,0.0,0.6,True,1,GG,0.621478,True,2,1
Premier League,2025/26,8,2025-10-18T12:30:00+00:00,Premier|2025|74,Man City,Everton,2025-10-18T15:00:00Z,2,0,True,0,1,0.681463,0.661616,0.026463,0.55,True,1,1,0.661616,True,3,1
Premier League,2025/26,8,2025-10-18T12:30:00+00:00,Premier|2025|75,Sunderland,Wolves,2025-10-18T15:00:00Z,2,0,True,0,U2.5,0.551078,0.551078,0.0,0.6,False,1,,,False,0,
Premier League,2025/26,8,2025-10-18T12:30:00+00:00,Premier|2025|76,Fulham,Arsenal,2025-10-18T17:30:00Z,0,1,True,0,2,0.726328,0.634132,0.122928,0.55,True,1,2,0.634132,True,1,1
Premier League,2025/26,8,2025-10-18T12:30:00+00:00,Premier|2025|77,Tottenham,Aston Villa,2025-10-19T14:00:00Z,1,2,True,0,U2.5,0.530392,0.530392,0.0,0.6,False,0,,,False,0,
Premier League,2025/26,8,2025-10-18T12:30:00+00:00,Premier|2025|78,Liverpool,Man United,2025-10-19T16:30:00Z,1,2,True,0,O2.5,0.711699,0.711699,0.0,0.6,True,1,O2.5,0.711699,True,2,1
Premier League,2025/26,8,2025-10-18T12:30:00+00:00,Premier|2025|79,West Ham,Brentford,2025-10-20T20:00:00Z,0,2,True,0,GG,0.601992,0.601992,0.0,0.6,True,0,GG,0.601992,True,1,0
Premier League,2025/26,9,2025-10-24T20:00:00+00:00,Premier|2025|80,Leeds,West Ham,2025-10-24T20:00:00Z,2,1,True,0,1,0.593785,0.426321,0.223285,0.55,False,1,,,False,0,
Premier League,2025/26,9,2025-10-24T20:00:00+00:00,Premier|2025|81,Chelsea,Sunderland,2025-10-25T15:00:00Z,1,2,True,0,1,0.654474,0.611969,0.056674,0.55,True,0,1,0.611969,True,1,0
Premier League,2025/26,9,2025-10-24T20:00:00+00:00,Premier|2025|82,Newcastle,Fulham,2025-10-25T15:00:00Z,2,1,True,0,1,0.624941,0.578485,0.061941,0.55,True,1,1,0.578485,True,1,1
Premier League,2025/26,9,2025-10-24T20:00:00+00:00,Premier|2025|83,Man United,Brighton,2025-10-25T17:30:00Z,4,2,True,0,O2.5,0.697869,0.697869,0.0,0.6,True,1,O2.5,0.697869,True,2,1
Premier League,2025/26,9,2025-10-24T20:00:00+00:00,Premier|2025|84,Brentford,Liverpool,2025-10-25T20:00:00Z,3,2,True,0,GG,0.657624,0.657624,0.0,0.6,True,1,GG,0.657624,True,2,1
Premier League,2025/26,9,2025-10-24T20:00:00+00:00,Premier|2025|85,Arsenal,Crystal Palace,2025-10-26T14:00:00Z,1,0,True,0,1,0.669435,0.634084,0.047135,0.55,True,1,O2.5,0.655562,True,3,0
Premier League,2025/26,9,2025-10-24T20:00:00+00:00,Premier|2025|86,Aston Villa,Man City,2025-10-26T14:00:00Z,1,0,True,0,2,0.552918,0.46718,0.114318,0.55,False,0,,,False,0,
Premier League,2025/26,9,2025-10-24T20:00:00+00:00,Premier|2025|87,Bournemouth,Nott'm Forest,2025-10-26T14:00:00Z,2,0,True,0,1,0.766979,0.617745,0.198979,0.55,True,1,O2.5,0.64748,True,3,0
Premier League,2025/26,9,2025-10-24T20:00:00+00:00,Premier|2025|88,Wolves,Burnley,2025-10-26T14:00:00Z,2,3,True,0,1,0.567355,0.493439,0.098555,0.55,False,0,,,False,0,
Premier League,2025/26,9,2025-10-24T20:00:00+00:00,Premier|2025|89,Everton,Tottenham,2025-10-26T16:30:00Z,0,3,True,0,GG,0.5482,0.5482,0.0,0.6,False,0,,,False,0,
Premier League,2025/26,10,2025-11-01T15:00:00+00:00,Premier|2025|90,Brighton,Leeds,2025-11-01T15:00:00Z,3,0,True,0,GG,0.55944,0.55944,0.0,0.6,False,0,,,False,0,
Premier League,2025/26,10,2025-11-01T15:00:00+00:00,Premier|2025|91,Burnley,Arsenal,2025-11-01T15:00:00Z,0,2,True,0,2,0.792334,0.775434,0.022534,0.55,True,1,2,0.775434,True,1,1
Premier League,2025/26,10,2025-11-01T15:00:00+00:00,Premier|2025|92,Crystal Palace,Brentford,2025-11-01T15:00:00Z,2,0,True,0,O2.5,0.707895,0.707895,0.0,0.6,True,0,O2.5,0.707895,True,2,0
Premier League,2025/26,10,2025-11-01T15:00:00+00:00,Premier|2025|93,Fulham,Wolves,2025-11-01T15:00:00Z,3,0,True,0,U2.5,0.527407,0.527407,0.0,0.6,False,0,,,False,0,
Premier League,2025/26,10,2025-11-01T15:00:00+00:00,Premier|2025|94,Nott'm Forest,Man United,2025-11-01T15:00:00Z,2,2,True,0,2,0.769335,0.460834,0.411335,0.55,False,0,O2.5,0.682914,True,2,1
Premier League,2025/26,10,2025-11-01T15:00:00+00:00,Premier|2025|95,Tottenham,Chelsea,2025-11-01T17:30:00Z,0,1,True,0,GG,0.595521,0.595521,0.0,0.6,False,0,,,False,0,
Premier League,2025/26,10,2025-11-01T15:00:00+00:00,Premier|2025|96,Liverpool,Aston Villa,2025-11-01T20:00:00Z,2,0,True,0,O2.5,0.601426,0.601426,0.0,0.6,True,0,O2.5,0.601426,True,1,0
Premier League,2025/26,10,2025-11-01T15:00:00+00:00,Premier|2025|97,West Ham,Newcastle,2025-11-02T14:00:00Z,3,1,True,0,2,0.658449,0.564062,0.125849,0.55,True,0,2,0.564062,True,1,0
Premier League,2025/26,10,2025-11-01T15:00:00+00:00,Premier|2025|98,Man City,Bournemouth,2025-11-02T16:30:00Z,3,1,True,0,1,0.623297,0.597499,0.034397,0.55,True,1,1,0.597499,True,1,1
Premier League,2025/26,10,2025-11-01T15:00:00+00:00,Premier|2025|99,Sunderland,Everton,2025-11-03T20:00:00Z,1,1,True,0,GG,0.549526,0.549526,0.0,0.6,False,1,,,False,0,
Premier League,2025/26,11,2025-11-08T12:30:00+00:00,Premier|2025|100,Tottenham,Man United,2025-11-08T12:30:00Z,2,2,True,0,GG,0.636076,0.636076,0.0,0.6,True,1,GG,0.636076,True,2,1
Premier League,2025/26,11,2025-11-08T12:30:00+00:00,Premier|2025|101,Everton,Fulham,2025-11-08T15:00:00Z,2,0,True,0,GG,0.583334,0.583334,0.0,0.6,False,0,,,False,0,
Premier League,2025/26,11,2025-11-08T12:30:00+00:00,Premier|2025|102,West Ham,Burnley,2025-11-08T15:00:00Z,3,2,True,0,GG,0.58632,0.58632,0.0,0.6,False,1,,,False,0,
Premier League,2025/26,11,2025-11-08T12:30:00+00:00,Premier|2025|103,Sunderland,Arsenal,2025-11-08T17:30:00Z,2,2,True,0,2,0.631199,0.598875,0.043099,0.55,True,0,2,0.598875,True,1,0
Premier League,2025/26,11,2025-11-08T12:30:00+00:00,Premier|2025|104,Chelsea,Wolves,2025-11-08T20:00:00Z,3,0,True,0,1,0.803319,0.78058,0.030319,0.55,True,1,1,0.78058,True,1,1
Premier League,2025/26,11,2025-11-08T12:30:00+00:00,Premier|2025|105,Aston Villa,Bournemouth,2025-11-09T14:00:00Z,4,0,True,0,U2.5,0.538137,0.538137,0.0,0.6,False,0,,,False,0,
Premier League,2025/26,11,2025-11-08T12:30:00+00:00,Premier|2025|106,Brentford,Newcastle,2025-11-09T14:00:00Z,3,1,True,0,GG,0.548488,0.548488,0.0,0.6,False,1,,,False,0,
Premier League,2025/26,11,2025-11-08T12:30:00+00:00,Premier|2025|107,Crystal Palace,Brighton,2025-11-09T14:00:00Z,0,0,True,0,O2.5,0.674076,0.674076,0.0,0.6,True,0,O2.5,0.674076,True,2,0
Premier League,2025/26,11,2025-11-08T12:30:00+00:00,Premier|2025|108,Nott'm Forest,Leeds,2025-11-09T14:00:00Z,3,1,True,0,GG,0.559711,0.559711,0.0,0.6,False,1,,,False,0,
Premier League,2025/26,11,2025-11-08T12:30:00+00:00,Premier|2025|109,Man City,Liverpool,2025-11-09T16:30:00Z,3,0,True,0,1,0.750676,0.513769,0.315876,0.55,False,1,O2.5,0.684178,True,2,1
Premier League,2025/26,12,2025-11-22T12:30:00+00:00,Premier|2025|110,Burnley,Chelsea,2025-11-22T12:30:00Z,0,2,True,0,2,0.870455,0.685914,0.246055,0.55,True,1,O2.5,0.714562,True,3,0
Premier League,2025/26,12,2025-11-22T12:30:00+00:00,Premier|2025|111,Bournemouth,West Ham,2025-11-22T15:00:00Z,2,2,True,0,1,0.654426,0.617207,0.049626,0.55,True,0,1,0.617207,True,2,0
Premier League,2025/26,12,2025-11-22T12:30:00+00:00,Premier|2025|112,Brighton,Brentford,2025-11-22T15:00:00Z,2,1,True,0,GG,0.611195,0.611195,0.0,0.6,True,1,GG,0.611195,True,1,1
Premier League,2025/26,12,2025-11-22T12:30:00+00:00,Premier|2025|113,Fulham,Sunderland,2025-11-22T15:00:00Z,1,0,True,0,U2.5,0.527516,0.527516,0.0,0.6,False,1,,,False,0,
Premier League,2025/26,12,2025-11-22T12:30:00+00:00,Premier|2025|114,Liverpool,Nott'm Forest,2025-11-22T15:00:00Z,0,3,True,0,O2.5,0.676148,0.676148,0.0,0.6,True,1,1,0.711655,True,3,0
Premier League,2025/26,12,2025-11-22T12:30:00+00:00,Premier|2025|115,Wolves,Crystal Palace,2025-11-22T15:00:00Z,0,2,True,0,2,0.605491,0.605273,0.000291,0.55,True,1,2,0.605273,True,1,1
Premier League,2025/26,12,2025-11-22T12:30:00+00:00,Premier|2025|116,Newcastle,Man City,2025-11-22T17:30:00Z,2,1,True,0,2,0.597932,0.529058,0.091832,0.55,False,0,,,False,0,
Premier League,2025/26,12,2025-11-22T12:30:00+00:00,Premier|2025|117,Leeds,Aston Villa,2025-11-23T14:00:00Z,1,2,True,0,U2.5,0.545264,0.545264,0.0,0.6,False,0,2,0.590879,True,1,1
Premier League,2025/26,12,2025-11-22T12:30:00+00:00,Premier|2025|118,Arsenal,Tottenham,2025-11-23T16:30:00Z,4,1,True,0,1,0.64684,0.73576,0.11856,0.55,True,1,1,0.73576,True,1,1
Premier League,2025/26,12,2025-11-22T12:30:00+00:00,Premier|2025|119,Man United,Everton,2025-11-24T20:00:00Z,0,1,True,0,1,0.672903,0.485626,0.249703,0.55,False,0,O2.5,0.659337,True,2,0
Premier League,2025/26,13,2025-11-29T15:00:00+00:00,Premier|2025|120,Brentford,Burnley,2025-11-29T15:00:00Z,3,1,True,0,1,0.884989,0.734472,0.200689,0.55,True,1,1,0.734472,True,2,1
Premier League,2025/26,13,2025-11-29T15:00:00+00:00,Premier|2025|121,Man City,Leeds,2025-11-29T15:00:00Z,3,2,True,0,1,0.821483,0.856071,0.046117,0.55,True,1,1,0.856071,True,1,1
Premier League,2025/26,13,2025-11-29T15:00:00+00:00,Premier|2025|122,Sunderland,Bournemouth,2025-11-29T15:00:00Z,3,2,True,0,GG,0.553263,0.553263,0.0,0.6,False,1,,,False,0,
Premier League,2025/26,13,2025-11-29T15:00:00+00:00,Premier|2025|123,Everton,Newcastle,2025-11-29T17:30:00Z,1,4,True,0,GG,0.557445,0.557445,0.0,0.6,False,1,,,False,0,
Premier League,2025/26,13,2025-11-29T15:00:00+00:00,Premier|2025|124,Tottenham,Fulham,2025-11-29T20:00:00Z,1,2,True,0,GG,0.526561,0.526561,0.0,0.6,False,1,,,False,0,
Premier League,2025/26,13,2025-11-29T15:00:00+00:00,Premier|2025|125,Crystal Palace,Man United,2025-11-30T12:00:00Z,1,2,True,0,O2.5,0.679863,0.679863,0.0,0.6,True,1,O2.5,0.679863,True,2,1
Premier League,2025/26,13,2025-11-29T15:00:00+00:00,Premier|2025|126,Aston Villa,Wolves,2025-11-30T14:05:00Z,1,0,True,0,1,0.670369,0.756567,0.114931,0.55,True,1,1,0.756567,True,1,1
Premier League,2025/26,13,2025-11-29T15:00:00+00:00,Premier|2025|127,Nott'm Forest,Brighton,2025-11-30T14:05:00Z,0,2,True,0,GG,0.598411,0.598411,0.0,0.6,False,0,,,False,0,
Premier League,2025/26,13,2025-11-29T15:00:00+00:00,Premier|2025|128,West Ham,Liverpool,2025-11-30T14:05:00Z,0,2,True,0,O2.5,0.666118,0.666118,0.0,0.6,True,0,O2.5,0.666118,True,3,0
Premier League,2025/26,13,2025-11-29T15:00:00+00:00,Premier|2025|129,Chelsea,Arsenal,2025-11-30T16:30:00Z,1,1,True,0,GG,0.574299,0.574299,0.0,0.6,False,1,,,False,0,
Premier League,2025/26,14,2025-12-02T19:30:00+00:00,Premier|2025|130,Bournemouth,Everton,2025-12-02T19:30:00Z,0,1,True,0,O2.5,0.596604,0.596604,0.0,0.6,False,0,,,False,0,
Premier League,2025/26,14,2025-12-02T19:30:00+00:00,Premier|2025|131,Fulham,Man City,2025-12-02T19:30:00Z,4,5,True,0,2,0.613508,0.567152,0.061808,0.55,True,1,2,0.567152,True,1,1
Premier League,2025/26,14,2025-12-02T19:30:00+00:00,Premier|2025|132,Newcastle,Tottenham,2025-12-02T20:15:00Z,2,2,True,0,1,0.621256,0.587464,0.045056,0.55,True,0,1,0.587464,True,1,0
Premier League,2025/26,14,2025-12-02T19:30:00+00:00,Premier|2025|133,Arsenal,Brentford,2025-12-03T19:30:00Z,2,0,True,0,1,0.704282,0.709245,0.006618,0.55,True,1,1,0.709245,True,1,1
Premier League,2025/26,14,2025-12-02T19:30:00+00:00,Premier|2025|134,Brighton,Aston Villa,2025-12-03T19:30:00Z,3,4,True,0,1,0.522108,0.433902,0.117608,0.55,False,0,,,False,0,
Premier League,2025/26,14,2025-12-02T19:30:00+00:00,Premier|2025|135,Burnley,Crystal Palace,2025-12-03T19:30:00Z,0,1,True,0,2,0.739788,0.640647,0.132188,0.55,True,1,O2.5,0.692248,True,3,0
Premier League,2025/26,14,2025-12-02T19:30:00+00:00,Premier|2025|136,Wolves,Nott'm Forest,2025-12-03T19:30:00Z,0,1,True,0,GG,0.539596,0.539596,0.0,0.6,False,0,,,False,0,
Premier League,2025/26,14,2025-12-02T19:30:00+00:00,Premier|2025|137,Leeds,Chelsea,2025-12-03T20:15:00Z,3,1,True,0,2,0.709643,0.683886,0.034343,0.55,True,0,2,0.683886,True,2,0
Premier League,2025/26,14,2025-12-02T19:30:00+00:00,Premier|2025|138,Liverpool,Sunderland,2025-12-03T20:15:00Z,1,1,True,0,O2.5,0.586157,0.586157,0.0,0.6,False,0,1,0.607929,True,1,0
Premier League,2025/26,14,2025-12-02T19:30:00+00:00,Premier|2025|139,Man United,West Ham,2025-12-04T20:00:00Z,1,1,True,0,1,0.793717,0.617904,0.234417,0.55,True,0,O2.5,0.691614,True,3,0
Premier League,2025/26,15,2025-12-06T12:30:00+00:00,Premier|2025|140,Aston Villa,Arsenal,2025-12-06T12:30:00Z,2,1,True,0,2,0.601347,0.482287,0.158747,0.55,False,0,,,False,0,
Premier League,2025/26,15,2025-12-06T12:30:00+00:00,Premier|2025|141,Bournemouth,Chelsea,2025-12-06T15:00:00Z,0,0,True,0,2,0.636339,0.452635,0.244939,0.55,False,0,GG,0.627327,True,2,0
Premier League,2025/26,15,2025-12-06T12:30:00+00:00,Premier|2025|142,Everton,Nott'm Forest,2025-12-06T15:00:00Z,3,0,True,0,GG,0.578778,0.578778,0.0,0.6,False,0,,,False,0,
Premier League,2025/26,15,2025-12-06T12:30:00+00:00,Premier|2025|143,Man City,Sunderland,2025-12-06T15:00:00Z,3,0,True,0,1,0.77517,0.710317,0.08647,0.55,True,1,1,0.710317,True,1,1
Premier League,2025/26,15,2025-12-06T12:30:00+00:00,Premier|2025|144,Newcastle,Burnley,2025-12-06T15:00:00Z,2,1,True,0,1,0.868584,0.783246,0.113784,0.55,True,1,1,0.783246,True,2,1
Premier League,2025/26,15,2025-12-06T12:30:00+00:00,Premier|2025|145,Tottenham,Brentford,2025-12-06T15:00:00Z,2,0,True,0,GG,0.566543,0.566543,0.0,0.6,False,0,,,False,0,
Premier League,2025/26,15,2025-12-06T12:30:00+00:00,Premier|2025|146,Leeds,Liverpool,2025-12-06T17:30:00Z,3,3,True,0,GG,0.617417,0.617417,0.0,0.6,True,1,2,0.628648,True,2,0
Premier League,2025/26,15,2025-12-06T12:30:00+00:00,Premier|2025|147,Brighton,West Ham,2025-12-07T14:00:00Z,1,1,True,0,1,0.724206,0.661277,0.083906,0.55,True,0,1,0.661277,True,2,0
Premier League,2025/26,15,2025-12-06T12:30:00+00:00,Premier|2025|148,Fulham,Crystal Palace,2025-12-07T16:30:00Z,1,2,True,0,GG,0.594676,0.594676,0.0,0.6,False,1,,,False,0,
Premier League,2025/26,15,2025-12-06T12:30:00+00:00,Premier|2025|149,Wolves,Man United,2025-12-08T20:00:00Z,1,4,True,0,2,0.638349,0.539162,0.132249,0.55,False,1,,,False,0,
Premier League,2025/26,16,2025-12-13T15:00:00+00:00,Premier|2025|150,Chelsea,Everton,2025-12-13T15:00:00Z,2,0,True,0,O2.5,0.594695,0.594695,0.0,0.6,False,0,,,False,0,
Premier League,2025/26,16,2025-12-13T15:00:00+00:00,Premier|2025|151,Liverpool,Brighton,2025-12-13T15:00:00Z,2,0,True,0,O2.5,0.653933,0.653933,0.0,0.6,True,0,O2.5,0.653933,True,2,0
Premier League,2025/26,16,2025-12-13T15:00:00+00:00,Premier|2025|152,Burnley,Fulham,2025-12-13T17:30:00Z,2,3,True,0,2,0.576923,0.493356,0.111423,0.55,False,1,,,False,0,
Premier League,2025/26,16,2025-12-13T15:00:00+00:00,Premier|2025|153,Arsenal,Wolves,2025-12-13T20:00:00Z,2,1,True,0,1,0.902671,0.889643,0.017371,0.55,True,1,1,0.889643,True,1,1
Premier League,2025/26,16,2025-12-13T15:00:00+00:00,Premier|2025|154,Crystal Palace,Man City,2025-12-14T14:00:00Z,0,3,True,0,GG,0.643252,0.643252,0.0,0.6,True,0,GG,0.643252,True,2,0
Premier League,2025/26,16,2025-12-13T15:00:00+00:00,Premier|2025|155,Nott'm Forest,Tottenham,2025-12-14T14:00:00Z,3,0,True,0,U2.5,0.525953,0.525953,0.0,0.6,False,0,,,False,0,
Premier League,2025/26,16,2025-12-13T15:00:00+00:00,Premier|2025|156,Sunderland,Newcastle,2025-12-14T14:00:00Z,1,0,True,0,2,0.686058,0.448414,0.316858,0.55,False,0,,,False,0,
Premier League,2025/26,16,2025-12-13T15:00:00+00:00,Premier|2025|157,West Ham,Aston Villa,2025-12-14T14:00:00Z,2,3,True,0,2,0.596823,0.564706,0.042823,0.55,True,1,2,0.564706,True,1,1
Premier League,2025/26,16,2025-12-13T15:00:00+00:00,Premier|2025|158,Brentford,Leeds,2025-12-14T16:30:00Z,1,1,True,0,O2.5,0.609227,0.609227,0.0,0.6,True,0,O2.5,0.609227,True,3,0
Premier League,2025/26,16,2025-12-13T15:00:00+00:00,Premier|2025|159,Man United,Bournemouth,2025-12-15T20:00:00Z,4,4,True,0,1,0.764636,0.519059,0.327436,0.55,False,0,O2.5,0.636341,True,2,1
Premier League,2025/26,17,2025-12-20T12:30:00+00:00,Premier|2025|160,Newcastle,Chelsea,2025-12-20T12:30:00Z,2,2,True,0,GG,0.583638,0.583638,0.0,0.6,False,1,,,False,0,
Premier League,2025/26,17,2025-12-20T12:30:00+00:00,Premier|2025|161,Bournemouth,Burnley,2025-12-20T15:00:00Z,1,1,True,0,1,0.78827,0.721692,0.08877,0.55,True,0,1,0.721692,True,2,0
Premier League,2025/26,17,2025-12-20T12:30:00+00:00,Premier|2025|162,Brighton,Sunderland,2025-12-20T15:00:00Z,0,0,True,0,1,0.623477,0.508144,0.153777,0.55,False,0,,,False,0,
Premier League,2025/26,17,2025-12-20T12:30:00+00:00,Premier|2025|163,Man City,West Ham,2025-12-20T15:00:00Z,3,0,True,0,1,0.887283,0.850396,0.049183,0.55,True,1,1,0.850396,True,2,1
Premier League,2025/26,17,2025-12-20T12:30:00+00:00,Premier|2025|164,Wolves,Brentford,2025-12-20T15:00:00Z,0,2,True,0,GG,0.54527,0.54527,0.0,0.6,False,0,,,False,0,
Premier League,2025/26,17,2025-12-20T12:30:00+00:00,Premier|2025|165,Tottenham,Liverpool,2025-12-20T17:30:00Z,1,2,True,0,2,0.597707,0.530727,0.089307,0.55,False,1,,,False,0,
Premier League,2025/26,17,2025-12-20T12:30:00+00:00,Premier|2025|166,Everton,Arsenal,2025-12-20T20:00:00Z,0,1,True,0,2,0.672972,0.586518,0.115272,0.55,True,1,2,0.586518,True,1,1
Premier League,2025/26,17,2025-12-20T12:30:00+00:00,Premier|2025|167,Leeds,Crystal Palace,2025-12-20T20:00:00Z,4,1,True,0,GG,0.605764,0.605764,0.0,0.6,True,1,GG,0.605764,True,1,1
Premier League,2025/26,17,2025-12-20T12:30:00+00:00,Premier|2025|168,Aston Villa,Man United,2025-12-21T16:30:00Z,2,1,True,0,GG,0.636091,0.636091,0.0,0.6,True,1,GG,0.636091,True,2,1
Premier League,2025/26,17,2025-12-20T12:30:00+00:00,Premier|2025|169,Fulham,Nott'm Forest,2025-12-22T20:00:00Z,1,0,True,0,GG,0.546754,0.546754,0.0,0.6,False,0,,,False,0,
Premier League,2025/26,18,2025-12-26T20:00:00+00:00,Premier|2025|170,Man United,Newcastle,2025-12-26T20:00:00Z,1,0,True,0,GG,0.630031,0.630031,0.0,0.6,True,0,GG,0.630031,True,2,0
Premier League,2025/26,18,2025-12-26T20:00:00+00:00,Premier|2025|171,Nott'm Forest,Man City,2025-12-27T12:30:00Z,1,2,True,0,2,0.687561,0.637715,0.066461,0.55,True,1,2,0.637715,True,1,1
Premier League,2025/26,18,2025-12-26T20:00:00+00:00,Premier|2025|172,Arsenal,Brighton,2025-12-27T15:00:00Z,2,1,True,0,1,0.700442,0.695911,0.006042,0.55,True,1,1,0.695911,True,1,1
Premier League,2025/26,18,2025-12-26T20:00:00+00:00,Premier|2025|173,Brentford,Bournemouth,2025-12-27T15:00:00Z,4,1,True,0,GG,0.616464,0.616464,0.0,0.6,True,1,GG,0.616464,True,2,1
Premier League,2025/26,18,2025-12-26T20:00:00+00:00,Premier|2025|174,Burnley,Everton,2025-12-27T15:00:00Z,0,0,True,0,GG,0.589429,0.589429,0.0,0.6,False,0,,,False,0,
Premier League,2025/26,18,2025-12-26T20:00:00+00:00,Premier|2025|175,Liverpool,Wolves,2025-12-27T15:00:00Z,2,1,True,0,1,0.857055,0.862039,0.006645,0.55,True,1,1,0.862039,True,1,1
Premier League,2025/26,18,2025-12-26T20:00:00+00:00,Premier|2025|176,West Ham,Fulham,2025-12-27T15:00:00Z,0,1,True,0,GG,0.571282,0.571282,0.0,0.6,False,0,,,False,0,
Premier League,2025/26,18,2025-12-26T20:00:00+00:00,Premier|2025|177,Chelsea,Aston Villa,2025-12-27T17:30:00Z,1,2,True,0,O2.5,0.601361,0.601361,0.0,0.6,True,1,O2.5,0.601361,True,1,1
Premier League,2025/26,18,2025-12-26T20:00:00+00:00,Premier|2025|178,Sunderland,Leeds,2025-12-28T14:00:00Z,1,1,True,0,U2.5,0.526465,0.526465,0.0,0.6,False,1,,,False,0,
Premier League,2025/26,18,2025-12-26T20:00:00+00:00,Premier|2025|179,Crystal Palace,Tottenham,2025-12-28T16:30:00Z,0,1,True,0,O2.5,0.558231,0.558231,0.0,0.6,False,0,,,False,0,
Premier League,2025/26,19,2025-12-30T19:30:00+00:00,Premier|2025|180,Burnley,Newcastle,2025-12-30T19:30:00Z,1,3,True,0,2,0.595569,0.573392,0.029569,0.55,True,1,2,0.573392,True,1,1
Premier League,2025/26,19,2025-12-30T19:30:00+00:00,Premier|2025|181,Chelsea,Bournemouth,2025-12-30T19:30:00Z,2,2,True,0,O2.5,0.65624,0.65624,0.0,0.6,True,1,O2.5,0.65624,True,3,1
Premier League,2025/26,19,2025-12-30T19:30:00+00:00,Premier|2025|182,Nott'm Forest,Everton,2025-12-30T19:30:00Z,0,2,True,0,GG,0.541594,0.541594,0.0,0.6,False,0,,,False,0,
Premier League,2025/26,19,2025-12-30T19:30:00+00:00,Premier|2025|183,West Ham,Brighton,2025-12-30T19:30:00Z,2,2,True,0,GG,0.623503,0.623503,0.0,0.6,True,1,GG,0.623503,True,2,1
Premier League,2025/26,19,2025-12-30T19:30:00+00:00,Premier|2025|184,Arsenal,Aston Villa,2025-12-30T20:15:00Z,4,1,True,0,1,0.762114,0.600029,0.216114,0.55,True,1,1,0.600029,True,1,1
Premier League,2025/26,19,2025-12-30T19:30:00+00:00,Premier|2025|185,Man United,Wolves,2025-12-30T20:15:00Z,1,1,True,0,1,0.849959,0.762765,0.116259,0.55,True,0,1,0.762765,True,2,0
Premier League,2025/26,19,2025-12-30T19:30:00+00:00,Premier|2025|186,Crystal Palace,Fulham,2026-01-01T17:30:00Z,1,1,True,0,O2.5,0.566768,0.566768,0.0,0.6,False,0,,,False,0,
Premier League,2025/26,19,2025-12-30T19:30:00+00:00,Premier|2025|187,Liverpool,Leeds,2026-01-01T17:30:00Z,0,0,True,0,GG,0.626814,0.626814,0.0,0.6,True,0,1,0.737734,True,3,0
Premier League,2025/26,19,2025-12-30T19:30:00+00:00,Premier|2025|188,Brentford,Tottenham,2026-01-01T20:00:00Z,0,0,True,0,GG,0.555124,0.555124,0.0,0.6,False,0,,,False,0,
Premier League,2025/26,19,2025-12-30T19:30:00+00:00,Premier|2025|189,Sunderland,Man City,2026-01-01T20:00:00Z,0,0,True,0,2,0.719888,0.607772,0.149488,0.55,True,0,2,0.607772,True,1,0
Premier League,2025/26,20,2026-01-03T12:30:00+00:00,Premier|2025|190,Aston Villa,Nott'm Forest,2026-01-03T12:30:00Z,3,1,True,0,1,0.606404,0.674051,0.090196,0.55,True,1,1,0.674051,True,1,1
Premier League,2025/26,20,2026-01-03T12:30:00+00:00,Premier|2025|191,Brighton,Burnley,2026-01-03T15:00:00Z,2,0,True,0,1,0.726448,0.730912,0.005952,0.55,True,1,1,0.730912,True,3,1
Premier League,2025/26,20,2026-01-03T12:30:00+00:00,Premier|2025|192,Wolves,West Ham,2026-01-03T15:00:00Z,3,0,True,0,GG,0.538189,0.538189,0.0,0.6,False,0,,,False,0,
Premier League,2025/26,20,2026-01-03T12:30:00+00:00,Premier|2025|193,Bournemouth,Arsenal,2026-01-03T17:30:00Z,2,3,True,0,2,0.714808,0.648652,0.088208,0.55,True,1,2,0.648652,True,1,1
Premier League,2025/26,20,2026-01-03T12:30:00+00:00,Premier|2025|194,Leeds,Man United,2026-01-04T12:30:00Z,1,1,True,0,GG,0.633749,0.633749,0.0,0.6,True,1,GG,0.633749,True,2,1
Premier League,2025/26,20,2026-01-03T12:30:00+00:00,Premier|2025|195,Everton,Brentford,2026-01-04T15:00:00Z,2,4,True,0,GG,0.586747,0.586747,0.0,0.6,False,1,,,False,0,
Premier League,2025/26,20,2026-01-03T12:30:00+00:00,Premier|2025|196,Newcastle,Crystal Palace,2026-01-04T15:00:00Z,2,0,True,0,1,0.604991,0.499398,0.140791,0.55,False,1,,,False,0,
Premier League,2025/26,20,2026-01-03T12:30:00+00:00,Premier|2025|197,Tottenham,Sunderland,2026-01-04T15:00:00Z,1,1,True,0,U2.5,0.61061,0.61061,0.0,0.6,True,1,U2.5,0.61061,True,1,1
Premier League,2025/26,20,2026-01-03T12:30:00+00:00,Premier|2025|198,Fulham,Liverpool,2026-01-04T15:15:00Z,2,2,True,0,GG,0.575889,0.575889,0.0,0.6,False,1,,,False,0,
Premier League,2025/26,20,2026-01-03T12:30:00+00:00,Premier|2025|199,Man City,Chelsea,2026-01-04T17:30:00Z,1,1,True,0,O2.5,0.673444,0.673444,0.0,0.6,True,0,O2.5,0.673444,True,3,0
Premier League,2025/26,21,2026-01-06T20:00:00+00:00,Premier|2025|200,West Ham,Nott'm Forest,2026-01-06T20:00:00Z,1,2,True,0,GG,0.572274,0.572274,0.0,0.6,False,1,,,False,0,
Premier League,2025/26,21,2026-01-06T20:00:00+00:00,Premier|2025|201,Bournemouth,Tottenham,2026-01-07T19:30:00Z,3,2,True,0,GG,0.530828,0.530828,0.0,0.6,False,1,,,False,0,
Premier League,2025/26,21,2026-01-06T20:00:00+00:00,Premier|2025|202,Brentford,Sunderland,2026-01-07T19:30:00Z,3,0,True,0,1,0.701467,0.523442,0.237367,0.55,False,1,,,False,0,
Premier League,2025/26,21,2026-01-06T20:00:00+00:00,Premier|2025|203,Crystal Palace,Aston Villa,2026-01-07T19:30:00Z,0,0,True,0,O2.5,0.629444,0.629444,0.0,0.6,True,0,O2.5,0.629444,True,2,0
Premier League,2025/26,21,2026-01-06T20:00:00+00:00,Premier|2025|204,Everton,Wolves,2026-01-07T19:30:00Z,1,1,True,0,U2.5,0.52482,0.52482,0.0,0.6,False,1,1,0.616964,True,1,0
Premier League,2025/26,21,2026-01-06T20:00:00+00:00,Premier|2025|205,Fulham,Chelsea,2026-01-07T19:30:00Z,2,1,True,0,GG,0.611174,0.611174,0.0,0.6,True,1,GG,0.611174,True,1,1
Premier League,2025/26,21,2026-01-06T20:00:00+00:00,Premier|2025|206,Man City,Brighton,2026-01-07T19:30:00Z,1,1,True,0,1,0.725227,0.692957,0.043027,0.55,True,0,1,0.692957,True,3,0
Premier League,2025/26,21,2026-01-06T20:00:00+00:00,Premier|2025|207,Burnley,Man United,2026-01-07T20:15:00Z,2,2,True,0,2,0.799684,0.599821,0.266484,0.55,False,0,O2.5,0.668049,True,2,1
Premier League,2025/26,21,2026-01-06T20:00:00+00:00,Premier|2025|208,Newcastle,Leeds,2026-01-07T20:15:00Z,4,3,True,0,GG,0.546927,0.546927,0.0,0.6,False,1,1,0.621665,True,1,1
Premier League,2025/26,21,2026-01-06T20:00:00+00:00,Premier|2025|209,Arsenal,Liverpool,2026-01-08T20:00:00Z,0,0,True,0,1,0.588028,0.586807,0.001628,0.55,True,0,1,0.586807,True,1,0
Premier League,2025/26,22,2026-01-17T12:30:00+00:00,Premier|2025|210,Man United,Man City,2026-01-17T12:30:00Z,2,0,True,0,GG,0.658053,0.658053,0.0,0.6,True,0,GG,0.658053,True,2,0
Premier League,2025/26,22,2026-01-17T12:30:00+00:00,Premier|2025|211,Chelsea,Brentford,2026-01-17T15:00:00Z,2,0,True,0,GG,0.67873,0.67873,0.0,0.6,True,0,GG,0.67873,True,2,0
Premier League,2025/26,22,2026-01-17T12:30:00+00:00,Premier|2025|212,Leeds,Fulham,2026-01-17T15:00:00Z,1,0,True,0,GG,0.551995,0.551995,0.0,0.6,False,0,,,False,0,
Premier League,2025/26,22,2026-01-17T12:30:00+00:00,Premier|2025|213,Liverpool,Burnley,2026-01-17T15:00:00Z,1,1,True,0,1,0.803144,0.840986,0.050456,0.55,True,0,1,0.840986,True,2,0
Premier League,2025/26,22,2026-01-17T12:30:00+00:00,Premier|2025|214,Sunderland,Crystal Palace,2026-01-17T15:00:00Z,2,1,True,0,GG,0.563213,0.563213,0.0,0.6,False,1,,,False,0,
Premier League,2025/26,22,2026-01-17T12:30:00+00:00,Premier|2025|215,Tottenham,West Ham,2026-01-17T15:00:00Z,1,2,True,0,1,0.630875,0.588669,0.056275,0.55,True,0,1,0.588669,True,1,0
Premier League,2025/26,22,2026-01-17T12:30:00+00:00,Premier|2025|216,Nott'm Forest,Arsenal,2026-01-17T17:30:00Z,0,0,True,0,2,0.803608,0.709927,0.124908,0.55,True,0,2,0.709927,True,1,0
Premier League,2025/26,22,2026-01-17T12:30:00+00:00,Premier|2025|217,Wolves,Newcastle,2026-01-18T14:00:00Z,0,0,True,0,2,0.583285,0.595371,0.016115,0.55,True,0,2,0.595371,True,1,0
Premier League,2025/26,22,2026-01-17T12:30:00+00:00,Premier|2025|218,Aston Villa,Everton,2026-01-18T16:30:00Z,0,1,True,0,GG,0.576262,0.576262,0.0,0.6,False,0,1,0.611899,True,1,0
Premier League,2025/26,22,2026-01-17T12:30:00+00:00,Premier|2025|219,Brighton,Bournemouth,2026-01-19T20:00:00Z,1,1,True,0,GG,0.650872,0.650872,0.0,0.6,True,1,GG,0.650872,True,2,1
Premier League,2025/26,23,2026-01-24T12:30:00+00:00,Premier|2025|220,West Ham,Sunderland,2026-01-24T12:30:00Z,3,1,True,0,GG,0.559819,0.559819,0.0,0.6,False,1,,,False,0,
Premier League,2025/26,23,2026-01-24T12:30:00+00:00,Premier|2025|221,Burnley,Tottenham,2026-01-24T15:00:00Z,2,2,True,0,2,0.584021,0.479905,0.138821,0.55,False,0,,,False,0,
Premier League,2025/26,23,2026-01-24T12:30:00+00:00,Premier|2025|222,Fulham,Brighton,2026-01-24T15:00:00Z,2,1,True,0,GG,0.584664,0.584664,0.0,0.6,False,1,,,False,0,
Premier League,2025/26,23,2026-01-24T12:30:00+00:00,Premier|2025|223,Man City,Wolves,2026-01-24T15:00:00Z,2,0,True,0,1,0.667282,0.813696,0.195218,0.55,True,1,1,0.813696,True,1,1
Premier League,2025/26,23,2026-01-24T12:30:00+00:00,Premier|2025|224,Bournemouth,Liverpool,2026-01-24T17:30:00Z,3,2,True,0,GG,0.618836,0.618836,0.0,0.6,True,1,GG,0.618836,True,1,1
Premier League,2025/26,23,2026-01-24T12:30:00+00:00,Premier|2025|225,Brentford,Nott'm Forest,2026-01-25T14:00:00Z,0,2,True,0,1,0.77124,0.603435,0.22374,0.55,True,0,O2.5,0.608696,True,2,0
Premier League,2025/26,23,2026-01-24T12:30:00+00:00,Premier|2025|226,Crystal Palace,Chelsea,2026-01-25T14:00:00Z,1,3,True,0,GG,0.673613,0.673613,0.0,0.6,True,1,GG,0.673613,True,2,1
Premier League,2025/26,23,2026-01-24T12:30:00+00:00,Premier|2025|227,Newcastle,Aston Villa,2026-01-25T14:00:00Z,0,2,True,0,1,0.661184,0.438821,0.296484,0.55,False,0,,,False,0,
Premier League,2025/26,23,2026-01-24T12:30:00+00:00,Premier|2025|228,Arsenal,Man United,2026-01-25T16:30:00Z,2,3,True,0,1,0.62044,0.70291,0.10996,0.55,True,0,1,0.70291,True,1,0
Premier League,2025/26,23,2026-01-24T12:30:00+00:00,Premier|2025|229,Everton,Leeds,2026-01-26T20:00:00Z,1,1,True,0,GG,0.562531,0.562531,0.0,0.6,False,1,,,False,0,
Premier League,2025/26,24,2026-01-31T15:00:00+00:00,Premier|2025|230,Brighton,Everton,2026-01-31T15:00:00Z,1,1,True,0,GG,0.581736,0.581736,0.0,0.6,False,1,,,False,0,
Premier League,2025/26,24,2026-01-31T15:00:00+00:00,Premier|2025|231,Leeds,Arsenal,2026-01-31T15:00:00Z,0,4,True,0,2,0.644598,0.673624,0.038702,0.55,True,1,2,0.673624,True,1,1
Premier League,2025/26,24,2026-01-31T15:00:00+00:00,Premier|2025|232,Wolves,Bournemouth,2026-01-31T15:00:00Z,0,2,True,0,GG,0.522054,0.522054,0.0,0.6,False,0,,,False,0,
Premier League,2025/26,24,2026-01-31T15:00:00+00:00,Premier|2025|233,Chelsea,West Ham,2026-01-31T17:30:00Z,3,2,True,0,1,0.839182,0.744096,0.126782,0.55,True,1,1,0.744096,True,3,1
Premier League,2025/26,24,2026-01-31T15:00:00+00:00,Premier|2025|234,Liverpool,Newcastle,2026-01-31T20:00:00Z,4,1,True,0,GG,0.575968,0.575968,0.0,0.6,False,1,,,False,0,
Premier League,2025/26,24,2026-01-31T15:00:00+00:00,Premier|2025|235,Aston Villa,Brentford,2026-02-01T14:00:00Z,0,1,True,0,GG,0.623927,0.623927,0.0,0.6,True,0,GG,0.623927,True,2,0
Premier League,2025/26,24,2026-01-31T15:00:00+00:00,Premier|2025|236,Man United,Fulham,2026-02-01T14:00:00Z,3,2,True,0,1,0.72188,0.534845,0.24938,0.55,False,1,O2.5,0.607586,True,1,1
Premier League,2025/26,24,2026-01-31T15:00:00+00:00,Premier|2025|237,Nott'm Forest,Crystal Palace,2026-02-01T14:00:00Z,1,1,True,0,GG,0.60127,0.60127,0.0,0.6,True,1,GG,0.60127,True,1,1
Premier League,2025/26,24,2026-01-31T15:00:00+00:00,Premier|2025|238,Tottenham,Man City,2026-02-01T16:30:00Z,2,2,True,0,GG,0.544464,0.544464,0.0,0.6,False,1,2,0.585051,True,1,0
Premier League,2025/26,24,2026-01-31T15:00:00+00:00,Premier|2025|239,Sunderland,Burnley,2026-02-02T20:00:00Z,3,0,True,0,GG,0.528191,0.528191,0.0,0.6,False,0,1,0.622619,True,1,1
Premier League,2025/26,25,2026-02-06T20:00:00+00:00,Premier|2025|240,Leeds,Nott'm Forest,2026-02-06T20:00:00Z,3,1,True,0,GG,0.541764,0.541764,0.0,0.6,False,1,,,False,0,
Premier League,2025/26,25,2026-02-06T20:00:00+00:00,Premier|2025|241,Man United,Tottenham,2026-02-07T12:30:00Z,2,0,True,0,1,0.699842,0.598036,0.135742,0.55,True,1,1,0.598036,True,1,1
Premier League,2025/26,25,2026-02-06T20:00:00+00:00,Premier|2025|242,Arsenal,Sunderland,2026-02-07T15:00:00Z,3,0,True,0,1,0.886151,0.781488,0.139551,0.55,True,1,1,0.781488,True,1,1
Premier League,2025/26,25,2026-02-06T20:00:00+00:00,Premier|2025|243,Bournemouth,Aston Villa,2026-02-07T15:00:00Z,1,1,True,0,GG,0.607629,0.607629,0.0,0.6,True,1,GG,0.607629,True,2,1
Premier League,2025/26,25,2026-02-06T20:00:00+00:00,Premier|2025|244,Burnley,West Ham,2026-02-07T15:00:00Z,0,2,True,0,GG,0.611733,0.611733,0.0,0.6,True,0,GG,0.611733,True,1,0
Premier League,2025/26,25,2026-02-06T20:00:00+00:00,Premier|2025|245,Fulham,Everton,2026-02-07T15:00:00Z,1,2,True,0,GG,0.52582,0.52582,0.0,0.6,False,1,,,False,0,
Premier League,2025/26,25,2026-02-06T20:00:00+00:00,Premier|2025|246,Wolves,Chelsea,2026-02-07T15:00:00Z,1,3,True,0,2,0.634312,0.658453,0.032188,0.55,True,1,2,0.658453,True,1,1
Premier League,2025/26,25,2026-02-06T20:00:00+00:00,Premier|2025|247,Newcastle,Brentford,2026-02-07T17:30:00Z,2,3,True,0,GG,0.598395,0.598395,0.0,0.6,False,1,,,False,0,
Premier League,2025/26,25,2026-02-06T20:00:00+00:00,Premier|2025|248,Brighton,Crystal Palace,2026-02-08T14:00:00Z,0,1,True,0,GG,0.653941,0.653941,0.0,0.6,True,0,GG,0.653941,True,2,0
Premier League,2025/26,25,2026-02-06T20:00:00+00:00,Premier|2025|249,Liverpool,Man City,2026-02-08T16:30:00Z,1,2,True,0,GG,0.620407,0.620407,0.0,0.6,True,1,GG,0.620407,True,1,1
Premier League,2025/26,26,2026-02-10T19:30:00+00:00,Premier|2025|250,Chelsea,Leeds,2026-02-10T19:30:00Z,2,2,True,0,1,0.770938,0.708809,0.082838,0.55,True,0,1,0.708809,True,3,0
Premier League,2025/26,26,2026-02-10T19:30:00+00:00,Premier|2025|251,Everton,Bournemouth,2026-02-10T19:30:00Z,1,2,True,0,GG,0.586779,0.586779,0.0,0.6,False,1,,,False,0,
Premier League,2025/26,26,2026-02-10T19:30:00+00:00,Premier|2025|252,Tottenham,Newcastle,2026-02-10T19:30:00Z,1,2,True,0,U2.5,0.526466,0.526466,0.0,0.6,False,0,,,False,0,
Premier League,2025/26,26,2026-02-10T19:30:00+00:00,Premier|2025|253,West Ham,Man United,2026-02-10T20:15:00Z,1,1,True,0,O2.5,0.653326,0.653326,0.0,0.6,True,0,O2.5,0.653326,True,2,0
Premier League,2025/26,26,2026-02-10T19:30:00+00:00,Premier|2025|254,Aston Villa,Brighton,2026-02-11T19:30:00Z,1,0,True,0,GG,0.594654,0.594654,0.0,0.6,False,0,,,False,0,
Premier League,2025/26,26,2026-02-10T19:30:00+00:00,Premier|2025|255,Crystal Palace,Burnley,2026-02-11T19:30:00Z,2,3,True,0,1,0.773282,0.730246,0.057382,0.55,True,0,1,0.730246,True,2,0
Premier League,2025/26,26,2026-02-10T19:30:00+00:00,Premier|2025|256,Man City,Fulham,2026-02-11T19:30:00Z,3,0,True,0,1,0.757774,0.727794,0.039974,0.55,True,1,1,0.727794,True,2,1
Premier League,2025/26,26,2026-02-10T19:30:00+00:00,Premier|2025|257,Nott'm Forest,Wolves,2026-02-11T19:30:00Z,0,0,True,0,U2.5,0.552127,0.552127,0.0,0.6,False,1,1,0.598735,True,1,0
Premier League,2025/26,26,2026-02-10T19:30:00+00:00,Premier|2025|258,Sunderland,Liverpool,2026-02-11T20:15:00Z,0,1,True,0,2,0.737692,0.519298,0.291192,0.55,False,1,,,False,0,
Premier League,2025/26,26,2026-02-10T19:30:00+00:00,Premier|2025|259,Brentford,Arsenal,2026-02-12T20:00:00Z,1,1,True,0,2,0.632057,0.549139,0.110557,0.55,False,0,,,False,0,
Premier League,2025/26,27,2026-02-18T20:00:00+00:00,Premier|2025|260,Wolves,Arsenal,2026-02-18T20:00:00Z,2,2,True,0,2,0.774438,0.808309,0.045162,0.55,True,0,2,0.808309,True,1,0
Premier League,2025/26,27,2026-02-18T20:00:00+00:00,Premier|2025|261,Aston Villa,Leeds,2026-02-21T15:00:00Z,1,1,True,0,GG,0.583047,0.583047,0.0,0.6,False,1,1,0.646597,True,1,0
Premier League,2025/26,27,2026-02-18T20:00:00+00:00,Premier|2025|262,Brentford,Brighton,2026-02-21T15:00:00Z,0,2,True,0,O2.5,0.62008,0.62008,0.0,0.6,True,0,O2.5,0.62008,True,2,0
Premier League,2025/26,27,2026-02-18T20:00:00+00:00,Premier|2025|263,Chelsea,Burnley,2026-02-21T15:00:00Z,1,1,True,0,1,0.936337,0.845334,0.121337,0.55,True,0,1,0.845334,True,2,0
Premier League,2025/26,27,2026-02-18T20:00:00+00:00,Premier|2025|264,West Ham,Bournemouth,2026-02-21T17:30:00Z,0,0,True,0,GG,0.628643,0.628643,0.0,0.6,True,0,GG,0.628643,True,2,0
Premier League,2025/26,27,2026-02-18T20:00:00+00:00,Premier|2025|265,Man City,Newcastle,2026-02-21T20:00:00Z,2,1,True,0,1,0.731091,0.685873,0.060291,0.55,True,1,1,0.685873,True,1,1
Premier League,2025/26,27,2026-02-18T20:00:00+00:00,Premier|2025|267,Nott'm Forest,Liverpool,2026-02-22T14:00:00Z,0,1,True,0,2,0.612523,0.533456,0.105423,0.55,False,1,,,False,0,
Premier League,2025/26,27,2026-02-18T20:00:00+00:00,Premier|2025|268,Sunderland,Fulham,2026-02-22T14:00:00Z,1,3,True,0,U2.5,0.555407,0.555407,0.0,0.6,False,0,,,False,0,
Premier League,2025/26,27,2026-02-18T20:00:00+00:00,Premier|2025|270,Everton,Man United,2026-02-23T20:00:00Z,0,1,True,0,2,0.608726,0.418881,0.253126,0.55,False,1,,,False,0,
Premier League,2025/26,29,2026-02-27T20:00:00+00:00,Premier|2025|271,Wolves,Aston Villa,2026-02-27T20:00:00Z,2,0,True,0,U2.5,0.548327,0.548327,0.0,0.6,False,1,2,0.636493,True,1,0
Premier League,2025/26,29,2026-02-27T20:00:00+00:00,Premier|2025|280,Arsenal,Chelsea,2026-03-01T16:30:00Z,2,1,True,0,1,0.64735,0.620988,0.03515,0.55,True,1,1,0.620988,True,2,1
Premier League,2025/26,29,2026-02-27T20:00:00+00:00,Premier|2025|281,Bournemouth,Brentford,2026-03-03T19:30:00Z,0,0,True,0,GG,0.647302,0.647302,0.0,0.6,True,0,GG,0.647302,True,2,0
Premier League,2025/26,29,2026-02-27T20:00:00+00:00,Premier|2025|282,Everton,Burnley,2026-03-03T19:30:00Z,2,0,True,0,1,0.669517,0.665604,0.005217,0.55,True,1,1,0.665604,True,1,1
Premier League,2025/26,29,2026-02-27T20:00:00+00:00,Premier|2025|283,Leeds,Sunderland,2026-03-03T19:30:00Z,0,1,True,0,1,0.62541,0.464828,0.21411,0.55,False,0,,,False,0,
Premier League,2025/26,29,2026-02-27T20:00:00+00:00,Premier|2025|285,Aston Villa,Chelsea,2026-03-04T19:30:00Z,1,4,True,0,GG,0.636603,0.636603,0.0,0.6,True,1,GG,0.636603,True,2,1
Premier League,2025/26,29,2026-02-27T20:00:00+00:00,Premier|2025|287,Fulham,West Ham,2026-03-04T19:30:00Z,0,1,True,0,GG,0.580235,0.580235,0.0,0.6,False,0,,,False,0,
Premier League,2025/26,29,2026-02-27T20:00:00+00:00,Premier|2025|288,Man City,Nott'm Forest,2026-03-04T19:30:00Z,2,2,True,0,1,0.775541,0.78136,0.007759,0.55,True,0,1,0.78136,True,2,0
Premier League,2025/26,29,2026-03-04T20:15:00+00:00,Premier|2025|289,Newcastle,Man United,2026-03-04T20:15:00Z,2,1,True,0,GG,0.603263,0.603263,0.0,0.6,True,1,GG,0.603263,True,1,1
Premier League,2025/26,29,2026-03-04T20:15:00+00:00,Premier|2025|290,Tottenham,Crystal Palace,2026-03-05T20:00:00Z,1,3,True,0,GG,0.573101,0.573101,0.0,0.6,False,1,,,False,0,
Premier League,2025/26,30,2026-03-14T15:00:00+00:00,Premier|2025|291,Burnley,Bournemouth,2026-03-14T15:00:00Z,0,0,True,0,2,0.65763,0.586357,0.09503,0.55,True,0,O2.5,0.605803,True,2,0
Premier League,2025/26,30,2026-03-14T15:00:00+00:00,Premier|2025|292,Sunderland,Brighton,2026-03-14T15:00:00Z,0,1,True,0,2,0.530282,0.399196,0.174782,0.55,False,1,,,False,0,
Premier League,2025/26,30,2026-03-14T15:00:00+00:00,Premier|2025|294,Chelsea,Newcastle,2026-03-14T17:30:00Z,0,1,True,0,O2.5,0.666047,0.666047,0.0,0.6,True,0,O2.5,0.666047,True,3,0
Premier League,2025/26,30,2026-03-14T15:00:00+00:00,Premier|2025|295,West Ham,Man City,2026-03-14T20:00:00Z,1,1,True,0,2,0.692908,0.661852,0.041408,0.55,True,0,2,0.661852,True,3,0
Premier League,2025/26,30,2026-03-14T15:00:00+00:00,Premier|2025|296,Crystal Palace,Leeds,2026-03-15T14:00:00Z,0,0,True,0,GG,0.620307,0.620307,0.0,0.6,True,0,GG,0.620307,True,2,0
Premier League,2025/26,30,2026-03-14T15:00:00+00:00,Premier|2025|297,Man United,Aston Villa,2026-03-15T14:00:00Z,3,1,True,0,1,0.690138,0.494509,0.260838,0.55,False,1,,,False,0,
Premier League,2025/26,30,2026-03-14T15:00:00+00:00,Premier|2025|298,Nott'm Forest,Fulham,2026-03-15T14:00:00Z,0,0,True,0,GG,0.552925,0.552925,0.0,0.6,False,0,,,False,0,
Premier League,2025/26,30,2026-03-14T15:00:00+00:00,Premier|2025|299,Liverpool,Tottenham,2026-03-15T16:30:00Z,1,1,True,0,1,0.806017,0.759054,0.062617,0.55,True,0,1,0.759054,True,1,0
Premier League,2025/26,31,2026-03-16T20:00:00+00:00,Premier|2025|300,Brentford,Wolves,2026-03-16T20:00:00Z,2,2,True,0,1,0.618817,0.654129,0.047083,0.55,True,0,1,0.654129,True,1,0
Premier League,2025/26,31,2026-03-16T20:00:00+00:00,Premier|2025|301,Bournemouth,Man United,2026-03-20T20:00:00Z,2,2,True,0,GG,0.637717,0.637717,0.0,0.6,True,1,GG,0.637717,True,2,1
Premier League,2025/26,31,2026-03-16T20:00:00+00:00,Premier|2025|302,Brighton,Liverpool,2026-03-21T12:30:00Z,2,1,True,0,GG,0.587389,0.587389,0.0,0.6,False,1,,,False,0,
Premier League,2025/26,31,2026-03-16T20:00:00+00:00,Premier|2025|303,Fulham,Burnley,2026-03-21T15:00:00Z,3,1,True,0,1,0.649443,0.667036,0.023457,0.55,True,1,1,0.667036,True,1,1
Premier League,2025/26,31,2026-03-16T20:00:00+00:00,Premier|2025|304,Everton,Chelsea,2026-03-21T17:30:00Z,3,0,True,0,GG,0.632873,0.632873,0.0,0.6,True,0,GG,0.632873,True,2,0
Premier League,2025/26,31,2026-03-16T20:00:00+00:00,Premier|2025|305,Leeds,Brentford,2026-03-21T20:00:00Z,0,0,True,0,GG,0.628067,0.628067,0.0,0.6,True,0,GG,0.628067,True,2,0
Premier League,2025/26,31,2026-03-22T12:00:00+00:00,Premier|2025|306,Newcastle,Sunderland,2026-03-22T12:00:00Z,1,2,True,0,1,0.676397,0.565549,0.147797,0.55,True,0,1,0.565549,True,1,0
Premier League,2025/26,31,2026-03-22T12:00:00+00:00,Premier|2025|307,Aston Villa,West Ham,2026-03-22T14:15:00Z,2,0,True,0,GG,0.577057,0.577057,0.0,0.6,False,0,1,0.555849,True,1,1
Premier League,2025/26,31,2026-03-22T12:00:00+00:00,Premier|2025|308,Tottenham,Nott'm Forest,2026-03-22T14:15:00Z,0,3,True,0,GG,0.524576,0.524576,0.0,0.6,False,0,,,False,0,
Premier League,2025/26,32,2026-04-10T20:00:00+00:00,Premier|2025|309,West Ham,Wolves,2026-04-10T20:00:00Z,4,0,True,0,GG,0.538108,0.538108,0.0,0.6,False,0,,,False,0,
Premier League,2025/26,32,2026-04-10T20:00:00+00:00,Premier|2025|310,Arsenal,Bournemouth,2026-04-11T12:30:00Z,1,2,True,0,1,0.731404,0.738601,0.009596,0.55,True,0,1,0.738601,True,1,0
Premier League,2025/26,32,2026-04-10T20:00:00+00:00,Premier|2025|311,Brentford,Everton,2026-04-11T15:00:00Z,2,2,True,0,O2.5,0.577661,0.577661,0.0,0.6,False,1,,,False,0,
Premier League,2025/26,32,2026-04-10T20:00:00+00:00,Premier|2025|312,Burnley,Brighton,2026-04-11T15:00:00Z,0,2,True,0,2,0.695566,0.625316,0.093666,0.55,True,1,2,0.625316,True,1,1
Premier League,2025/26,32,2026-04-10T20:00:00+00:00,Premier|2025|313,Liverpool,Fulham,2026-04-11T17:30:00Z,2,0,True,0,1,0.645067,0.592592,0.069967,0.55,True,1,1,0.592592,True,1,1
Premier League,2025/26,32,2026-04-10T20:00:00+00:00,Premier|2025|314,Crystal Palace,Newcastle,2026-04-12T14:00:00Z,2,1,True,0,GG,0.610513,0.610513,0.0,0.6,True,1,GG,0.610513,True,1,1
Premier League,2025/26,32,2026-04-10T20:00:00+00:00,Premier|2025|315,Nott'm Forest,Aston Villa,2026-04-12T14:00:00Z,1,1,True,0,GG,0.556575,0.556575,0.0,0.6,False,1,,,False,0,
Premier League,2025/26,32,2026-04-10T20:00:00+00:00,Premier|2025|316,Sunderland,Tottenham,2026-04-12T14:00:00Z,1,0,True,0,U2.5,0.565136,0.565136,0.0,0.6,False,1,,,False,0,
Premier League,2025/26,32,2026-04-10T20:00:00+00:00,Premier|2025|317,Chelsea,Man City,2026-04-12T16:30:00Z,0,3,True,0,GG,0.67034,0.67034,0.0,0.6,True,0,GG,0.67034,True,2,0
Premier League,2025/26,32,2026-04-10T20:00:00+00:00,Premier|2025|318,Man United,Leeds,2026-04-13T20:00:00Z,1,2,True,0,1,0.689576,0.649619,0.053276,0.55,True,0,1,0.649619,True,1,0
Premier League,2025/26,33,2026-04-18T12:30:00+00:00,Premier|2025|319,Brentford,Fulham,2026-04-18T12:30:00Z,0,0,True,0,O2.5,0.595389,0.595389,0.0,0.6,False,0,,,False,0,
Premier League,2025/26,33,2026-04-18T12:30:00+00:00,Premier|2025|320,Leeds,Wolves,2026-04-18T15:00:00Z,3,0,True,0,1,0.60853,0.565082,0.05793,0.55,True,1,1,0.565082,True,1,1
Premier League,2025/26,33,2026-04-18T12:30:00+00:00,Premier|2025|321,Newcastle,Bournemouth,2026-04-18T15:00:00Z,1,2,True,0,GG,0.628843,0.628843,0.0,0.6,True,1,GG,0.628843,True,2,1
Premier League,2025/26,33,2026-04-18T12:30:00+00:00,Premier|2025|322,Tottenham,Brighton,2026-04-18T17:30:00Z,2,2,True,0,GG,0.529854,0.529854,0.0,0.6,False,1,,,False,0,
Premier League,2025/26,33,2026-04-18T12:30:00+00:00,Premier|2025|323,Chelsea,Man United,2026-04-18T20:00:00Z,0,1,True,0,O2.5,0.679,0.679,0.0,0.6,True,0,O2.5,0.679,True,2,0
Premier League,2025/26,33,2026-04-18T12:30:00+00:00,Premier|2025|324,Aston Villa,Sunderland,2026-04-19T14:00:00Z,4,3,True,0,U2.5,0.527181,0.527181,0.0,0.6,False,0,,,False,0,
Premier League,2025/26,33,2026-04-18T12:30:00+00:00,Premier|2025|325,Everton,Liverpool,2026-04-19T14:00:00Z,1,2,True,0,GG,0.579615,0.579615,0.0,0.6,False,1,,,False,0,
Premier League,2025/26,33,2026-04-18T12:30:00+00:00,Premier|2025|326,Nott'm Forest,Burnley,2026-04-19T14:00:00Z,4,1,True,0,1,0.684722,0.670231,0.019322,0.55,True,1,1,0.670231,True,1,1
Premier League,2025/26,33,2026-04-18T12:30:00+00:00,Premier|2025|327,Man City,Arsenal,2026-04-19T16:30:00Z,2,1,True,0,GG,0.540988,0.540988,0.0,0.6,False,1,,,False,0,
Premier League,2025/26,33,2026-04-18T12:30:00+00:00,Premier|2025|328,Crystal Palace,West Ham,2026-04-20T20:00:00Z,0,0,True,0,O2.5,0.628947,0.628947,0.0,0.6,True,0,O2.5,0.628947,True,2,0
Premier League,2025/26,34,2026-04-21T20:00:00+00:00,Premier|2025|329,Brighton,Chelsea,2026-04-21T20:00:00Z,3,0,True,0,GG,0.630134,0.630134,0.0,0.6,True,0,GG,0.630134,True,2,0
Premier League,2025/26,34,2026-04-21T20:00:00+00:00,Premier|2025|330,Bournemouth,Leeds,2026-04-22T20:00:00Z,2,2,True,0,GG,0.622002,0.622002,0.0,0.6,True,1,GG,0.622002,True,2,1
Premier League,2025/26,34,2026-04-21T20:00:00+00:00,Premier|2025|331,Burnley,Man City,2026-04-22T20:00:00Z,0,1,True,0,2,0.893159,0.85254,0.054159,0.55,True,1,2,0.85254,True,2,1
Premier League,2025/26,34,2026-04-21T20:00:00+00:00,Premier|2025|332,Sunderland,Nott'm Forest,2026-04-24T20:00:00Z,0,5,True,0,U2.5,0.536108,0.536108,0.0,0.6,False,0,,,False,0,
Premier League,2025/26,34,2026-04-21T20:00:00+00:00,Premier|2025|333,Fulham,Aston Villa,2026-04-25T12:30:00Z,1,0,True,0,GG,0.563116,0.563116,0.0,0.6,False,0,,,False,0,
Premier League,2025/26,34,2026-04-21T20:00:00+00:00,Premier|2025|334,Liverpool,Crystal Palace,2026-04-25T15:00:00Z,3,1,True,0,GG,0.611344,0.611344,0.0,0.6,True,1,GG,0.611344,True,3,1
Premier League,2025/26,34,2026-04-21T20:00:00+00:00,Premier|2025|335,West Ham,Everton,2026-04-25T15:00:00Z,2,1,True,0,GG,0.56454,0.56454,0.0,0.6,False,1,,,False,0,
Premier League,2025/26,34,2026-04-21T20:00:00+00:00,Premier|2025|336,Wolves,Tottenham,2026-04-25T15:00:00Z,0,1,True,0,U2.5,0.564572,0.564572,0.0,0.6,False,1,,,False,0,
Premier League,2025/26,34,2026-04-21T20:00:00+00:00,Premier|2025|337,Arsenal,Newcastle,2026-04-25T17:30:00Z,1,0,True,0,1,0.688331,0.721233,0.043869,0.55,True,1,1,0.721233,True,1,1
Premier League,2025/26,34,2026-04-27T20:00:00+00:00,Premier|2025|338,Man United,Brentford,2026-04-27T20:00:00Z,2,1,True,0,GG,0.630036,0.630036,0.0,0.6,True,1,GG,0.630036,True,2,1
Premier League,2025/26,35,2026-05-01T20:00:00+00:00,Premier|2025|339,Leeds,Burnley,2026-05-01T20:00:00Z,3,1,True,0,1,0.778587,0.700522,0.104087,0.55,True,1,1,0.700522,True,2,1
Premier League,2025/26,35,2026-05-01T20:00:00+00:00,Premier|2025|340,Brentford,West Ham,2026-05-02T15:00:00Z,3,0,True,0,O2.5,0.629889,0.629889,0.0,0.6,True,1,O2.5,0.629889,True,1,1
Premier League,2025/26,35,2026-05-01T20:00:00+00:00,Premier|2025|341,Newcastle,Brighton,2026-05-02T15:00:00Z,3,1,True,0,GG,0.579406,0.579406,0.0,0.6,False,1,,,False,0,
Premier League,2025/26,35,2026-05-01T20:00:00+00:00,Premier|2025|342,Wolves,Sunderland,2026-05-02T15:00:00Z,1,1,True,0,U2.5,0.577005,0.577005,0.0,0.6,False,1,,,False,0,
Premier League,2025/26,35,2026-05-01T20:00:00+00:00,Premier|2025|343,Arsenal,Fulham,2026-05-02T17:30:00Z,3,0,True,0,1,0.666794,0.713674,0.062506,0.55,True,1,1,0.713674,True,1,1
Premier League,2025/26,35,2026-05-01T20:00:00+00:00,Premier|2025|344,Bournemouth,Crystal Palace,2026-05-03T14:00:00Z,3,0,True,0,GG,0.641121,0.641121,0.0,0.6,True,0,GG,0.641121,True,2,0
Premier League,2025/26,35,2026-05-01T20:00:00+00:00,Premier|2025|345,Man United,Liverpool,2026-05-03T15:30:00Z,3,2,True,0,GG,0.623161,0.623161,0.0,0.6,True,1,GG,0.623161,True,2,1
Premier League,2025/26,35,2026-05-01T20:00:00+00:00,Premier|2025|346,Aston Villa,Tottenham,2026-05-03T19:00:00Z,1,2,True,0,GG,0.523228,0.523228,0.0,0.6,False,1,1,0.615227,True,1,0
Premier League,2025/26,35,2026-05-01T20:00:00+00:00,Premier|2025|347,Chelsea,Nott'm Forest,2026-05-04T15:00:00Z,1,3,True,0,O2.5,0.633972,0.633972,0.0,0.6,True,1,O2.5,0.633972,True,1,1
Premier League,2025/26,35,2026-05-01T20:00:00+00:00,Premier|2025|348,Everton,Man City,2026-05-04T20:00:00Z,3,3,True,0,2,0.743806,0.608802,0.180006,0.55,True,0,2,0.608802,True,1,0
Premier League,2025/26,36,2026-05-09T12:30:00+00:00,Premier|2025|349,Liverpool,Chelsea,2026-05-09T12:30:00Z,1,1,True,0,GG,0.670065,0.670065,0.0,0.6,True,1,GG,0.670065,True,3,1
Premier League,2025/26,36,2026-05-09T12:30:00+00:00,Premier|2025|350,Brighton,Wolves,2026-05-09T15:00:00Z,3,0,True,0,1,0.784675,0.744194,0.053975,0.55,True,1,1,0.744194,True,1,1
Premier League,2025/26,36,2026-05-09T12:30:00+00:00,Premier|2025|351,Fulham,Bournemouth,2026-05-09T15:00:00Z,0,1,True,0,GG,0.608876,0.608876,0.0,0.6,True,0,GG,0.608876,True,1,0
Premier League,2025/26,36,2026-05-09T12:30:00+00:00,Premier|2025|352,Sunderland,Man United,2026-05-09T15:00:00Z,0,0,True,0,2,0.761822,0.538681,0.297522,0.55,False,0,,,False,0,
Premier League,2025/26,36,2026-05-09T12:30:00+00:00,Premier|2025|353,Man City,Brentford,2026-05-09T17:30:00Z,3,0,True,0,1,0.693312,0.695178,0.002488,0.55,True,1,1,0.695178,True,3,1
Premier League,2025/26,36,2026-05-09T12:30:00+00:00,Premier|2025|354,Burnley,Aston Villa,2026-05-10T14:00:00Z,2,2,True,0,2,0.719273,0.643543,0.100973,0.55,True,0,2,0.643543,True,1,0
Premier League,2025/26,36,2026-05-09T12:30:00+00:00,Premier|2025|355,Crystal Palace,Everton,2026-05-10T14:00:00Z,2,2,True,0,GG,0.56968,0.56968,0.0,0.6,False,1,,,False,0,
Premier League,2025/26,36,2026-05-09T12:30:00+00:00,Premier|2025|356,Nott'm Forest,Newcastle,2026-05-10T14:00:00Z,1,1,True,0,GG,0.581168,0.581168,0.0,0.6,False,1,,,False,0,
Premier League,2025/26,36,2026-05-09T12:30:00+00:00,Premier|2025|357,West Ham,Arsenal,2026-05-10T16:30:00Z,0,1,True,0,2,0.698324,0.672506,0.034424,0.55,True,1,2,0.672506,True,1,1
Premier League,2025/26,36,2026-05-09T12:30:00+00:00,Premier|2025|358,Tottenham,Leeds,2026-05-11T20:00:00Z,1,1,True,0,GG,0.531829,0.531829,0.0,0.6,False,1,,,False,0,
Premier League,2025/26,36,2026-05-09T12:30:00+00:00,Premier|2025|359,Man City,Crystal Palace,2026-05-13T20:00:00Z,3,0,True,0,1,0.748579,0.758795,0.013621,0.55,True,1,1,0.758795,True,3,1
Premier League,2025/26,37,2026-05-15T20:00:00+00:00,Premier|2025|360,Aston Villa,Liverpool,2026-05-15T20:00:00Z,4,2,True,0,GG,0.585106,0.585106,0.0,0.6,False,1,,,False,0,
Premier League,2025/26,37,2026-05-15T20:00:00+00:00,Premier|2025|361,Man United,Nott'm Forest,2026-05-17T12:30:00Z,3,2,True,0,O2.5,0.584798,0.584798,0.0,0.6,False,1,,,False,0,
Premier League,2025/26,37,2026-05-15T20:00:00+00:00,Premier|2025|362,Brentford,Crystal Palace,2026-05-17T15:00:00Z,2,2,True,0,GG,0.639072,0.639072,0.0,0.6,True,1,GG,0.639072,True,2,1
Premier League,2025/26,37,2026-05-15T20:00:00+00:00,Premier|2025|363,Everton,Sunderland,2026-05-17T15:00:00Z,1,3,True,0,1,0.653302,0.5495,0.138402,0.55,False,0,,,False,0,
Premier League,2025/26,37,2026-05-15T20:00:00+00:00,Premier|2025|364,Leeds,Brighton,2026-05-17T15:00:00Z,1,0,True,0,GG,0.572696,0.572696,0.0,0.6,False,0,,,False,0,
Premier League,2025/26,37,2026-05-15T20:00:00+00:00,Premier|2025|365,Wolves,Fulham,2026-05-17T15:00:00Z,1,1,True,0,U2.5,0.535954,0.535954,0.0,0.6,False,1,,,False,0,
Premier League,2025/26,37,2026-05-15T20:00:00+00:00,Premier|2025|366,Newcastle,West Ham,2026-05-17T17:30:00Z,3,1,True,0,O2.5,0.600965,0.600965,0.0,0.6,True,1,O2.5,0.600965,True,1,1
Premier League,2025/26,37,2026-05-15T20:00:00+00:00,Premier|2025|367,Arsenal,Burnley,2026-05-18T20:00:00Z,1,0,True,0,1,0.914453,0.898438,0.021353,0.55,True,1,1,0.898438,True,2,1
Premier League,2025/26,37,2026-05-15T20:00:00+00:00,Premier|2025|368,Bournemouth,Man City,2026-05-19T19:30:00Z,1,1,True,0,GG,0.641864,0.641864,0.0,0.6,True,1,GG,0.641864,True,2,1
Premier League,2025/26,37,2026-05-15T20:00:00+00:00,Premier|2025|369,Chelsea,Tottenham,2026-05-19T20:15:00Z,2,1,True,0,O2.5,0.593263,0.593263,0.0,0.6,False,1,,,False,0,
Premier League,2025/26,38,2026-05-24T16:00:00+00:00,Premier|2025|370,Brighton,Man United,2026-05-24T16:00:00Z,0,3,True,0,GG,0.599078,0.599078,0.0,0.6,False,0,,,False,0,
Premier League,2025/26,38,2026-05-24T16:00:00+00:00,Premier|2025|371,Burnley,Wolves,2026-05-24T16:00:00Z,1,1,True,0,U2.5,0.536621,0.536621,0.0,0.6,False,1,,,False,0,
Premier League,2025/26,38,2026-05-24T16:00:00+00:00,Premier|2025|372,Crystal Palace,Arsenal,2026-05-24T16:00:00Z,1,2,True,0,2,0.678427,0.638432,0.053327,0.55,True,1,2,0.638432,True,1,1
Premier League,2025/26,38,2026-05-24T16:00:00+00:00,Premier|2025|373,Fulham,Newcastle,2026-05-24T16:00:00Z,2,0,True,0,GG,0.585848,0.585848,0.0,0.6,False,0,,,False,0,
Premier League,2025/26,38,2026-05-24T16:00:00+00:00,Premier|2025|374,Liverpool,Brentford,2026-05-24T16:00:00Z,1,1,True,0,GG,0.633751,0.633751,0.0,0.6,True,1,GG,0.633751,True,3,1
Premier League,2025/26,38,2026-05-24T16:00:00+00:00,Premier|2025|375,Man City,Aston Villa,2026-05-24T16:00:00Z,1,2,True,0,1,0.780208,0.707302,0.097208,0.55,True,0,1,0.707302,True,2,0
Premier League,2025/26,38,2026-05-24T16:00:00+00:00,Premier|2025|376,Nott'm Forest,Bournemouth,2026-05-24T16:00:00Z,1,1,True,0,GG,0.604084,0.604084,0.0,0.6,True,1,GG,0.604084,True,1,1
Premier League,2025/26,38,2026-05-24T16:00:00+00:00,Premier|2025|377,Sunderland,Chelsea,2026-05-24T16:00:00Z,2,1,True,0,2,0.60126,0.41064,0.25416,0.55,False,0,,,False,0,
Premier League,2025/26,38,2026-05-24T16:00:00+00:00,Premier|2025|378,Tottenham,Everton,2026-05-24T16:00:00Z,1,0,True,0,1,0.533028,0.385182,0.197128,0.55,False,1,,,False,0,
Premier League,2025/26,38,2026-05-24T16:00:00+00:00,Premier|2025|379,West Ham,Leeds,2026-05-24T16:00:00Z,3,0,True,0,GG,0.582526,0.582526,0.0,0.6,False,0,,,False,0,
La Liga,2024/25,1,2024-08-15T18:00:00+00:00,LaLiga|2024|0,Ath Bilbao,Getafe,2024-08-15T18:00:00Z,1,1,True,0,1,0.796338,0.697459,0.131838,0.55,True,0,1,0.697459,True,1,0
La Liga,2024/25,1,2024-08-15T18:00:00+00:00,LaLiga|2024|1,Betis,Girona,2024-08-15T20:30:00Z,1,1,True,0,GG,0.577771,0.577771,0.0,0.6,False,1,,,False,0,
La Liga,2024/25,1,2024-08-15T18:00:00+00:00,LaLiga|2024|2,Celta,Alaves,2024-08-16T18:00:00Z,2,1,True,0,U2.5,0.615847,0.615847,0.0,0.6,True,0,U2.5,0.615847,True,1,0
La Liga,2024/25,1,2024-08-15T18:00:00+00:00,LaLiga|2024|3,Las Palmas,Sevilla,2024-08-16T20:30:00Z,2,2,True,0,U2.5,0.624104,0.624104,0.0,0.6,True,0,U2.5,0.624104,True,1,0
La Liga,2024/25,1,2024-08-15T18:00:00+00:00,LaLiga|2024|4,Osasuna,Leganes,2024-08-17T18:00:00Z,1,1,True,1,U2.5,0.581101,0.581101,0.0,0.6,False,1,,,False,0,
La Liga,2024/25,1,2024-08-15T18:00:00+00:00,LaLiga|2024|5,Valencia,Barcelona,2024-08-17T20:30:00Z,1,2,True,0,2,0.73688,0.642245,0.12618,0.55,True,1,2,0.642245,True,1,1
La Liga,2024/25,1,2024-08-15T18:00:00+00:00,LaLiga|2024|6,Sociedad,Vallecano,2024-08-18T18:00:00Z,1,2,True,0,NG,0.616354,0.616354,0.0,0.6,True,0,1,0.630018,True,3,0
La Liga,2024/25,1,2024-08-15T18:00:00+00:00,LaLiga|2024|7,Mallorca,Real Madrid,2024-08-18T20:30:00Z,1,1,True,0,2,0.696589,0.703422,0.009111,0.55,True,0,2,0.703422,True,1,0
La Liga,2024/25,1,2024-08-15T18:00:00+00:00,LaLiga|2024|8,Valladolid,Espanol,2024-08-19T18:00:00Z,1,0,True,0,GG,0.582824,0.582824,0.0,0.6,False,0,,,False,0,
La Liga,2024/25,1,2024-08-15T18:00:00+00:00,LaLiga|2024|9,Villarreal,Ath Madrid,2024-08-19T20:30:00Z,2,2,True,0,GG,0.618809,0.618809,0.0,0.6,True,1,GG,0.618809,True,1,1
La Liga,2024/25,2,2024-08-23T18:00:00+00:00,LaLiga|2024|10,Celta,Valencia,2024-08-23T18:00:00Z,3,1,True,0,1,0.641774,0.497268,0.192674,0.55,False,1,,,False,0,
La Liga,2024/25,2,2024-08-23T18:00:00+00:00,LaLiga|2024|11,Sevilla,Villarreal,2024-08-23T20:30:00Z,1,2,True,0,U2.5,0.52425,0.52425,0.0,0.6,False,0,,,False,0,
La Liga,2024/25,2,2024-08-23T18:00:00+00:00,LaLiga|2024|12,Osasuna,Mallorca,2024-08-24T16:00:00Z,1,0,True,0,U2.5,0.540029,0.540029,0.0,0.6,False,1,,,False,0,
La Liga,2024/25,2,2024-08-23T18:00:00+00:00,LaLiga|2024|13,Barcelona,Ath Bilbao,2024-08-24T18:00:00Z,2,1,True,0,1,0.586648,0.605962,0.025752,0.55,True,1,1,0.605962,True,1,1
La Liga,2024/25,2,2024-08-23T18:00:00+00:00,LaLiga|2024|14,Espanol,Sociedad,2024-08-24T20:30:00Z,0,1,True,0,U2.5,0.546847,0.546847,0.0,0.6,False,1,,,False,0,
La Liga,2024/25,2,2024-08-23T18:00:00+00:00,LaLiga|2024|15,Getafe,Vallecano,2024-08-24T20:30:00Z,0,0,True,0,U2.5,0.573929,0.573929,0.0,0.6,False,1,,,False,0,
La Liga,2024/25,2,2024-08-23T18:00:00+00:00,LaLiga|2024|16,Real Madrid,Valladolid,2024-08-25T16:00:00Z,3,0,True,0,1,0.600672,0.794793,0.258828,0.55,False,1,,,False,0,
La Liga,2024/25,2,2024-08-23T18:00:00+00:00,LaLiga|2024|17,Leganes,Las Palmas,2024-08-25T18:00:00Z,2,1,True,0,GG,0.544056,0.544056,0.0,0.6,False,1,,,False,0,
La Liga,2024/25,2,2024-08-23T18:00:00+00:00,LaLiga|2024|18,Alaves,Betis,2024-08-25T18:15:00Z,0,0,True,0,GG,0.529994,0.529994,0.0,0.6,False,0,,,False,0,
La Liga,2024/25,2,2024-08-23T18:00:00+00:00,LaLiga|2024|19,Ath Madrid,Girona,2024-08-25T20:30:00Z,3,0,True,0,U2.5,0.529215,0.529215,0.0,0.6,False,0,,,False,0,
La Liga,2024/25,3,2024-08-26T20:30:00+00:00,LaLiga|2024|20,Villarreal,Celta,2024-08-26T20:30:00Z,4,3,True,0,U2.5,0.52888,0.52888,0.0,0.6,False,0,,,False,0,
La Liga,2024/25,3,2024-08-26T20:30:00+00:00,LaLiga|2024|21,Mallorca,Sevilla,2024-08-27T18:00:00Z,0,0,True,0,U2.5,0.548784,0.548784,0.0,0.6,False,1,,,False,0,
La Liga,2024/25,3,2024-08-26T20:30:00+00:00,LaLiga|2024|22,Vallecano,Barcelona,2024-08-27T20:30:00Z,1,2,True,0,2,0.622794,0.655648,0.043806,0.55,True,1,2,0.655648,True,1,1
La Liga,2024/25,3,2024-08-26T20:30:00+00:00,LaLiga|2024|23,Ath Bilbao,Valencia,2024-08-28T18:00:00Z,1,0,True,0,1,0.606422,0.610006,0.004778,0.55,True,1,1,0.610006,True,1,1
La Liga,2024/25,3,2024-08-26T20:30:00+00:00,LaLiga|2024|24,Valladolid,Leganes,2024-08-28T18:00:00Z,0,0,True,0,GG,0.524193,0.524193,0.0,0.6,False,0,,,False,0,
La Liga,2024/25,3,2024-08-26T20:30:00+00:00,LaLiga|2024|25,Ath Madrid,Espanol,2024-08-28T20:30:00Z,0,0,True,0,1,0.692886,0.754997,0.082814,0.55,True,0,1,0.754997,True,1,0
La Liga,2024/25,3,2024-08-26T20:30:00+00:00,LaLiga|2024|26,Sociedad,Alaves,2024-08-28T20:30:00Z,1,2,True,0,1,0.563537,0.546184,0.023137,0.55,False,0,,,False,0,
La Liga,2024/25,3,2024-08-26T20:30:00+00:00,LaLiga|2024|27,Girona,Osasuna,2024-08-29T18:00:00Z,4,0,True,0,U2.5,0.534784,0.534784,0.0,0.6,False,0,1,0.581518,True,1,1
La Liga,2024/25,3,2024-08-26T20:30:00+00:00,LaLiga|2024|28,Las Palmas,Real Madrid,2024-08-29T20:30:00Z,1,1,True,0,2,0.63945,0.731888,0.12325,0.55,True,0,2,0.731888,True,1,0
La Liga,2024/25,4,2024-08-31T16:00:00+00:00,LaLiga|2024|29,Barcelona,Valladolid,2024-08-31T16:00:00Z,7,0,True,0,1,0.737552,0.812963,0.100548,0.55,True,1,1,0.812963,True,1,1
La Liga,2024/25,4,2024-08-31T16:00:00+00:00,LaLiga|2024|30,Ath Bilbao,Ath Madrid,2024-08-31T18:00:00Z,0,1,True,0,U2.5,0.583731,0.583731,0.0,0.6,False,1,,,False,0,
La Liga,2024/25,4,2024-08-31T16:00:00+00:00,LaLiga|2024|31,Espanol,Vallecano,2024-08-31T18:15:00Z,2,1,True,0,U2.5,0.570381,0.570381,0.0,0.6,False,0,,,False,0,
La Liga,2024/25,4,2024-08-31T16:00:00+00:00,LaLiga|2024|32,Leganes,Mallorca,2024-08-31T20:30:00Z,0,1,True,0,U2.5,0.648243,0.648243,0.0,0.6,True,1,U2.5,0.648243,True,1,1
La Liga,2024/25,4,2024-08-31T16:00:00+00:00,LaLiga|2024|33,Valencia,Villarreal,2024-08-31T20:30:00Z,1,1,True,0,GG,0.627922,0.627922,0.0,0.6,True,1,GG,0.627922,True,2,1
La Liga,2024/25,4,2024-08-31T16:00:00+00:00,LaLiga|2024|34,Alaves,Las Palmas,2024-09-01T16:00:00Z,2,0,True,0,1,0.582765,0.546041,0.048965,0.55,False,1,,,False,0,
La Liga,2024/25,4,2024-08-31T16:00:00+00:00,LaLiga|2024|35,Osasuna,Celta,2024-09-01T16:00:00Z,3,2,True,0,GG,0.595561,0.595561,0.0,0.6,False,1,,,False,0,
La Liga,2024/25,4,2024-08-31T16:00:00+00:00,LaLiga|2024|36,Sevilla,Girona,2024-09-01T18:00:00Z,0,2,True,0,U2.5,0.542581,0.542581,0.0,0.6,False,1,,,False,0,
La Liga,2024/25,4,2024-08-31T16:00:00+00:00,LaLiga|2024|37,Getafe,Sociedad,2024-09-01T18:15:00Z,0,0,True,0,U2.5,0.601623,0.601623,0.0,0.6,True,1,U2.5,0.601623,True,1,1
La Liga,2024/25,4,2024-08-31T16:00:00+00:00,LaLiga|2024|38,Real Madrid,Betis,2024-09-01T20:30:00Z,2,0,True,0,1,0.611815,0.700229,0.117885,0.55,True,1,1,0.700229,True,1,1
La Liga,2024/25,5,2024-09-13T20:00:00+00:00,LaLiga|2024|39,Betis,Leganes,2024-09-13T20:00:00Z,2,0,True,0,U2.5,0.56083,0.56083,0.0,0.6,False,1,,,False,0,
La Liga,2024/25,5,2024-09-13T20:00:00+00:00,LaLiga|2024|40,Mallorca,Villarreal,2024-09-14T13:00:00Z,1,2,True,0,U2.5,0.529693,0.529693,0.0,0.6,False,0,,,False,0,
La Liga,2024/25,5,2024-09-13T20:00:00+00:00,LaLiga|2024|41,Espanol,Alaves,2024-09-14T15:15:00Z,3,2,True,0,GG,0.531808,0.531808,0.0,0.6,False,1,,,False,0,
La Liga,2024/25,5,2024-09-13T20:00:00+00:00,LaLiga|2024|42,Sevilla,Getafe,2024-09-14T17:30:00Z,1,0,True,0,U2.5,0.698209,0.698209,0.0,0.6,True,1,U2.5,0.698209,True,2,1
La Liga,2024/25,5,2024-09-13T20:00:00+00:00,LaLiga|2024|43,Sociedad,Real Madrid,2024-09-14T20:00:00Z,0,2,True,0,2,0.603487,0.582797,0.027587,0.55,True,1,2,0.582797,True,1,1
La Liga,2024/25,5,2024-09-13T20:00:00+00:00,LaLiga|2024|44,Celta,Valladolid,2024-09-15T13:00:00Z,3,1,True,0,1,0.777217,0.578454,0.265017,0.55,False,1,O2.5,0.60615,True,1,1
La Liga,2024/25,5,2024-09-13T20:00:00+00:00,LaLiga|2024|45,Girona,Barcelona,2024-09-15T15:15:00Z,1,4,True,0,GG,0.596044,0.596044,0.0,0.6,False,1,,,False,0,
La Liga,2024/25,5,2024-09-13T20:00:00+00:00,LaLiga|2024|46,Las Palmas,Ath Bilbao,2024-09-15T17:30:00Z,2,3,True,0,U2.5,0.563601,0.563601,0.0,0.6,False,0,,,False,0,
La Liga,2024/25,5,2024-09-13T20:00:00+00:00,LaLiga|2024|47,Ath Madrid,Valencia,2024-09-15T20:00:00Z,3,0,True,0,1,0.851083,0.754496,0.128783,0.55,True,1,1,0.754496,True,1,1
La Liga,2024/25,5,2024-09-13T20:00:00+00:00,LaLiga|2024|48,Vallecano,Osasuna,2024-09-16T20:00:00Z,3,1,True,0,U2.5,0.606988,0.606988,0.0,0.6,True,0,U2.5,0.606988,True,1,0
La Liga,2024/25,5,2024-09-13T20:00:00+00:00,LaLiga|2024|50,Betis,Getafe,2024-09-18T18:00:00Z,2,1,True,0,U2.5,0.696822,0.696822,0.0,0.6,True,0,U2.5,0.696822,True,2,0
La Liga,2024/25,6,2024-09-19T18:00:00+00:00,LaLiga|2024|51,Leganes,Ath Bilbao,2024-09-19T18:00:00Z,0,2,True,0,U2.5,0.656498,0.656498,0.0,0.6,True,1,U2.5,0.656498,True,1,1
La Liga,2024/25,6,2024-09-19T18:00:00+00:00,LaLiga|2024|52,Alaves,Sevilla,2024-09-20T20:00:00Z,2,1,True,0,1,0.548132,0.495083,0.070732,0.55,False,1,,,False,0,
La Liga,2024/25,6,2024-09-19T18:00:00+00:00,LaLiga|2024|54,Osasuna,Las Palmas,2024-09-21T15:15:00Z,2,1,True,0,U2.5,0.535565,0.535565,0.0,0.6,False,0,,,False,0,
La Liga,2024/25,6,2024-09-19T18:00:00+00:00,LaLiga|2024|55,Valencia,Girona,2024-09-21T17:30:00Z,2,0,True,0,2,0.550857,0.536414,0.019257,0.55,False,0,,,False,0,
La Liga,2024/25,6,2024-09-19T18:00:00+00:00,LaLiga|2024|56,Real Madrid,Espanol,2024-09-21T20:00:00Z,4,1,True,0,1,0.79306,0.84229,0.06564,0.55,True,1,1,0.84229,True,1,1
La Liga,2024/25,6,2024-09-19T18:00:00+00:00,LaLiga|2024|59,Villarreal,Barcelona,2024-09-22T17:30:00Z,1,5,True,0,2,0.650156,0.527639,0.163356,0.55,False,1,GG,0.640268,True,2,1
La Liga,2024/25,6,2024-09-19T18:00:00+00:00,LaLiga|2024|60,Vallecano,Ath Madrid,2024-09-22T20:00:00Z,1,1,True,0,U2.5,0.615757,0.615757,0.0,0.6,True,1,U2.5,0.615757,True,2,1
La Liga,2024/25,7,2024-09-23T20:00:00+00:00,LaLiga|2024|61,Betis,Mallorca,2024-09-23T20:00:00Z,1,2,True,0,U2.5,0.620333,0.620333,0.0,0.6,True,0,U2.5,0.620333,True,1,0
La Liga,2024/25,7,2024-09-23T20:00:00+00:00,LaLiga|2024|62,Sevilla,Valladolid,2024-09-24T18:00:00Z,2,1,True,0,1,0.658873,0.534168,0.166273,0.55,False,1,,,False,0,
La Liga,2024/25,7,2024-09-23T20:00:00+00:00,LaLiga|2024|63,Valencia,Osasuna,2024-09-24T18:00:00Z,0,0,True,0,U2.5,0.607661,0.607661,0.0,0.6,True,1,U2.5,0.607661,True,1,1
La Liga,2024/25,7,2024-09-23T20:00:00+00:00,LaLiga|2024|64,Real Madrid,Alaves,2024-09-24T20:00:00Z,3,2,True,0,1,0.693486,0.772697,0.105614,0.55,True,1,1,0.772697,True,1,1
La Liga,2024/25,7,2024-09-23T20:00:00+00:00,LaLiga|2024|65,Girona,Vallecano,2024-09-25T18:00:00Z,0,0,True,0,U2.5,0.6156,0.6156,0.0,0.6,True,1,U2.5,0.6156,True,2,1
La Liga,2024/25,7,2024-09-23T20:00:00+00:00,LaLiga|2024|66,Barcelona,Getafe,2024-09-25T20:00:00Z,1,0,True,0,1,0.79725,0.846712,0.06595,0.55,True,1,1,0.846712,True,1,1
La Liga,2024/25,7,2024-09-23T20:00:00+00:00,LaLiga|2024|67,Espanol,Villarreal,2024-09-26T18:00:00Z,1,2,True,0,GG,0.68149,0.68149,0.0,0.6,True,1,GG,0.68149,True,2,1
La Liga,2024/25,7,2024-09-23T20:00:00+00:00,LaLiga|2024|68,Las Palmas,Betis,2024-09-26T18:00:00Z,1,1,True,0,2,0.598353,0.520163,0.104253,0.55,False,0,,,False,0,
La Liga,2024/25,7,2024-09-23T20:00:00+00:00,LaLiga|2024|69,Celta,Ath Madrid,2024-09-26T20:00:00Z,0,1,True,0,2,0.618478,0.54672,0.095678,0.55,False,1,,,False,0,
La Liga,2024/25,8,2024-09-27T20:00:00+00:00,LaLiga|2024|70,Valladolid,Mallorca,2024-09-27T20:00:00Z,1,2,True,0,U2.5,0.665776,0.665776,0.0,0.6,True,0,U2.5,0.665776,True,1,0
La Liga,2024/25,8,2024-09-27T20:00:00+00:00,LaLiga|2024|71,Getafe,Alaves,2024-09-28T13:00:00Z,2,0,True,0,U2.5,0.635593,0.635593,0.0,0.6,True,1,U2.5,0.635593,True,1,1
La Liga,2024/25,8,2024-09-27T20:00:00+00:00,LaLiga|2024|72,Vallecano,Leganes,2024-09-28T15:15:00Z,1,1,True,0,U2.5,0.673259,0.673259,0.0,0.6,True,1,U2.5,0.673259,True,2,1
La Liga,2024/25,8,2024-09-27T20:00:00+00:00,LaLiga|2024|73,Sociedad,Valencia,2024-09-28T17:30:00Z,3,0,True,0,U2.5,0.602551,0.602551,0.0,0.6,True,0,U2.5,0.602551,True,1,0
La Liga,2024/25,8,2024-09-27T20:00:00+00:00,LaLiga|2024|74,Osasuna,Barcelona,2024-09-28T20:00:00Z,4,2,True,0,2,0.8141,0.725375,0.1183,0.55,True,0,2,0.725375,True,1,0
La Liga,2024/25,8,2024-09-27T20:00:00+00:00,LaLiga|2024|75,Celta,Girona,2024-09-29T13:00:00Z,1,1,True,0,GG,0.546679,0.546679,0.0,0.6,False,1,,,False,0,
La Liga,2024/25,8,2024-09-27T20:00:00+00:00,LaLiga|2024|76,Ath Bilbao,Sevilla,2024-09-29T15:15:00Z,1,1,True,0,U2.5,0.632499,0.632499,0.0,0.6,True,1,U2.5,0.632499,True,2,1
La Liga,2024/25,8,2024-09-27T20:00:00+00:00,LaLiga|2024|77,Betis,Espanol,2024-09-29T17:30:00Z,1,0,True,0,1,0.787416,0.637629,0.199716,0.55,True,1,1,0.637629,True,2,1
La Liga,2024/25,8,2024-09-27T20:00:00+00:00,LaLiga|2024|78,Ath Madrid,Real Madrid,2024-09-29T20:00:00Z,1,1,True,0,GG,0.533587,0.533587,0.0,0.6,False,1,,,False,0,
La Liga,2024/25,8,2024-09-27T20:00:00+00:00,LaLiga|2024|79,Villarreal,Las Palmas,2024-09-30T20:00:00Z,3,1,True,0,1,0.842718,0.734705,0.144018,0.55,True,1,1,0.734705,True,3,1
La Liga,2024/25,9,2024-10-04T20:00:00+00:00,LaLiga|2024|80,Leganes,Valencia,2024-10-04T20:00:00Z,0,0,True,0,U2.5,0.646215,0.646215,0.0,0.6,True,1,U2.5,0.646215,True,1,1
La Liga,2024/25,9,2024-10-04T20:00:00+00:00,LaLiga|2024|81,Espanol,Mallorca,2024-10-05T13:00:00Z,2,1,True,0,2,0.585008,0.444602,0.187208,0.55,False,0,,,False,0,
La Liga,2024/25,9,2024-10-04T20:00:00+00:00,LaLiga|2024|82,Getafe,Osasuna,2024-10-05T15:15:00Z,1,1,True,0,U2.5,0.658384,0.658384,0.0,0.6,True,1,U2.5,0.658384,True,1,1
La Liga,2024/25,9,2024-10-04T20:00:00+00:00,LaLiga|2024|83,Las Palmas,Celta,2024-10-05T17:30:00Z,0,1,True,0,2,0.618106,0.449427,0.224906,0.55,False,1,GG,0.602555,True,1,0
La Liga,2024/25,9,2024-10-04T20:00:00+00:00,LaLiga|2024|84,Valladolid,Vallecano,2024-10-05T17:30:00Z,1,2,True,0,U2.5,0.650952,0.650952,0.0,0.6,True,0,U2.5,0.650952,True,1,0
La Liga,2024/25,9,2024-10-04T20:00:00+00:00,LaLiga|2024|85,Real Madrid,Villarreal,2024-10-05T20:00:00Z,2,0,True,0,1,0.787467,0.710167,0.103067,0.55,True,1,1,0.710167,True,3,1
La Liga,2024/25,9,2024-10-04T20:00:00+00:00,LaLiga|2024|86,Girona,Ath Bilbao,2024-10-06T13:00:00Z,2,1,True,0,U2.5,0.618182,0.618182,0.0,0.6,True,0,U2.5,0.618182,True,1,0
La Liga,2024/25,9,2024-10-04T20:00:00+00:00,LaLiga|2024|87,Alaves,Barcelona,2024-10-06T15:15:00Z,0,3,True,0,2,0.684837,0.646409,0.051237,0.55,True,1,2,0.646409,True,3,1
La Liga,2024/25,9,2024-10-04T20:00:00+00:00,LaLiga|2024|88,Sevilla,Betis,2024-10-06T17:30:00Z,1,0,True,0,U2.5,0.558316,0.558316,0.0,0.6,False,1,,,False,0,
La Liga,2024/25,9,2024-10-04T20:00:00+00:00,LaLiga|2024|89,Sociedad,Ath Madrid,2024-10-06T20:00:00Z,1,1,True,0,U2.5,0.570976,0.570976,0.0,0.6,False,1,,,False,0,
La Liga,2024/25,10,2024-10-18T20:00:00+00:00,LaLiga|2024|90,Alaves,Valladolid,2024-10-18T20:00:00Z,2,3,True,0,1,0.660743,0.589236,0.095343,0.55,True,0,1,0.589236,True,1,0
La Liga,2024/25,10,2024-10-18T20:00:00+00:00,LaLiga|2024|91,Ath Bilbao,Espanol,2024-10-19T13:00:00Z,4,1,True,0,1,0.807262,0.69509,0.149562,0.55,True,1,1,0.69509,True,1,1
La Liga,2024/25,10,2024-10-18T20:00:00+00:00,LaLiga|2024|92,Osasuna,Betis,2024-10-19T15:15:00Z,1,2,True,0,U2.5,0.591226,0.591226,0.0,0.6,False,0,,,False,0,
La Liga,2024/25,10,2024-10-18T20:00:00+00:00,LaLiga|2024|93,Girona,Sociedad,2024-10-19T17:30:00Z,0,1,True,0,U2.5,0.517251,0.517251,0.0,0.6,False,1,,,False,0,
La Liga,2024/25,10,2024-10-18T20:00:00+00:00,LaLiga|2024|94,Celta,Real Madrid,2024-10-19T20:00:00Z,1,2,True,0,2,0.601229,0.671632,0.093871,0.55,True,1,2,0.671632,True,1,1
La Liga,2024/25,10,2024-10-18T20:00:00+00:00,LaLiga|2024|95,Mallorca,Vallecano,2024-10-20T13:00:00Z,1,0,True,0,U2.5,0.639929,0.639929,0.0,0.6,True,1,U2.5,0.639929,True,1,1
La Liga,2024/25,10,2024-10-18T20:00:00+00:00,LaLiga|2024|96,Ath Madrid,Leganes,2024-10-20T15:15:00Z,3,1,True,0,1,0.724514,0.716178,0.011114,0.55,True,1,1,0.716178,True,3,1
La Liga,2024/25,10,2024-10-18T20:00:00+00:00,LaLiga|2024|97,Villarreal,Getafe,2024-10-20T17:30:00Z,1,1,True,0,1,0.596206,0.633551,0.049794,0.55,True,0,1,0.633551,True,1,0
La Liga,2024/25,10,2024-10-18T20:00:00+00:00,LaLiga|2024|98,Barcelona,Sevilla,2024-10-20T20:00:00Z,5,1,True,0,1,0.731643,0.782386,0.067657,0.55,True,1,1,0.782386,True,2,1
La Liga,2024/25,10,2024-10-18T20:00:00+00:00,LaLiga|2024|99,Valencia,Las Palmas,2024-10-21T20:00:00Z,2,3,True,0,1,0.571989,0.536972,0.046689,0.55,False,0,,,False,0,
La Liga,2024/25,11,2024-10-25T20:00:00+00:00,LaLiga|2024|100,Espanol,Sevilla,2024-10-25T20:00:00Z,0,2,True,0,U2.5,0.526405,0.526405,0.0,0.6,False,1,,,False,0,
La Liga,2024/25,11,2024-10-25T20:00:00+00:00,LaLiga|2024|101,Valladolid,Villarreal,2024-10-26T13:00:00Z,1,2,True,0,2,0.652359,0.56614,0.114959,0.55,True,1,2,0.56614,True,1,1
La Liga,2024/25,11,2024-10-25T20:00:00+00:00,LaLiga|2024|102,Vallecano,Alaves,2024-10-26T15:15:00Z,1,0,True,0,U2.5,0.595414,0.595414,0.0,0.6,False,1,,,False,0,
La Liga,2024/25,11,2024-10-25T20:00:00+00:00,LaLiga|2024|103,Las Palmas,Girona,2024-10-26T17:30:00Z,1,0,True,0,2,0.555428,0.543632,0.015728,0.55,False,0,,,False,0,
La Liga,2024/25,11,2024-10-25T20:00:00+00:00,LaLiga|2024|104,Real Madrid,Barcelona,2024-10-26T20:00:00Z,0,4,True,0,GG,0.625269,0.625269,0.0,0.6,True,0,GG,0.625269,True,2,0
La Liga,2024/25,11,2024-10-25T20:00:00+00:00,LaLiga|2024|105,Leganes,Celta,2024-10-27T13:00:00Z,3,0,True,0,U2.5,0.59242,0.59242,0.0,0.6,False,0,,,False,0,
La Liga,2024/25,11,2024-10-25T20:00:00+00:00,LaLiga|2024|106,Getafe,Valencia,2024-10-27T15:15:00Z,1,1,True,0,U2.5,0.626922,0.626922,0.0,0.6,True,1,U2.5,0.626922,True,2,1
La Liga,2024/25,11,2024-10-25T20:00:00+00:00,LaLiga|2024|107,Betis,Ath Madrid,2024-10-27T17:30:00Z,1,0,True,0,U2.5,0.543797,0.543797,0.0,0.6,False,1,,,False,0,
La Liga,2024/25,11,2024-10-25T20:00:00+00:00,LaLiga|2024|108,Sociedad,Osasuna,2024-10-27T20:00:00Z,0,2,True,0,U2.5,0.574107,0.574107,0.0,0.6,False,1,,,False,0,
La Liga,2024/25,11,2024-10-25T20:00:00+00:00,LaLiga|2024|109,Mallorca,Ath Bilbao,2024-10-28T20:00:00Z,0,0,True,0,U2.5,0.619815,0.619815,0.0,0.6,True,1,U2.5,0.619815,True,1,1
La Liga,2024/25,12,2024-11-01T20:00:00+00:00,LaLiga|2024|110,Alaves,Mallorca,2024-11-01T20:00:00Z,1,0,True,0,U2.5,0.603682,0.603682,0.0,0.6,True,1,U2.5,0.603682,True,1,1
La Liga,2024/25,12,2024-11-01T20:00:00+00:00,LaLiga|2024|111,Osasuna,Valladolid,2024-11-02T13:00:00Z,1,0,True,0,1,0.680644,0.619936,0.080944,0.55,True,1,1,0.619936,True,1,1
La Liga,2024/25,12,2024-11-01T20:00:00+00:00,LaLiga|2024|112,Girona,Leganes,2024-11-02T15:15:00Z,4,3,True,0,U2.5,0.586295,0.586295,0.0,0.6,False,0,1,0.561558,True,1,1
La Liga,2024/25,12,2024-11-01T20:00:00+00:00,LaLiga|2024|113,Ath Madrid,Las Palmas,2024-11-03T13:00:00Z,2,0,True,0,1,0.830283,0.783421,0.062483,0.55,True,1,1,0.783421,True,1,1
La Liga,2024/25,12,2024-11-01T20:00:00+00:00,LaLiga|2024|114,Barcelona,Espanol,2024-11-03T15:15:00Z,3,1,True,0,1,0.960366,0.896567,0.085066,0.55,True,1,1,0.896567,True,2,1
La Liga,2024/25,12,2024-11-01T20:00:00+00:00,LaLiga|2024|115,Sevilla,Sociedad,2024-11-03T17:30:00Z,0,2,True,0,U2.5,0.58328,0.58328,0.0,0.6,False,1,,,False,0,
La Liga,2024/25,12,2024-11-01T20:00:00+00:00,LaLiga|2024|116,Ath Bilbao,Betis,2024-11-03T20:00:00Z,1,1,True,0,U2.5,0.575946,0.575946,0.0,0.6,False,1,,,False,0,
La Liga,2024/25,12,2024-11-01T20:00:00+00:00,LaLiga|2024|117,Celta,Getafe,2024-11-04T20:00:00Z,1,0,True,0,U2.5,0.608249,0.608249,0.0,0.6,True,1,U2.5,0.608249,True,1,1
La Liga,2024/25,13,2024-11-08T20:00:00+00:00,LaLiga|2024|118,Vallecano,Las Palmas,2024-11-08T20:00:00Z,1,3,True,0,1,0.637982,0.540496,0.129982,0.55,False,0,,,False,0,
La Liga,2024/25,13,2024-11-08T20:00:00+00:00,LaLiga|2024|119,Real Madrid,Osasuna,2024-11-09T13:00:00Z,4,0,True,0,1,0.63277,0.737417,0.13953,0.55,True,1,1,0.737417,True,1,1
La Liga,2024/25,13,2024-11-08T20:00:00+00:00,LaLiga|2024|120,Villarreal,Alaves,2024-11-09T15:15:00Z,3,0,True,0,1,0.824433,0.665258,0.212233,0.55,True,1,1,0.665258,True,2,1
La Liga,2024/25,13,2024-11-08T20:00:00+00:00,LaLiga|2024|121,Leganes,Sevilla,2024-11-09T20:00:00Z,1,0,True,0,U2.5,0.656111,0.656111,0.0,0.6,True,1,U2.5,0.656111,True,1,1
La Liga,2024/25,13,2024-11-08T20:00:00+00:00,LaLiga|2024|122,Betis,Celta,2024-11-10T13:00:00Z,2,2,True,0,GG,0.558698,0.558698,0.0,0.6,False,1,,,False,0,
La Liga,2024/25,13,2024-11-08T20:00:00+00:00,LaLiga|2024|123,Mallorca,Ath Madrid,2024-11-10T15:15:00Z,0,1,True,0,U2.5,0.657859,0.657859,0.0,0.6,True,1,U2.5,0.657859,True,1,1
La Liga,2024/25,13,2024-11-08T20:00:00+00:00,LaLiga|2024|124,Getafe,Girona,2024-11-10T17:30:00Z,0,1,True,0,U2.5,0.634219,0.634219,0.0,0.6,True,1,U2.5,0.634219,True,1,1
La Liga,2024/25,13,2024-11-08T20:00:00+00:00,LaLiga|2024|125,Valladolid,Ath Bilbao,2024-11-10T17:30:00Z,1,1,True,0,2,0.712219,0.608105,0.138819,0.55,True,0,2,0.608105,True,1,0
La Liga,2024/25,13,2024-11-08T20:00:00+00:00,LaLiga|2024|126,Sociedad,Barcelona,2024-11-10T20:00:00Z,1,0,True,0,GG,0.57663,0.57663,0.0,0.6,False,0,2,0.583491,True,1,0
La Liga,2024/25,14,2024-11-22T20:00:00+00:00,LaLiga|2024|127,Getafe,Valladolid,2024-11-22T20:00:00Z,2,0,True,0,1,0.651222,0.522955,0.171022,0.55,False,1,NG,0.602105,True,1,1
La Liga,2024/25,14,2024-11-22T20:00:00+00:00,LaLiga|2024|128,Valencia,Betis,2024-11-23T13:00:00Z,4,2,True,0,2,0.575234,0.471558,0.138234,0.55,False,0,,,False,0,
La Liga,2024/25,14,2024-11-22T20:00:00+00:00,LaLiga|2024|129,Ath Madrid,Alaves,2024-11-23T15:15:00Z,2,1,True,0,1,0.83617,0.762393,0.09837,0.55,True,1,1,0.762393,True,1,1
La Liga,2024/25,14,2024-11-22T20:00:00+00:00,LaLiga|2024|130,Girona,Espanol,2024-11-23T17:30:00Z,4,1,True,0,1,0.80479,0.721773,0.11069,0.55,True,1,1,0.721773,True,1,1
La Liga,2024/25,14,2024-11-22T20:00:00+00:00,LaLiga|2024|131,Las Palmas,Mallorca,2024-11-23T17:30:00Z,2,3,True,0,U2.5,0.577465,0.577465,0.0,0.6,False,0,,,False,0,
La Liga,2024/25,14,2024-11-22T20:00:00+00:00,LaLiga|2024|132,Celta,Barcelona,2024-11-23T20:00:00Z,2,2,True,0,2,0.72356,0.694565,0.03866,0.55,True,0,2,0.694565,True,2,0
La Liga,2024/25,14,2024-11-22T20:00:00+00:00,LaLiga|2024|133,Osasuna,Villarreal,2024-11-24T13:00:00Z,2,2,True,0,2,0.66085,0.470912,0.25325,0.55,False,0,,,False,0,
La Liga,2024/25,14,2024-11-22T20:00:00+00:00,LaLiga|2024|134,Sevilla,Vallecano,2024-11-24T15:15:00Z,1,0,True,0,U2.5,0.60244,0.60244,0.0,0.6,True,1,U2.5,0.60244,True,1,1
La Liga,2024/25,14,2024-11-22T20:00:00+00:00,LaLiga|2024|135,Leganes,Real Madrid,2024-11-24T17:30:00Z,0,3,True,0,2,0.739457,0.693889,0.060757,0.55,True,1,2,0.693889,True,1,1
La Liga,2024/25,14,2024-11-22T20:00:00+00:00,LaLiga|2024|136,Ath Bilbao,Sociedad,2024-11-24T20:00:00Z,1,0,True,0,U2.5,0.578399,0.578399,0.0,0.6,False,1,,,False,0,
La Liga,2024/25,15,2024-11-29T20:00:00+00:00,LaLiga|2024|137,Mallorca,Valencia,2024-11-29T20:00:00Z,2,1,True,0,NG,0.599515,0.599515,0.0,0.6,False,0,,,False,0,
La Liga,2024/25,15,2024-11-29T20:00:00+00:00,LaLiga|2024|138,Barcelona,Las Palmas,2024-11-30T13:00:00Z,1,2,True,0,1,0.946752,0.881688,0.086752,0.55,True,0,1,0.881688,True,2,0
La Liga,2024/25,15,2024-11-29T20:00:00+00:00,LaLiga|2024|139,Alaves,Leganes,2024-11-30T15:15:00Z,1,1,True,0,U2.5,0.606827,0.606827,0.0,0.6,True,1,U2.5,0.606827,True,1,1
La Liga,2024/25,15,2024-11-29T20:00:00+00:00,LaLiga|2024|140,Espanol,Celta,2024-11-30T17:30:00Z,3,1,True,0,2,0.570195,0.444574,0.167495,0.55,False,0,,,False,0,
La Liga,2024/25,15,2024-11-29T20:00:00+00:00,LaLiga|2024|141,Valladolid,Ath Madrid,2024-11-30T20:00:00Z,0,5,True,0,2,0.808093,0.724998,0.110793,0.55,True,1,2,0.724998,True,1,1
La Liga,2024/25,15,2024-11-29T20:00:00+00:00,LaLiga|2024|142,Villarreal,Girona,2024-12-01T13:00:00Z,2,2,True,0,GG,0.562598,0.562598,0.0,0.6,False,1,,,False,0,
La Liga,2024/25,15,2024-11-29T20:00:00+00:00,LaLiga|2024|143,Real Madrid,Getafe,2024-12-01T15:15:00Z,2,0,True,0,1,0.704744,0.820811,0.154756,0.55,True,1,1,0.820811,True,1,1
La Liga,2024/25,15,2024-11-29T20:00:00+00:00,LaLiga|2024|144,Vallecano,Ath Bilbao,2024-12-01T17:30:00Z,1,2,True,0,U2.5,0.587828,0.587828,0.0,0.6,False,0,,,False,0,
La Liga,2024/25,15,2024-11-29T20:00:00+00:00,LaLiga|2024|145,Sociedad,Betis,2024-12-01T20:00:00Z,2,0,True,0,GG,0.524158,0.524158,0.0,0.6,False,0,,,False,0,
La Liga,2024/25,15,2024-11-29T20:00:00+00:00,LaLiga|2024|146,Sevilla,Osasuna,2024-12-02T20:00:00Z,1,1,True,0,U2.5,0.568682,0.568682,0.0,0.6,False,1,,,False,0,
La Liga,2024/25,16,2024-12-03T18:00:00+00:00,LaLiga|2024|147,Mallorca,Barcelona,2024-12-03T18:00:00Z,1,5,True,0,2,0.568648,0.597787,0.038852,0.55,True,1,2,0.597787,True,1,1
La Liga,2024/25,16,2024-12-03T18:00:00+00:00,LaLiga|2024|148,Ath Bilbao,Real Madrid,2024-12-04T20:00:00Z,2,1,True,0,U2.5,0.545528,0.545528,0.0,0.6,False,0,,,False,0,
La Liga,2024/25,16,2024-12-03T18:00:00+00:00,LaLiga|2024|150,Las Palmas,Valladolid,2024-12-07T13:00:00Z,2,1,True,0,1,0.631911,0.559228,0.096911,0.55,True,1,1,0.559228,True,1,1
La Liga,2024/25,16,2024-12-03T18:00:00+00:00,LaLiga|2024|153,Girona,Real Madrid,2024-12-07T20:00:00Z,0,3,True,0,2,0.587966,0.538491,0.065966,0.55,False,1,,,False,0,
La Liga,2024/25,16,2024-12-03T18:00:00+00:00,LaLiga|2024|154,Leganes,Sociedad,2024-12-08T13:00:00Z,0,3,True,0,U2.5,0.662894,0.662894,0.0,0.6,True,0,U2.5,0.662894,True,1,0
La Liga,2024/25,16,2024-12-03T18:00:00+00:00,LaLiga|2024|156,Osasuna,Alaves,2024-12-08T17:30:00Z,2,2,True,0,U2.5,0.528369,0.528369,0.0,0.6,False,0,,,False,0,
La Liga,2024/25,16,2024-12-08T20:00:00+00:00,LaLiga|2024|157,Ath Madrid,Sevilla,2024-12-08T20:00:00Z,4,3,True,0,1,0.721611,0.724303,0.003589,0.55,True,1,1,0.724303,True,1,1
La Liga,2024/25,16,2024-12-08T20:00:00+00:00,LaLiga|2024|158,Getafe,Espanol,2024-12-09T20:00:00Z,1,0,True,0,1,0.624529,0.498282,0.168329,0.55,False,1,,,False,0,
La Liga,2024/25,17,2024-12-13T20:00:00+00:00,LaLiga|2024|159,Valladolid,Valencia,2024-12-13T20:00:00Z,1,0,True,0,U2.5,0.587445,0.587445,0.0,0.6,False,1,,,False,0,
La Liga,2024/25,17,2024-12-13T20:00:00+00:00,LaLiga|2024|160,Espanol,Osasuna,2024-12-14T13:00:00Z,0,0,True,0,GG,0.53026,0.53026,0.0,0.6,False,0,,,False,0,
La Liga,2024/25,17,2024-12-13T20:00:00+00:00,LaLiga|2024|162,Sevilla,Celta,2024-12-14T17:30:00Z,1,0,True,0,U2.5,0.554572,0.554572,0.0,0.6,False,1,,,False,0,
La Liga,2024/25,17,2024-12-13T20:00:00+00:00,LaLiga|2024|163,Vallecano,Real Madrid,2024-12-14T20:00:00Z,3,3,True,0,2,0.66182,0.72233,0.08068,0.55,True,0,2,0.72233,True,1,0
La Liga,2024/25,17,2024-12-13T20:00:00+00:00,LaLiga|2024|164,Ath Madrid,Getafe,2024-12-15T13:00:00Z,1,0,True,0,1,0.722494,0.757299,0.046406,0.55,True,1,1,0.757299,True,3,1
La Liga,2024/25,17,2024-12-13T20:00:00+00:00,LaLiga|2024|166,Sociedad,Las Palmas,2024-12-15T17:30:00Z,0,0,True,0,1,0.810772,0.671968,0.185072,0.55,True,0,1,0.671968,True,1,0
La Liga,2024/25,17,2024-12-13T20:00:00+00:00,LaLiga|2024|167,Villarreal,Betis,2024-12-15T17:30:00Z,1,2,True,0,O2.5,0.617902,0.617902,0.0,0.6,True,1,O2.5,0.617902,True,2,1
La Liga,2024/25,18,2024-12-15T20:00:00+00:00,LaLiga|2024|168,Barcelona,Leganes,2024-12-15T20:00:00Z,0,1,True,0,1,0.93699,0.849923,0.11609,0.55,True,0,1,0.849923,True,2,0
La Liga,2024/25,18,2024-12-15T20:00:00+00:00,LaLiga|2024|171,Girona,Valladolid,2024-12-20T20:00:00Z,3,0,True,0,1,0.798288,0.735147,0.084188,0.55,True,1,1,0.735147,True,1,1
La Liga,2024/25,19,2024-12-21T13:00:00+00:00,LaLiga|2024|172,Getafe,Mallorca,2024-12-21T13:00:00Z,0,1,True,0,U2.5,0.673221,0.673221,0.0,0.6,True,1,U2.5,0.673221,True,2,1
La Liga,2024/25,19,2024-12-21T13:00:00+00:00,LaLiga|2024|174,Osasuna,Ath Bilbao,2024-12-21T17:30:00Z,1,2,True,0,2,0.630958,0.495615,0.180458,0.55,False,1,,,False,0,
La Liga,2024/25,19,2024-12-21T13:00:00+00:00,LaLiga|2024|175,Barcelona,Ath Madrid,2024-12-21T20:00:00Z,1,2,True,0,GG,0.600773,0.600773,0.0,0.6,True,1,GG,0.600773,True,1,1
La Liga,2024/25,18,2024-12-22T13:00:00+00:00,LaLiga|2024|176,Valencia,Alaves,2024-12-22T13:00:00Z,2,2,True,0,U2.5,0.562104,0.562104,0.0,0.6,False,0,,,False,0,
La Liga,2024/25,18,2024-12-22T13:00:00+00:00,LaLiga|2024|177,Real Madrid,Sevilla,2024-12-22T15:15:00Z,4,2,True,0,1,0.78254,0.811385,0.03846,0.55,True,1,1,0.811385,True,1,1
La Liga,2024/25,18,2024-12-22T13:00:00+00:00,LaLiga|2024|178,Las Palmas,Espanol,2024-12-22T17:30:00Z,1,0,True,0,1,0.599607,0.522802,0.102407,0.55,False,1,,,False,0,
La Liga,2024/25,18,2024-12-22T13:00:00+00:00,LaLiga|2024|179,Leganes,Villarreal,2024-12-22T17:30:00Z,2,5,True,0,2,0.643613,0.462403,0.241613,0.55,False,1,,,False,0,
La Liga,2024/25,18,2024-12-22T13:00:00+00:00,LaLiga|2024|180,Betis,Vallecano,2024-12-22T20:00:00Z,1,1,True,0,1,0.66158,0.57797,0.11148,0.55,True,0,1,0.57797,True,1,0
La Liga,2024/25,19,2025-01-03T20:00:00+00:00,LaLiga|2024|181,Valencia,Real Madrid,2025-01-03T20:00:00Z,1,2,True,0,2,0.726582,0.750746,0.032218,0.55,True,1,2,0.750746,True,1,1
La Liga,2024/25,19,2025-01-10T20:00:00+00:00,LaLiga|2024|182,Vallecano,Celta,2025-01-10T20:00:00Z,2,1,True,0,U2.5,0.560132,0.560132,0.0,0.6,False,0,,,False,0,
La Liga,2024/25,19,2025-01-10T20:00:00+00:00,LaLiga|2024|183,Alaves,Girona,2025-01-11T13:00:00Z,0,1,True,0,U2.5,0.57814,0.57814,0.0,0.6,False,1,,,False,0,
La Liga,2024/25,19,2025-01-10T20:00:00+00:00,LaLiga|2024|184,Valladolid,Betis,2025-01-11T15:15:00Z,1,0,True,0,2,0.704558,0.563814,0.187658,0.55,True,0,2,0.563814,True,1,0
La Liga,2024/25,19,2025-01-10T20:00:00+00:00,LaLiga|2024|185,Espanol,Leganes,2025-01-11T17:30:00Z,1,1,True,0,U2.5,0.596397,0.596397,0.0,0.6,False,1,,,False,0,
La Liga,2024/25,19,2025-01-10T20:00:00+00:00,LaLiga|2024|186,Sevilla,Valencia,2025-01-11T20:00:00Z,1,1,True,0,U2.5,0.582463,0.582463,0.0,0.6,False,1,,,False,0,
La Liga,2024/25,19,2025-01-10T20:00:00+00:00,LaLiga|2024|187,Las Palmas,Getafe,2025-01-12T13:00:00Z,1,2,True,0,U2.5,0.620911,0.620911,0.0,0.6,True,0,U2.5,0.620911,True,1,0
La Liga,2024/25,19,2025-01-10T20:00:00+00:00,LaLiga|2024|188,Ath Madrid,Osasuna,2025-01-12T15:15:00Z,1,0,True,0,1,0.831331,0.750533,0.107731,0.55,True,1,1,0.750533,True,1,1
La Liga,2024/25,19,2025-01-10T20:00:00+00:00,LaLiga|2024|189,Sociedad,Villarreal,2025-01-13T20:00:00Z,1,0,True,0,GG,0.550638,0.550638,0.0,0.6,False,0,,,False,0,
La Liga,2024/25,20,2025-01-17T20:00:00+00:00,LaLiga|2024|190,Espanol,Valladolid,2025-01-17T20:00:00Z,2,1,True,0,U2.5,0.578587,0.578587,0.0,0.6,False,0,,,False,0,
La Liga,2024/25,20,2025-01-17T20:00:00+00:00,LaLiga|2024|191,Girona,Sevilla,2025-01-18T13:00:00Z,1,2,True,0,U2.5,0.598825,0.598825,0.0,0.6,False,0,1,0.587942,True,1,0
La Liga,2024/25,20,2025-01-17T20:00:00+00:00,LaLiga|2024|192,Leganes,Ath Madrid,2025-01-18T15:15:00Z,1,0,True,0,2,0.824286,0.675721,0.198086,0.55,True,0,2,0.675721,True,1,0
La Liga,2024/25,20,2025-01-17T20:00:00+00:00,LaLiga|2024|193,Betis,Alaves,2025-01-18T17:30:00Z,1,3,True,0,1,0.594445,0.549711,0.059645,0.55,False,0,,,False,0,
La Liga,2024/25,20,2025-01-17T20:00:00+00:00,LaLiga|2024|194,Getafe,Barcelona,2025-01-18T20:00:00Z,1,1,True,0,2,0.660789,0.653522,0.009689,0.55,True,0,2,0.653522,True,1,0
La Liga,2024/25,20,2025-01-17T20:00:00+00:00,LaLiga|2024|195,Celta,Ath Bilbao,2025-01-19T13:00:00Z,1,2,True,0,U2.5,0.566781,0.566781,0.0,0.6,False,0,,,False,0,
La Liga,2024/25,20,2025-01-17T20:00:00+00:00,LaLiga|2024|196,Real Madrid,Las Palmas,2025-01-19T15:15:00Z,4,1,True,0,1,0.842699,0.8514,0.011601,0.55,True,1,1,0.8514,True,2,1
La Liga,2024/25,20,2025-01-17T20:00:00+00:00,LaLiga|2024|197,Osasuna,Vallecano,2025-01-19T17:30:00Z,1,1,True,0,U2.5,0.569911,0.569911,0.0,0.6,False,1,,,False,0,
La Liga,2024/25,20,2025-01-17T20:00:00+00:00,LaLiga|2024|198,Valencia,Sociedad,2025-01-19T20:00:00Z,1,0,True,0,U2.5,0.633477,0.633477,0.0,0.6,True,1,U2.5,0.633477,True,1,1
La Liga,2024/25,20,2025-01-17T20:00:00+00:00,LaLiga|2024|199,Villarreal,Mallorca,2025-01-20T20:00:00Z,4,0,True,0,1,0.697665,0.569516,0.170865,0.55,True,1,1,0.569516,True,1,1
La Liga,2024/25,21,2025-01-24T20:00:00+00:00,LaLiga|2024|200,Las Palmas,Osasuna,2025-01-24T20:00:00Z,1,1,True,0,U2.5,0.535867,0.535867,0.0,0.6,False,1,,,False,0,
La Liga,2024/25,21,2025-01-24T20:00:00+00:00,LaLiga|2024|201,Mallorca,Betis,2025-01-25T13:00:00Z,0,1,True,0,U2.5,0.5473,0.5473,0.0,0.6,False,1,,,False,0,
La Liga,2024/25,21,2025-01-24T20:00:00+00:00,LaLiga|2024|202,Ath Madrid,Villarreal,2025-01-25T15:15:00Z,1,1,True,0,1,0.616731,0.586108,0.040831,0.55,True,0,1,0.586108,True,1,0
La Liga,2024/25,21,2025-01-24T20:00:00+00:00,LaLiga|2024|203,Sevilla,Espanol,2025-01-25T17:30:00Z,1,1,True,0,1,0.588164,0.553766,0.045864,0.55,True,0,1,0.553766,True,1,0
La Liga,2024/25,21,2025-01-24T20:00:00+00:00,LaLiga|2024|204,Valladolid,Real Madrid,2025-01-25T20:00:00Z,0,3,True,0,2,0.846198,0.834275,0.015898,0.55,True,1,2,0.834275,True,1,1
La Liga,2024/25,21,2025-01-24T20:00:00+00:00,LaLiga|2024|205,Vallecano,Girona,2025-01-26T13:00:00Z,2,1,True,0,U2.5,0.60109,0.60109,0.0,0.6,True,0,U2.5,0.60109,True,1,0
La Liga,2024/25,21,2025-01-24T20:00:00+00:00,LaLiga|2024|206,Sociedad,Getafe,2025-01-26T15:15:00Z,0,3,True,0,U2.5,0.665597,0.665597,0.0,0.6,True,0,U2.5,0.665597,True,3,0
La Liga,2024/25,21,2025-01-24T20:00:00+00:00,LaLiga|2024|207,Ath Bilbao,Leganes,2025-01-26T17:30:00Z,0,0,True,0,1,0.859728,0.721257,0.184628,0.55,True,0,1,0.721257,True,2,0
La Liga,2024/25,21,2025-01-24T20:00:00+00:00,LaLiga|2024|208,Barcelona,Valencia,2025-01-26T20:00:00Z,7,1,True,0,1,0.840075,0.803869,0.048275,0.55,True,1,1,0.803869,True,2,1
La Liga,2024/25,21,2025-01-24T20:00:00+00:00,LaLiga|2024|209,Alaves,Celta,2025-01-27T20:00:00Z,1,1,True,0,U2.5,0.539524,0.539524,0.0,0.6,False,1,,,False,0,
La Liga,2024/25,22,2025-01-31T20:00:00+00:00,LaLiga|2024|210,Leganes,Vallecano,2025-01-31T20:00:00Z,0,1,True,0,U2.5,0.592299,0.592299,0.0,0.6,False,1,,,False,0,
La Liga,2024/25,22,2025-01-31T20:00:00+00:00,LaLiga|2024|211,Getafe,Sevilla,2025-02-01T13:00:00Z,0,0,True,0,U2.5,0.644063,0.644063,0.0,0.6,True,1,U2.5,0.644063,True,1,1
La Liga,2024/25,22,2025-01-31T20:00:00+00:00,LaLiga|2024|212,Villarreal,Valladolid,2025-02-01T15:15:00Z,5,1,True,0,1,0.912891,0.787198,0.167591,0.55,True,1,1,0.787198,True,2,1
La Liga,2024/25,22,2025-01-31T20:00:00+00:00,LaLiga|2024|213,Ath Madrid,Mallorca,2025-02-01T17:30:00Z,2,0,True,0,1,0.716086,0.725021,0.011914,0.55,True,1,1,0.725021,True,1,1
La Liga,2024/25,22,2025-01-31T20:00:00+00:00,LaLiga|2024|214,Espanol,Real Madrid,2025-02-01T20:00:00Z,1,0,True,0,2,0.755018,0.781554,0.035382,0.55,True,0,2,0.781554,True,1,0
La Liga,2024/25,22,2025-01-31T20:00:00+00:00,LaLiga|2024|215,Barcelona,Alaves,2025-02-02T13:00:00Z,1,0,True,0,1,0.823976,0.780644,0.057776,0.55,True,1,1,0.780644,True,2,1
La Liga,2024/25,22,2025-01-31T20:00:00+00:00,LaLiga|2024|216,Valencia,Celta,2025-02-02T15:15:00Z,2,1,True,0,U2.5,0.555696,0.555696,0.0,0.6,False,0,,,False,0,
La Liga,2024/25,22,2025-01-31T20:00:00+00:00,LaLiga|2024|217,Osasuna,Sociedad,2025-02-02T17:30:00Z,2,1,True,0,U2.5,0.641597,0.641597,0.0,0.6,True,0,U2.5,0.641597,True,1,0
La Liga,2024/25,22,2025-01-31T20:00:00+00:00,LaLiga|2024|218,Betis,Ath Bilbao,2025-02-02T20:00:00Z,2,2,True,0,U2.5,0.559175,0.559175,0.0,0.6,False,0,,,False,0,
La Liga,2024/25,22,2025-01-31T20:00:00+00:00,LaLiga|2024|219,Girona,Las Palmas,2025-02-03T20:00:00Z,2,1,True,0,1,0.786235,0.637484,0.198335,0.55,True,1,1,0.637484,True,1,1
La Liga,2024/25,23,2025-02-07T20:00:00+00:00,LaLiga|2024|220,Vallecano,Valladolid,2025-02-07T20:00:00Z,1,0,True,0,1,0.77725,0.665687,0.14875,0.55,True,1,1,0.665687,True,1,1
La Liga,2024/25,23,2025-02-07T20:00:00+00:00,LaLiga|2024|221,Celta,Betis,2025-02-08T13:00:00Z,3,2,True,0,GG,0.521916,0.521916,0.0,0.6,False,1,,,False,0,
La Liga,2024/25,23,2025-02-07T20:00:00+00:00,LaLiga|2024|222,Ath Bilbao,Girona,2025-02-08T15:15:00Z,3,0,True,0,U2.5,0.571527,0.571527,0.0,0.6,False,0,,,False,0,
La Liga,2024/25,23,2025-02-07T20:00:00+00:00,LaLiga|2024|223,Las Palmas,Villarreal,2025-02-08T17:30:00Z,1,2,True,0,2,0.851206,0.582852,0.357806,0.55,False,1,O2.5,0.646302,True,1,1
La Liga,2024/25,23,2025-02-07T20:00:00+00:00,LaLiga|2024|224,Real Madrid,Ath Madrid,2025-02-08T20:00:00Z,1,1,True,0,1,0.550568,0.534017,0.022068,0.55,False,0,,,False,0,
La Liga,2024/25,23,2025-02-07T20:00:00+00:00,LaLiga|2024|225,Alaves,Getafe,2025-02-09T13:00:00Z,0,1,True,0,U2.5,0.645897,0.645897,0.0,0.6,True,1,U2.5,0.645897,True,1,1
La Liga,2024/25,23,2025-02-07T20:00:00+00:00,LaLiga|2024|226,Valencia,Leganes,2025-02-09T15:15:00Z,2,0,True,0,1,0.606636,0.452859,0.205036,0.55,False,1,,,False,0,
La Liga,2024/25,23,2025-02-07T20:00:00+00:00,LaLiga|2024|227,Sociedad,Espanol,2025-02-09T17:30:00Z,2,1,True,0,U2.5,0.581397,0.581397,0.0,0.6,False,0,,,False,0,
La Liga,2024/25,23,2025-02-07T20:00:00+00:00,LaLiga|2024|228,Sevilla,Barcelona,2025-02-09T20:00:00Z,1,4,True,0,2,0.76649,0.635847,0.17419,0.55,True,1,2,0.635847,True,1,1
La Liga,2024/25,23,2025-02-07T20:00:00+00:00,LaLiga|2024|229,Mallorca,Osasuna,2025-02-10T20:00:00Z,1,1,True,0,U2.5,0.616934,0.616934,0.0,0.6,True,1,U2.5,0.616934,True,1,1
La Liga,2024/25,24,2025-02-14T20:00:00+00:00,LaLiga|2024|230,Girona,Getafe,2025-02-14T20:00:00Z,1,2,True,0,U2.5,0.615897,0.615897,0.0,0.6,True,0,U2.5,0.615897,True,1,0
La Liga,2024/25,24,2025-02-14T20:00:00+00:00,LaLiga|2024|231,Leganes,Alaves,2025-02-15T13:00:00Z,3,3,True,0,U2.5,0.624488,0.624488,0.0,0.6,True,0,U2.5,0.624488,True,1,0
La Liga,2024/25,24,2025-02-14T20:00:00+00:00,LaLiga|2024|232,Osasuna,Real Madrid,2025-02-15T15:15:00Z,1,1,True,0,2,0.70151,0.653277,0.06431,0.55,True,0,2,0.653277,True,1,0
La Liga,2024/25,24,2025-02-14T20:00:00+00:00,LaLiga|2024|233,Ath Madrid,Celta,2025-02-15T17:30:00Z,1,1,True,0,1,0.669453,0.722888,0.071247,0.55,True,0,1,0.722888,True,1,0
La Liga,2024/25,24,2025-02-14T20:00:00+00:00,LaLiga|2024|234,Villarreal,Valencia,2025-02-15T20:00:00Z,1,1,True,0,1,0.812835,0.678334,0.179335,0.55,True,0,1,0.678334,True,2,0
La Liga,2024/25,24,2025-02-14T20:00:00+00:00,LaLiga|2024|235,Espanol,Ath Bilbao,2025-02-16T13:00:00Z,1,1,True,0,2,0.63116,0.602315,0.03846,0.55,True,0,2,0.602315,True,1,0
La Liga,2024/25,24,2025-02-14T20:00:00+00:00,LaLiga|2024|236,Valladolid,Sevilla,2025-02-16T15:15:00Z,0,4,True,0,U2.5,0.616535,0.616535,0.0,0.6,True,0,U2.5,0.616535,True,1,0
La Liga,2024/25,24,2025-02-14T20:00:00+00:00,LaLiga|2024|237,Mallorca,Las Palmas,2025-02-16T17:30:00Z,3,1,True,0,1,0.609237,0.511034,0.130937,0.55,False,1,,,False,0,
La Liga,2024/25,24,2025-02-14T20:00:00+00:00,LaLiga|2024|238,Betis,Sociedad,2025-02-16T20:00:00Z,3,0,True,0,U2.5,0.573597,0.573597,0.0,0.6,False,0,,,False,0,
La Liga,2024/25,24,2025-02-14T20:00:00+00:00,LaLiga|2024|239,Barcelona,Vallecano,2025-02-17T20:00:00Z,1,0,True,0,1,0.79972,0.752455,0.06302,0.55,True,1,1,0.752455,True,2,1
La Liga,2024/25,25,2025-02-21T20:00:00+00:00,LaLiga|2024|240,Celta,Osasuna,2025-02-21T20:00:00Z,1,0,True,0,U2.5,0.540857,0.540857,0.0,0.6,False,1,,,False,0,
La Liga,2024/25,25,2025-02-21T20:00:00+00:00,LaLiga|2024|241,Alaves,Espanol,2025-02-22T13:00:00Z,0,1,True,0,U2.5,0.584934,0.584934,0.0,0.6,False,1,,,False,0,
La Liga,2024/25,25,2025-02-21T20:00:00+00:00,LaLiga|2024|242,Vallecano,Villarreal,2025-02-22T15:15:00Z,0,1,True,0,GG,0.587618,0.587618,0.0,0.6,False,0,,,False,0,
La Liga,2024/25,25,2025-02-21T20:00:00+00:00,LaLiga|2024|243,Valencia,Ath Madrid,2025-02-22T17:30:00Z,0,3,True,0,2,0.566407,0.578327,0.015893,0.55,True,1,2,0.578327,True,1,1
La Liga,2024/25,25,2025-02-21T20:00:00+00:00,LaLiga|2024|244,Las Palmas,Barcelona,2025-02-22T20:00:00Z,0,2,True,0,2,0.923646,0.763261,0.213846,0.55,True,1,2,0.763261,True,3,1
La Liga,2024/25,25,2025-02-21T20:00:00+00:00,LaLiga|2024|245,Ath Bilbao,Valladolid,2025-02-23T13:00:00Z,7,1,True,0,1,0.892935,0.854509,0.051235,0.55,True,1,1,0.854509,True,2,1
La Liga,2024/25,25,2025-02-21T20:00:00+00:00,LaLiga|2024|246,Real Madrid,Girona,2025-02-23T15:15:00Z,2,0,True,0,1,0.878217,0.770729,0.143317,0.55,True,1,1,0.770729,True,1,1
La Liga,2024/25,25,2025-02-21T20:00:00+00:00,LaLiga|2024|247,Getafe,Betis,2025-02-23T17:30:00Z,1,2,True,0,U2.5,0.601911,0.601911,0.0,0.6,True,0,U2.5,0.601911,True,1,0
La Liga,2024/25,25,2025-02-21T20:00:00+00:00,LaLiga|2024|248,Sociedad,Leganes,2025-02-23T20:00:00Z,3,0,True,0,NG,0.592457,0.592457,0.0,0.6,False,1,,,False,0,
La Liga,2024/25,25,2025-02-21T20:00:00+00:00,LaLiga|2024|249,Sevilla,Mallorca,2025-02-24T20:00:00Z,1,1,True,0,U2.5,0.639525,0.639525,0.0,0.6,True,1,U2.5,0.639525,True,1,1
La Liga,2024/25,26,2025-02-28T20:00:00+00:00,LaLiga|2024|250,Valladolid,Las Palmas,2025-02-28T20:00:00Z,1,1,True,0,U2.5,0.524903,0.524903,0.0,0.6,False,1,,,False,0,
La Liga,2024/25,26,2025-02-28T20:00:00+00:00,LaLiga|2024|251,Girona,Celta,2025-03-01T13:00:00Z,2,2,True,0,U2.5,0.559868,0.559868,0.0,0.6,False,0,,,False,0,
La Liga,2024/25,26,2025-02-28T20:00:00+00:00,LaLiga|2024|252,Vallecano,Sevilla,2025-03-01T15:15:00Z,1,1,True,0,U2.5,0.578173,0.578173,0.0,0.6,False,1,,,False,0,
La Liga,2024/25,26,2025-02-28T20:00:00+00:00,LaLiga|2024|253,Betis,Real Madrid,2025-03-01T17:30:00Z,2,1,True,0,GG,0.574112,0.574112,0.0,0.6,False,1,2,0.575773,True,1,0
La Liga,2024/25,26,2025-02-28T20:00:00+00:00,LaLiga|2024|254,Ath Madrid,Ath Bilbao,2025-03-01T20:00:00Z,1,0,True,0,U2.5,0.561743,0.561743,0.0,0.6,False,1,,,False,0,
La Liga,2024/25,26,2025-02-28T20:00:00+00:00,LaLiga|2024|255,Leganes,Getafe,2025-03-02T13:00:00Z,1,0,True,0,U2.5,0.663281,0.663281,0.0,0.6,True,1,U2.5,0.663281,True,1,1
La Liga,2024/25,26,2025-02-28T20:00:00+00:00,LaLiga|2024|256,Barcelona,Sociedad,2025-03-02T15:15:00Z,4,0,True,0,1,0.848209,0.759477,0.118309,0.55,True,1,1,0.759477,True,1,1
La Liga,2024/25,26,2025-02-28T20:00:00+00:00,LaLiga|2024|257,Mallorca,Alaves,2025-03-02T17:30:00Z,1,1,True,0,U2.5,0.624578,0.624578,0.0,0.6,True,1,U2.5,0.624578,True,1,1
La Liga,2024/25,26,2025-02-28T20:00:00+00:00,LaLiga|2024|258,Osasuna,Valencia,2025-03-02T20:00:00Z,3,3,True,0,U2.5,0.558432,0.558432,0.0,0.6,False,0,,,False,0,
La Liga,2024/25,27,2025-03-08T13:00:00+00:00,LaLiga|2024|259,Celta,Leganes,2025-03-08T13:00:00Z,2,1,True,0,1,0.799938,0.568909,0.308038,0.55,False,1,,,False,0,
La Liga,2024/25,27,2025-03-08T13:00:00+00:00,LaLiga|2024|260,Alaves,Villarreal,2025-03-08T15:15:00Z,1,0,True,0,2,0.661663,0.543416,0.157663,0.55,False,0,,,False,0,
La Liga,2024/25,27,2025-03-08T13:00:00+00:00,LaLiga|2024|261,Valencia,Valladolid,2025-03-08T17:30:00Z,2,1,True,0,1,0.756421,0.645255,0.148221,0.55,True,1,1,0.645255,True,1,1
La Liga,2024/25,27,2025-03-08T13:00:00+00:00,LaLiga|2024|262,Getafe,Ath Madrid,2025-03-09T13:00:00Z,2,1,True,0,U2.5,0.621742,0.621742,0.0,0.6,True,0,U2.5,0.621742,True,2,0
La Liga,2024/25,27,2025-03-08T13:00:00+00:00,LaLiga|2024|263,Real Madrid,Vallecano,2025-03-09T15:15:00Z,2,1,True,0,1,0.690949,0.757287,0.088451,0.55,True,1,1,0.757287,True,1,1
La Liga,2024/25,27,2025-03-08T13:00:00+00:00,LaLiga|2024|264,Ath Bilbao,Mallorca,2025-03-09T17:30:00Z,1,1,True,0,1,0.691357,0.669489,0.029157,0.55,True,0,1,0.669489,True,1,0
La Liga,2024/25,27,2025-03-08T13:00:00+00:00,LaLiga|2024|265,Betis,Las Palmas,2025-03-09T17:30:00Z,1,0,True,0,1,0.867696,0.687399,0.240396,0.55,True,1,1,0.687399,True,2,1
La Liga,2024/25,27,2025-03-08T13:00:00+00:00,LaLiga|2024|266,Sociedad,Sevilla,2025-03-09T20:00:00Z,0,1,True,0,U2.5,0.630762,0.630762,0.0,0.6,True,1,U2.5,0.630762,True,1,1
La Liga,2024/25,27,2025-03-08T13:00:00+00:00,LaLiga|2024|267,Espanol,Girona,2025-03-10T20:00:00Z,1,1,True,0,U2.5,0.591021,0.591021,0.0,0.6,False,1,,,False,0,
La Liga,2024/25,28,2025-03-14T20:00:00+00:00,LaLiga|2024|268,Las Palmas,Alaves,2025-03-14T20:00:00Z,2,2,True,0,U2.5,0.539388,0.539388,0.0,0.6,False,0,,,False,0,
La Liga,2024/25,28,2025-03-14T20:00:00+00:00,LaLiga|2024|269,Valladolid,Celta,2025-03-15T13:00:00Z,0,1,True,0,2,0.725285,0.570871,0.205885,0.55,True,1,2,0.570871,True,1,1
La Liga,2024/25,28,2025-03-14T20:00:00+00:00,LaLiga|2024|270,Mallorca,Espanol,2025-03-15T15:15:00Z,2,1,True,0,1,0.612136,0.516109,0.128036,0.55,False,1,,,False,0,
La Liga,2024/25,28,2025-03-14T20:00:00+00:00,LaLiga|2024|271,Villarreal,Real Madrid,2025-03-15T17:30:00Z,1,2,True,0,GG,0.624243,0.624243,0.0,0.6,True,1,GG,0.624243,True,2,1
La Liga,2024/25,28,2025-03-14T20:00:00+00:00,LaLiga|2024|272,Girona,Valencia,2025-03-15T20:00:00Z,1,1,True,0,U2.5,0.554732,0.554732,0.0,0.6,False,1,,,False,0,
La Liga,2024/25,28,2025-03-14T20:00:00+00:00,LaLiga|2024|273,Leganes,Betis,2025-03-16T13:00:00Z,2,3,True,0,2,0.748224,0.514356,0.311824,0.55,False,1,,,False,0,
La Liga,2024/25,28,2025-03-14T20:00:00+00:00,LaLiga|2024|274,Sevilla,Ath Bilbao,2025-03-16T15:15:00Z,0,1,True,0,U2.5,0.595371,0.595371,0.0,0.6,False,1,,,False,0,
La Liga,2024/25,28,2025-03-14T20:00:00+00:00,LaLiga|2024|275,Osasuna,Getafe,2025-03-16T17:30:00Z,1,2,True,0,U2.5,0.63288,0.63288,0.0,0.6,True,0,U2.5,0.63288,True,1,0
La Liga,2024/25,28,2025-03-14T20:00:00+00:00,LaLiga|2024|276,Vallecano,Sociedad,2025-03-16T17:30:00Z,2,2,True,0,U2.5,0.599148,0.599148,0.0,0.6,False,0,,,False,0,
La Liga,2024/25,28,2025-03-14T20:00:00+00:00,LaLiga|2024|277,Ath Madrid,Barcelona,2025-03-16T20:00:00Z,2,4,True,0,GG,0.606816,0.606816,0.0,0.6,True,1,GG,0.606816,True,1,1
La Liga,2024/25,28,2025-03-27T20:00:00+00:00,LaLiga|2024|278,Barcelona,Osasuna,2025-03-27T20:00:00Z,3,0,True,0,1,0.929912,0.838553,0.121812,0.55,True,1,1,0.838553,True,2,1
La Liga,2024/25,29,2025-03-29T13:00:00+00:00,LaLiga|2024|279,Sociedad,Valladolid,2025-03-29T13:00:00Z,2,1,True,0,1,0.687458,0.686889,0.000758,0.55,True,1,1,0.686889,True,1,1
La Liga,2024/25,29,2025-03-29T13:00:00+00:00,LaLiga|2024|280,Espanol,Ath Madrid,2025-03-29T15:15:00Z,1,1,True,0,2,0.703108,0.629077,0.098708,0.55,True,0,2,0.629077,True,1,0
La Liga,2024/25,29,2025-03-29T13:00:00+00:00,LaLiga|2024|281,Alaves,Vallecano,2025-03-29T17:30:00Z,0,2,True,0,U2.5,0.572308,0.572308,0.0,0.6,False,1,,,False,0,
La Liga,2024/25,29,2025-03-29T13:00:00+00:00,LaLiga|2024|282,Real Madrid,Leganes,2025-03-29T20:00:00Z,3,2,True,0,1,0.934967,0.872667,0.083067,0.55,True,1,1,0.872667,True,2,1
La Liga,2024/25,29,2025-03-29T13:00:00+00:00,LaLiga|2024|283,Getafe,Villarreal,2025-03-30T13:00:00Z,1,2,True,0,U2.5,0.542081,0.542081,0.0,0.6,False,0,,,False,0,
La Liga,2024/25,29,2025-03-29T13:00:00+00:00,LaLiga|2024|284,Barcelona,Girona,2025-03-30T15:15:00Z,4,1,True,0,1,0.91304,0.80171,0.14844,0.55,True,1,1,0.80171,True,2,1
La Liga,2024/25,29,2025-03-29T13:00:00+00:00,LaLiga|2024|285,Ath Bilbao,Osasuna,2025-03-30T17:30:00Z,0,0,True,0,1,0.845734,0.713709,0.176034,0.55,True,0,1,0.713709,True,1,0
La Liga,2024/25,29,2025-03-29T13:00:00+00:00,LaLiga|2024|286,Valencia,Mallorca,2025-03-30T17:30:00Z,1,0,True,0,U2.5,0.59889,0.59889,0.0,0.6,False,1,,,False,0,
La Liga,2024/25,29,2025-03-29T13:00:00+00:00,LaLiga|2024|287,Betis,Sevilla,2025-03-30T20:00:00Z,2,1,True,0,1,0.599649,0.542462,0.076249,0.55,False,1,,,False,0,
La Liga,2024/25,29,2025-03-29T13:00:00+00:00,LaLiga|2024|288,Celta,Las Palmas,2025-03-31T20:00:00Z,1,1,True,0,1,0.833216,0.640529,0.256916,0.55,False,0,,,False,0,
La Liga,2024/25,30,2025-04-04T20:00:00+00:00,LaLiga|2024|289,Vallecano,Espanol,2025-04-04T20:00:00Z,0,4,True,0,NG,0.558231,0.558231,0.0,0.6,False,1,,,False,0,
La Liga,2024/25,30,2025-04-04T20:00:00+00:00,LaLiga|2024|290,Girona,Alaves,2025-04-05T13:00:00Z,0,1,True,0,U2.5,0.575031,0.575031,0.0,0.6,False,1,,,False,0,
La Liga,2024/25,30,2025-04-04T20:00:00+00:00,LaLiga|2024|291,Real Madrid,Valencia,2025-04-05T15:15:00Z,1,2,True,0,1,0.862417,0.820554,0.055817,0.55,True,0,1,0.820554,True,2,0
La Liga,2024/25,30,2025-04-04T20:00:00+00:00,LaLiga|2024|292,Mallorca,Celta,2025-04-05T17:30:00Z,1,2,True,0,U2.5,0.611772,0.611772,0.0,0.6,True,0,U2.5,0.611772,True,1,0
La Liga,2024/25,30,2025-04-04T20:00:00+00:00,LaLiga|2024|293,Barcelona,Betis,2025-04-05T20:00:00Z,1,1,True,0,1,0.731391,0.712048,0.025791,0.55,True,0,1,0.712048,True,2,0
La Liga,2024/25,30,2025-04-04T20:00:00+00:00,LaLiga|2024|294,Las Palmas,Sociedad,2025-04-06T13:00:00Z,1,3,True,0,U2.5,0.583919,0.583919,0.0,0.6,False,0,,,False,0,
La Liga,2024/25,30,2025-04-04T20:00:00+00:00,LaLiga|2024|295,Sevilla,Ath Madrid,2025-04-06T15:15:00Z,1,2,True,0,U2.5,0.588447,0.588447,0.0,0.6,False,0,,,False,0,
La Liga,2024/25,30,2025-04-04T20:00:00+00:00,LaLiga|2024|296,Valladolid,Getafe,2025-04-06T17:30:00Z,0,4,True,0,U2.5,0.642421,0.642421,0.0,0.6,True,0,U2.5,0.642421,True,1,0
La Liga,2024/25,30,2025-04-04T20:00:00+00:00,LaLiga|2024|297,Villarreal,Ath Bilbao,2025-04-06T20:00:00Z,0,0,True,0,GG,0.543941,0.543941,0.0,0.6,False,0,,,False,0,
La Liga,2024/25,30,2025-04-04T20:00:00+00:00,LaLiga|2024|298,Leganes,Osasuna,2025-04-07T20:00:00Z,1,1,True,0,U2.5,0.567626,0.567626,0.0,0.6,False,1,,,False,0,
La Liga,2024/25,31,2025-04-11T20:00:00+00:00,LaLiga|2024|299,Valencia,Sevilla,2025-04-11T20:00:00Z,1,0,True,0,U2.5,0.604355,0.604355,0.0,0.6,True,1,U2.5,0.604355,True,1,1
La Liga,2024/25,31,2025-04-11T20:00:00+00:00,LaLiga|2024|300,Sociedad,Mallorca,2025-04-12T13:00:00Z,0,2,True,0,U2.5,0.652202,0.652202,0.0,0.6,True,1,U2.5,0.652202,True,1,1
La Liga,2024/25,31,2025-04-11T20:00:00+00:00,LaLiga|2024|301,Getafe,Las Palmas,2025-04-12T15:15:00Z,1,3,True,0,1,0.734984,0.629696,0.140384,0.55,True,0,1,0.629696,True,1,0
La Liga,2024/25,31,2025-04-11T20:00:00+00:00,LaLiga|2024|302,Celta,Espanol,2025-04-12T17:30:00Z,0,2,True,0,1,0.637869,0.529517,0.144469,0.55,False,0,,,False,0,
La Liga,2024/25,31,2025-04-11T20:00:00+00:00,LaLiga|2024|303,Leganes,Barcelona,2025-04-12T20:00:00Z,0,1,True,0,2,0.909989,0.782647,0.169789,0.55,True,1,2,0.782647,True,2,1
La Liga,2024/25,31,2025-04-11T20:00:00+00:00,LaLiga|2024|304,Osasuna,Girona,2025-04-13T13:00:00Z,2,1,True,0,U2.5,0.551496,0.551496,0.0,0.6,False,0,,,False,0,
La Liga,2024/25,31,2025-04-11T20:00:00+00:00,LaLiga|2024|305,Alaves,Real Madrid,2025-04-13T15:15:00Z,0,1,True,0,2,0.649174,0.663818,0.019526,0.55,True,1,2,0.663818,True,1,1
La Liga,2024/25,31,2025-04-11T20:00:00+00:00,LaLiga|2024|306,Betis,Villarreal,2025-04-13T17:30:00Z,1,2,True,0,GG,0.584549,0.584549,0.0,0.6,False,1,,,False,0,
La Liga,2024/25,31,2025-04-11T20:00:00+00:00,LaLiga|2024|307,Ath Bilbao,Vallecano,2025-04-13T20:00:00Z,3,1,True,0,1,0.679856,0.666464,0.017856,0.55,True,1,1,0.666464,True,1,1
La Liga,2024/25,31,2025-04-11T20:00:00+00:00,LaLiga|2024|308,Ath Madrid,Valladolid,2025-04-14T20:00:00Z,4,2,True,0,1,0.898574,0.879844,0.024974,0.55,True,1,1,0.879844,True,1,1
La Liga,2024/25,32,2025-04-18T20:00:00+00:00,LaLiga|2024|309,Espanol,Getafe,2025-04-18T20:00:00Z,1,0,True,0,U2.5,0.652312,0.652312,0.0,0.6,True,1,U2.5,0.652312,True,1,1
La Liga,2024/25,32,2025-04-18T20:00:00+00:00,LaLiga|2024|310,Vallecano,Valencia,2025-04-19T13:00:00Z,1,1,True,0,U2.5,0.537047,0.537047,0.0,0.6,False,1,,,False,0,
La Liga,2024/25,32,2025-04-18T20:00:00+00:00,LaLiga|2024|311,Barcelona,Celta,2025-04-19T15:15:00Z,4,3,True,0,1,0.77296,0.79219,0.02564,0.55,True,1,1,0.79219,True,1,1
La Liga,2024/25,32,2025-04-18T20:00:00+00:00,LaLiga|2024|312,Mallorca,Leganes,2025-04-19T17:30:00Z,0,0,True,0,1,0.685042,0.562311,0.163642,0.55,True,0,1,0.562311,True,1,0
La Liga,2024/25,32,2025-04-18T20:00:00+00:00,LaLiga|2024|313,Las Palmas,Ath Madrid,2025-04-19T20:00:00Z,1,0,True,0,2,0.790436,0.672584,0.157136,0.55,True,0,2,0.672584,True,1,0
La Liga,2024/25,32,2025-04-18T20:00:00+00:00,LaLiga|2024|314,Valladolid,Osasuna,2025-04-20T13:00:00Z,2,3,True,0,U2.5,0.542427,0.542427,0.0,0.6,False,0,,,False,0,
La Liga,2024/25,32,2025-04-18T20:00:00+00:00,LaLiga|2024|315,Villarreal,Sociedad,2025-04-20T15:15:00Z,2,2,True,0,1,0.555031,0.577283,0.029669,0.55,True,0,1,0.577283,True,1,0
La Liga,2024/25,32,2025-04-18T20:00:00+00:00,LaLiga|2024|316,Sevilla,Alaves,2025-04-20T17:30:00Z,1,1,True,0,U2.5,0.62691,0.62691,0.0,0.6,True,1,U2.5,0.62691,True,1,1
La Liga,2024/25,32,2025-04-18T20:00:00+00:00,LaLiga|2024|317,Real Madrid,Ath Bilbao,2025-04-20T20:00:00Z,1,0,True,0,1,0.624437,0.575434,0.065337,0.55,True,1,1,0.575434,True,1,1
La Liga,2024/25,32,2025-04-18T20:00:00+00:00,LaLiga|2024|318,Girona,Betis,2025-04-21T20:00:00Z,1,3,True,0,2,0.569736,0.434484,0.180336,0.55,False,1,,,False,0,
La Liga,2024/25,33,2025-04-22T18:00:00+00:00,LaLiga|2024|319,Valencia,Espanol,2025-04-22T18:00:00Z,1,1,True,0,U2.5,0.585242,0.585242,0.0,0.6,False,1,,,False,0,
La Liga,2024/25,33,2025-04-22T18:00:00+00:00,LaLiga|2024|320,Barcelona,Mallorca,2025-04-22T20:30:00Z,1,0,True,0,1,0.801068,0.807467,0.008532,0.55,True,1,1,0.807467,True,1,1
La Liga,2024/25,33,2025-04-22T18:00:00+00:00,LaLiga|2024|321,Ath Bilbao,Las Palmas,2025-04-23T18:00:00Z,1,0,True,0,1,0.751331,0.723108,0.037631,0.55,True,1,1,0.723108,True,1,1
La Liga,2024/25,33,2025-04-22T18:00:00+00:00,LaLiga|2024|322,Celta,Villarreal,2025-04-23T18:00:00Z,3,0,True,0,GG,0.559374,0.559374,0.0,0.6,False,0,,,False,0,
La Liga,2024/25,33,2025-04-22T18:00:00+00:00,LaLiga|2024|323,Alaves,Sociedad,2025-04-23T20:30:00Z,1,0,True,0,U2.5,0.622167,0.622167,0.0,0.6,True,1,U2.5,0.622167,True,1,1
La Liga,2024/25,33,2025-04-22T18:00:00+00:00,LaLiga|2024|324,Getafe,Real Madrid,2025-04-23T20:30:00Z,0,1,True,0,2,0.735848,0.672812,0.084048,0.55,True,1,2,0.672812,True,1,1
La Liga,2024/25,33,2025-04-22T18:00:00+00:00,LaLiga|2024|325,Leganes,Girona,2025-04-24T18:00:00Z,1,1,True,0,U2.5,0.581384,0.581384,0.0,0.6,False,1,,,False,0,
La Liga,2024/25,33,2025-04-22T18:00:00+00:00,LaLiga|2024|326,Osasuna,Sevilla,2025-04-24T18:00:00Z,1,0,True,0,U2.5,0.581402,0.581402,0.0,0.6,False,1,,,False,0,
La Liga,2024/25,33,2025-04-22T18:00:00+00:00,LaLiga|2024|327,Ath Madrid,Vallecano,2025-04-24T20:30:00Z,3,0,True,0,1,0.801045,0.725711,0.100445,0.55,True,1,1,0.725711,True,1,1
La Liga,2024/25,33,2025-04-22T18:00:00+00:00,LaLiga|2024|328,Betis,Valladolid,2025-04-24T20:30:00Z,5,1,True,0,1,0.88952,0.840455,0.06542,0.55,True,1,1,0.840455,True,1,1
La Liga,2024/25,33,2025-04-22T18:00:00+00:00,LaLiga|2024|329,Villarreal,Espanol,2025-04-27T15:15:00Z,1,0,True,0,1,0.716555,0.606339,0.146955,0.55,True,1,1,0.606339,True,1,1
La Liga,2024/25,34,2025-05-02T20:00:00+00:00,LaLiga|2024|330,Vallecano,Getafe,2025-05-02T20:00:00Z,1,0,True,0,U2.5,0.598331,0.598331,0.0,0.6,False,1,,,False,0,
La Liga,2024/25,34,2025-05-02T20:00:00+00:00,LaLiga|2024|331,Alaves,Ath Madrid,2025-05-03T13:00:00Z,0,0,True,0,2,0.616345,0.569886,0.061945,0.55,True,0,2,0.569886,True,1,0
La Liga,2024/25,34,2025-05-02T20:00:00+00:00,LaLiga|2024|332,Villarreal,Osasuna,2025-05-03T15:15:00Z,4,2,True,0,O2.5,0.594107,0.594107,0.0,0.6,False,1,,,False,0,
La Liga,2024/25,34,2025-05-02T20:00:00+00:00,LaLiga|2024|333,Las Palmas,Valencia,2025-05-03T17:30:00Z,2,3,True,0,U2.5,0.529154,0.529154,0.0,0.6,False,0,,,False,0,
La Liga,2024/25,34,2025-05-02T20:00:00+00:00,LaLiga|2024|334,Valladolid,Barcelona,2025-05-03T20:00:00Z,1,2,True,0,2,0.941627,0.890532,0.068127,0.55,True,1,2,0.890532,True,2,1
La Liga,2024/25,34,2025-05-02T20:00:00+00:00,LaLiga|2024|335,Real Madrid,Celta,2025-05-04T13:00:00Z,3,2,True,0,1,0.77448,0.76227,0.01628,0.55,True,1,1,0.76227,True,1,1
La Liga,2024/25,34,2025-05-02T20:00:00+00:00,LaLiga|2024|336,Sevilla,Leganes,2025-05-04T15:15:00Z,2,2,True,0,U2.5,0.611202,0.611202,0.0,0.6,True,0,U2.5,0.611202,True,1,0
La Liga,2024/25,34,2025-05-02T20:00:00+00:00,LaLiga|2024|337,Espanol,Betis,2025-05-04T17:30:00Z,1,2,True,0,U2.5,0.562709,0.562709,0.0,0.6,False,0,,,False,0,
La Liga,2024/25,34,2025-05-02T20:00:00+00:00,LaLiga|2024|338,Sociedad,Ath Bilbao,2025-05-04T20:00:00Z,0,0,True,0,U2.5,0.619851,0.619851,0.0,0.6,True,1,U2.5,0.619851,True,1,1
La Liga,2024/25,34,2025-05-02T20:00:00+00:00,LaLiga|2024|339,Girona,Mallorca,2025-05-05T20:00:00Z,1,0,True,0,U2.5,0.625666,0.625666,0.0,0.6,True,1,U2.5,0.625666,True,1,1
La Liga,2024/25,35,2025-05-09T20:00:00+00:00,LaLiga|2024|340,Las Palmas,Vallecano,2025-05-09T20:00:00Z,0,1,True,0,GG,0.543523,0.543523,0.0,0.6,False,0,,,False,0,
La Liga,2024/25,35,2025-05-09T20:00:00+00:00,LaLiga|2024|341,Valencia,Getafe,2025-05-10T13:00:00Z,3,0,True,0,U2.5,0.623566,0.623566,0.0,0.6,True,0,U2.5,0.623566,True,1,0
La Liga,2024/25,35,2025-05-09T20:00:00+00:00,LaLiga|2024|342,Celta,Sevilla,2025-05-10T15:15:00Z,3,2,True,0,1,0.59674,0.52606,0.09424,0.55,False,1,,,False,0,
La Liga,2024/25,35,2025-05-09T20:00:00+00:00,LaLiga|2024|343,Girona,Villarreal,2025-05-10T17:30:00Z,0,1,True,0,GG,0.557671,0.557671,0.0,0.6,False,0,,,False,0,
La Liga,2024/25,35,2025-05-09T20:00:00+00:00,LaLiga|2024|344,Mallorca,Valladolid,2025-05-10T17:30:00Z,2,1,True,0,1,0.692505,0.698201,0.007595,0.55,True,1,1,0.698201,True,1,1
La Liga,2024/25,35,2025-05-09T20:00:00+00:00,LaLiga|2024|345,Ath Madrid,Sociedad,2025-05-10T20:00:00Z,4,0,True,0,1,0.681604,0.669226,0.016504,0.55,True,1,1,0.669226,True,1,1
La Liga,2024/25,35,2025-05-09T20:00:00+00:00,LaLiga|2024|346,Leganes,Espanol,2025-05-11T13:00:00Z,3,2,True,0,U2.5,0.632167,0.632167,0.0,0.6,True,0,U2.5,0.632167,True,1,0
La Liga,2024/25,35,2025-05-09T20:00:00+00:00,LaLiga|2024|347,Barcelona,Real Madrid,2025-05-11T15:15:00Z,4,3,True,0,O2.5,0.678949,0.678949,0.0,0.6,True,1,O2.5,0.678949,True,2,1
La Liga,2024/25,35,2025-05-09T20:00:00+00:00,LaLiga|2024|348,Ath Bilbao,Alaves,2025-05-11T17:30:00Z,1,0,True,0,U2.5,0.572779,0.572779,0.0,0.6,False,1,1,0.644404,True,1,1
La Liga,2024/25,35,2025-05-09T20:00:00+00:00,LaLiga|2024|349,Betis,Osasuna,2025-05-11T20:00:00Z,1,1,True,0,1,0.74978,0.61502,0.17968,0.55,True,0,1,0.61502,True,1,0
La Liga,2024/25,36,2025-05-13T18:00:00+00:00,LaLiga|2024|350,Valladolid,Girona,2025-05-13T18:00:00Z,0,1,True,0,U2.5,0.560576,0.560576,0.0,0.6,False,1,,,False,0,
La Liga,2024/25,36,2025-05-13T18:00:00+00:00,LaLiga|2024|351,Sociedad,Celta,2025-05-13T19:00:00Z,0,1,True,0,U2.5,0.613264,0.613264,0.0,0.6,True,1,U2.5,0.613264,True,1,1
La Liga,2024/25,36,2025-05-13T18:00:00+00:00,LaLiga|2024|352,Sevilla,Las Palmas,2025-05-13T20:30:00Z,1,0,True,0,NG,0.533025,0.533025,0.0,0.6,False,1,,,False,0,
La Liga,2024/25,36,2025-05-13T18:00:00+00:00,LaLiga|2024|353,Alaves,Valencia,2025-05-14T18:00:00Z,1,0,True,0,U2.5,0.596793,0.596793,0.0,0.6,False,1,,,False,0,
La Liga,2024/25,36,2025-05-13T18:00:00+00:00,LaLiga|2024|354,Villarreal,Leganes,2025-05-14T18:00:00Z,3,0,True,0,1,0.811818,0.699005,0.150418,0.55,True,1,1,0.699005,True,2,1
La Liga,2024/25,36,2025-05-13T18:00:00+00:00,LaLiga|2024|355,Real Madrid,Mallorca,2025-05-14T20:30:00Z,2,1,True,0,1,0.772976,0.789194,0.021624,0.55,True,1,1,0.789194,True,1,1
La Liga,2024/25,36,2025-05-13T18:00:00+00:00,LaLiga|2024|356,Vallecano,Betis,2025-05-15T18:00:00Z,2,2,True,0,2,0.589046,0.471412,0.156846,0.55,False,0,,,False,0,
La Liga,2024/25,36,2025-05-13T18:00:00+00:00,LaLiga|2024|357,Osasuna,Ath Madrid,2025-05-15T18:00:00Z,2,0,True,0,2,0.698817,0.553979,0.193117,0.55,True,0,2,0.553979,True,1,0
La Liga,2024/25,36,2025-05-13T18:00:00+00:00,LaLiga|2024|358,Espanol,Barcelona,2025-05-15T20:30:00Z,0,2,True,0,2,0.857157,0.742514,0.152857,0.55,True,1,2,0.742514,True,1,1
La Liga,2024/25,36,2025-05-13T18:00:00+00:00,LaLiga|2024|359,Getafe,Ath Bilbao,2025-05-15T20:30:00Z,0,2,True,0,U2.5,0.636435,0.636435,0.0,0.6,True,1,U2.5,0.636435,True,1,1
La Liga,2024/25,37,2025-05-18T18:00:00+00:00,LaLiga|2024|360,Ath Madrid,Betis,2025-05-18T18:00:00Z,4,1,True,0,1,0.588716,0.525479,0.084316,0.55,False,1,,,False,0,
La Liga,2024/25,37,2025-05-18T18:00:00+00:00,LaLiga|2024|361,Barcelona,Villarreal,2025-05-18T18:00:00Z,2,3,True,0,O2.5,0.699717,0.699717,0.0,0.6,True,1,O2.5,0.699717,True,3,1
La Liga,2024/25,37,2025-05-18T18:00:00+00:00,LaLiga|2024|362,Celta,Vallecano,2025-05-18T18:00:00Z,1,2,True,0,1,0.574696,0.515974,0.078296,0.55,False,0,,,False,0,
La Liga,2024/25,37,2025-05-18T18:00:00+00:00,LaLiga|2024|363,Las Palmas,Leganes,2025-05-18T18:00:00Z,0,1,True,0,U2.5,0.546407,0.546407,0.0,0.6,False,1,,,False,0,
La Liga,2024/25,37,2025-05-18T18:00:00+00:00,LaLiga|2024|364,Mallorca,Getafe,2025-05-18T18:00:00Z,1,2,True,0,U2.5,0.651093,0.651093,0.0,0.6,True,0,U2.5,0.651093,True,1,0
La Liga,2024/25,37,2025-05-18T18:00:00+00:00,LaLiga|2024|365,Osasuna,Espanol,2025-05-18T18:00:00Z,2,0,True,0,1,0.646262,0.540541,0.140962,0.55,False,1,,,False,0,
La Liga,2024/25,37,2025-05-18T18:00:00+00:00,LaLiga|2024|366,Sevilla,Real Madrid,2025-05-18T18:00:00Z,0,2,True,0,2,0.665252,0.677963,0.016948,0.55,True,1,2,0.677963,True,1,1
La Liga,2024/25,37,2025-05-18T18:00:00+00:00,LaLiga|2024|367,Sociedad,Girona,2025-05-18T18:00:00Z,3,2,True,0,U2.5,0.622185,0.622185,0.0,0.6,True,0,U2.5,0.622185,True,1,0
La Liga,2024/25,37,2025-05-18T18:00:00+00:00,LaLiga|2024|368,Valencia,Ath Bilbao,2025-05-18T18:00:00Z,0,1,True,0,U2.5,0.585158,0.585158,0.0,0.6,False,1,,,False,0,
La Liga,2024/25,37,2025-05-18T18:00:00+00:00,LaLiga|2024|369,Valladolid,Alaves,2025-05-18T18:00:00Z,0,1,True,0,U2.5,0.579121,0.579121,0.0,0.6,False,1,2,0.550685,True,1,1
La Liga,2024/25,38,2025-05-23T20:00:00+00:00,LaLiga|2024|370,Betis,Valencia,2025-05-23T20:00:00Z,1,1,True,0,GG,0.508593,0.508593,0.0,0.6,False,1,,,False,0,
La Liga,2024/25,38,2025-05-23T20:00:00+00:00,LaLiga|2024|371,Real Madrid,Sociedad,2025-05-24T15:15:00Z,2,0,True,0,1,0.809122,0.803855,0.007022,0.55,True,1,1,0.803855,True,1,1
La Liga,2024/25,38,2025-05-23T20:00:00+00:00,LaLiga|2024|372,Espanol,Las Palmas,2025-05-24T17:30:00Z,2,0,True,0,U2.5,0.577061,0.577061,0.0,0.6,False,1,,,False,0,
La Liga,2024/25,38,2025-05-23T20:00:00+00:00,LaLiga|2024|373,Leganes,Valladolid,2025-05-24T17:30:00Z,3,0,True,0,1,0.58945,0.661038,0.09545,0.55,True,1,1,0.661038,True,1,1
La Liga,2024/25,38,2025-05-23T20:00:00+00:00,LaLiga|2024|374,Alaves,Osasuna,2025-05-24T20:00:00Z,1,1,True,0,U2.5,0.584933,0.584933,0.0,0.6,False,1,,,False,0,
La Liga,2024/25,38,2025-05-23T20:00:00+00:00,LaLiga|2024|375,Getafe,Celta,2025-05-24T20:00:00Z,1,2,True,0,U2.5,0.601023,0.601023,0.0,0.6,True,0,U2.5,0.601023,True,1,0
La Liga,2024/25,38,2025-05-23T20:00:00+00:00,LaLiga|2024|376,Vallecano,Mallorca,2025-05-24T20:00:00Z,0,0,True,0,U2.5,0.584879,0.584879,0.0,0.6,False,1,,,False,0,
La Liga,2024/25,38,2025-05-23T20:00:00+00:00,LaLiga|2024|377,Girona,Ath Madrid,2025-05-25T13:00:00Z,0,4,True,0,2,0.592635,0.550009,0.056835,0.55,True,1,2,0.550009,True,1,1
La Liga,2024/25,38,2025-05-23T20:00:00+00:00,LaLiga|2024|378,Villarreal,Sevilla,2025-05-25T15:15:00Z,4,2,True,0,1,0.777729,0.709457,0.091029,0.55,True,1,1,0.709457,True,1,1
La Liga,2024/25,38,2025-05-23T20:00:00+00:00,LaLiga|2024|379,Ath Bilbao,Barcelona,2025-05-25T20:00:00Z,0,3,True,0,GG,0.57172,0.57172,0.0,0.6,False,0,,,False,0,
La Liga,2025/26,1,2025-08-15T18:00:00+00:00,LaLiga|2025|0,Girona,Vallecano,2025-08-15T18:00:00Z,1,3,True,0,O2.5,0.525592,0.525592,0.0,0.6,False,1,,,False,0,
La Liga,2025/26,1,2025-08-15T18:00:00+00:00,LaLiga|2025|1,Villarreal,Oviedo,2025-08-15T20:30:00Z,2,0,True,1,1,0.688222,0.64313,0.060122,0.55,True,1,1,0.64313,True,1,1
La Liga,2025/26,1,2025-08-15T18:00:00+00:00,LaLiga|2025|2,Mallorca,Barcelona,2025-08-16T18:30:00Z,0,3,True,0,2,0.722276,0.723944,0.002224,0.55,True,1,2,0.723944,True,1,1
La Liga,2025/26,1,2025-08-15T18:00:00+00:00,LaLiga|2025|3,Alaves,Levante,2025-08-16T20:30:00Z,2,1,True,1,U2.5,0.620882,0.620882,0.0,0.6,True,0,U2.5,0.620882,True,1,0
La Liga,2025/26,1,2025-08-15T18:00:00+00:00,LaLiga|2025|4,Valencia,Sociedad,2025-08-16T20:30:00Z,1,1,True,0,U2.5,0.660609,0.660609,0.0,0.6,True,1,U2.5,0.660609,True,1,1
La Liga,2025/26,1,2025-08-15T18:00:00+00:00,LaLiga|2025|5,Celta,Getafe,2025-08-17T16:00:00Z,0,2,True,0,1,0.615396,0.565374,0.066696,0.55,True,0,1,0.565374,True,1,0
La Liga,2025/26,1,2025-08-15T18:00:00+00:00,LaLiga|2025|6,Ath Bilbao,Sevilla,2025-08-17T18:30:00Z,3,2,True,0,1,0.634091,0.693798,0.079609,0.55,True,1,1,0.693798,True,1,1
La Liga,2025/26,1,2025-08-15T18:00:00+00:00,LaLiga|2025|7,Espanol,Ath Madrid,2025-08-17T20:30:00Z,2,1,True,0,2,0.835728,0.628932,0.275728,0.55,False,0,,,False,0,
La Liga,2025/26,1,2025-08-15T18:00:00+00:00,LaLiga|2025|8,Elche,Betis,2025-08-18T20:00:00Z,1,1,True,0,2,0.581315,0.540729,0.054115,0.55,False,0,,,False,0,
La Liga,2025/26,1,2025-08-15T18:00:00+00:00,LaLiga|2025|9,Real Madrid,Osasuna,2025-08-19T20:00:00Z,1,0,True,0,1,0.819937,0.761634,0.077737,0.55,True,1,1,0.761634,True,1,1
La Liga,2025/26,2,2025-08-22T20:30:00+00:00,LaLiga|2025|10,Betis,Alaves,2025-08-22T20:30:00Z,1,0,True,0,U2.5,0.540817,0.540817,0.0,0.6,False,1,,,False,0,
La Liga,2025/26,2,2025-08-22T20:30:00+00:00,LaLiga|2025|11,Mallorca,Celta,2025-08-23T16:00:00Z,1,1,True,0,U2.5,0.551444,0.551444,0.0,0.6,False,1,,,False,0,
La Liga,2025/26,2,2025-08-22T20:30:00+00:00,LaLiga|2025|12,Ath Madrid,Elche,2025-08-23T18:30:00Z,1,1,True,0,1,0.657376,0.757519,0.133524,0.55,True,0,1,0.757519,True,1,0
La Liga,2025/26,2,2025-08-22T20:30:00+00:00,LaLiga|2025|13,Levante,Barcelona,2025-08-23T20:30:00Z,2,3,True,0,2,0.600874,0.676194,0.100426,0.55,True,1,2,0.676194,True,1,1
La Liga,2025/26,2,2025-08-22T20:30:00+00:00,LaLiga|2025|14,Osasuna,Valencia,2025-08-24T16:00:00Z,1,0,True,0,U2.5,0.571072,0.571072,0.0,0.6,False,1,,,False,0,
La Liga,2025/26,2,2025-08-22T20:30:00+00:00,LaLiga|2025|15,Sociedad,Espanol,2025-08-24T18:30:00Z,2,2,True,0,U2.5,0.53083,0.53083,0.0,0.6,False,0,,,False,0,
La Liga,2025/26,2,2025-08-22T20:30:00+00:00,LaLiga|2025|16,Villarreal,Girona,2025-08-24T18:30:00Z,5,0,True,0,1,0.789923,0.739806,0.066823,0.55,True,1,1,0.739806,True,1,1
La Liga,2025/26,2,2025-08-22T20:30:00+00:00,LaLiga|2025|17,Oviedo,Real Madrid,2025-08-24T20:30:00Z,0,3,True,0,2,0.652334,0.655534,0.004266,0.55,True,1,2,0.655534,True,1,1
La Liga,2025/26,2,2025-08-22T20:30:00+00:00,LaLiga|2025|18,Ath Bilbao,Vallecano,2025-08-25T18:30:00Z,1,0,True,0,GG,0.568635,0.568635,0.0,0.6,False,0,1,0.5905,True,1,1
La Liga,2025/26,2,2025-08-22T20:30:00+00:00,LaLiga|2025|19,Sevilla,Getafe,2025-08-25T20:30:00Z,1,2,True,0,GG,0.526967,0.526967,0.0,0.6,False,1,,,False,0,
La Liga,2025/26,3,2025-08-27T20:00:00+00:00,LaLiga|2025|20,Celta,Betis,2025-08-27T20:00:00Z,1,1,True,0,U2.5,0.556196,0.556196,0.0,0.6,False,1,,,False,0,
La Liga,2025/26,3,2025-08-27T20:00:00+00:00,LaLiga|2025|21,Elche,Levante,2025-08-29T18:30:00Z,2,0,True,0,GG,0.547366,0.547366,0.0,0.6,False,0,,,False,0,
La Liga,2025/26,3,2025-08-27T20:00:00+00:00,LaLiga|2025|22,Valencia,Getafe,2025-08-29T20:30:00Z,3,0,True,0,U2.5,0.594631,0.594631,0.0,0.6,False,0,,,False,0,
La Liga,2025/26,3,2025-08-27T20:00:00+00:00,LaLiga|2025|23,Alaves,Ath Madrid,2025-08-30T16:00:00Z,1,1,True,0,U2.5,0.530649,0.530649,0.0,0.6,False,1,,,False,0,
La Liga,2025/26,3,2025-08-27T20:00:00+00:00,LaLiga|2025|24,Oviedo,Sociedad,2025-08-30T18:00:00Z,1,0,True,0,GG,0.532099,0.532099,0.0,0.6,False,0,,,False,0,
La Liga,2025/26,3,2025-08-27T20:00:00+00:00,LaLiga|2025|25,Girona,Sevilla,2025-08-30T18:30:00Z,0,2,True,0,GG,0.552632,0.552632,0.0,0.6,False,0,,,False,0,
La Liga,2025/26,3,2025-08-27T20:00:00+00:00,LaLiga|2025|26,Real Madrid,Mallorca,2025-08-30T20:30:00Z,2,1,True,0,1,0.793723,0.831956,0.050977,0.55,True,1,1,0.831956,True,1,1
La Liga,2025/26,3,2025-08-27T20:00:00+00:00,LaLiga|2025|29,Espanol,Osasuna,2025-08-31T18:30:00Z,1,0,True,0,U2.5,0.569057,0.569057,0.0,0.6,False,1,,,False,0,
La Liga,2025/26,3,2025-08-27T20:00:00+00:00,LaLiga|2025|30,Vallecano,Barcelona,2025-08-31T20:30:00Z,1,1,True,0,GG,0.586806,0.586806,0.0,0.6,False,1,2,0.624561,True,1,0
La Liga,2025/26,4,2025-09-12T20:00:00+00:00,LaLiga|2025|31,Sevilla,Elche,2025-09-12T20:00:00Z,2,2,True,0,GG,0.528772,0.528772,0.0,0.6,False,1,,,False,0,
La Liga,2025/26,4,2025-09-12T20:00:00+00:00,LaLiga|2025|32,Getafe,Oviedo,2025-09-13T13:00:00Z,2,0,True,0,1,0.696403,0.470576,0.301103,0.55,False,1,,,False,0,
La Liga,2025/26,4,2025-09-12T20:00:00+00:00,LaLiga|2025|33,Sociedad,Real Madrid,2025-09-13T15:15:00Z,1,2,True,0,2,0.618691,0.680798,0.082809,0.55,True,1,2,0.680798,True,1,1
La Liga,2025/26,4,2025-09-12T20:00:00+00:00,LaLiga|2025|34,Ath Bilbao,Alaves,2025-09-13T17:30:00Z,0,1,True,0,1,0.620353,0.665838,0.060647,0.55,True,0,1,0.665838,True,1,0
La Liga,2025/26,4,2025-09-12T20:00:00+00:00,LaLiga|2025|35,Ath Madrid,Villarreal,2025-09-13T20:00:00Z,2,0,True,0,U2.5,0.563171,0.563171,0.0,0.6,False,1,,,False,0,
La Liga,2025/26,4,2025-09-12T20:00:00+00:00,LaLiga|2025|38,Osasuna,Vallecano,2025-09-14T17:30:00Z,2,0,True,0,GG,0.530172,0.530172,0.0,0.6,False,0,,,False,0,
La Liga,2025/26,4,2025-09-12T20:00:00+00:00,LaLiga|2025|39,Barcelona,Valencia,2025-09-14T20:00:00Z,6,0,True,0,1,0.604739,0.752685,0.197261,0.55,True,1,1,0.752685,True,1,1
La Liga,2025/26,4,2025-09-12T20:00:00+00:00,LaLiga|2025|40,Espanol,Mallorca,2025-09-15T20:00:00Z,3,2,True,0,1,0.675068,0.533117,0.189268,0.55,False,1,,,False,0,
La Liga,2025/26,6,2025-09-19T20:00:00+00:00,LaLiga|2025|41,Betis,Sociedad,2025-09-19T20:00:00Z,3,1,True,0,1,0.568319,0.56568,0.003519,0.55,True,1,1,0.56568,True,1,1
La Liga,2025/26,6,2025-09-19T20:00:00+00:00,LaLiga|2025|47,Vallecano,Celta,2025-09-21T13:00:00Z,1,1,True,0,U2.5,0.535228,0.535228,0.0,0.6,False,1,,,False,0,
La Liga,2025/26,6,2025-09-19T20:00:00+00:00,LaLiga|2025|51,Ath Bilbao,Girona,2025-09-23T18:00:00Z,1,1,True,0,1,0.736656,0.749064,0.016544,0.55,True,0,1,0.749064,True,1,0
La Liga,2025/26,6,2025-09-19T20:00:00+00:00,LaLiga|2025|52,Espanol,Valencia,2025-09-23T18:00:00Z,2,2,True,0,1,0.674599,0.486275,0.251099,0.55,False,0,,,False,0,
La Liga,2025/26,6,2025-09-19T20:00:00+00:00,LaLiga|2025|53,Levante,Real Madrid,2025-09-23T20:30:00Z,1,4,True,0,2,0.746711,0.719703,0.036011,0.55,True,1,2,0.719703,True,1,1
La Liga,2025/26,6,2025-09-19T20:00:00+00:00,LaLiga|2025|54,Sevilla,Villarreal,2025-09-23T20:30:00Z,1,2,True,0,2,0.582244,0.551011,0.041644,0.55,True,1,2,0.551011,True,1,1
La Liga,2025/26,6,2025-09-19T20:00:00+00:00,LaLiga|2025|55,Getafe,Alaves,2025-09-24T18:00:00Z,1,1,True,0,U2.5,0.624523,0.624523,0.0,0.6,True,1,U2.5,0.624523,True,1,1
La Liga,2025/26,6,2025-09-24T20:30:00+00:00,LaLiga|2025|56,Ath Madrid,Vallecano,2025-09-24T20:30:00Z,3,2,True,0,1,0.610832,0.640358,0.039368,0.55,True,1,1,0.640358,True,1,1
La Liga,2025/26,6,2025-09-24T20:30:00+00:00,LaLiga|2025|57,Sociedad,Mallorca,2025-09-24T20:30:00Z,1,0,True,0,1,0.583833,0.472208,0.148833,0.55,False,1,,,False,0,
La Liga,2025/26,6,2025-09-24T20:30:00+00:00,LaLiga|2025|58,Osasuna,Elche,2025-09-25T18:30:00Z,1,1,True,0,U2.5,0.60572,0.60572,0.0,0.6,True,1,U2.5,0.60572,True,1,1
La Liga,2025/26,6,2025-09-24T20:30:00+00:00,LaLiga|2025|59,Oviedo,Barcelona,2025-09-25T20:30:00Z,1,3,True,0,2,0.82648,0.764095,0.08318,0.55,True,1,2,0.764095,True,1,1
La Liga,2025/26,7,2025-09-26T20:00:00+00:00,LaLiga|2025|60,Girona,Espanol,2025-09-26T20:00:00Z,0,0,True,0,O2.5,0.601131,0.601131,0.0,0.6,True,0,O2.5,0.601131,True,2,0
La Liga,2025/26,7,2025-09-26T20:00:00+00:00,LaLiga|2025|61,Getafe,Levante,2025-09-27T13:00:00Z,1,1,True,0,GG,0.537926,0.537926,0.0,0.6,False,1,,,False,0,
La Liga,2025/26,7,2025-09-26T20:00:00+00:00,LaLiga|2025|62,Ath Madrid,Real Madrid,2025-09-27T15:15:00Z,5,2,True,0,GG,0.550566,0.550566,0.0,0.6,False,1,,,False,0,
La Liga,2025/26,7,2025-09-26T20:00:00+00:00,LaLiga|2025|63,Mallorca,Alaves,2025-09-27T17:30:00Z,1,0,True,0,U2.5,0.636979,0.636979,0.0,0.6,True,1,U2.5,0.636979,True,1,1
La Liga,2025/26,7,2025-09-26T20:00:00+00:00,LaLiga|2025|64,Villarreal,Ath Bilbao,2025-09-27T20:00:00Z,1,0,True,0,U2.5,0.563914,0.563914,0.0,0.6,False,1,,,False,0,
La Liga,2025/26,7,2025-09-26T20:00:00+00:00,LaLiga|2025|65,Vallecano,Sevilla,2025-09-28T13:00:00Z,0,1,True,0,GG,0.541991,0.541991,0.0,0.6,False,0,,,False,0,
La Liga,2025/26,7,2025-09-26T20:00:00+00:00,LaLiga|2025|66,Elche,Celta,2025-09-28T15:15:00Z,2,1,True,0,U2.5,0.683719,0.683719,0.0,0.6,True,0,U2.5,0.683719,True,2,0
La Liga,2025/26,7,2025-09-26T20:00:00+00:00,LaLiga|2025|67,Barcelona,Sociedad,2025-09-28T17:30:00Z,2,1,True,0,1,0.830339,0.852435,0.029461,0.55,True,1,1,0.852435,True,2,1
La Liga,2025/26,7,2025-09-26T20:00:00+00:00,LaLiga|2025|68,Betis,Osasuna,2025-09-28T20:00:00Z,2,0,True,0,1,0.622886,0.519397,0.137986,0.55,False,1,,,False,0,
La Liga,2025/26,7,2025-09-26T20:00:00+00:00,LaLiga|2025|69,Valencia,Oviedo,2025-09-30T19:00:00Z,1,2,True,0,1,0.668425,0.565431,0.137325,0.55,True,0,1,0.565431,True,1,0
La Liga,2025/26,8,2025-10-03T20:00:00+00:00,LaLiga|2025|70,Osasuna,Getafe,2025-10-03T20:00:00Z,2,1,True,0,U2.5,0.657009,0.657009,0.0,0.6,True,0,U2.5,0.657009,True,1,0
La Liga,2025/26,8,2025-10-03T20:00:00+00:00,LaLiga|2025|71,Oviedo,Levante,2025-10-04T13:00:00Z,0,2,True,0,GG,0.542851,0.542851,0.0,0.6,False,0,,,False,0,
La Liga,2025/26,8,2025-10-03T20:00:00+00:00,LaLiga|2025|72,Girona,Valencia,2025-10-04T15:15:00Z,2,1,True,0,GG,0.539396,0.539396,0.0,0.6,False,1,,,False,0,
La Liga,2025/26,8,2025-10-03T20:00:00+00:00,LaLiga|2025|73,Ath Bilbao,Mallorca,2025-10-04T17:30:00Z,2,1,True,0,1,0.660681,0.652445,0.010981,0.55,True,1,1,0.652445,True,1,1
La Liga,2025/26,8,2025-10-03T20:00:00+00:00,LaLiga|2025|74,Real Madrid,Villarreal,2025-10-04T20:00:00Z,3,1,True,0,GG,0.595401,0.595401,0.0,0.6,False,1,,,False,0,
La Liga,2025/26,8,2025-10-03T20:00:00+00:00,LaLiga|2025|75,Alaves,Elche,2025-10-05T13:00:00Z,3,1,True,0,U2.5,0.678019,0.678019,0.0,0.6,True,0,U2.5,0.678019,True,2,0
La Liga,2025/26,8,2025-10-03T20:00:00+00:00,LaLiga|2025|76,Sevilla,Barcelona,2025-10-05T15:15:00Z,4,1,True,0,2,0.630769,0.718467,0.116931,0.55,True,0,2,0.718467,True,1,0
La Liga,2025/26,8,2025-10-03T20:00:00+00:00,LaLiga|2025|77,Espanol,Betis,2025-10-05T17:30:00Z,1,2,True,0,U2.5,0.536503,0.536503,0.0,0.6,False,0,,,False,0,
La Liga,2025/26,8,2025-10-03T20:00:00+00:00,LaLiga|2025|78,Sociedad,Vallecano,2025-10-05T17:30:00Z,0,1,True,0,GG,0.614368,0.614368,0.0,0.6,True,0,GG,0.614368,True,2,0
La Liga,2025/26,8,2025-10-03T20:00:00+00:00,LaLiga|2025|79,Celta,Ath Madrid,2025-10-05T20:00:00Z,1,1,True,0,2,0.631452,0.562188,0.092352,0.55,True,0,2,0.562188,True,1,0
La Liga,2025/26,9,2025-10-17T20:00:00+00:00,LaLiga|2025|80,Oviedo,Espanol,2025-10-17T20:00:00Z,0,2,True,0,U2.5,0.548669,0.548669,0.0,0.6,False,1,,,False,0,
La Liga,2025/26,9,2025-10-17T20:00:00+00:00,LaLiga|2025|81,Sevilla,Mallorca,2025-10-18T13:00:00Z,1,3,True,0,1,0.656647,0.540287,0.155147,0.55,False,0,,,False,0,
La Liga,2025/26,9,2025-10-17T20:00:00+00:00,LaLiga|2025|82,Barcelona,Girona,2025-10-18T15:15:00Z,2,1,True,0,1,0.919867,0.879842,0.053367,0.55,True,1,1,0.879842,True,2,1
La Liga,2025/26,9,2025-10-17T20:00:00+00:00,LaLiga|2025|83,Villarreal,Betis,2025-10-18T17:30:00Z,2,2,True,0,GG,0.540888,0.540888,0.0,0.6,False,1,,,False,0,
La Liga,2025/26,9,2025-10-17T20:00:00+00:00,LaLiga|2025|84,Ath Madrid,Osasuna,2025-10-18T20:00:00Z,1,0,True,0,1,0.721638,0.66386,0.077038,0.55,True,1,1,0.66386,True,1,1
La Liga,2025/26,9,2025-10-17T20:00:00+00:00,LaLiga|2025|85,Elche,Ath Bilbao,2025-10-19T13:00:00Z,0,0,True,0,U2.5,0.631227,0.631227,0.0,0.6,True,1,U2.5,0.631227,True,1,1
La Liga,2025/26,9,2025-10-17T20:00:00+00:00,LaLiga|2025|86,Celta,Sociedad,2025-10-19T15:15:00Z,1,1,True,0,U2.5,0.5399,0.5399,0.0,0.6,False,1,,,False,0,
La Liga,2025/26,9,2025-10-17T20:00:00+00:00,LaLiga|2025|87,Levante,Vallecano,2025-10-19T17:30:00Z,0,3,True,0,GG,0.607228,0.607228,0.0,0.6,True,0,GG,0.607228,True,2,0
La Liga,2025/26,9,2025-10-17T20:00:00+00:00,LaLiga|2025|88,Getafe,Real Madrid,2025-10-19T20:00:00Z,0,1,True,0,2,0.663397,0.699549,0.048203,0.55,True,1,2,0.699549,True,1,1
La Liga,2025/26,9,2025-10-17T20:00:00+00:00,LaLiga|2025|89,Alaves,Valencia,2025-10-20T20:00:00Z,0,0,True,0,U2.5,0.618322,0.618322,0.0,0.6,True,1,U2.5,0.618322,True,1,1
La Liga,2025/26,10,2025-10-24T20:00:00+00:00,LaLiga|2025|90,Sociedad,Sevilla,2025-10-24T20:00:00Z,2,1,True,0,GG,0.520923,0.520923,0.0,0.6,False,1,,,False,0,
La Liga,2025/26,10,2025-10-24T20:00:00+00:00,LaLiga|2025|91,Girona,Oviedo,2025-10-25T13:00:00Z,3,3,True,0,1,0.542831,0.439233,0.138131,0.55,False,0,,,False,0,
La Liga,2025/26,10,2025-10-24T20:00:00+00:00,LaLiga|2025|92,Espanol,Elche,2025-10-25T15:15:00Z,1,0,True,0,GG,0.519744,0.519744,0.0,0.6,False,0,,,False,0,
La Liga,2025/26,10,2025-10-24T20:00:00+00:00,LaLiga|2025|93,Ath Bilbao,Getafe,2025-10-25T17:30:00Z,0,1,True,0,U2.5,0.689961,0.689961,0.0,0.6,True,1,U2.5,0.689961,True,3,1
La Liga,2025/26,10,2025-10-24T20:00:00+00:00,LaLiga|2025|94,Valencia,Villarreal,2025-10-25T20:00:00Z,0,2,True,0,GG,0.534215,0.534215,0.0,0.6,False,0,,,False,0,
La Liga,2025/26,10,2025-10-24T20:00:00+00:00,LaLiga|2025|95,Mallorca,Levante,2025-10-26T13:00:00Z,1,1,True,0,GG,0.54813,0.54813,0.0,0.6,False,1,,,False,0,
La Liga,2025/26,10,2025-10-24T20:00:00+00:00,LaLiga|2025|96,Real Madrid,Barcelona,2025-10-26T15:15:00Z,2,1,True,0,O2.5,0.661679,0.661679,0.0,0.6,True,1,O2.5,0.661679,True,2,1
La Liga,2025/26,10,2025-10-24T20:00:00+00:00,LaLiga|2025|97,Osasuna,Celta,2025-10-26T17:30:00Z,2,3,True,0,U2.5,0.623877,0.623877,0.0,0.6,True,0,U2.5,0.623877,True,1,0
La Liga,2025/26,10,2025-10-24T20:00:00+00:00,LaLiga|2025|98,Vallecano,Alaves,2025-10-26T20:00:00Z,1,0,True,0,U2.5,0.604842,0.604842,0.0,0.6,True,1,U2.5,0.604842,True,1,1
La Liga,2025/26,10,2025-10-24T20:00:00+00:00,LaLiga|2025|99,Betis,Ath Madrid,2025-10-27T20:00:00Z,0,2,True,0,U2.5,0.570381,0.570381,0.0,0.6,False,1,,,False,0,
La Liga,2025/26,11,2025-10-31T20:00:00+00:00,LaLiga|2025|100,Getafe,Girona,2025-10-31T20:00:00Z,2,1,True,0,U2.5,0.578647,0.578647,0.0,0.6,False,0,,,False,0,
La Liga,2025/26,11,2025-10-31T20:00:00+00:00,LaLiga|2025|101,Villarreal,Vallecano,2025-11-01T13:00:00Z,4,0,True,0,1,0.603078,0.615694,0.016822,0.55,True,1,1,0.615694,True,1,1
La Liga,2025/26,11,2025-10-31T20:00:00+00:00,LaLiga|2025|102,Ath Madrid,Sevilla,2025-11-01T15:15:00Z,3,0,True,0,1,0.80984,0.76736,0.05664,0.55,True,1,1,0.76736,True,1,1
La Liga,2025/26,11,2025-10-31T20:00:00+00:00,LaLiga|2025|103,Sociedad,Ath Bilbao,2025-11-01T17:30:00Z,3,2,True,0,U2.5,0.638797,0.638797,0.0,0.6,True,0,U2.5,0.638797,True,1,0
La Liga,2025/26,11,2025-10-31T20:00:00+00:00,LaLiga|2025|104,Real Madrid,Valencia,2025-11-01T20:00:00Z,4,0,True,0,1,0.836186,0.829147,0.009386,0.55,True,1,1,0.829147,True,1,1
La Liga,2025/26,11,2025-10-31T20:00:00+00:00,LaLiga|2025|105,Levante,Celta,2025-11-02T13:00:00Z,1,2,True,0,GG,0.560087,0.560087,0.0,0.6,False,1,,,False,0,
La Liga,2025/26,11,2025-10-31T20:00:00+00:00,LaLiga|2025|106,Alaves,Espanol,2025-11-02T15:15:00Z,2,1,True,0,U2.5,0.578967,0.578967,0.0,0.6,False,0,,,False,0,
La Liga,2025/26,11,2025-10-31T20:00:00+00:00,LaLiga|2025|107,Barcelona,Elche,2025-11-02T17:30:00Z,3,1,True,0,1,0.743939,0.82731,0.111161,0.55,True,1,1,0.82731,True,1,1
La Liga,2025/26,11,2025-10-31T20:00:00+00:00,LaLiga|2025|108,Betis,Mallorca,2025-11-02T20:00:00Z,3,0,True,0,1,0.649584,0.603771,0.061084,0.55,True,1,1,0.603771,True,1,1
La Liga,2025/26,11,2025-10-31T20:00:00+00:00,LaLiga|2025|109,Oviedo,Osasuna,2025-11-03T20:00:00Z,0,0,True,0,U2.5,0.580069,0.580069,0.0,0.6,False,1,,,False,0,
La Liga,2025/26,12,2025-11-07T20:00:00+00:00,LaLiga|2025|110,Elche,Sociedad,2025-11-07T20:00:00Z,1,1,True,0,U2.5,0.578862,0.578862,0.0,0.6,False,1,,,False,0,
La Liga,2025/26,12,2025-11-07T20:00:00+00:00,LaLiga|2025|111,Girona,Alaves,2025-11-08T13:00:00Z,1,0,True,0,U2.5,0.566132,0.566132,0.0,0.6,False,1,,,False,0,
La Liga,2025/26,12,2025-11-07T20:00:00+00:00,LaLiga|2025|112,Sevilla,Osasuna,2025-11-08T15:15:00Z,1,0,True,0,U2.5,0.615669,0.615669,0.0,0.6,True,1,U2.5,0.615669,True,1,1
La Liga,2025/26,12,2025-11-07T20:00:00+00:00,LaLiga|2025|113,Ath Madrid,Levante,2025-11-08T17:30:00Z,3,1,True,0,1,0.855444,0.785736,0.092944,0.55,True,1,1,0.785736,True,1,1
La Liga,2025/26,12,2025-11-07T20:00:00+00:00,LaLiga|2025|114,Espanol,Villarreal,2025-11-08T20:00:00Z,0,2,True,0,GG,0.608244,0.608244,0.0,0.6,True,0,GG,0.608244,True,1,0
La Liga,2025/26,12,2025-11-07T20:00:00+00:00,LaLiga|2025|115,Ath Bilbao,Oviedo,2025-11-09T13:00:00Z,1,0,True,0,1,0.699245,0.645586,0.071545,0.55,True,1,1,0.645586,True,3,1
La Liga,2025/26,12,2025-11-07T20:00:00+00:00,LaLiga|2025|116,Vallecano,Real Madrid,2025-11-09T15:15:00Z,0,0,True,0,2,0.642232,0.660508,0.024368,0.55,True,0,2,0.660508,True,2,0
La Liga,2025/26,12,2025-11-07T20:00:00+00:00,LaLiga|2025|117,Mallorca,Getafe,2025-11-09T17:30:00Z,1,0,True,0,U2.5,0.670686,0.670686,0.0,0.6,True,1,U2.5,0.670686,True,1,1
La Liga,2025/26,12,2025-11-07T20:00:00+00:00,LaLiga|2025|118,Valencia,Betis,2025-11-09T17:30:00Z,1,1,True,0,2,0.621909,0.473927,0.197309,0.55,False,0,U2.5,0.604288,True,1,1
La Liga,2025/26,12,2025-11-07T20:00:00+00:00,LaLiga|2025|119,Celta,Barcelona,2025-11-09T20:00:00Z,2,4,True,0,GG,0.592491,0.592491,0.0,0.6,False,1,2,0.612926,True,1,1
La Liga,2025/26,13,2025-11-21T20:00:00+00:00,LaLiga|2025|120,Valencia,Levante,2025-11-21T20:00:00Z,1,0,True,0,GG,0.580839,0.580839,0.0,0.6,False,0,,,False,0,
La Liga,2025/26,13,2025-11-21T20:00:00+00:00,LaLiga|2025|121,Alaves,Celta,2025-11-22T13:00:00Z,0,1,True,0,U2.5,0.598859,0.598859,0.0,0.6,False,1,,,False,0,
La Liga,2025/26,13,2025-11-21T20:00:00+00:00,LaLiga|2025|122,Barcelona,Ath Bilbao,2025-11-22T15:15:00Z,4,0,True,0,1,0.562267,0.666092,0.138433,0.55,True,1,1,0.666092,True,1,1
La Liga,2025/26,13,2025-11-21T20:00:00+00:00,LaLiga|2025|123,Osasuna,Sociedad,2025-11-22T17:30:00Z,1,3,True,0,U2.5,0.605161,0.605161,0.0,0.6,True,0,U2.5,0.605161,True,1,0
La Liga,2025/26,13,2025-11-21T20:00:00+00:00,LaLiga|2025|124,Villarreal,Mallorca,2025-11-22T20:00:00Z,2,1,True,0,1,0.820238,0.751284,0.091938,0.55,True,1,1,0.751284,True,1,1
La Liga,2025/26,13,2025-11-21T20:00:00+00:00,LaLiga|2025|125,Oviedo,Vallecano,2025-11-23T13:00:00Z,0,0,True,0,2,0.550779,0.43912,0.148879,0.55,False,0,,,False,0,
La Liga,2025/26,13,2025-11-21T20:00:00+00:00,LaLiga|2025|126,Betis,Girona,2025-11-23T15:15:00Z,1,1,True,0,1,0.778161,0.70064,0.103361,0.55,True,0,1,0.70064,True,1,0
La Liga,2025/26,13,2025-11-21T20:00:00+00:00,LaLiga|2025|127,Getafe,Ath Madrid,2025-11-23T17:30:00Z,0,1,True,0,U2.5,0.637441,0.637441,0.0,0.6,True,1,U2.5,0.637441,True,2,1
La Liga,2025/26,13,2025-11-21T20:00:00+00:00,LaLiga|2025|128,Elche,Real Madrid,2025-11-23T20:00:00Z,2,2,True,0,2,0.781884,0.770646,0.014984,0.55,True,0,2,0.770646,True,1,0
La Liga,2025/26,13,2025-11-21T20:00:00+00:00,LaLiga|2025|129,Espanol,Sevilla,2025-11-24T20:00:00Z,2,1,True,0,1,0.555767,0.479142,0.102167,0.55,False,1,,,False,0,
La Liga,2025/26,14,2025-11-28T20:00:00+00:00,LaLiga|2025|130,Getafe,Elche,2025-11-28T20:00:00Z,1,0,True,0,U2.5,0.68334,0.68334,0.0,0.6,True,1,U2.5,0.68334,True,2,1
La Liga,2025/26,14,2025-11-28T20:00:00+00:00,LaLiga|2025|131,Mallorca,Osasuna,2025-11-29T13:00:00Z,2,2,True,0,U2.5,0.613971,0.613971,0.0,0.6,True,0,U2.5,0.613971,True,1,0
La Liga,2025/26,14,2025-11-28T20:00:00+00:00,LaLiga|2025|132,Barcelona,Alaves,2025-11-29T15:15:00Z,3,1,True,0,1,0.701524,0.809581,0.144076,0.55,True,1,1,0.809581,True,1,1
La Liga,2025/26,14,2025-11-28T20:00:00+00:00,LaLiga|2025|133,Levante,Ath Bilbao,2025-11-29T17:30:00Z,0,2,True,0,U2.5,0.541274,0.541274,0.0,0.6,False,1,,,False,0,
La Liga,2025/26,14,2025-11-28T20:00:00+00:00,LaLiga|2025|134,Ath Madrid,Oviedo,2025-11-29T20:00:00Z,2,0,True,0,1,0.859042,0.825411,0.044842,0.55,True,1,1,0.825411,True,1,1
La Liga,2025/26,14,2025-11-28T20:00:00+00:00,LaLiga|2025|135,Sociedad,Villarreal,2025-11-30T13:00:00Z,2,3,True,0,GG,0.549847,0.549847,0.0,0.6,False,1,,,False,0,
La Liga,2025/26,14,2025-11-28T20:00:00+00:00,LaLiga|2025|136,Sevilla,Betis,2025-11-30T15:15:00Z,0,2,True,0,2,0.594385,0.480621,0.151685,0.55,False,1,,,False,0,
La Liga,2025/26,14,2025-11-28T20:00:00+00:00,LaLiga|2025|137,Celta,Espanol,2025-11-30T17:30:00Z,0,1,True,0,GG,0.538069,0.538069,0.0,0.6,False,0,,,False,0,
La Liga,2025/26,14,2025-11-28T20:00:00+00:00,LaLiga|2025|138,Girona,Real Madrid,2025-11-30T20:00:00Z,1,1,True,0,2,0.823281,0.77912,0.058881,0.55,True,0,2,0.77912,True,3,0
La Liga,2025/26,14,2025-11-28T20:00:00+00:00,LaLiga|2025|139,Vallecano,Valencia,2025-12-01T20:00:00Z,1,1,True,0,U2.5,0.518527,0.518527,0.0,0.6,False,1,,,False,0,
La Liga,2025/26,15,2025-12-02T20:00:00+00:00,LaLiga|2025|140,Barcelona,Ath Madrid,2025-12-02T20:00:00Z,3,1,True,0,GG,0.619637,0.619637,0.0,0.6,True,1,GG,0.619637,True,2,1
La Liga,2025/26,15,2025-12-02T20:00:00+00:00,LaLiga|2025|141,Ath Bilbao,Real Madrid,2025-12-03T18:00:00Z,0,3,True,0,2,0.620622,0.546881,0.098322,0.55,False,1,,,False,0,
La Liga,2025/26,15,2025-12-02T20:00:00+00:00,LaLiga|2025|142,Oviedo,Mallorca,2025-12-05T20:00:00Z,0,0,True,0,U2.5,0.597997,0.597997,0.0,0.6,False,1,,,False,0,
La Liga,2025/26,15,2025-12-02T20:00:00+00:00,LaLiga|2025|143,Villarreal,Getafe,2025-12-06T13:00:00Z,2,0,True,0,1,0.677211,0.718828,0.055489,0.55,True,1,1,0.718828,True,1,1
La Liga,2025/26,15,2025-12-02T20:00:00+00:00,LaLiga|2025|144,Alaves,Sociedad,2025-12-06T15:15:00Z,1,0,True,0,U2.5,0.602503,0.602503,0.0,0.6,True,1,U2.5,0.602503,True,1,1
La Liga,2025/26,15,2025-12-02T20:00:00+00:00,LaLiga|2025|147,Elche,Girona,2025-12-07T13:00:00Z,3,0,True,0,GG,0.52486,0.52486,0.0,0.6,False,0,,,False,0,
La Liga,2025/26,15,2025-12-02T20:00:00+00:00,LaLiga|2025|148,Valencia,Sevilla,2025-12-07T15:15:00Z,1,1,True,0,U2.5,0.574288,0.574288,0.0,0.6,False,1,,,False,0,
La Liga,2025/26,15,2025-12-02T20:00:00+00:00,LaLiga|2025|149,Espanol,Vallecano,2025-12-07T17:30:00Z,1,0,True,0,GG,0.553094,0.553094,0.0,0.6,False,0,,,False,0,
La Liga,2025/26,16,2025-12-07T20:00:00+00:00,LaLiga|2025|150,Real Madrid,Celta,2025-12-07T20:00:00Z,0,2,True,0,1,0.860719,0.816455,0.059019,0.55,True,0,1,0.816455,True,1,0
La Liga,2025/26,16,2025-12-07T20:00:00+00:00,LaLiga|2025|152,Sociedad,Girona,2025-12-12T20:00:00Z,1,2,True,0,1,0.742628,0.573257,0.225828,0.55,True,0,1,0.573257,True,1,0
La Liga,2025/26,17,2025-12-13T13:00:00+00:00,LaLiga|2025|153,Ath Madrid,Valencia,2025-12-13T13:00:00Z,2,1,True,0,1,0.785644,0.728761,0.075844,0.55,True,1,1,0.728761,True,1,1
La Liga,2025/26,17,2025-12-13T13:00:00+00:00,LaLiga|2025|155,Barcelona,Osasuna,2025-12-13T17:30:00Z,2,0,True,0,1,0.786654,0.834388,0.063646,0.55,True,1,1,0.834388,True,2,1
La Liga,2025/26,17,2025-12-13T13:00:00+00:00,LaLiga|2025|158,Celta,Ath Bilbao,2025-12-14T15:15:00Z,2,0,True,0,U2.5,0.626478,0.626478,0.0,0.6,True,1,U2.5,0.626478,True,1,1
La Liga,2025/26,17,2025-12-13T13:00:00+00:00,LaLiga|2025|159,Alaves,Real Madrid,2025-12-14T20:00:00Z,1,2,True,0,2,0.559262,0.636391,0.102838,0.55,True,1,2,0.636391,True,1,1
La Liga,2025/26,16,2025-12-15T20:00:00+00:00,LaLiga|2025|160,Vallecano,Betis,2025-12-15T20:00:00Z,0,0,True,0,U2.5,0.526465,0.526465,0.0,0.6,False,1,,,False,0,
La Liga,2025/26,17,2025-12-19T20:00:00+00:00,LaLiga|2025|161,Valencia,Mallorca,2025-12-19T20:00:00Z,1,1,True,0,U2.5,0.568505,0.568505,0.0,0.6,False,1,,,False,0,
La Liga,2025/26,17,2025-12-19T20:00:00+00:00,LaLiga|2025|162,Oviedo,Celta,2025-12-20T13:00:00Z,0,0,True,0,U2.5,0.596224,0.596224,0.0,0.6,False,1,,,False,0,
La Liga,2025/26,17,2025-12-19T20:00:00+00:00,LaLiga|2025|163,Levante,Sociedad,2025-12-20T15:15:00Z,1,1,True,0,2,0.58398,0.406245,0.23698,0.55,False,0,,,False,0,
La Liga,2025/26,17,2025-12-19T20:00:00+00:00,LaLiga|2025|164,Osasuna,Alaves,2025-12-20T17:30:00Z,3,0,True,0,U2.5,0.661474,0.661474,0.0,0.6,True,0,U2.5,0.661474,True,1,0
La Liga,2025/26,17,2025-12-19T20:00:00+00:00,LaLiga|2025|168,Elche,Vallecano,2025-12-21T17:30:00Z,4,0,True,0,U2.5,0.558876,0.558876,0.0,0.6,False,0,,,False,0,
La Liga,2025/26,17,2025-12-19T20:00:00+00:00,LaLiga|2025|169,Betis,Getafe,2025-12-21T20:00:00Z,4,0,True,0,U2.5,0.673354,0.673354,0.0,0.6,True,0,U2.5,0.673354,True,3,0
La Liga,2025/26,18,2025-12-22T20:00:00+00:00,LaLiga|2025|170,Ath Bilbao,Espanol,2025-12-22T20:00:00Z,1,2,True,0,U2.5,0.595781,0.595781,0.0,0.6,False,0,,,False,0,
La Liga,2025/26,18,2026-01-02T20:00:00+00:00,LaLiga|2025|171,Vallecano,Getafe,2026-01-02T20:00:00Z,1,1,True,0,U2.5,0.638988,0.638988,0.0,0.6,True,1,U2.5,0.638988,True,1,1
La Liga,2025/26,18,2026-01-02T20:00:00+00:00,LaLiga|2025|172,Celta,Valencia,2026-01-03T13:00:00Z,4,1,True,0,U2.5,0.596082,0.596082,0.0,0.6,False,0,,,False,0,
La Liga,2025/26,18,2026-01-02T20:00:00+00:00,LaLiga|2025|174,Elche,Villarreal,2026-01-03T17:30:00Z,1,3,True,0,2,0.565872,0.584193,0.024428,0.55,True,1,2,0.584193,True,1,1
La Liga,2025/26,18,2026-01-02T20:00:00+00:00,LaLiga|2025|176,Sevilla,Levante,2026-01-04T13:00:00Z,0,3,True,0,GG,0.559405,0.559405,0.0,0.6,False,0,,,False,0,
La Liga,2025/26,18,2026-01-02T20:00:00+00:00,LaLiga|2025|178,Alaves,Oviedo,2026-01-04T17:30:00Z,1,1,True,0,U2.5,0.612074,0.612074,0.0,0.6,True,1,U2.5,0.612074,True,2,1
La Liga,2025/26,18,2026-01-02T20:00:00+00:00,LaLiga|2025|179,Mallorca,Girona,2026-01-04T17:30:00Z,1,2,True,0,1,0.58,0.52465,0.0738,0.55,False,0,,,False,0,
La Liga,2025/26,19,2026-01-04T20:00:00+00:00,LaLiga|2025|180,Sociedad,Ath Madrid,2026-01-04T20:00:00Z,1,1,True,0,2,0.550497,0.597599,0.062803,0.55,True,0,2,0.597599,True,1,0
La Liga,2025/26,19,2026-01-04T20:00:00+00:00,LaLiga|2025|181,Getafe,Sociedad,2026-01-09T20:00:00Z,1,2,True,0,U2.5,0.697186,0.697186,0.0,0.6,True,0,U2.5,0.697186,True,2,0
La Liga,2025/26,19,2026-01-10T13:00:00+00:00,LaLiga|2025|182,Oviedo,Betis,2026-01-10T13:00:00Z,1,1,True,0,2,0.64837,0.545043,0.13777,0.55,False,0,,,False,0,
La Liga,2025/26,19,2026-01-10T13:00:00+00:00,LaLiga|2025|183,Villarreal,Alaves,2026-01-10T15:15:00Z,3,1,True,0,1,0.762834,0.764308,0.001966,0.55,True,1,1,0.764308,True,1,1
La Liga,2025/26,19,2026-01-10T13:00:00+00:00,LaLiga|2025|184,Girona,Osasuna,2026-01-10T17:30:00Z,1,0,True,0,U2.5,0.581765,0.581765,0.0,0.6,False,1,,,False,0,
La Liga,2025/26,19,2026-01-10T13:00:00+00:00,LaLiga|2025|185,Valencia,Elche,2026-01-10T20:00:00Z,1,1,True,0,U2.5,0.55844,0.55844,0.0,0.6,False,1,,,False,0,
La Liga,2025/26,19,2026-01-10T13:00:00+00:00,LaLiga|2025|186,Vallecano,Mallorca,2026-01-11T13:00:00Z,2,1,True,0,U2.5,0.541957,0.541957,0.0,0.6,False,0,,,False,0,
La Liga,2025/26,19,2026-01-10T13:00:00+00:00,LaLiga|2025|187,Levante,Espanol,2026-01-11T15:15:00Z,1,1,True,0,GG,0.58033,0.58033,0.0,0.6,False,1,,,False,0,
La Liga,2025/26,19,2026-01-10T13:00:00+00:00,LaLiga|2025|188,Sevilla,Celta,2026-01-12T20:00:00Z,0,1,True,0,U2.5,0.577043,0.577043,0.0,0.6,False,1,,,False,0,
La Liga,2025/26,20,2026-01-16T20:00:00+00:00,LaLiga|2025|189,Espanol,Girona,2026-01-16T20:00:00Z,0,2,True,0,1,0.620894,0.572148,0.064994,0.55,True,0,1,0.572148,True,1,0
La Liga,2025/26,20,2026-01-16T20:00:00+00:00,LaLiga|2025|190,Real Madrid,Levante,2026-01-17T13:00:00Z,2,0,True,0,1,0.894361,0.85899,0.047161,0.55,True,1,1,0.85899,True,2,1
La Liga,2025/26,20,2026-01-16T20:00:00+00:00,LaLiga|2025|191,Mallorca,Ath Bilbao,2026-01-17T15:15:00Z,3,2,True,0,U2.5,0.628886,0.628886,0.0,0.6,True,0,U2.5,0.628886,True,1,0
La Liga,2025/26,20,2026-01-16T20:00:00+00:00,LaLiga|2025|192,Osasuna,Oviedo,2026-01-17T17:30:00Z,3,2,True,0,U2.5,0.622216,0.622216,0.0,0.6,True,0,U2.5,0.622216,True,1,0
La Liga,2025/26,20,2026-01-16T20:00:00+00:00,LaLiga|2025|193,Betis,Villarreal,2026-01-17T20:00:00Z,2,0,True,0,GG,0.565382,0.565382,0.0,0.6,False,0,,,False,0,
La Liga,2025/26,20,2026-01-16T20:00:00+00:00,LaLiga|2025|194,Getafe,Valencia,2026-01-18T13:00:00Z,0,1,True,0,U2.5,0.713518,0.713518,0.0,0.6,True,1,U2.5,0.713518,True,2,1
La Liga,2025/26,20,2026-01-16T20:00:00+00:00,LaLiga|2025|195,Ath Madrid,Alaves,2026-01-18T15:15:00Z,1,0,True,0,1,0.770692,0.779623,0.011908,0.55,True,1,1,0.779623,True,1,1
La Liga,2025/26,20,2026-01-16T20:00:00+00:00,LaLiga|2025|196,Celta,Vallecano,2026-01-18T17:30:00Z,3,0,True,0,1,0.607257,0.562214,0.060057,0.55,True,1,1,0.562214,True,1,1
La Liga,2025/26,20,2026-01-16T20:00:00+00:00,LaLiga|2025|197,Sociedad,Barcelona,2026-01-18T20:00:00Z,2,1,True,0,GG,0.621243,0.621243,0.0,0.6,True,1,2,0.719237,True,3,0
La Liga,2025/26,20,2026-01-16T20:00:00+00:00,LaLiga|2025|198,Elche,Sevilla,2026-01-19T20:00:00Z,2,2,True,0,U2.5,0.561749,0.561749,0.0,0.6,False,0,,,False,0,
La Liga,2025/26,21,2026-01-23T20:00:00+00:00,LaLiga|2025|199,Levante,Elche,2026-01-23T20:00:00Z,3,2,True,0,GG,0.552966,0.552966,0.0,0.6,False,1,,,False,0,
La Liga,2025/26,21,2026-01-23T20:00:00+00:00,LaLiga|2025|200,Vallecano,Osasuna,2026-01-24T13:00:00Z,1,3,True,0,U2.5,0.595493,0.595493,0.0,0.6,False,0,,,False,0,
La Liga,2025/26,21,2026-01-23T20:00:00+00:00,LaLiga|2025|201,Valencia,Espanol,2026-01-24T15:15:00Z,3,2,True,0,U2.5,0.566908,0.566908,0.0,0.6,False,0,,,False,0,
La Liga,2025/26,21,2026-01-23T20:00:00+00:00,LaLiga|2025|202,Sevilla,Ath Bilbao,2026-01-24T17:30:00Z,2,1,True,0,U2.5,0.594481,0.594481,0.0,0.6,False,0,,,False,0,
La Liga,2025/26,21,2026-01-23T20:00:00+00:00,LaLiga|2025|203,Villarreal,Real Madrid,2026-01-24T20:00:00Z,0,2,True,0,GG,0.612459,0.612459,0.0,0.6,True,0,GG,0.612459,True,1,0
La Liga,2025/26,21,2026-01-23T20:00:00+00:00,LaLiga|2025|204,Ath Madrid,Mallorca,2026-01-25T13:00:00Z,3,0,True,0,1,0.810264,0.772116,0.050864,0.55,True,1,1,0.772116,True,1,1
La Liga,2025/26,21,2026-01-23T20:00:00+00:00,LaLiga|2025|205,Barcelona,Oviedo,2026-01-25T15:15:00Z,3,0,True,0,1,0.950219,0.899355,0.067819,0.55,True,1,1,0.899355,True,2,1
La Liga,2025/26,21,2026-01-23T20:00:00+00:00,LaLiga|2025|206,Sociedad,Celta,2026-01-25T17:30:00Z,3,1,True,0,U2.5,0.556733,0.556733,0.0,0.6,False,0,,,False,0,
La Liga,2025/26,21,2026-01-23T20:00:00+00:00,LaLiga|2025|207,Alaves,Betis,2026-01-25T20:00:00Z,2,1,True,0,U2.5,0.571788,0.571788,0.0,0.6,False,0,,,False,0,
La Liga,2025/26,21,2026-01-23T20:00:00+00:00,LaLiga|2025|208,Girona,Getafe,2026-01-26T20:00:00Z,1,1,True,0,U2.5,0.688249,0.688249,0.0,0.6,True,1,U2.5,0.688249,True,2,1
La Liga,2025/26,22,2026-01-30T20:00:00+00:00,LaLiga|2025|209,Espanol,Alaves,2026-01-30T20:00:00Z,1,2,True,0,U2.5,0.549515,0.549515,0.0,0.6,False,0,,,False,0,
La Liga,2025/26,22,2026-01-30T20:00:00+00:00,LaLiga|2025|210,Oviedo,Girona,2026-01-31T13:00:00Z,1,0,True,0,U2.5,0.556892,0.556892,0.0,0.6,False,1,,,False,0,
La Liga,2025/26,22,2026-01-30T20:00:00+00:00,LaLiga|2025|211,Osasuna,Villarreal,2026-01-31T15:15:00Z,2,2,True,0,U2.5,0.584653,0.584653,0.0,0.6,False,0,,,False,0,
La Liga,2025/26,22,2026-01-30T20:00:00+00:00,LaLiga|2025|212,Levante,Ath Madrid,2026-01-31T17:30:00Z,0,0,True,0,2,0.64036,0.63094,0.01256,0.55,True,0,2,0.63094,True,1,0
La Liga,2025/26,22,2026-01-30T20:00:00+00:00,LaLiga|2025|213,Elche,Barcelona,2026-01-31T20:00:00Z,1,3,True,0,2,0.840316,0.806179,0.045516,0.55,True,1,2,0.806179,True,3,1
La Liga,2025/26,22,2026-01-30T20:00:00+00:00,LaLiga|2025|214,Real Madrid,Vallecano,2026-02-01T13:00:00Z,2,1,True,0,1,0.892578,0.864319,0.037678,0.55,True,1,1,0.864319,True,2,1
La Liga,2025/26,22,2026-01-30T20:00:00+00:00,LaLiga|2025|215,Betis,Valencia,2026-02-01T15:15:00Z,2,1,True,0,1,0.591131,0.566883,0.032331,0.55,True,1,1,0.566883,True,1,1
La Liga,2025/26,22,2026-01-30T20:00:00+00:00,LaLiga|2025|216,Getafe,Celta,2026-02-01T17:30:00Z,0,0,True,0,U2.5,0.724267,0.724267,0.0,0.6,True,1,U2.5,0.724267,True,2,1
La Liga,2025/26,22,2026-01-30T20:00:00+00:00,LaLiga|2025|217,Ath Bilbao,Sociedad,2026-02-01T20:00:00Z,1,1,True,0,U2.5,0.563845,0.563845,0.0,0.6,False,1,,,False,0,
La Liga,2025/26,22,2026-01-30T20:00:00+00:00,LaLiga|2025|218,Mallorca,Sevilla,2026-02-02T20:00:00Z,4,1,True,0,U2.5,0.565673,0.565673,0.0,0.6,False,0,,,False,0,
La Liga,2025/26,23,2026-02-06T20:00:00+00:00,LaLiga|2025|219,Celta,Osasuna,2026-02-06T20:00:00Z,1,2,True,0,U2.5,0.642736,0.642736,0.0,0.6,True,0,U2.5,0.642736,True,1,0
La Liga,2025/26,23,2026-02-06T20:00:00+00:00,LaLiga|2025|220,Barcelona,Mallorca,2026-02-07T15:15:00Z,3,0,True,0,1,0.922055,0.876039,0.061355,0.55,True,1,1,0.876039,True,2,1
La Liga,2025/26,23,2026-02-06T20:00:00+00:00,LaLiga|2025|221,Sociedad,Elche,2026-02-07T20:00:00Z,3,1,True,0,1,0.814675,0.619694,0.259975,0.55,False,1,,,False,0,
La Liga,2025/26,23,2026-02-06T20:00:00+00:00,LaLiga|2025|222,Alaves,Getafe,2026-02-08T13:00:00Z,0,2,True,0,U2.5,0.739914,0.739914,0.0,0.6,True,1,U2.5,0.739914,True,2,1
La Liga,2025/26,23,2026-02-06T20:00:00+00:00,LaLiga|2025|223,Ath Bilbao,Levante,2026-02-08T15:15:00Z,4,2,True,0,1,0.509997,0.515474,0.007303,0.55,False,1,,,False,0,
La Liga,2025/26,23,2026-02-06T20:00:00+00:00,LaLiga|2025|224,Sevilla,Girona,2026-02-08T15:15:00Z,1,1,True,0,U2.5,0.528601,0.528601,0.0,0.6,False,1,,,False,0,
La Liga,2025/26,23,2026-02-06T20:00:00+00:00,LaLiga|2025|225,Ath Madrid,Betis,2026-02-08T17:30:00Z,0,1,True,0,1,0.701293,0.610098,0.121593,0.55,True,0,1,0.610098,True,1,0
La Liga,2025/26,23,2026-02-06T20:00:00+00:00,LaLiga|2025|226,Valencia,Real Madrid,2026-02-08T20:00:00Z,0,2,True,0,2,0.723655,0.703064,0.027455,0.55,True,1,2,0.703064,True,1,1
La Liga,2025/26,23,2026-02-06T20:00:00+00:00,LaLiga|2025|227,Villarreal,Espanol,2026-02-09T20:00:00Z,4,1,True,0,1,0.714382,0.678245,0.048182,0.55,True,1,1,0.678245,True,1,1
La Liga,2025/26,24,2026-02-13T20:00:00+00:00,LaLiga|2025|228,Elche,Osasuna,2026-02-13T20:00:00Z,0,0,True,0,U2.5,0.586337,0.586337,0.0,0.6,False,1,,,False,0,
La Liga,2025/26,24,2026-02-13T20:00:00+00:00,LaLiga|2025|229,Espanol,Celta,2026-02-14T13:00:00Z,2,2,True,0,U2.5,0.552202,0.552202,0.0,0.6,False,0,,,False,0,
La Liga,2025/26,24,2026-02-13T20:00:00+00:00,LaLiga|2025|230,Getafe,Villarreal,2026-02-14T15:15:00Z,2,1,True,0,U2.5,0.676285,0.676285,0.0,0.6,True,0,U2.5,0.676285,True,2,0
La Liga,2025/26,24,2026-02-13T20:00:00+00:00,LaLiga|2025|231,Sevilla,Alaves,2026-02-14T17:30:00Z,1,1,True,0,U2.5,0.564686,0.564686,0.0,0.6,False,1,,,False,0,
La Liga,2025/26,24,2026-02-13T20:00:00+00:00,LaLiga|2025|232,Real Madrid,Sociedad,2026-02-14T20:00:00Z,4,1,True,0,1,0.687442,0.76391,0.101958,0.55,True,1,1,0.76391,True,1,1
La Liga,2025/26,24,2026-02-13T20:00:00+00:00,LaLiga|2025|233,Oviedo,Ath Bilbao,2026-02-15T13:00:00Z,1,2,True,0,2,0.691395,0.501799,0.252795,0.55,False,1,U2.5,0.608538,True,1,0
La Liga,2025/26,24,2026-02-13T20:00:00+00:00,LaLiga|2025|234,Vallecano,Ath Madrid,2026-02-15T15:15:00Z,3,0,True,0,2,0.57365,0.591387,0.02365,0.55,True,0,2,0.591387,True,1,0
La Liga,2025/26,24,2026-02-13T20:00:00+00:00,LaLiga|2025|235,Levante,Valencia,2026-02-15T17:30:00Z,0,2,True,0,GG,0.537639,0.537639,0.0,0.6,False,0,,,False,0,
La Liga,2025/26,24,2026-02-13T20:00:00+00:00,LaLiga|2025|236,Mallorca,Betis,2026-02-15T20:00:00Z,1,2,True,0,2,0.559595,0.489249,0.093795,0.55,False,1,,,False,0,
La Liga,2025/26,24,2026-02-13T20:00:00+00:00,LaLiga|2025|237,Girona,Barcelona,2026-02-16T20:00:00Z,2,1,True,0,2,0.756107,0.772827,0.022293,0.55,True,0,2,0.772827,True,3,0
La Liga,2025/26,24,2026-02-13T20:00:00+00:00,LaLiga|2025|238,Levante,Villarreal,2026-02-18T19:00:00Z,0,1,True,0,2,0.641386,0.588821,0.070086,0.55,True,1,2,0.588821,True,1,1
La Liga,2025/26,25,2026-02-20T20:00:00+00:00,LaLiga|2025|239,Ath Bilbao,Elche,2026-02-20T20:00:00Z,2,1,True,0,1,0.801826,0.653531,0.197726,0.55,True,1,1,0.653531,True,1,1
La Liga,2025/26,25,2026-02-20T20:00:00+00:00,LaLiga|2025|240,Sociedad,Oviedo,2026-02-21T13:00:00Z,3,3,True,0,1,0.798533,0.642958,0.207433,0.55,True,0,1,0.642958,True,1,0
La Liga,2025/26,25,2026-02-20T20:00:00+00:00,LaLiga|2025|241,Betis,Vallecano,2026-02-21T15:15:00Z,1,1,True,0,1,0.706127,0.641532,0.086127,0.55,True,0,1,0.641532,True,1,0
La Liga,2025/26,25,2026-02-20T20:00:00+00:00,LaLiga|2025|242,Osasuna,Real Madrid,2026-02-21T17:30:00Z,2,1,True,0,2,0.646065,0.651416,0.007135,0.55,True,0,2,0.651416,True,1,0
La Liga,2025/26,25,2026-02-20T20:00:00+00:00,LaLiga|2025|243,Ath Madrid,Espanol,2026-02-21T20:00:00Z,4,2,True,0,1,0.685187,0.678822,0.008487,0.55,True,1,1,0.678822,True,1,1
La Liga,2025/26,25,2026-02-20T20:00:00+00:00,LaLiga|2025|244,Getafe,Sevilla,2026-02-22T13:00:00Z,0,1,True,0,U2.5,0.698924,0.698924,0.0,0.6,True,1,U2.5,0.698924,True,2,1
La Liga,2025/26,25,2026-02-20T20:00:00+00:00,LaLiga|2025|245,Barcelona,Levante,2026-02-22T15:15:00Z,3,0,True,0,1,0.951396,0.893349,0.077396,0.55,True,1,1,0.893349,True,3,1
La Liga,2025/26,25,2026-02-20T20:00:00+00:00,LaLiga|2025|246,Celta,Mallorca,2026-02-22T17:30:00Z,2,0,True,0,1,0.585691,0.555698,0.039991,0.55,True,1,1,0.555698,True,1,1
La Liga,2025/26,25,2026-02-20T20:00:00+00:00,LaLiga|2025|247,Villarreal,Valencia,2026-02-22T20:00:00Z,2,1,True,0,1,0.560161,0.626265,0.088139,0.55,True,1,1,0.626265,True,1,1
La Liga,2025/26,25,2026-02-20T20:00:00+00:00,LaLiga|2025|248,Alaves,Girona,2026-02-23T20:00:00Z,2,2,True,0,U2.5,0.520101,0.520101,0.0,0.6,False,0,,,False,0,
La Liga,2025/26,26,2026-02-27T20:00:00+00:00,LaLiga|2025|249,Levante,Alaves,2026-02-27T20:00:00Z,2,0,True,0,GG,0.526005,0.526005,0.0,0.6,False,0,,,False,0,
La Liga,2025/26,26,2026-02-27T20:00:00+00:00,LaLiga|2025|250,Vallecano,Ath Bilbao,2026-02-28T13:00:00Z,1,1,True,0,U2.5,0.577075,0.577075,0.0,0.6,False,1,,,False,0,
La Liga,2025/26,26,2026-02-27T20:00:00+00:00,LaLiga|2025|251,Barcelona,Villarreal,2026-02-28T15:15:00Z,4,1,True,0,1,0.721438,0.654959,0.088638,0.55,True,1,O2.5,0.696118,True,3,1
La Liga,2025/26,26,2026-02-27T20:00:00+00:00,LaLiga|2025|252,Mallorca,Sociedad,2026-02-28T17:30:00Z,0,1,True,0,2,0.589202,0.431625,0.210102,0.55,False,1,,,False,0,
La Liga,2025/26,26,2026-02-27T20:00:00+00:00,LaLiga|2025|253,Oviedo,Ath Madrid,2026-02-28T20:00:00Z,0,1,True,0,2,0.735589,0.647922,0.116889,0.55,True,1,2,0.647922,True,1,1
La Liga,2025/26,26,2026-02-27T20:00:00+00:00,LaLiga|2025|254,Elche,Espanol,2026-03-01T13:00:00Z,2,2,True,0,GG,0.547706,0.547706,0.0,0.6,False,1,,,False,0,
La Liga,2025/26,26,2026-02-27T20:00:00+00:00,LaLiga|2025|255,Valencia,Osasuna,2026-03-01T15:15:00Z,1,0,True,0,U2.5,0.615953,0.615953,0.0,0.6,True,1,U2.5,0.615953,True,1,1
La Liga,2025/26,26,2026-02-27T20:00:00+00:00,LaLiga|2025|256,Betis,Sevilla,2026-03-01T17:30:00Z,2,2,True,0,1,0.728967,0.687367,0.055467,0.55,True,0,1,0.687367,True,1,0
La Liga,2025/26,26,2026-02-27T20:00:00+00:00,LaLiga|2025|257,Girona,Celta,2026-03-01T20:00:00Z,1,2,True,0,U2.5,0.536294,0.536294,0.0,0.6,False,0,,,False,0,
La Liga,2025/26,26,2026-02-27T20:00:00+00:00,LaLiga|2025|258,Real Madrid,Getafe,2026-03-02T20:00:00Z,0,1,True,0,1,0.77225,0.833638,0.08185,0.55,True,0,1,0.833638,True,2,0
La Liga,2025/26,26,2026-02-27T20:00:00+00:00,LaLiga|2025|259,Vallecano,Oviedo,2026-03-04T18:00:00Z,3,0,True,0,1,0.602043,0.547711,0.072443,0.55,False,1,,,False,0,
La Liga,2025/26,27,2026-03-06T20:00:00+00:00,LaLiga|2025|260,Celta,Real Madrid,2026-03-06T20:00:00Z,1,2,True,0,2,0.579755,0.548514,0.041655,0.55,False,1,,,False,0,
La Liga,2025/26,27,2026-03-06T20:00:00+00:00,LaLiga|2025|261,Osasuna,Mallorca,2026-03-07T13:00:00Z,2,2,True,0,U2.5,0.605742,0.605742,0.0,0.6,True,0,U2.5,0.605742,True,2,0
La Liga,2025/26,27,2026-03-06T20:00:00+00:00,LaLiga|2025|262,Levante,Girona,2026-03-07T15:15:00Z,1,1,True,0,GG,0.578737,0.578737,0.0,0.6,False,1,,,False,0,
La Liga,2025/26,27,2026-03-06T20:00:00+00:00,LaLiga|2025|263,Ath Madrid,Sociedad,2026-03-07T17:30:00Z,3,2,True,0,1,0.54419,0.600973,0.07571,0.55,True,1,1,0.600973,True,1,1
La Liga,2025/26,27,2026-03-06T20:00:00+00:00,LaLiga|2025|264,Ath Bilbao,Barcelona,2026-03-07T20:00:00Z,0,1,True,0,GG,0.61581,0.61581,0.0,0.6,True,0,GG,0.61581,True,2,0
La Liga,2025/26,27,2026-03-06T20:00:00+00:00,LaLiga|2025|265,Villarreal,Elche,2026-03-08T13:00:00Z,2,1,True,0,1,0.837678,0.77552,0.082878,0.55,True,1,1,0.77552,True,1,1
La Liga,2025/26,27,2026-03-06T20:00:00+00:00,LaLiga|2025|266,Getafe,Betis,2026-03-08T15:15:00Z,2,0,True,0,U2.5,0.707714,0.707714,0.0,0.6,True,1,U2.5,0.707714,True,2,1
La Liga,2025/26,27,2026-03-06T20:00:00+00:00,LaLiga|2025|267,Sevilla,Vallecano,2026-03-08T17:30:00Z,1,1,True,0,U2.5,0.57093,0.57093,0.0,0.6,False,1,,,False,0,
La Liga,2025/26,27,2026-03-06T20:00:00+00:00,LaLiga|2025|268,Valencia,Alaves,2026-03-08T20:00:00Z,3,2,True,0,U2.5,0.585207,0.585207,0.0,0.6,False,0,,,False,0,
La Liga,2025/26,27,2026-03-06T20:00:00+00:00,LaLiga|2025|269,Espanol,Oviedo,2026-03-09T20:00:00Z,1,1,True,0,1,0.717863,0.578541,0.185763,0.55,True,0,1,0.578541,True,1,0
La Liga,2025/26,28,2026-03-13T20:00:00+00:00,LaLiga|2025|270,Alaves,Villarreal,2026-03-13T20:00:00Z,1,1,True,0,GG,0.540525,0.540525,0.0,0.6,False,1,2,0.573817,True,1,0
La Liga,2025/26,28,2026-03-13T20:00:00+00:00,LaLiga|2025|271,Girona,Ath Bilbao,2026-03-14T13:00:00Z,3,0,True,0,U2.5,0.559871,0.559871,0.0,0.6,False,0,,,False,0,
La Liga,2025/26,28,2026-03-13T20:00:00+00:00,LaLiga|2025|272,Ath Madrid,Getafe,2026-03-14T15:15:00Z,1,0,True,0,U2.5,0.668411,0.668411,0.0,0.6,True,1,1,0.670644,True,3,1
La Liga,2025/26,28,2026-03-13T20:00:00+00:00,LaLiga|2025|273,Oviedo,Valencia,2026-03-14T17:30:00Z,1,0,True,0,2,0.623201,0.477475,0.194301,0.55,False,0,,,False,0,
La Liga,2025/26,28,2026-03-13T20:00:00+00:00,LaLiga|2025|274,Real Madrid,Elche,2026-03-14T20:00:00Z,4,1,True,0,1,0.94375,0.885137,0.07815,0.55,True,1,1,0.885137,True,2,1
La Liga,2025/26,28,2026-03-13T20:00:00+00:00,LaLiga|2025|275,Mallorca,Espanol,2026-03-15T13:00:00Z,2,1,True,0,U2.5,0.537119,0.537119,0.0,0.6,False,0,,,False,0,
La Liga,2025/26,28,2026-03-13T20:00:00+00:00,LaLiga|2025|276,Barcelona,Sevilla,2026-03-15T15:15:00Z,5,2,True,0,1,0.857248,0.868537,0.015052,0.55,True,1,1,0.868537,True,2,1
La Liga,2025/26,28,2026-03-13T20:00:00+00:00,LaLiga|2025|277,Betis,Celta,2026-03-15T17:30:00Z,1,1,True,0,U2.5,0.564121,0.564121,0.0,0.6,False,1,,,False,0,
La Liga,2025/26,28,2026-03-13T20:00:00+00:00,LaLiga|2025|278,Sociedad,Osasuna,2026-03-15T20:00:00Z,3,1,True,0,U2.5,0.56937,0.56937,0.0,0.6,False,0,,,False,0,
La Liga,2025/26,28,2026-03-13T20:00:00+00:00,LaLiga|2025|279,Vallecano,Levante,2026-03-16T20:00:00Z,1,1,True,0,1,0.723602,0.56895,0.206202,0.55,True,0,1,0.56895,True,1,0
La Liga,2025/26,29,2026-03-20T20:00:00+00:00,LaLiga|2025|280,Villarreal,Sociedad,2026-03-20T20:00:00Z,3,1,True,0,GG,0.543923,0.543923,0.0,0.6,False,1,1,0.567883,True,1,1
La Liga,2025/26,29,2026-03-20T20:00:00+00:00,LaLiga|2025|281,Elche,Mallorca,2026-03-21T13:00:00Z,2,1,True,0,GG,0.52496,0.52496,0.0,0.6,False,1,,,False,0,
La Liga,2025/26,29,2026-03-20T20:00:00+00:00,LaLiga|2025|282,Espanol,Getafe,2026-03-21T15:15:00Z,1,2,True,0,U2.5,0.671554,0.671554,0.0,0.6,True,0,U2.5,0.671554,True,2,0
La Liga,2025/26,29,2026-03-20T20:00:00+00:00,LaLiga|2025|283,Levante,Oviedo,2026-03-21T17:30:00Z,4,2,True,0,1,0.573561,0.49109,0.109961,0.55,False,1,,,False,0,
La Liga,2025/26,29,2026-03-20T20:00:00+00:00,LaLiga|2025|284,Osasuna,Girona,2026-03-21T17:30:00Z,1,0,True,0,U2.5,0.542458,0.542458,0.0,0.6,False,1,,,False,0,
La Liga,2025/26,29,2026-03-20T20:00:00+00:00,LaLiga|2025|285,Sevilla,Valencia,2026-03-21T20:00:00Z,0,2,True,0,U2.5,0.593722,0.593722,0.0,0.6,False,1,,,False,0,
La Liga,2025/26,29,2026-03-20T20:00:00+00:00,LaLiga|2025|286,Barcelona,Vallecano,2026-03-22T13:00:00Z,1,0,True,0,1,0.810839,0.841635,0.041061,0.55,True,1,1,0.841635,True,2,1
La Liga,2025/26,29,2026-03-20T20:00:00+00:00,LaLiga|2025|287,Celta,Alaves,2026-03-22T15:15:00Z,3,4,True,0,1,0.630767,0.620667,0.013467,0.55,True,0,1,0.620667,True,1,0
La Liga,2025/26,29,2026-03-20T20:00:00+00:00,LaLiga|2025|288,Ath Bilbao,Betis,2026-03-22T17:30:00Z,2,1,True,0,U2.5,0.584433,0.584433,0.0,0.6,False,0,,,False,0,
La Liga,2025/26,29,2026-03-20T20:00:00+00:00,LaLiga|2025|289,Real Madrid,Ath Madrid,2026-03-22T20:00:00Z,3,2,True,0,1,0.624388,0.573397,0.067988,0.55,True,1,1,0.573397,True,1,1
La Liga,2025/26,30,2026-04-03T20:00:00+00:00,LaLiga|2025|290,Vallecano,Elche,2026-04-03T20:00:00Z,1,0,True,0,1,0.656622,0.562931,0.124922,0.55,True,1,1,0.562931,True,1,1
La Liga,2025/26,30,2026-04-03T20:00:00+00:00,LaLiga|2025|291,Sociedad,Levante,2026-04-04T13:00:00Z,2,0,True,0,1,0.666938,0.567909,0.132038,0.55,True,1,1,0.567909,True,1,1
La Liga,2025/26,30,2026-04-03T20:00:00+00:00,LaLiga|2025|292,Mallorca,Real Madrid,2026-04-04T15:15:00Z,2,1,True,0,2,0.807343,0.755036,0.069743,0.55,True,0,2,0.755036,True,1,0
La Liga,2025/26,30,2026-04-03T20:00:00+00:00,LaLiga|2025|293,Betis,Espanol,2026-04-04T17:30:00Z,0,0,True,0,1,0.559307,0.592827,0.044693,0.55,True,0,1,0.592827,True,1,0
La Liga,2025/26,30,2026-04-03T20:00:00+00:00,LaLiga|2025|294,Ath Madrid,Barcelona,2026-04-04T20:00:00Z,1,2,True,0,GG,0.649441,0.649441,0.0,0.6,True,1,GG,0.649441,True,2,1
La Liga,2025/26,30,2026-04-03T20:00:00+00:00,LaLiga|2025|295,Getafe,Ath Bilbao,2026-04-05T13:00:00Z,2,0,True,0,U2.5,0.730795,0.730795,0.0,0.6,True,1,U2.5,0.730795,True,2,1
La Liga,2025/26,30,2026-04-03T20:00:00+00:00,LaLiga|2025|296,Valencia,Celta,2026-04-05T15:15:00Z,2,3,True,0,U2.5,0.602523,0.602523,0.0,0.6,True,0,U2.5,0.602523,True,1,0
La Liga,2025/26,30,2026-04-03T20:00:00+00:00,LaLiga|2025|297,Oviedo,Sevilla,2026-04-05T17:30:00Z,1,0,True,0,U2.5,0.604199,0.604199,0.0,0.6,True,1,U2.5,0.604199,True,1,1
La Liga,2025/26,30,2026-04-03T20:00:00+00:00,LaLiga|2025|298,Alaves,Osasuna,2026-04-05T20:00:00Z,2,2,True,0,U2.5,0.607025,0.607025,0.0,0.6,True,0,U2.5,0.607025,True,1,0
La Liga,2025/26,30,2026-04-03T20:00:00+00:00,LaLiga|2025|299,Girona,Villarreal,2026-04-06T20:00:00Z,1,0,True,0,GG,0.563204,0.563204,0.0,0.6,False,0,,,False,0,
La Liga,2025/26,31,2026-04-10T20:00:00+00:00,LaLiga|2025|300,Real Madrid,Girona,2026-04-10T20:00:00Z,1,1,True,0,1,0.788013,0.788453,0.000587,0.55,True,0,1,0.788453,True,2,0
La Liga,2025/26,31,2026-04-10T20:00:00+00:00,LaLiga|2025|301,Sociedad,Alaves,2026-04-11T13:00:00Z,3,3,True,0,1,0.623915,0.574929,0.065315,0.55,True,0,1,0.574929,True,1,0
La Liga,2025/26,31,2026-04-10T20:00:00+00:00,LaLiga|2025|302,Elche,Valencia,2026-04-11T15:15:00Z,1,0,True,0,2,0.612161,0.456265,0.207861,0.55,False,0,,,False,0,
La Liga,2025/26,31,2026-04-10T20:00:00+00:00,LaLiga|2025|303,Barcelona,Espanol,2026-04-11T17:30:00Z,4,1,True,0,1,0.922487,0.887322,0.046887,0.55,True,1,1,0.887322,True,2,1
La Liga,2025/26,31,2026-04-10T20:00:00+00:00,LaLiga|2025|304,Sevilla,Ath Madrid,2026-04-11T20:00:00Z,2,1,True,0,2,0.674086,0.632621,0.055286,0.55,True,0,2,0.632621,True,1,0
La Liga,2025/26,31,2026-04-10T20:00:00+00:00,LaLiga|2025|305,Osasuna,Betis,2026-04-12T13:00:00Z,1,1,True,0,U2.5,0.598107,0.598107,0.0,0.6,False,1,,,False,0,
La Liga,2025/26,31,2026-04-10T20:00:00+00:00,LaLiga|2025|306,Mallorca,Vallecano,2026-04-12T15:15:00Z,3,0,True,0,U2.5,0.552827,0.552827,0.0,0.6,False,0,,,False,0,
La Liga,2025/26,31,2026-04-10T20:00:00+00:00,LaLiga|2025|307,Celta,Oviedo,2026-04-12T17:30:00Z,0,3,True,0,1,0.748942,0.663935,0.113342,0.55,True,0,1,0.663935,True,1,0
La Liga,2025/26,31,2026-04-10T20:00:00+00:00,LaLiga|2025|308,Ath Bilbao,Villarreal,2026-04-12T20:00:00Z,1,2,True,0,U2.5,0.553495,0.553495,0.0,0.6,False,0,,,False,0,
La Liga,2025/26,31,2026-04-10T20:00:00+00:00,LaLiga|2025|309,Levante,Getafe,2026-04-13T20:00:00Z,1,0,True,0,U2.5,0.634315,0.634315,0.0,0.6,True,1,U2.5,0.634315,True,1,1
La Liga,2025/26,32,2026-04-21T18:00:00+00:00,LaLiga|2025|310,Ath Bilbao,Osasuna,2026-04-21T18:00:00Z,1,0,True,0,U2.5,0.617934,0.617934,0.0,0.6,True,1,U2.5,0.617934,True,1,1
La Liga,2025/26,32,2026-04-21T18:00:00+00:00,LaLiga|2025|311,Mallorca,Valencia,2026-04-21T18:00:00Z,1,1,True,0,U2.5,0.565384,0.565384,0.0,0.6,False,1,,,False,0,
La Liga,2025/26,32,2026-04-21T18:00:00+00:00,LaLiga|2025|312,Girona,Betis,2026-04-21T20:30:00Z,2,3,True,0,U2.5,0.538854,0.538854,0.0,0.6,False,0,,,False,0,
La Liga,2025/26,32,2026-04-21T18:00:00+00:00,LaLiga|2025|313,Real Madrid,Alaves,2026-04-21T20:30:00Z,2,1,True,0,1,0.834346,0.828086,0.008346,0.55,True,1,1,0.828086,True,1,1
La Liga,2025/26,32,2026-04-21T18:00:00+00:00,LaLiga|2025|314,Elche,Ath Madrid,2026-04-22T18:00:00Z,3,2,True,0,2,0.74731,0.620777,0.16871,0.55,True,0,2,0.620777,True,1,0
La Liga,2025/26,32,2026-04-21T18:00:00+00:00,LaLiga|2025|315,Sociedad,Getafe,2026-04-22T19:00:00Z,0,1,True,0,U2.5,0.639568,0.639568,0.0,0.6,True,1,U2.5,0.639568,True,2,1
La Liga,2025/26,32,2026-04-21T18:00:00+00:00,LaLiga|2025|316,Barcelona,Celta,2026-04-22T20:30:00Z,1,0,True,0,1,0.870918,0.845179,0.034318,0.55,True,1,1,0.845179,True,2,1
La Liga,2025/26,32,2026-04-21T18:00:00+00:00,LaLiga|2025|317,Levante,Sevilla,2026-04-23T18:00:00Z,2,0,True,0,1,0.579792,0.488898,0.121192,0.55,False,1,,,False,0,
La Liga,2025/26,32,2026-04-21T18:00:00+00:00,LaLiga|2025|318,Vallecano,Espanol,2026-04-23T19:00:00Z,1,0,True,0,1,0.570613,0.499728,0.094513,0.55,False,1,,,False,0,
La Liga,2025/26,32,2026-04-21T18:00:00+00:00,LaLiga|2025|319,Oviedo,Villarreal,2026-04-23T20:30:00Z,1,1,True,0,2,0.584954,0.567288,0.023554,0.55,True,0,2,0.567288,True,1,0
La Liga,2025/26,33,2026-04-24T20:00:00+00:00,LaLiga|2025|320,Betis,Real Madrid,2026-04-24T20:00:00Z,1,1,True,0,GG,0.542329,0.542329,0.0,0.6,False,1,,,False,0,
La Liga,2025/26,33,2026-04-24T20:00:00+00:00,LaLiga|2025|321,Alaves,Mallorca,2026-04-25T13:00:00Z,2,1,True,0,U2.5,0.533465,0.533465,0.0,0.6,False,0,,,False,0,
La Liga,2025/26,33,2026-04-24T20:00:00+00:00,LaLiga|2025|322,Getafe,Barcelona,2026-04-25T15:15:00Z,0,2,True,0,2,0.729603,0.719701,0.013203,0.55,True,1,2,0.719701,True,1,1
La Liga,2025/26,33,2026-04-24T20:00:00+00:00,LaLiga|2025|323,Valencia,Girona,2026-04-25T17:30:00Z,2,1,True,0,U2.5,0.528529,0.528529,0.0,0.6,False,0,,,False,0,
La Liga,2025/26,33,2026-04-24T20:00:00+00:00,LaLiga|2025|324,Ath Madrid,Ath Bilbao,2026-04-25T20:00:00Z,3,2,True,0,1,0.58049,0.578247,0.00299,0.55,True,1,1,0.578247,True,1,1
La Liga,2025/26,33,2026-04-24T20:00:00+00:00,LaLiga|2025|325,Vallecano,Sociedad,2026-04-26T13:00:00Z,3,3,True,0,GG,0.5304,0.5304,0.0,0.6,False,1,,,False,0,
La Liga,2025/26,33,2026-04-24T20:00:00+00:00,LaLiga|2025|326,Oviedo,Elche,2026-04-26T15:15:00Z,1,2,True,0,1,0.560046,0.468136,0.122546,0.55,False,0,,,False,0,
La Liga,2025/26,33,2026-04-24T20:00:00+00:00,LaLiga|2025|327,Osasuna,Sevilla,2026-04-26T17:30:00Z,2,1,True,0,U2.5,0.616004,0.616004,0.0,0.6,True,0,U2.5,0.616004,True,1,0
La Liga,2025/26,33,2026-04-24T20:00:00+00:00,LaLiga|2025|328,Villarreal,Celta,2026-04-26T20:00:00Z,2,1,True,0,1,0.668153,0.614938,0.070953,0.55,True,1,1,0.614938,True,1,1
La Liga,2025/26,33,2026-04-24T20:00:00+00:00,LaLiga|2025|329,Espanol,Levante,2026-04-27T20:00:00Z,0,0,True,0,GG,0.571109,0.571109,0.0,0.6,False,0,,,False,0,
La Liga,2025/26,34,2026-05-01T20:00:00+00:00,LaLiga|2025|330,Girona,Mallorca,2026-05-01T20:00:00Z,0,1,True,0,U2.5,0.517667,0.517667,0.0,0.6,False,1,,,False,0,
La Liga,2025/26,34,2026-05-01T20:00:00+00:00,LaLiga|2025|331,Villarreal,Levante,2026-05-02T13:00:00Z,5,1,True,0,1,0.705495,0.691024,0.019295,0.55,True,1,1,0.691024,True,1,1
La Liga,2025/26,34,2026-05-01T20:00:00+00:00,LaLiga|2025|332,Valencia,Ath Madrid,2026-05-02T15:15:00Z,0,2,True,0,U2.5,0.539033,0.539033,0.0,0.6,False,1,,,False,0,
La Liga,2025/26,34,2026-05-01T20:00:00+00:00,LaLiga|2025|333,Alaves,Ath Bilbao,2026-05-02T17:30:00Z,2,4,True,0,U2.5,0.608785,0.608785,0.0,0.6,True,0,U2.5,0.608785,True,1,0
La Liga,2025/26,34,2026-05-01T20:00:00+00:00,LaLiga|2025|334,Osasuna,Barcelona,2026-05-02T20:00:00Z,1,2,True,0,2,0.660524,0.709781,0.065676,0.55,True,1,2,0.709781,True,1,1
La Liga,2025/26,34,2026-05-01T20:00:00+00:00,LaLiga|2025|335,Celta,Elche,2026-05-03T13:00:00Z,3,1,True,0,1,0.519524,0.515981,0.004724,0.55,False,1,,,False,0,
La Liga,2025/26,34,2026-05-01T20:00:00+00:00,LaLiga|2025|336,Getafe,Vallecano,2026-05-03T15:15:00Z,0,2,True,0,U2.5,0.668763,0.668763,0.0,0.6,True,1,U2.5,0.668763,True,1,1
La Liga,2025/26,34,2026-05-01T20:00:00+00:00,LaLiga|2025|337,Betis,Oviedo,2026-05-03T17:30:00Z,3,0,True,0,1,0.689592,0.648348,0.054992,0.55,True,1,1,0.648348,True,1,1
La Liga,2025/26,34,2026-05-01T20:00:00+00:00,LaLiga|2025|338,Espanol,Real Madrid,2026-05-03T20:00:00Z,0,2,True,0,2,0.757242,0.719036,0.050942,0.55,True,1,2,0.719036,True,1,1
La Liga,2025/26,34,2026-05-01T20:00:00+00:00,LaLiga|2025|339,Sevilla,Sociedad,2026-05-04T20:00:00Z,1,0,True,0,U2.5,0.560084,0.560084,0.0,0.6,False,1,,,False,0,
La Liga,2025/26,35,2026-05-08T20:00:00+00:00,LaLiga|2025|340,Levante,Osasuna,2026-05-08T20:00:00Z,3,2,True,0,U2.5,0.542996,0.542996,0.0,0.6,False,0,,,False,0,
La Liga,2025/26,35,2026-05-08T20:00:00+00:00,LaLiga|2025|341,Elche,Alaves,2026-05-09T13:00:00Z,1,1,True,0,U2.5,0.539803,0.539803,0.0,0.6,False,1,,,False,0,
La Liga,2025/26,35,2026-05-08T20:00:00+00:00,LaLiga|2025|342,Sevilla,Espanol,2026-05-09T15:15:00Z,2,1,True,0,U2.5,0.575281,0.575281,0.0,0.6,False,0,,,False,0,
La Liga,2025/26,35,2026-05-08T20:00:00+00:00,LaLiga|2025|343,Ath Madrid,Celta,2026-05-09T17:30:00Z,0,1,True,0,1,0.677184,0.613671,0.084684,0.55,True,0,1,0.613671,True,1,0
La Liga,2025/26,35,2026-05-08T20:00:00+00:00,LaLiga|2025|344,Sociedad,Betis,2026-05-09T20:00:00Z,2,2,True,0,U2.5,0.53196,0.53196,0.0,0.6,False,0,,,False,0,
La Liga,2025/26,35,2026-05-08T20:00:00+00:00,LaLiga|2025|345,Mallorca,Villarreal,2026-05-10T13:00:00Z,1,1,True,0,GG,0.544451,0.544451,0.0,0.6,False,1,,,False,0,
La Liga,2025/26,35,2026-05-08T20:00:00+00:00,LaLiga|2025|346,Ath Bilbao,Valencia,2026-05-10T15:15:00Z,0,1,True,0,1,0.632184,0.524121,0.144084,0.55,False,0,,,False,0,
La Liga,2025/26,35,2026-05-08T20:00:00+00:00,LaLiga|2025|347,Oviedo,Getafe,2026-05-10T17:30:00Z,0,0,True,0,U2.5,0.70085,0.70085,0.0,0.6,True,1,U2.5,0.70085,True,2,1
La Liga,2025/26,35,2026-05-08T20:00:00+00:00,LaLiga|2025|348,Barcelona,Real Madrid,2026-05-10T20:00:00Z,2,0,True,0,O2.5,0.683604,0.683604,0.0,0.6,True,0,O2.5,0.683604,True,3,0
La Liga,2025/26,35,2026-05-08T20:00:00+00:00,LaLiga|2025|349,Vallecano,Girona,2026-05-11T20:00:00Z,1,1,True,0,1,0.616113,0.519278,0.129113,0.55,False,0,,,False,0,
La Liga,2025/26,36,2026-05-12T18:00:00+00:00,LaLiga|2025|350,Celta,Levante,2026-05-12T18:00:00Z,2,3,True,0,GG,0.531299,0.531299,0.0,0.6,False,1,,,False,0,
La Liga,2025/26,36,2026-05-12T18:00:00+00:00,LaLiga|2025|351,Betis,Elche,2026-05-12T19:00:00Z,2,1,True,0,1,0.768817,0.668304,0.134017,0.55,True,1,1,0.668304,True,1,1
La Liga,2025/26,36,2026-05-12T18:00:00+00:00,LaLiga|2025|352,Osasuna,Ath Madrid,2026-05-12T20:30:00Z,1,2,True,0,U2.5,0.573246,0.573246,0.0,0.6,False,0,,,False,0,
La Liga,2025/26,36,2026-05-12T18:00:00+00:00,LaLiga|2025|353,Espanol,Ath Bilbao,2026-05-13T18:00:00Z,2,0,True,0,U2.5,0.578288,0.578288,0.0,0.6,False,1,,,False,0,
La Liga,2025/26,36,2026-05-12T18:00:00+00:00,LaLiga|2025|354,Villarreal,Sevilla,2026-05-13T18:00:00Z,2,3,True,0,1,0.711535,0.730634,0.025465,0.55,True,0,1,0.730634,True,1,0
La Liga,2025/26,36,2026-05-12T18:00:00+00:00,LaLiga|2025|355,Alaves,Barcelona,2026-05-13T20:30:00Z,1,0,True,0,2,0.767935,0.814184,0.061665,0.55,True,0,2,0.814184,True,3,0
La Liga,2025/26,36,2026-05-12T18:00:00+00:00,LaLiga|2025|356,Getafe,Mallorca,2026-05-13T20:30:00Z,3,1,True,0,U2.5,0.686085,0.686085,0.0,0.6,True,0,U2.5,0.686085,True,2,0
La Liga,2025/26,36,2026-05-12T18:00:00+00:00,LaLiga|2025|357,Valencia,Vallecano,2026-05-14T18:00:00Z,1,1,True,0,U2.5,0.534367,0.534367,0.0,0.6,False,1,,,False,0,
La Liga,2025/26,36,2026-05-12T18:00:00+00:00,LaLiga|2025|358,Girona,Sociedad,2026-05-14T19:00:00Z,1,1,True,0,GG,0.554423,0.554423,0.0,0.6,False,1,,,False,0,
La Liga,2025/26,36,2026-05-12T18:00:00+00:00,LaLiga|2025|359,Real Madrid,Oviedo,2026-05-14T20:30:00Z,2,0,True,0,1,0.811802,0.838501,0.035598,0.55,True,1,1,0.838501,True,1,1
La Liga,2025/26,37,2026-05-17T18:00:00+00:00,LaLiga|2025|360,Ath Bilbao,Celta,2026-05-17T18:00:00Z,1,1,True,0,U2.5,0.599782,0.599782,0.0,0.6,False,1,,,False,0,
La Liga,2025/26,37,2026-05-17T18:00:00+00:00,LaLiga|2025|361,Ath Madrid,Girona,2026-05-17T18:00:00Z,1,0,True,0,1,0.793045,0.697911,0.126845,0.55,True,1,1,0.697911,True,1,1
La Liga,2025/26,37,2026-05-17T18:00:00+00:00,LaLiga|2025|362,Elche,Getafe,2026-05-17T18:00:00Z,1,0,True,0,U2.5,0.651128,0.651128,0.0,0.6,True,1,U2.5,0.651128,True,1,1
La Liga,2025/26,37,2026-05-17T18:00:00+00:00,LaLiga|2025|363,Levante,Mallorca,2026-05-17T18:00:00Z,2,0,True,0,1,0.564621,0.47723,0.116521,0.55,False,1,,,False,0,
La Liga,2025/26,37,2026-05-17T18:00:00+00:00,LaLiga|2025|364,Osasuna,Espanol,2026-05-17T18:00:00Z,1,2,True,0,U2.5,0.554298,0.554298,0.0,0.6,False,0,,,False,0,
La Liga,2025/26,37,2026-05-17T18:00:00+00:00,LaLiga|2025|365,Oviedo,Alaves,2026-05-17T18:00:00Z,0,1,True,0,U2.5,0.591709,0.591709,0.0,0.6,False,1,,,False,0,
La Liga,2025/26,37,2026-05-17T18:00:00+00:00,LaLiga|2025|366,Sevilla,Real Madrid,2026-05-17T18:00:00Z,0,1,True,0,2,0.69522,0.68553,0.01292,0.55,True,1,2,0.68553,True,1,1
La Liga,2025/26,37,2026-05-17T18:00:00+00:00,LaLiga|2025|367,Sociedad,Valencia,2026-05-17T18:00:00Z,3,4,True,0,GG,0.520562,0.520562,0.0,0.6,False,1,,,False,0,
La Liga,2025/26,37,2026-05-17T18:00:00+00:00,LaLiga|2025|368,Vallecano,Villarreal,2026-05-17T18:00:00Z,2,0,True,0,GG,0.560468,0.560468,0.0,0.6,False,0,,,False,0,
La Liga,2025/26,37,2026-05-17T18:00:00+00:00,LaLiga|2025|369,Barcelona,Betis,2026-05-17T20:15:00Z,3,1,True,0,1,0.694082,0.747045,0.070618,0.55,True,1,1,0.747045,True,2,1
La Liga,2025/26,38,2026-05-23T20:00:00+00:00,LaLiga|2025|370,Alaves,Vallecano,2026-05-23T20:00:00Z,1,2,True,0,U2.5,0.548347,0.548347,0.0,0.6,False,0,,,False,0,
La Liga,2025/26,38,2026-05-23T20:00:00+00:00,LaLiga|2025|371,Betis,Levante,2026-05-23T20:00:00Z,2,1,True,0,1,0.715851,0.590638,0.166951,0.55,True,1,1,0.590638,True,1,1
La Liga,2025/26,38,2026-05-23T20:00:00+00:00,LaLiga|2025|372,Celta,Sevilla,2026-05-23T20:00:00Z,1,0,True,0,U2.5,0.597436,0.597436,0.0,0.6,False,1,,,False,0,
La Liga,2025/26,38,2026-05-23T20:00:00+00:00,LaLiga|2025|373,Espanol,Sociedad,2026-05-23T20:00:00Z,1,1,True,0,GG,0.549994,0.549994,0.0,0.6,False,1,,,False,0,
La Liga,2025/26,38,2026-05-23T20:00:00+00:00,LaLiga|2025|374,Getafe,Osasuna,2026-05-23T20:00:00Z,1,0,True,0,U2.5,0.721343,0.721343,0.0,0.6,True,1,U2.5,0.721343,True,2,1
La Liga,2025/26,38,2026-05-23T20:00:00+00:00,LaLiga|2025|375,Girona,Elche,2026-05-23T20:00:00Z,1,1,True,0,1,0.587941,0.486735,0.134941,0.55,False,0,,,False,0,
La Liga,2025/26,38,2026-05-23T20:00:00+00:00,LaLiga|2025|376,Mallorca,Oviedo,2026-05-23T20:00:00Z,3,0,True,0,U2.5,0.569204,0.569204,0.0,0.6,False,0,,,False,0,
La Liga,2025/26,38,2026-05-23T20:00:00+00:00,LaLiga|2025|377,Real Madrid,Ath Bilbao,2026-05-23T20:00:00Z,4,2,True,0,1,0.657663,0.749116,0.121937,0.55,True,1,1,0.749116,True,1,1
La Liga,2025/26,38,2026-05-23T20:00:00+00:00,LaLiga|2025|378,Valencia,Barcelona,2026-05-23T20:00:00Z,3,1,True,0,2,0.692834,0.720259,0.036566,0.55,True,0,2,0.720259,True,2,0
La Liga,2025/26,38,2026-05-23T20:00:00+00:00,LaLiga|2025|379,Villarreal,Ath Madrid,2026-05-24T20:00:00Z,5,1,True,0,GG,0.568052,0.568052,0.0,0.6,False,1,,,False,0,
Bundesliga,2024/25,1,2024-08-23T19:30:00+00:00,Bundesliga|2024|0,M'gladbach,Leverkusen,2024-08-23T19:30:00Z,2,3,True,0,2,0.797351,0.730563,0.089051,0.55,True,1,2,0.730563,True,3,1
Bundesliga,2024/25,1,2024-08-23T19:30:00+00:00,Bundesliga|2024|1,Augsburg,Werder Bremen,2024-08-24T14:30:00Z,2,2,True,0,GG,0.616402,0.616402,0.0,0.6,True,1,GG,0.616402,True,1,1
Bundesliga,2024/25,1,2024-08-23T19:30:00+00:00,Bundesliga|2024|2,Freiburg,Stuttgart,2024-08-24T14:30:00Z,3,1,True,0,GG,0.586553,0.586553,0.0,0.6,False,1,,,False,0,
Bundesliga,2024/25,1,2024-08-23T19:30:00+00:00,Bundesliga|2024|3,Hoffenheim,Holstein Kiel,2024-08-24T14:30:00Z,3,2,True,1,O2.5,0.668682,0.668682,0.0,0.6,True,1,O2.5,0.668682,True,2,1
Bundesliga,2024/25,1,2024-08-23T19:30:00+00:00,Bundesliga|2024|4,Mainz,Union Berlin,2024-08-24T14:30:00Z,1,1,True,0,1,0.590239,0.56336,0.035839,0.55,True,0,1,0.56336,True,1,0
Bundesliga,2024/25,1,2024-08-23T19:30:00+00:00,Bundesliga|2024|5,RB Leipzig,Bochum,2024-08-24T14:30:00Z,1,0,True,0,1,0.951502,0.848076,0.137902,0.55,True,1,1,0.848076,True,2,1
Bundesliga,2024/25,1,2024-08-23T19:30:00+00:00,Bundesliga|2024|6,Dortmund,Ein Frankfurt,2024-08-24T17:30:00Z,2,0,True,0,1,0.771556,0.650539,0.161356,0.55,True,1,O2.5,0.67258,True,3,0
Bundesliga,2024/25,1,2024-08-23T19:30:00+00:00,Bundesliga|2024|7,Wolfsburg,Bayern Munich,2024-08-25T14:30:00Z,2,3,True,0,O2.5,0.674008,0.674008,0.0,0.6,True,1,O2.5,0.674008,True,3,1
Bundesliga,2024/25,1,2024-08-23T19:30:00+00:00,Bundesliga|2024|8,St Pauli,Heidenheim,2024-08-25T16:30:00Z,0,2,True,1,GG,0.606625,0.606625,0.0,0.6,True,0,GG,0.606625,True,2,0
Bundesliga,2024/25,2,2024-08-30T19:30:00+00:00,Bundesliga|2024|9,Union Berlin,St Pauli,2024-08-30T19:30:00Z,1,0,True,0,GG,0.582508,0.582508,0.0,0.6,False,0,,,False,0,
Bundesliga,2024/25,2,2024-08-30T19:30:00+00:00,Bundesliga|2024|10,Bochum,M'gladbach,2024-08-31T14:30:00Z,0,2,True,0,O2.5,0.629125,0.629125,0.0,0.6,True,0,O2.5,0.629125,True,2,0
Bundesliga,2024/25,2,2024-08-30T19:30:00+00:00,Bundesliga|2024|11,Ein Frankfurt,Hoffenheim,2024-08-31T14:30:00Z,3,1,True,0,GG,0.66661,0.66661,0.0,0.6,True,1,GG,0.66661,True,2,1
Bundesliga,2024/25,2,2024-08-30T19:30:00+00:00,Bundesliga|2024|12,Holstein Kiel,Wolfsburg,2024-08-31T14:30:00Z,0,2,True,0,O2.5,0.693091,0.693091,0.0,0.6,True,0,O2.5,0.693091,True,2,0
Bundesliga,2024/25,2,2024-08-30T19:30:00+00:00,Bundesliga|2024|13,Stuttgart,Mainz,2024-08-31T14:30:00Z,3,3,True,0,GG,0.605121,0.605121,0.0,0.6,True,1,GG,0.605121,True,2,1
Bundesliga,2024/25,2,2024-08-30T19:30:00+00:00,Bundesliga|2024|14,Werder Bremen,Dortmund,2024-08-31T14:30:00Z,0,0,True,0,GG,0.605963,0.605963,0.0,0.6,True,0,GG,0.605963,True,1,0
Bundesliga,2024/25,2,2024-08-30T19:30:00+00:00,Bundesliga|2024|15,Leverkusen,RB Leipzig,2024-08-31T17:30:00Z,2,3,True,0,O2.5,0.629125,0.629125,0.0,0.6,True,1,O2.5,0.629125,True,3,1
Bundesliga,2024/25,2,2024-08-30T19:30:00+00:00,Bundesliga|2024|16,Heidenheim,Augsburg,2024-09-01T14:30:00Z,4,0,True,0,1,0.652855,0.592214,0.080855,0.55,True,1,1,0.592214,True,1,1
Bundesliga,2024/25,2,2024-08-30T19:30:00+00:00,Bundesliga|2024|17,Bayern Munich,Freiburg,2024-09-01T16:30:00Z,2,0,True,0,GG,0.642871,0.642871,0.0,0.6,True,0,GG,0.642871,True,3,0
Bundesliga,2024/25,3,2024-09-13T19:30:00+00:00,Bundesliga|2024|18,Dortmund,Heidenheim,2024-09-13T19:30:00Z,4,2,True,0,1,0.56357,0.596667,0.04413,0.55,True,1,1,0.596667,True,1,1
Bundesliga,2024/25,3,2024-09-13T19:30:00+00:00,Bundesliga|2024|19,Freiburg,Bochum,2024-09-14T14:30:00Z,2,1,True,0,1,0.693774,0.626968,0.089074,0.55,True,1,1,0.626968,True,1,1
Bundesliga,2024/25,3,2024-09-13T19:30:00+00:00,Bundesliga|2024|20,Hoffenheim,Leverkusen,2024-09-14T14:30:00Z,1,4,True,0,O2.5,0.72958,0.72958,0.0,0.6,True,1,O2.5,0.72958,True,3,1
Bundesliga,2024/25,3,2024-09-13T19:30:00+00:00,Bundesliga|2024|21,M'gladbach,Stuttgart,2024-09-14T14:30:00Z,1,3,True,0,O2.5,0.720365,0.720365,0.0,0.6,True,1,O2.5,0.720365,True,2,1
Bundesliga,2024/25,3,2024-09-13T19:30:00+00:00,Bundesliga|2024|22,RB Leipzig,Union Berlin,2024-09-14T14:30:00Z,0,0,True,0,GG,0.582661,0.582661,0.0,0.6,False,0,1,0.726289,True,1,0
Bundesliga,2024/25,3,2024-09-13T19:30:00+00:00,Bundesliga|2024|23,Wolfsburg,Ein Frankfurt,2024-09-14T14:30:00Z,1,2,True,0,GG,0.619842,0.619842,0.0,0.6,True,1,GG,0.619842,True,2,1
Bundesliga,2024/25,3,2024-09-13T19:30:00+00:00,Bundesliga|2024|24,Holstein Kiel,Bayern Munich,2024-09-14T17:30:00Z,1,6,True,0,GG,0.653946,0.653946,0.0,0.6,True,1,GG,0.653946,True,2,1
Bundesliga,2024/25,3,2024-09-13T19:30:00+00:00,Bundesliga|2024|25,Augsburg,St Pauli,2024-09-15T14:30:00Z,3,1,True,0,GG,0.568021,0.568021,0.0,0.6,False,1,,,False,0,
Bundesliga,2024/25,3,2024-09-13T19:30:00+00:00,Bundesliga|2024|26,Mainz,Werder Bremen,2024-09-15T16:30:00Z,1,2,True,0,GG,0.606773,0.606773,0.0,0.6,True,1,GG,0.606773,True,1,1
Bundesliga,2024/25,4,2024-09-20T19:30:00+00:00,Bundesliga|2024|27,Augsburg,Mainz,2024-09-20T19:30:00Z,2,3,True,0,GG,0.629268,0.629268,0.0,0.6,True,1,GG,0.629268,True,2,1
Bundesliga,2024/25,4,2024-09-20T19:30:00+00:00,Bundesliga|2024|28,Bochum,Holstein Kiel,2024-09-21T14:30:00Z,2,2,True,0,O2.5,0.647096,0.647096,0.0,0.6,True,1,O2.5,0.647096,True,2,1
Bundesliga,2024/25,4,2024-09-20T19:30:00+00:00,Bundesliga|2024|29,Heidenheim,Freiburg,2024-09-21T14:30:00Z,0,3,True,0,GG,0.626467,0.626467,0.0,0.6,True,0,GG,0.626467,True,2,0
Bundesliga,2024/25,4,2024-09-20T19:30:00+00:00,Bundesliga|2024|30,Union Berlin,Hoffenheim,2024-09-21T14:30:00Z,2,1,True,0,GG,0.59266,0.59266,0.0,0.6,False,1,,,False,0,
Bundesliga,2024/25,4,2024-09-20T19:30:00+00:00,Bundesliga|2024|31,Werder Bremen,Bayern Munich,2024-09-21T14:30:00Z,0,5,True,0,GG,0.580712,0.580712,0.0,0.6,False,0,,,False,0,
Bundesliga,2024/25,4,2024-09-20T19:30:00+00:00,Bundesliga|2024|32,Ein Frankfurt,M'gladbach,2024-09-21T17:30:00Z,2,0,True,0,1,0.732626,0.616806,0.154426,0.55,True,1,O2.5,0.675682,True,3,0
Bundesliga,2024/25,4,2024-09-20T19:30:00+00:00,Bundesliga|2024|33,Leverkusen,Wolfsburg,2024-09-22T14:30:00Z,4,3,True,0,1,0.856715,0.855954,0.001015,0.55,True,1,1,0.855954,True,3,1
Bundesliga,2024/25,4,2024-09-20T19:30:00+00:00,Bundesliga|2024|34,Stuttgart,Dortmund,2024-09-22T16:30:00Z,5,1,True,0,GG,0.649557,0.649557,0.0,0.6,True,1,GG,0.649557,True,2,1
Bundesliga,2024/25,4,2024-09-20T19:30:00+00:00,Bundesliga|2024|35,St Pauli,RB Leipzig,2024-09-22T18:30:00Z,0,0,True,0,GG,0.541121,0.541121,0.0,0.6,False,0,2,0.550889,True,1,0
Bundesliga,2024/25,5,2024-09-27T19:30:00+00:00,Bundesliga|2024|36,Dortmund,Bochum,2024-09-27T19:30:00Z,4,2,True,0,1,0.848846,0.824661,0.032246,0.55,True,1,1,0.824661,True,3,1
Bundesliga,2024/25,5,2024-09-27T19:30:00+00:00,Bundesliga|2024|37,Freiburg,St Pauli,2024-09-28T14:30:00Z,0,3,True,0,1,0.738066,0.577516,0.214066,0.55,True,0,1,0.577516,True,1,0
Bundesliga,2024/25,5,2024-09-27T19:30:00+00:00,Bundesliga|2024|38,Mainz,Heidenheim,2024-09-28T14:30:00Z,0,2,True,0,GG,0.640094,0.640094,0.0,0.6,True,0,GG,0.640094,True,2,0
Bundesliga,2024/25,5,2024-09-27T19:30:00+00:00,Bundesliga|2024|39,M'gladbach,Union Berlin,2024-09-28T14:30:00Z,1,0,True,0,GG,0.583361,0.583361,0.0,0.6,False,0,,,False,0,
Bundesliga,2024/25,5,2024-09-27T19:30:00+00:00,Bundesliga|2024|40,RB Leipzig,Augsburg,2024-09-28T14:30:00Z,4,0,True,0,GG,0.600222,0.600222,0.0,0.6,True,0,GG,0.600222,True,1,0
Bundesliga,2024/25,5,2024-09-27T19:30:00+00:00,Bundesliga|2024|41,Wolfsburg,Stuttgart,2024-09-28T14:30:00Z,2,2,True,0,GG,0.687454,0.687454,0.0,0.6,True,1,GG,0.687454,True,2,1
Bundesliga,2024/25,5,2024-09-27T19:30:00+00:00,Bundesliga|2024|42,Bayern Munich,Leverkusen,2024-09-28T17:30:00Z,1,1,True,0,1,0.667348,0.436087,0.308348,0.55,False,0,O2.5,0.666793,True,2,0
Bundesliga,2024/25,5,2024-09-27T19:30:00+00:00,Bundesliga|2024|43,Holstein Kiel,Ein Frankfurt,2024-09-29T14:30:00Z,2,4,True,0,2,0.786755,0.498039,0.384955,0.55,False,1,O2.5,0.670723,True,2,1
Bundesliga,2024/25,5,2024-09-27T19:30:00+00:00,Bundesliga|2024|44,Hoffenheim,Werder Bremen,2024-09-29T16:30:00Z,3,4,True,0,GG,0.597656,0.597656,0.0,0.6,False,1,,,False,0,
Bundesliga,2024/25,6,2024-10-04T19:30:00+00:00,Bundesliga|2024|45,Augsburg,M'gladbach,2024-10-04T19:30:00Z,2,1,True,0,O2.5,0.673933,0.673933,0.0,0.6,True,1,O2.5,0.673933,True,2,1
Bundesliga,2024/25,6,2024-10-04T19:30:00+00:00,Bundesliga|2024|46,Bochum,Wolfsburg,2024-10-05T14:30:00Z,1,3,True,0,GG,0.653501,0.653501,0.0,0.6,True,1,GG,0.653501,True,2,1
Bundesliga,2024/25,6,2024-10-04T19:30:00+00:00,Bundesliga|2024|47,Leverkusen,Holstein Kiel,2024-10-05T14:30:00Z,2,2,True,0,1,0.90867,0.871718,0.04927,0.55,True,0,1,0.871718,True,3,0
Bundesliga,2024/25,6,2024-10-04T19:30:00+00:00,Bundesliga|2024|48,Union Berlin,Dortmund,2024-10-05T14:30:00Z,2,1,True,0,GG,0.539922,0.539922,0.0,0.6,False,1,,,False,0,
Bundesliga,2024/25,6,2024-10-04T19:30:00+00:00,Bundesliga|2024|49,Werder Bremen,Freiburg,2024-10-05T14:30:00Z,0,1,True,0,GG,0.596676,0.596676,0.0,0.6,False,0,,,False,0,
Bundesliga,2024/25,6,2024-10-04T19:30:00+00:00,Bundesliga|2024|50,St Pauli,Mainz,2024-10-05T17:30:00Z,0,3,True,0,GG,0.559789,0.559789,0.0,0.6,False,0,,,False,0,
Bundesliga,2024/25,6,2024-10-04T19:30:00+00:00,Bundesliga|2024|51,Heidenheim,RB Leipzig,2024-10-06T14:30:00Z,0,1,True,0,GG,0.557406,0.557406,0.0,0.6,False,0,,,False,0,
Bundesliga,2024/25,6,2024-10-04T19:30:00+00:00,Bundesliga|2024|52,Ein Frankfurt,Bayern Munich,2024-10-06T16:30:00Z,3,3,True,0,GG,0.612711,0.612711,0.0,0.6,True,1,GG,0.612711,True,1,1
Bundesliga,2024/25,6,2024-10-04T19:30:00+00:00,Bundesliga|2024|53,Stuttgart,Hoffenheim,2024-10-06T18:30:00Z,1,1,True,0,O2.5,0.794792,0.794792,0.0,0.6,True,0,O2.5,0.794792,True,3,0
Bundesliga,2024/25,7,2024-10-18T19:30:00+00:00,Bundesliga|2024|54,Dortmund,St Pauli,2024-10-18T19:30:00Z,2,1,True,0,1,0.660279,0.676345,0.021421,0.55,True,1,1,0.676345,True,1,1
Bundesliga,2024/25,7,2024-10-18T19:30:00+00:00,Bundesliga|2024|55,Freiburg,Augsburg,2024-10-19T14:30:00Z,3,1,True,0,1,0.659782,0.576621,0.110882,0.55,True,1,1,0.576621,True,1,1
Bundesliga,2024/25,7,2024-10-18T19:30:00+00:00,Bundesliga|2024|56,Hoffenheim,Bochum,2024-10-19T14:30:00Z,3,1,True,0,O2.5,0.725794,0.725794,0.0,0.6,True,1,O2.5,0.725794,True,3,1
Bundesliga,2024/25,7,2024-10-18T19:30:00+00:00,Bundesliga|2024|57,Leverkusen,Ein Frankfurt,2024-10-19T14:30:00Z,2,1,True,0,O2.5,0.690609,0.690609,0.0,0.6,True,1,O2.5,0.690609,True,3,1
Bundesliga,2024/25,7,2024-10-18T19:30:00+00:00,Bundesliga|2024|58,Mainz,RB Leipzig,2024-10-19T14:30:00Z,0,2,True,0,GG,0.605558,0.605558,0.0,0.6,True,0,GG,0.605558,True,1,0
Bundesliga,2024/25,7,2024-10-18T19:30:00+00:00,Bundesliga|2024|59,M'gladbach,Heidenheim,2024-10-19T14:30:00Z,3,2,True,0,GG,0.603994,0.603994,0.0,0.6,True,1,GG,0.603994,True,1,1
Bundesliga,2024/25,7,2024-10-18T19:30:00+00:00,Bundesliga|2024|60,Bayern Munich,Stuttgart,2024-10-19T17:30:00Z,4,0,True,0,1,0.714401,0.553825,0.214101,0.55,True,1,O2.5,0.682542,True,3,1
Bundesliga,2024/25,7,2024-10-18T19:30:00+00:00,Bundesliga|2024|61,Holstein Kiel,Union Berlin,2024-10-20T14:30:00Z,0,2,True,0,GG,0.562649,0.562649,0.0,0.6,False,0,,,False,0,
Bundesliga,2024/25,7,2024-10-18T19:30:00+00:00,Bundesliga|2024|62,Wolfsburg,Werder Bremen,2024-10-20T16:30:00Z,2,4,True,0,GG,0.63292,0.63292,0.0,0.6,True,1,GG,0.63292,True,2,1
Bundesliga,2024/25,8,2024-10-25T19:30:00+00:00,Bundesliga|2024|63,Mainz,M'gladbach,2024-10-25T19:30:00Z,1,1,True,0,GG,0.652165,0.652165,0.0,0.6,True,1,GG,0.652165,True,2,1
Bundesliga,2024/25,8,2024-10-25T19:30:00+00:00,Bundesliga|2024|64,Augsburg,Dortmund,2024-10-26T14:30:00Z,2,1,True,0,GG,0.620126,0.620126,0.0,0.6,True,1,GG,0.620126,True,2,1
Bundesliga,2024/25,8,2024-10-25T19:30:00+00:00,Bundesliga|2024|65,RB Leipzig,Freiburg,2024-10-26T14:30:00Z,3,1,True,0,GG,0.537519,0.537519,0.0,0.6,False,1,,,False,0,
Bundesliga,2024/25,8,2024-10-25T19:30:00+00:00,Bundesliga|2024|66,St Pauli,Wolfsburg,2024-10-26T14:30:00Z,0,0,True,0,GG,0.585764,0.585764,0.0,0.6,False,0,,,False,0,
Bundesliga,2024/25,8,2024-10-25T19:30:00+00:00,Bundesliga|2024|67,Stuttgart,Holstein Kiel,2024-10-26T14:30:00Z,2,1,True,0,1,0.860847,0.767587,0.124347,0.55,True,1,1,0.767587,True,3,1
Bundesliga,2024/25,8,2024-10-25T19:30:00+00:00,Bundesliga|2024|68,Werder Bremen,Leverkusen,2024-10-26T17:30:00Z,2,2,True,0,2,0.66135,0.619687,0.05555,0.55,True,0,GG,0.657379,True,3,1
Bundesliga,2024/25,8,2024-10-25T19:30:00+00:00,Bundesliga|2024|69,Bochum,Bayern Munich,2024-10-27T14:30:00Z,0,5,True,0,2,0.898534,0.802284,0.128334,0.55,True,1,2,0.802284,True,3,1
Bundesliga,2024/25,8,2024-10-25T19:30:00+00:00,Bundesliga|2024|70,Union Berlin,Ein Frankfurt,2024-10-27T16:30:00Z,1,1,True,0,GG,0.549787,0.549787,0.0,0.6,False,1,,,False,0,
Bundesliga,2024/25,8,2024-10-25T19:30:00+00:00,Bundesliga|2024|71,Heidenheim,Hoffenheim,2024-10-27T18:30:00Z,0,0,True,0,O2.5,0.661439,0.661439,0.0,0.6,True,0,O2.5,0.661439,True,2,0
Bundesliga,2024/25,9,2024-11-01T19:30:00+00:00,Bundesliga|2024|72,Leverkusen,Stuttgart,2024-11-01T19:30:00Z,0,0,True,0,O2.5,0.733513,0.733513,0.0,0.6,True,0,O2.5,0.733513,True,3,0
Bundesliga,2024/25,9,2024-11-01T19:30:00+00:00,Bundesliga|2024|73,Bayern Munich,Union Berlin,2024-11-02T14:30:00Z,3,0,True,0,1,0.764348,0.759287,0.006748,0.55,True,1,1,0.759287,True,1,1
Bundesliga,2024/25,9,2024-11-01T19:30:00+00:00,Bundesliga|2024|74,Ein Frankfurt,Bochum,2024-11-02T14:30:00Z,7,2,True,0,1,0.896434,0.802659,0.125034,0.55,True,1,1,0.802659,True,3,1
Bundesliga,2024/25,9,2024-11-01T19:30:00+00:00,Bundesliga|2024|75,Hoffenheim,St Pauli,2024-11-02T14:30:00Z,0,2,True,0,GG,0.591944,0.591944,0.0,0.6,False,0,,,False,0,
Bundesliga,2024/25,9,2024-11-01T19:30:00+00:00,Bundesliga|2024|76,Holstein Kiel,Heidenheim,2024-11-02T14:30:00Z,1,0,True,0,GG,0.620929,0.620929,0.0,0.6,True,0,GG,0.620929,True,1,0
Bundesliga,2024/25,9,2024-11-01T19:30:00+00:00,Bundesliga|2024|77,Wolfsburg,Augsburg,2024-11-02T14:30:00Z,1,1,True,0,GG,0.597453,0.597453,0.0,0.6,False,1,,,False,0,
Bundesliga,2024/25,9,2024-11-01T19:30:00+00:00,Bundesliga|2024|78,Dortmund,RB Leipzig,2024-11-02T17:30:00Z,2,1,True,0,GG,0.605872,0.605872,0.0,0.6,True,1,GG,0.605872,True,2,1
Bundesliga,2024/25,9,2024-11-01T19:30:00+00:00,Bundesliga|2024|79,Freiburg,Mainz,2024-11-03T14:30:00Z,0,0,True,0,1,0.625099,0.50345,0.162199,0.55,False,0,,,False,0,
Bundesliga,2024/25,9,2024-11-01T19:30:00+00:00,Bundesliga|2024|80,M'gladbach,Werder Bremen,2024-11-03T16:30:00Z,4,1,True,0,O2.5,0.662316,0.662316,0.0,0.6,True,1,O2.5,0.662316,True,2,1
Bundesliga,2024/25,10,2024-11-08T19:30:00+00:00,Bundesliga|2024|81,Union Berlin,Freiburg,2024-11-08T19:30:00Z,0,0,True,0,U2.5,0.58393,0.58393,0.0,0.6,False,1,,,False,0,
Bundesliga,2024/25,10,2024-11-08T19:30:00+00:00,Bundesliga|2024|82,Bochum,Leverkusen,2024-11-09T14:30:00Z,1,1,True,0,2,0.820332,0.829083,0.011668,0.55,True,0,2,0.829083,True,3,0
Bundesliga,2024/25,10,2024-11-08T19:30:00+00:00,Bundesliga|2024|83,Mainz,Dortmund,2024-11-09T14:30:00Z,3,1,True,0,GG,0.581538,0.581538,0.0,0.6,False,1,,,False,0,
Bundesliga,2024/25,10,2024-11-08T19:30:00+00:00,Bundesliga|2024|84,St Pauli,Bayern Munich,2024-11-09T14:30:00Z,0,1,True,0,2,0.754843,0.635111,0.159643,0.55,True,1,2,0.635111,True,1,1
Bundesliga,2024/25,10,2024-11-08T19:30:00+00:00,Bundesliga|2024|85,Werder Bremen,Holstein Kiel,2024-11-09T14:30:00Z,2,1,True,0,1,0.737807,0.580827,0.209307,0.55,True,1,O2.5,0.659571,True,3,1
Bundesliga,2024/25,10,2024-11-08T19:30:00+00:00,Bundesliga|2024|86,RB Leipzig,M'gladbach,2024-11-09T17:30:00Z,0,0,True,0,GG,0.66591,0.66591,0.0,0.6,True,0,1,0.694281,True,3,0
Bundesliga,2024/25,10,2024-11-08T19:30:00+00:00,Bundesliga|2024|87,Augsburg,Hoffenheim,2024-11-10T14:30:00Z,0,0,True,0,O2.5,0.592447,0.592447,0.0,0.6,False,0,,,False,0,
Bundesliga,2024/25,10,2024-11-08T19:30:00+00:00,Bundesliga|2024|88,Stuttgart,Ein Frankfurt,2024-11-10T16:30:00Z,2,3,True,0,O2.5,0.754407,0.754407,0.0,0.6,True,1,O2.5,0.754407,True,2,1
Bundesliga,2024/25,10,2024-11-08T19:30:00+00:00,Bundesliga|2024|89,Heidenheim,Wolfsburg,2024-11-10T18:30:00Z,1,3,True,0,GG,0.596193,0.596193,0.0,0.6,False,1,,,False,0,
Bundesliga,2024/25,11,2024-11-22T19:30:00+00:00,Bundesliga|2024|90,Bayern Munich,Augsburg,2024-11-22T19:30:00Z,3,0,True,0,1,0.809486,0.825772,0.021714,0.55,True,1,1,0.825772,True,1,1
Bundesliga,2024/25,11,2024-11-22T19:30:00+00:00,Bundesliga|2024|91,Dortmund,Freiburg,2024-11-23T14:30:00Z,4,0,True,0,GG,0.588126,0.588126,0.0,0.6,False,0,,,False,0,
Bundesliga,2024/25,11,2024-11-22T19:30:00+00:00,Bundesliga|2024|92,Hoffenheim,RB Leipzig,2024-11-23T14:30:00Z,4,3,True,0,GG,0.618361,0.618361,0.0,0.6,True,1,GG,0.618361,True,1,1
Bundesliga,2024/25,11,2024-11-22T19:30:00+00:00,Bundesliga|2024|93,Leverkusen,Heidenheim,2024-11-23T14:30:00Z,5,2,True,0,1,0.747042,0.800486,0.071258,0.55,True,1,1,0.800486,True,3,1
Bundesliga,2024/25,11,2024-11-22T19:30:00+00:00,Bundesliga|2024|94,Stuttgart,Bochum,2024-11-23T14:30:00Z,2,0,True,0,1,0.792647,0.826062,0.044553,0.55,True,1,1,0.826062,True,3,1
Bundesliga,2024/25,11,2024-11-22T19:30:00+00:00,Bundesliga|2024|95,Wolfsburg,Union Berlin,2024-11-23T14:30:00Z,1,0,True,0,1,0.537547,0.454712,0.110447,0.55,False,1,,,False,0,
Bundesliga,2024/25,11,2024-11-22T19:30:00+00:00,Bundesliga|2024|96,Ein Frankfurt,Werder Bremen,2024-11-23T17:30:00Z,1,0,True,0,O2.5,0.738197,0.738197,0.0,0.6,True,0,O2.5,0.738197,True,3,0
Bundesliga,2024/25,11,2024-11-22T19:30:00+00:00,Bundesliga|2024|97,Holstein Kiel,Mainz,2024-11-24T14:30:00Z,0,3,True,0,GG,0.616833,0.616833,0.0,0.6,True,0,GG,0.616833,True,1,0
Bundesliga,2024/25,11,2024-11-22T19:30:00+00:00,Bundesliga|2024|98,M'gladbach,St Pauli,2024-11-24T16:30:00Z,2,0,True,0,1,0.673977,0.512969,0.214677,0.55,False,1,,,False,0,
Bundesliga,2024/25,12,2024-11-29T19:30:00+00:00,Bundesliga|2024|99,St Pauli,Holstein Kiel,2024-11-29T19:30:00Z,3,1,True,0,1,0.557125,0.521481,0.047525,0.55,False,1,,,False,0,
Bundesliga,2024/25,12,2024-11-29T19:30:00+00:00,Bundesliga|2024|100,Augsburg,Bochum,2024-11-30T14:30:00Z,1,0,True,0,1,0.664381,0.60597,0.077881,0.55,True,1,O2.5,0.630779,True,3,0
Bundesliga,2024/25,12,2024-11-29T19:30:00+00:00,Bundesliga|2024|101,Freiburg,M'gladbach,2024-11-30T14:30:00Z,3,1,True,0,O2.5,0.618305,0.618305,0.0,0.6,True,1,O2.5,0.618305,True,2,1
Bundesliga,2024/25,12,2024-11-29T19:30:00+00:00,Bundesliga|2024|102,RB Leipzig,Wolfsburg,2024-11-30T14:30:00Z,1,5,True,0,GG,0.606815,0.606815,0.0,0.6,True,1,1,0.682292,True,2,0
Bundesliga,2024/25,12,2024-11-29T19:30:00+00:00,Bundesliga|2024|103,Union Berlin,Leverkusen,2024-11-30T14:30:00Z,1,2,True,0,2,0.619062,0.635065,0.021338,0.55,True,1,2,0.635065,True,1,1
Bundesliga,2024/25,12,2024-11-29T19:30:00+00:00,Bundesliga|2024|104,Werder Bremen,Stuttgart,2024-11-30T14:30:00Z,2,2,True,0,GG,0.677285,0.677285,0.0,0.6,True,1,GG,0.677285,True,2,1
Bundesliga,2024/25,12,2024-11-29T19:30:00+00:00,Bundesliga|2024|105,Dortmund,Bayern Munich,2024-11-30T17:30:00Z,1,1,True,0,GG,0.575383,0.575383,0.0,0.6,False,1,,,False,0,
Bundesliga,2024/25,12,2024-11-29T19:30:00+00:00,Bundesliga|2024|106,Mainz,Hoffenheim,2024-12-01T14:30:00Z,2,0,True,0,O2.5,0.616163,0.616163,0.0,0.6,True,0,O2.5,0.616163,True,1,0
Bundesliga,2024/25,12,2024-11-29T19:30:00+00:00,Bundesliga|2024|107,Heidenheim,Ein Frankfurt,2024-12-01T16:30:00Z,0,4,True,0,O2.5,0.694255,0.694255,0.0,0.6,True,1,O2.5,0.694255,True,2,1
Bundesliga,2024/25,13,2024-12-06T19:30:00+00:00,Bundesliga|2024|108,Stuttgart,Union Berlin,2024-12-06T19:30:00Z,3,2,True,0,1,0.600729,0.657782,0.076071,0.55,True,1,1,0.657782,True,1,1
Bundesliga,2024/25,13,2024-12-06T19:30:00+00:00,Bundesliga|2024|109,Bayern Munich,Heidenheim,2024-12-07T14:30:00Z,4,2,True,0,1,0.946471,0.857768,0.118271,0.55,True,1,1,0.857768,True,2,1
Bundesliga,2024/25,13,2024-12-06T19:30:00+00:00,Bundesliga|2024|110,Bochum,Werder Bremen,2024-12-07T14:30:00Z,0,1,True,0,GG,0.667786,0.667786,0.0,0.6,True,0,GG,0.667786,True,2,0
Bundesliga,2024/25,13,2024-12-06T19:30:00+00:00,Bundesliga|2024|111,Ein Frankfurt,Augsburg,2024-12-07T14:30:00Z,2,2,True,0,1,0.694343,0.693036,0.001743,0.55,True,0,1,0.693036,True,3,0
Bundesliga,2024/25,13,2024-12-06T19:30:00+00:00,Bundesliga|2024|112,Holstein Kiel,RB Leipzig,2024-12-07T14:30:00Z,0,2,True,0,GG,0.640698,0.640698,0.0,0.6,True,0,GG,0.640698,True,3,0
Bundesliga,2024/25,13,2024-12-06T19:30:00+00:00,Bundesliga|2024|113,Leverkusen,St Pauli,2024-12-07T14:30:00Z,2,1,True,0,1,0.812992,0.819973,0.009308,0.55,True,1,1,0.819973,True,1,1
Bundesliga,2024/25,13,2024-12-06T19:30:00+00:00,Bundesliga|2024|114,M'gladbach,Dortmund,2024-12-07T17:30:00Z,1,1,True,0,GG,0.669456,0.669456,0.0,0.6,True,1,GG,0.669456,True,2,1
Bundesliga,2024/25,13,2024-12-06T19:30:00+00:00,Bundesliga|2024|115,Wolfsburg,Mainz,2024-12-08T14:30:00Z,4,3,True,0,GG,0.597344,0.597344,0.0,0.6,False,1,,,False,0,
Bundesliga,2024/25,13,2024-12-06T19:30:00+00:00,Bundesliga|2024|116,Hoffenheim,Freiburg,2024-12-08T16:30:00Z,1,1,True,0,GG,0.5976,0.5976,0.0,0.6,False,1,,,False,0,
Bundesliga,2024/25,14,2024-12-13T19:30:00+00:00,Bundesliga|2024|117,Freiburg,Wolfsburg,2024-12-13T19:30:00Z,3,2,True,0,O2.5,0.598852,0.598852,0.0,0.6,False,1,,,False,0,
Bundesliga,2024/25,14,2024-12-13T19:30:00+00:00,Bundesliga|2024|118,Augsburg,Leverkusen,2024-12-14T14:30:00Z,0,2,True,0,2,0.601835,0.667659,0.087765,0.55,True,1,2,0.667659,True,1,1
Bundesliga,2024/25,14,2024-12-13T19:30:00+00:00,Bundesliga|2024|119,Mainz,Bayern Munich,2024-12-14T14:30:00Z,2,1,True,0,2,0.663385,0.560421,0.137285,0.55,True,0,2,0.560421,True,1,0
Bundesliga,2024/25,14,2024-12-13T19:30:00+00:00,Bundesliga|2024|120,M'gladbach,Holstein Kiel,2024-12-14T14:30:00Z,4,1,True,0,1,0.828835,0.640184,0.251535,0.55,False,1,O2.5,0.70072,True,2,1
Bundesliga,2024/25,14,2024-12-13T19:30:00+00:00,Bundesliga|2024|121,Union Berlin,Bochum,2024-12-14T14:30:00Z,0,2,True,0,1,0.640694,0.648423,0.010306,0.55,True,0,1,0.648423,True,1,0
Bundesliga,2024/25,14,2024-12-13T19:30:00+00:00,Bundesliga|2024|122,St Pauli,Werder Bremen,2024-12-14T17:30:00Z,0,2,True,0,GG,0.556042,0.556042,0.0,0.6,False,0,,,False,0,
Bundesliga,2024/25,14,2024-12-13T19:30:00+00:00,Bundesliga|2024|123,Heidenheim,Stuttgart,2024-12-15T14:30:00Z,1,3,True,0,GG,0.690397,0.690397,0.0,0.6,True,1,GG,0.690397,True,3,1
Bundesliga,2024/25,14,2024-12-13T19:30:00+00:00,Bundesliga|2024|124,Dortmund,Hoffenheim,2024-12-15T16:30:00Z,1,1,True,0,1,0.806852,0.699638,0.142952,0.55,True,0,1,0.699638,True,3,0
Bundesliga,2024/25,14,2024-12-13T19:30:00+00:00,Bundesliga|2024|125,RB Leipzig,Ein Frankfurt,2024-12-15T18:30:00Z,2,1,True,0,O2.5,0.699284,0.699284,0.0,0.6,True,1,O2.5,0.699284,True,2,1
Bundesliga,2024/25,15,2024-12-20T19:30:00+00:00,Bundesliga|2024|126,Bayern Munich,RB Leipzig,2024-12-20T19:30:00Z,5,1,True,0,1,0.89423,0.626533,0.35693,0.55,False,1,O2.5,0.670561,True,1,1
Bundesliga,2024/25,15,2024-12-20T19:30:00+00:00,Bundesliga|2024|127,Ein Frankfurt,Mainz,2024-12-21T14:30:00Z,1,3,True,0,O2.5,0.67883,0.67883,0.0,0.6,True,1,O2.5,0.67883,True,2,1
Bundesliga,2024/25,15,2024-12-20T19:30:00+00:00,Bundesliga|2024|128,Hoffenheim,M'gladbach,2024-12-21T14:30:00Z,1,2,True,0,GG,0.66723,0.66723,0.0,0.6,True,1,GG,0.66723,True,2,1
Bundesliga,2024/25,15,2024-12-20T19:30:00+00:00,Bundesliga|2024|129,Holstein Kiel,Augsburg,2024-12-21T14:30:00Z,5,1,True,0,GG,0.555413,0.555413,0.0,0.6,False,1,,,False,0,
Bundesliga,2024/25,15,2024-12-20T19:30:00+00:00,Bundesliga|2024|130,Stuttgart,St Pauli,2024-12-21T14:30:00Z,0,1,True,0,1,0.771597,0.735449,0.048197,0.55,True,0,1,0.735449,True,2,0
Bundesliga,2024/25,15,2024-12-20T19:30:00+00:00,Bundesliga|2024|131,Werder Bremen,Union Berlin,2024-12-21T14:30:00Z,4,1,True,0,GG,0.531215,0.531215,0.0,0.6,False,1,,,False,0,
Bundesliga,2024/25,15,2024-12-20T19:30:00+00:00,Bundesliga|2024|132,Leverkusen,Freiburg,2024-12-21T17:30:00Z,5,1,True,0,1,0.689483,0.754446,0.086617,0.55,True,1,1,0.754446,True,1,1
Bundesliga,2024/25,15,2024-12-20T19:30:00+00:00,Bundesliga|2024|133,Bochum,Heidenheim,2024-12-22T14:30:00Z,2,0,True,0,GG,0.67953,0.67953,0.0,0.6,True,0,GG,0.67953,True,2,0
Bundesliga,2024/25,15,2024-12-20T19:30:00+00:00,Bundesliga|2024|134,Wolfsburg,Dortmund,2024-12-22T16:30:00Z,1,3,True,0,GG,0.636411,0.636411,0.0,0.6,True,1,GG,0.636411,True,2,1
Bundesliga,2024/25,16,2025-01-10T19:30:00+00:00,Bundesliga|2024|135,Dortmund,Leverkusen,2025-01-10T19:30:00Z,2,3,True,0,GG,0.619125,0.619125,0.0,0.6,True,1,GG,0.619125,True,1,1
Bundesliga,2024/25,16,2025-01-10T19:30:00+00:00,Bundesliga|2024|136,Freiburg,Holstein Kiel,2025-01-11T14:30:00Z,3,2,True,0,1,0.796001,0.65365,0.189801,0.55,True,1,1,0.65365,True,2,1
Bundesliga,2024/25,16,2025-01-10T19:30:00+00:00,Bundesliga|2024|137,Heidenheim,Union Berlin,2025-01-11T14:30:00Z,2,0,True,0,GG,0.557895,0.557895,0.0,0.6,False,0,,,False,0,
Bundesliga,2024/25,16,2025-01-10T19:30:00+00:00,Bundesliga|2024|138,Hoffenheim,Wolfsburg,2025-01-11T14:30:00Z,0,1,True,0,O2.5,0.658043,0.658043,0.0,0.6,True,0,O2.5,0.658043,True,2,0
Bundesliga,2024/25,16,2025-01-10T19:30:00+00:00,Bundesliga|2024|139,Mainz,Bochum,2025-01-11T14:30:00Z,2,0,True,0,1,0.765838,0.750735,0.020138,0.55,True,1,1,0.750735,True,2,1
Bundesliga,2024/25,16,2025-01-10T19:30:00+00:00,Bundesliga|2024|140,St Pauli,Ein Frankfurt,2025-01-11T14:30:00Z,0,1,True,0,GG,0.620509,0.620509,0.0,0.6,True,0,GG,0.620509,True,2,0
Bundesliga,2024/25,16,2025-01-10T19:30:00+00:00,Bundesliga|2024|141,M'gladbach,Bayern Munich,2025-01-11T17:30:00Z,0,1,True,0,2,0.699652,0.598513,0.134852,0.55,True,1,O2.5,0.633177,True,2,0
Bundesliga,2024/25,16,2025-01-10T19:30:00+00:00,Bundesliga|2024|142,RB Leipzig,Werder Bremen,2025-01-12T14:30:00Z,4,2,True,0,GG,0.631941,0.631941,0.0,0.6,True,1,GG,0.631941,True,2,1
Bundesliga,2024/25,16,2025-01-10T19:30:00+00:00,Bundesliga|2024|143,Augsburg,Stuttgart,2025-01-12T16:30:00Z,0,1,True,0,2,0.654063,0.574666,0.105863,0.55,True,1,GG,0.623411,True,3,0
Bundesliga,2024/25,17,2025-01-14T17:30:00+00:00,Bundesliga|2024|144,Holstein Kiel,Dortmund,2025-01-14T17:30:00Z,4,2,True,0,2,0.679292,0.599123,0.106892,0.55,True,0,GG,0.609242,True,2,1
Bundesliga,2024/25,17,2025-01-14T17:30:00+00:00,Bundesliga|2024|145,Ein Frankfurt,Freiburg,2025-01-14T19:30:00Z,4,1,True,0,O2.5,0.669493,0.669493,0.0,0.6,True,1,O2.5,0.669493,True,3,1
Bundesliga,2024/25,17,2025-01-14T17:30:00+00:00,Bundesliga|2024|146,Leverkusen,Mainz,2025-01-14T19:30:00Z,1,0,True,0,1,0.653951,0.701088,0.062849,0.55,True,1,1,0.701088,True,1,1
Bundesliga,2024/25,17,2025-01-14T17:30:00+00:00,Bundesliga|2024|147,Wolfsburg,M'gladbach,2025-01-14T19:30:00Z,5,1,True,0,O2.5,0.686457,0.686457,0.0,0.6,True,1,O2.5,0.686457,True,2,1
Bundesliga,2024/25,17,2025-01-14T17:30:00+00:00,Bundesliga|2024|148,Bochum,St Pauli,2025-01-15T17:30:00Z,1,0,True,0,GG,0.590466,0.590466,0.0,0.6,False,0,,,False,0,
Bundesliga,2024/25,17,2025-01-14T17:30:00+00:00,Bundesliga|2024|149,Bayern Munich,Hoffenheim,2025-01-15T19:30:00Z,5,0,True,0,1,0.896251,0.847763,0.064651,0.55,True,1,1,0.847763,True,2,1
Bundesliga,2024/25,17,2025-01-14T17:30:00+00:00,Bundesliga|2024|150,Stuttgart,RB Leipzig,2025-01-15T19:30:00Z,2,1,True,0,O2.5,0.725255,0.725255,0.0,0.6,True,1,O2.5,0.725255,True,2,1
Bundesliga,2024/25,17,2025-01-14T17:30:00+00:00,Bundesliga|2024|151,Union Berlin,Augsburg,2025-01-15T19:30:00Z,0,2,True,0,U2.5,0.56376,0.56376,0.0,0.6,False,1,,,False,0,
Bundesliga,2024/25,17,2025-01-14T17:30:00+00:00,Bundesliga|2024|152,Werder Bremen,Heidenheim,2025-01-15T19:30:00Z,3,3,True,0,1,0.750574,0.631644,0.158574,0.55,True,0,1,0.631644,True,3,0
Bundesliga,2024/25,18,2025-01-17T19:30:00+00:00,Bundesliga|2024|153,Ein Frankfurt,Dortmund,2025-01-17T19:30:00Z,2,0,True,0,O2.5,0.689156,0.689156,0.0,0.6,True,0,O2.5,0.689156,True,2,0
Bundesliga,2024/25,18,2025-01-17T19:30:00+00:00,Bundesliga|2024|154,Bayern Munich,Wolfsburg,2025-01-18T14:30:00Z,3,2,True,0,1,0.936279,0.79237,0.191879,0.55,True,1,1,0.79237,True,2,1
Bundesliga,2024/25,18,2025-01-17T19:30:00+00:00,Bundesliga|2024|155,Bochum,RB Leipzig,2025-01-18T14:30:00Z,3,3,True,0,GG,0.656565,0.656565,0.0,0.6,True,1,GG,0.656565,True,3,1
Bundesliga,2024/25,18,2025-01-17T19:30:00+00:00,Bundesliga|2024|156,Heidenheim,St Pauli,2025-01-18T14:30:00Z,0,2,True,0,GG,0.576982,0.576982,0.0,0.6,False,0,,,False,0,
Bundesliga,2024/25,18,2025-01-17T19:30:00+00:00,Bundesliga|2024|157,Holstein Kiel,Hoffenheim,2025-01-18T14:30:00Z,1,3,True,0,GG,0.627336,0.627336,0.0,0.6,True,1,GG,0.627336,True,2,1
Bundesliga,2024/25,18,2025-01-17T19:30:00+00:00,Bundesliga|2024|158,Stuttgart,Freiburg,2025-01-18T14:30:00Z,4,0,True,0,1,0.686266,0.649316,0.049266,0.55,True,1,O2.5,0.666347,True,3,1
Bundesliga,2024/25,18,2025-01-17T19:30:00+00:00,Bundesliga|2024|159,Leverkusen,M'gladbach,2025-01-18T17:30:00Z,3,1,True,0,1,0.868365,0.843641,0.032965,0.55,True,1,1,0.843641,True,3,1
Bundesliga,2024/25,18,2025-01-17T19:30:00+00:00,Bundesliga|2024|160,Union Berlin,Mainz,2025-01-19T14:30:00Z,2,1,True,0,U2.5,0.531652,0.531652,0.0,0.6,False,0,,,False,0,
Bundesliga,2024/25,18,2025-01-17T19:30:00+00:00,Bundesliga|2024|161,Werder Bremen,Augsburg,2025-01-19T16:30:00Z,0,2,True,0,1,0.659907,0.594877,0.086707,0.55,True,0,1,0.594877,True,1,0
Bundesliga,2024/25,19,2025-01-24T19:30:00+00:00,Bundesliga|2024|162,Wolfsburg,Holstein Kiel,2025-01-24T19:30:00Z,2,2,True,0,1,0.704456,0.641489,0.083956,0.55,True,0,O2.5,0.645767,True,3,1
Bundesliga,2024/25,19,2025-01-24T19:30:00+00:00,Bundesliga|2024|163,Augsburg,Heidenheim,2025-01-25T14:30:00Z,2,1,True,0,GG,0.546592,0.546592,0.0,0.6,False,1,,,False,0,
Bundesliga,2024/25,19,2025-01-24T19:30:00+00:00,Bundesliga|2024|164,Dortmund,Werder Bremen,2025-01-25T14:30:00Z,2,2,True,0,GG,0.605175,0.605175,0.0,0.6,True,1,GG,0.605175,True,3,1
Bundesliga,2024/25,19,2025-01-24T19:30:00+00:00,Bundesliga|2024|165,Freiburg,Bayern Munich,2025-01-25T14:30:00Z,1,2,True,0,2,0.831345,0.659861,0.228645,0.55,True,1,2,0.659861,True,1,1
Bundesliga,2024/25,19,2025-01-24T19:30:00+00:00,Bundesliga|2024|166,Mainz,Stuttgart,2025-01-25T14:30:00Z,2,0,True,0,GG,0.652239,0.652239,0.0,0.6,True,0,GG,0.652239,True,2,0
Bundesliga,2024/25,19,2025-01-24T19:30:00+00:00,Bundesliga|2024|167,RB Leipzig,Leverkusen,2025-01-25T14:30:00Z,2,2,True,0,2,0.639212,0.511778,0.169912,0.55,False,0,GG,0.639207,True,2,1
Bundesliga,2024/25,19,2025-01-24T19:30:00+00:00,Bundesliga|2024|168,M'gladbach,Bochum,2025-01-25T17:30:00Z,3,0,True,0,O2.5,0.716565,0.716565,0.0,0.6,True,1,O2.5,0.716565,True,3,1
Bundesliga,2024/25,19,2025-01-24T19:30:00+00:00,Bundesliga|2024|169,Hoffenheim,Ein Frankfurt,2025-01-26T14:30:00Z,2,2,True,0,2,0.699667,0.524042,0.234167,0.55,False,0,O2.5,0.684699,True,2,1
Bundesliga,2024/25,19,2025-01-24T19:30:00+00:00,Bundesliga|2024|170,St Pauli,Union Berlin,2025-01-26T16:30:00Z,3,0,True,0,U2.5,0.538772,0.538772,0.0,0.6,False,0,,,False,0,
Bundesliga,2024/25,20,2025-01-31T19:30:00+00:00,Bundesliga|2024|171,Werder Bremen,Mainz,2025-01-31T19:30:00Z,1,0,True,0,GG,0.602187,0.602187,0.0,0.6,True,0,GG,0.602187,True,1,0
Bundesliga,2024/25,20,2025-01-31T19:30:00+00:00,Bundesliga|2024|172,Bayern Munich,Holstein Kiel,2025-02-01T14:30:00Z,4,3,True,0,1,0.96871,0.892277,0.10191,0.55,True,1,1,0.892277,True,2,1
Bundesliga,2024/25,20,2025-01-31T19:30:00+00:00,Bundesliga|2024|173,Bochum,Freiburg,2025-02-01T14:30:00Z,0,1,True,0,GG,0.622123,0.622123,0.0,0.6,True,0,GG,0.622123,True,2,0
Bundesliga,2024/25,20,2025-01-31T19:30:00+00:00,Bundesliga|2024|174,Heidenheim,Dortmund,2025-02-01T14:30:00Z,1,2,True,0,2,0.632384,0.532271,0.133484,0.55,False,1,GG,0.616149,True,1,1
Bundesliga,2024/25,20,2025-01-31T19:30:00+00:00,Bundesliga|2024|175,St Pauli,Augsburg,2025-02-01T14:30:00Z,1,1,True,0,U2.5,0.544544,0.544544,0.0,0.6,False,1,,,False,0,
Bundesliga,2024/25,20,2025-01-31T19:30:00+00:00,Bundesliga|2024|176,Stuttgart,M'gladbach,2025-02-01T14:30:00Z,1,2,True,0,O2.5,0.755968,0.755968,0.0,0.6,True,1,O2.5,0.755968,True,3,1
Bundesliga,2024/25,20,2025-01-31T19:30:00+00:00,Bundesliga|2024|177,Union Berlin,RB Leipzig,2025-02-01T17:30:00Z,0,0,True,0,GG,0.577907,0.577907,0.0,0.6,False,0,2,0.559002,True,1,0
Bundesliga,2024/25,20,2025-01-31T19:30:00+00:00,Bundesliga|2024|178,Ein Frankfurt,Wolfsburg,2025-02-02T14:30:00Z,1,1,True,0,O2.5,0.749757,0.749757,0.0,0.6,True,0,O2.5,0.749757,True,3,0
Bundesliga,2024/25,20,2025-01-31T19:30:00+00:00,Bundesliga|2024|179,Leverkusen,Hoffenheim,2025-02-02T16:30:00Z,3,1,True,0,1,0.898768,0.864892,0.045168,0.55,True,1,1,0.864892,True,2,1
Bundesliga,2024/25,21,2025-02-07T19:30:00+00:00,Bundesliga|2024|180,Bayern Munich,Werder Bremen,2025-02-07T19:30:00Z,3,0,True,0,1,0.943535,0.816009,0.170035,0.55,True,1,1,0.816009,True,2,1
Bundesliga,2024/25,21,2025-02-07T19:30:00+00:00,Bundesliga|2024|181,Dortmund,Stuttgart,2025-02-08T14:30:00Z,1,2,True,0,GG,0.65521,0.65521,0.0,0.6,True,1,GG,0.65521,True,2,1
Bundesliga,2024/25,21,2025-02-07T19:30:00+00:00,Bundesliga|2024|182,Freiburg,Heidenheim,2025-02-08T14:30:00Z,1,0,True,0,1,0.636417,0.605804,0.040817,0.55,True,1,O2.5,0.606572,True,2,0
Bundesliga,2024/25,21,2025-02-07T19:30:00+00:00,Bundesliga|2024|183,Hoffenheim,Union Berlin,2025-02-08T14:30:00Z,0,4,True,0,GG,0.558704,0.558704,0.0,0.6,False,0,,,False,0,
Bundesliga,2024/25,21,2025-02-07T19:30:00+00:00,Bundesliga|2024|184,Mainz,Augsburg,2025-02-08T14:30:00Z,0,0,True,0,U2.5,0.513189,0.513189,0.0,0.6,False,1,1,0.555421,True,1,0
Bundesliga,2024/25,21,2025-02-07T19:30:00+00:00,Bundesliga|2024|185,Wolfsburg,Leverkusen,2025-02-08T14:30:00Z,0,0,True,0,GG,0.641972,0.641972,0.0,0.6,True,0,GG,0.641972,True,3,0
Bundesliga,2024/25,21,2025-02-07T19:30:00+00:00,Bundesliga|2024|186,M'gladbach,Ein Frankfurt,2025-02-08T17:30:00Z,1,1,True,0,O2.5,0.737901,0.737901,0.0,0.6,True,0,O2.5,0.737901,True,2,0
Bundesliga,2024/25,21,2025-02-07T19:30:00+00:00,Bundesliga|2024|187,Holstein Kiel,Bochum,2025-02-09T14:30:00Z,2,2,True,0,O2.5,0.662549,0.662549,0.0,0.6,True,1,O2.5,0.662549,True,2,1
Bundesliga,2024/25,21,2025-02-07T19:30:00+00:00,Bundesliga|2024|188,RB Leipzig,St Pauli,2025-02-09T16:30:00Z,2,0,True,0,GG,0.581417,0.581417,0.0,0.6,False,0,1,0.637201,True,1,1
Bundesliga,2024/25,22,2025-02-14T19:30:00+00:00,Bundesliga|2024|189,Augsburg,RB Leipzig,2025-02-14T19:30:00Z,0,0,True,0,GG,0.545519,0.545519,0.0,0.6,False,0,,,False,0,
Bundesliga,2024/25,22,2025-02-14T19:30:00+00:00,Bundesliga|2024|190,Bochum,Dortmund,2025-02-15T14:30:00Z,2,0,True,0,2,0.652372,0.577468,0.099872,0.55,True,0,GG,0.631312,True,3,0
Bundesliga,2024/25,22,2025-02-14T19:30:00+00:00,Bundesliga|2024|191,St Pauli,Freiburg,2025-02-15T14:30:00Z,0,1,True,0,GG,0.527897,0.527897,0.0,0.6,False,0,,,False,0,
Bundesliga,2024/25,22,2025-02-14T19:30:00+00:00,Bundesliga|2024|192,Stuttgart,Wolfsburg,2025-02-15T14:30:00Z,1,2,True,0,O2.5,0.700773,0.700773,0.0,0.6,True,1,O2.5,0.700773,True,3,1
Bundesliga,2024/25,22,2025-02-14T19:30:00+00:00,Bundesliga|2024|193,Union Berlin,M'gladbach,2025-02-15T14:30:00Z,1,2,True,0,O2.5,0.592254,0.592254,0.0,0.6,False,1,,,False,0,
Bundesliga,2024/25,22,2025-02-14T19:30:00+00:00,Bundesliga|2024|194,Leverkusen,Bayern Munich,2025-02-15T17:30:00Z,0,0,True,0,GG,0.572191,0.572191,0.0,0.6,False,0,,,False,0,
Bundesliga,2024/25,22,2025-02-14T19:30:00+00:00,Bundesliga|2024|195,Werder Bremen,Hoffenheim,2025-02-16T14:30:00Z,1,3,True,0,O2.5,0.649403,0.649403,0.0,0.6,True,1,O2.5,0.649403,True,2,1
Bundesliga,2024/25,22,2025-02-14T19:30:00+00:00,Bundesliga|2024|196,Ein Frankfurt,Holstein Kiel,2025-02-16T16:30:00Z,3,1,True,0,1,0.899345,0.773011,0.168445,0.55,True,1,1,0.773011,True,3,1
Bundesliga,2024/25,22,2025-02-14T19:30:00+00:00,Bundesliga|2024|197,Heidenheim,Mainz,2025-02-16T18:30:00Z,0,2,True,0,GG,0.592277,0.592277,0.0,0.6,False,0,,,False,0,
Bundesliga,2024/25,23,2025-02-21T19:30:00+00:00,Bundesliga|2024|198,Freiburg,Werder Bremen,2025-02-21T19:30:00Z,5,0,True,0,1,0.646807,0.529952,0.155807,0.55,False,1,,,False,0,
Bundesliga,2024/25,23,2025-02-21T19:30:00+00:00,Bundesliga|2024|199,Holstein Kiel,Leverkusen,2025-02-22T14:30:00Z,0,2,True,0,2,0.797129,0.786757,0.013829,0.55,True,1,2,0.786757,True,2,1
Bundesliga,2024/25,23,2025-02-21T19:30:00+00:00,Bundesliga|2024|200,Mainz,St Pauli,2025-02-22T14:30:00Z,2,0,True,0,1,0.515787,0.589597,0.098413,0.55,True,1,1,0.589597,True,1,1
Bundesliga,2024/25,23,2025-02-21T19:30:00+00:00,Bundesliga|2024|201,M'gladbach,Augsburg,2025-02-22T14:30:00Z,0,3,True,0,1,0.575856,0.524889,0.067956,0.55,False,0,,,False,0,
Bundesliga,2024/25,23,2025-02-21T19:30:00+00:00,Bundesliga|2024|202,Wolfsburg,Bochum,2025-02-22T14:30:00Z,1,1,True,0,1,0.759157,0.695814,0.084457,0.55,True,0,O2.5,0.724918,True,3,0
Bundesliga,2024/25,23,2025-02-21T19:30:00+00:00,Bundesliga|2024|203,Dortmund,Union Berlin,2025-02-22T17:30:00Z,6,0,True,0,GG,0.554806,0.554806,0.0,0.6,False,0,1,0.58724,True,1,1
Bundesliga,2024/25,23,2025-02-21T19:30:00+00:00,Bundesliga|2024|204,RB Leipzig,Heidenheim,2025-02-23T14:30:00Z,2,2,True,0,1,0.707754,0.772738,0.086646,0.55,True,0,1,0.772738,True,3,0
Bundesliga,2024/25,23,2025-02-21T19:30:00+00:00,Bundesliga|2024|205,Bayern Munich,Ein Frankfurt,2025-02-23T16:30:00Z,4,0,True,0,1,0.79236,0.693615,0.13166,0.55,True,1,O2.5,0.733314,True,2,1
Bundesliga,2024/25,23,2025-02-21T19:30:00+00:00,Bundesliga|2024|206,Hoffenheim,Stuttgart,2025-02-23T18:30:00Z,1,1,True,0,GG,0.670972,0.670972,0.0,0.6,True,1,GG,0.670972,True,2,1
Bundesliga,2024/25,24,2025-02-28T19:30:00+00:00,Bundesliga|2024|207,Stuttgart,Bayern Munich,2025-02-28T19:30:00Z,1,3,True,0,2,0.770487,0.551947,0.291387,0.55,False,1,O2.5,0.643183,True,2,1
Bundesliga,2024/25,24,2025-02-28T19:30:00+00:00,Bundesliga|2024|208,Bochum,Hoffenheim,2025-03-01T14:30:00Z,0,1,True,0,O2.5,0.687783,0.687783,0.0,0.6,True,0,O2.5,0.687783,True,2,0
Bundesliga,2024/25,24,2025-02-28T19:30:00+00:00,Bundesliga|2024|209,Heidenheim,M'gladbach,2025-03-01T14:30:00Z,0,3,True,0,GG,0.637145,0.637145,0.0,0.6,True,0,GG,0.637145,True,2,0
Bundesliga,2024/25,24,2025-02-28T19:30:00+00:00,Bundesliga|2024|210,RB Leipzig,Mainz,2025-03-01T14:30:00Z,1,2,True,0,GG,0.597622,0.597622,0.0,0.6,False,1,,,False,0,
Bundesliga,2024/25,24,2025-02-28T19:30:00+00:00,Bundesliga|2024|211,St Pauli,Dortmund,2025-03-01T14:30:00Z,0,2,True,0,2,0.593597,0.461074,0.176697,0.55,False,1,,,False,0,
Bundesliga,2024/25,24,2025-02-28T19:30:00+00:00,Bundesliga|2024|212,Werder Bremen,Wolfsburg,2025-03-01T14:30:00Z,1,2,True,0,GG,0.645511,0.645511,0.0,0.6,True,1,GG,0.645511,True,2,1
Bundesliga,2024/25,24,2025-02-28T19:30:00+00:00,Bundesliga|2024|213,Ein Frankfurt,Leverkusen,2025-03-01T17:30:00Z,1,4,True,0,GG,0.668773,0.668773,0.0,0.6,True,1,GG,0.668773,True,2,1
Bundesliga,2024/25,24,2025-02-28T19:30:00+00:00,Bundesliga|2024|214,Union Berlin,Holstein Kiel,2025-03-02T14:30:00Z,0,1,True,0,1,0.604319,0.49983,0.139319,0.55,False,0,,,False,0,
Bundesliga,2024/25,24,2025-02-28T19:30:00+00:00,Bundesliga|2024|215,Augsburg,Freiburg,2025-03-02T16:30:00Z,0,0,True,0,U2.5,0.57058,0.57058,0.0,0.6,False,1,,,False,0,
Bundesliga,2024/25,25,2025-03-07T19:30:00+00:00,Bundesliga|2024|216,M'gladbach,Mainz,2025-03-07T19:30:00Z,1,3,True,0,GG,0.633293,0.633293,0.0,0.6,True,1,GG,0.633293,True,2,1
Bundesliga,2024/25,25,2025-03-07T19:30:00+00:00,Bundesliga|2024|217,Bayern Munich,Bochum,2025-03-08T14:30:00Z,2,3,True,0,1,0.954995,0.904149,0.067795,0.55,True,0,1,0.904149,True,2,0
Bundesliga,2024/25,25,2025-03-07T19:30:00+00:00,Bundesliga|2024|218,Dortmund,Augsburg,2025-03-08T14:30:00Z,0,1,True,0,1,0.703688,0.584522,0.158888,0.55,True,0,1,0.584522,True,1,0
Bundesliga,2024/25,25,2025-03-07T19:30:00+00:00,Bundesliga|2024|219,Holstein Kiel,Stuttgart,2025-03-08T14:30:00Z,2,2,True,0,O2.5,0.6562,0.6562,0.0,0.6,True,1,O2.5,0.6562,True,3,1
Bundesliga,2024/25,25,2025-03-07T19:30:00+00:00,Bundesliga|2024|220,Leverkusen,Werder Bremen,2025-03-08T14:30:00Z,0,2,True,0,1,0.889347,0.868987,0.027147,0.55,True,0,1,0.868987,True,2,0
Bundesliga,2024/25,25,2025-03-07T19:30:00+00:00,Bundesliga|2024|221,Wolfsburg,St Pauli,2025-03-08T14:30:00Z,1,1,True,0,1,0.589052,0.606113,0.022748,0.55,True,0,1,0.606113,True,1,0
Bundesliga,2024/25,25,2025-03-07T19:30:00+00:00,Bundesliga|2024|222,Freiburg,RB Leipzig,2025-03-08T17:30:00Z,0,0,True,0,O2.5,0.585946,0.585946,0.0,0.6,False,0,,,False,0,
Bundesliga,2024/25,25,2025-03-07T19:30:00+00:00,Bundesliga|2024|223,Ein Frankfurt,Union Berlin,2025-03-09T14:30:00Z,1,2,True,0,O2.5,0.651545,0.651545,0.0,0.6,True,1,1,0.693216,True,3,0
Bundesliga,2024/25,25,2025-03-07T19:30:00+00:00,Bundesliga|2024|224,Hoffenheim,Heidenheim,2025-03-09T16:30:00Z,1,1,True,0,GG,0.611649,0.611649,0.0,0.6,True,1,GG,0.611649,True,3,1
Bundesliga,2024/25,26,2025-03-14T19:30:00+00:00,Bundesliga|2024|225,St Pauli,Hoffenheim,2025-03-14T19:30:00Z,1,0,True,0,GG,0.557083,0.557083,0.0,0.6,False,0,,,False,0,
Bundesliga,2024/25,26,2025-03-14T19:30:00+00:00,Bundesliga|2024|226,Augsburg,Wolfsburg,2025-03-15T14:30:00Z,1,0,True,0,GG,0.544033,0.544033,0.0,0.6,False,0,,,False,0,
Bundesliga,2024/25,26,2025-03-14T19:30:00+00:00,Bundesliga|2024|227,Mainz,Freiburg,2025-03-15T14:30:00Z,2,2,True,0,GG,0.552002,0.552002,0.0,0.6,False,1,,,False,0,
Bundesliga,2024/25,26,2025-03-14T19:30:00+00:00,Bundesliga|2024|228,Union Berlin,Bayern Munich,2025-03-15T14:30:00Z,1,1,True,0,2,0.876757,0.780864,0.127857,0.55,True,0,2,0.780864,True,1,0
Bundesliga,2024/25,26,2025-03-14T19:30:00+00:00,Bundesliga|2024|229,Werder Bremen,M'gladbach,2025-03-15T14:30:00Z,2,4,True,0,O2.5,0.663609,0.663609,0.0,0.6,True,1,O2.5,0.663609,True,2,1
Bundesliga,2024/25,26,2025-03-14T19:30:00+00:00,Bundesliga|2024|230,RB Leipzig,Dortmund,2025-03-15T17:30:00Z,2,0,True,0,GG,0.62236,0.62236,0.0,0.6,True,0,GG,0.62236,True,2,0
Bundesliga,2024/25,26,2025-03-14T19:30:00+00:00,Bundesliga|2024|231,Bochum,Ein Frankfurt,2025-03-16T14:30:00Z,1,3,True,0,O2.5,0.749809,0.749809,0.0,0.6,True,1,O2.5,0.749809,True,2,1
Bundesliga,2024/25,26,2025-03-14T19:30:00+00:00,Bundesliga|2024|232,Heidenheim,Holstein Kiel,2025-03-16T16:30:00Z,3,1,True,0,GG,0.608051,0.608051,0.0,0.6,True,1,GG,0.608051,True,1,1
Bundesliga,2024/25,26,2025-03-14T19:30:00+00:00,Bundesliga|2024|233,Stuttgart,Leverkusen,2025-03-16T18:30:00Z,3,4,True,0,GG,0.635763,0.635763,0.0,0.6,True,1,GG,0.635763,True,2,1
Bundesliga,2024/25,27,2025-03-28T19:30:00+00:00,Bundesliga|2024|234,Leverkusen,Bochum,2025-03-28T19:30:00Z,3,1,True,0,1,0.892334,0.882783,0.012734,0.55,True,1,1,0.882783,True,2,1
Bundesliga,2024/25,27,2025-03-28T19:30:00+00:00,Bundesliga|2024|235,Bayern Munich,St Pauli,2025-03-29T14:30:00Z,3,2,True,0,1,0.885838,0.856559,0.039038,0.55,True,1,1,0.856559,True,2,1
Bundesliga,2024/25,27,2025-03-28T19:30:00+00:00,Bundesliga|2024|236,Hoffenheim,Augsburg,2025-03-29T14:30:00Z,1,1,True,0,U2.5,0.531879,0.531879,0.0,0.6,False,1,,,False,0,
Bundesliga,2024/25,27,2025-03-28T19:30:00+00:00,Bundesliga|2024|237,Holstein Kiel,Werder Bremen,2025-03-29T14:30:00Z,0,3,True,0,GG,0.632519,0.632519,0.0,0.6,True,0,GG,0.632519,True,2,0
Bundesliga,2024/25,27,2025-03-28T19:30:00+00:00,Bundesliga|2024|238,M'gladbach,RB Leipzig,2025-03-29T14:30:00Z,1,0,True,0,O2.5,0.686762,0.686762,0.0,0.6,True,0,O2.5,0.686762,True,2,0
Bundesliga,2024/25,27,2025-03-28T19:30:00+00:00,Bundesliga|2024|239,Wolfsburg,Heidenheim,2025-03-29T14:30:00Z,0,1,True,0,1,0.669225,0.656306,0.017225,0.55,True,0,1,0.656306,True,3,0
Bundesliga,2024/25,27,2025-03-28T19:30:00+00:00,Bundesliga|2024|240,Ein Frankfurt,Stuttgart,2025-03-29T17:30:00Z,1,0,True,0,O2.5,0.740584,0.740584,0.0,0.6,True,0,O2.5,0.740584,True,2,0
Bundesliga,2024/25,27,2025-03-28T19:30:00+00:00,Bundesliga|2024|241,Freiburg,Union Berlin,2025-03-30T14:30:00Z,1,2,True,0,1,0.677727,0.635107,0.056827,0.55,True,0,1,0.635107,True,1,0
Bundesliga,2024/25,27,2025-03-28T19:30:00+00:00,Bundesliga|2024|242,Dortmund,Mainz,2025-03-30T16:30:00Z,3,1,True,0,O2.5,0.597919,0.597919,0.0,0.6,False,1,,,False,0,
Bundesliga,2024/25,28,2025-04-04T19:30:00+00:00,Bundesliga|2024|243,Augsburg,Bayern Munich,2025-04-04T19:30:00Z,1,3,True,0,2,0.775545,0.625061,0.200645,0.55,True,1,2,0.625061,True,1,1
Bundesliga,2024/25,28,2025-04-04T19:30:00+00:00,Bundesliga|2024|244,Bochum,Stuttgart,2025-04-05T14:30:00Z,0,4,True,0,O2.5,0.720496,0.720496,0.0,0.6,True,1,O2.5,0.720496,True,2,1
Bundesliga,2024/25,28,2025-04-04T19:30:00+00:00,Bundesliga|2024|245,Freiburg,Dortmund,2025-04-05T14:30:00Z,1,4,True,0,GG,0.590145,0.590145,0.0,0.6,False,1,,,False,0,
Bundesliga,2024/25,28,2025-04-04T19:30:00+00:00,Bundesliga|2024|246,Heidenheim,Leverkusen,2025-04-05T14:30:00Z,0,1,True,0,2,0.71831,0.753253,0.04659,0.55,True,1,2,0.753253,True,1,1
Bundesliga,2024/25,28,2025-04-04T19:30:00+00:00,Bundesliga|2024|247,Mainz,Holstein Kiel,2025-04-05T14:30:00Z,1,1,True,0,1,0.821702,0.770776,0.067902,0.55,True,0,1,0.770776,True,2,0
Bundesliga,2024/25,28,2025-04-04T19:30:00+00:00,Bundesliga|2024|248,RB Leipzig,Hoffenheim,2025-04-05T14:30:00Z,3,1,True,0,O2.5,0.640762,0.640762,0.0,0.6,True,1,O2.5,0.640762,True,3,1
Bundesliga,2024/25,28,2025-04-04T19:30:00+00:00,Bundesliga|2024|249,Werder Bremen,Ein Frankfurt,2025-04-05T17:30:00Z,2,0,True,0,O2.5,0.702923,0.702923,0.0,0.6,True,0,O2.5,0.702923,True,2,0
Bundesliga,2024/25,28,2025-04-04T19:30:00+00:00,Bundesliga|2024|250,St Pauli,M'gladbach,2025-04-06T14:30:00Z,1,1,True,0,GG,0.587171,0.587171,0.0,0.6,False,1,,,False,0,
Bundesliga,2024/25,28,2025-04-04T19:30:00+00:00,Bundesliga|2024|251,Union Berlin,Wolfsburg,2025-04-06T16:30:00Z,1,0,True,0,GG,0.570857,0.570857,0.0,0.6,False,0,,,False,0,
Bundesliga,2024/25,29,2025-04-11T19:30:00+00:00,Bundesliga|2024|252,Wolfsburg,RB Leipzig,2025-04-11T19:30:00Z,2,3,True,0,O2.5,0.639198,0.639198,0.0,0.6,True,1,O2.5,0.639198,True,2,1
Bundesliga,2024/25,29,2025-04-11T19:30:00+00:00,Bundesliga|2024|253,Bochum,Augsburg,2025-04-12T14:30:00Z,1,2,True,0,GG,0.557427,0.557427,0.0,0.6,False,1,,,False,0,
Bundesliga,2024/25,29,2025-04-11T19:30:00+00:00,Bundesliga|2024|254,Hoffenheim,Mainz,2025-04-12T14:30:00Z,2,0,True,0,GG,0.60432,0.60432,0.0,0.6,True,0,GG,0.60432,True,1,0
Bundesliga,2024/25,29,2025-04-11T19:30:00+00:00,Bundesliga|2024|255,Holstein Kiel,St Pauli,2025-04-12T14:30:00Z,1,2,True,0,GG,0.542401,0.542401,0.0,0.6,False,1,,,False,0,
Bundesliga,2024/25,29,2025-04-11T19:30:00+00:00,Bundesliga|2024|256,Leverkusen,Union Berlin,2025-04-12T14:30:00Z,0,0,True,0,1,0.748404,0.831426,0.110696,0.55,True,0,1,0.831426,True,1,0
Bundesliga,2024/25,29,2025-04-11T19:30:00+00:00,Bundesliga|2024|257,M'gladbach,Freiburg,2025-04-12T14:30:00Z,1,2,True,0,GG,0.636352,0.636352,0.0,0.6,True,1,GG,0.636352,True,2,1
Bundesliga,2024/25,29,2025-04-11T19:30:00+00:00,Bundesliga|2024|258,Bayern Munich,Dortmund,2025-04-12T17:30:00Z,2,2,True,0,1,0.705512,0.700478,0.006712,0.55,True,0,1,0.700478,True,2,0
Bundesliga,2024/25,29,2025-04-11T19:30:00+00:00,Bundesliga|2024|259,Stuttgart,Werder Bremen,2025-04-13T14:30:00Z,1,2,True,0,O2.5,0.675515,0.675515,0.0,0.6,True,1,O2.5,0.675515,True,2,1
Bundesliga,2024/25,29,2025-04-11T19:30:00+00:00,Bundesliga|2024|260,Ein Frankfurt,Heidenheim,2025-04-13T16:30:00Z,3,0,True,0,O2.5,0.697772,0.697772,0.0,0.6,True,1,O2.5,0.697772,True,3,1
Bundesliga,2024/25,30,2025-04-19T14:30:00+00:00,Bundesliga|2024|261,Freiburg,Hoffenheim,2025-04-19T14:30:00Z,3,2,True,0,O2.5,0.595085,0.595085,0.0,0.6,False,1,,,False,0,
Bundesliga,2024/25,30,2025-04-19T14:30:00+00:00,Bundesliga|2024|262,Heidenheim,Bayern Munich,2025-04-19T14:30:00Z,0,4,True,0,2,0.828505,0.779151,0.065805,0.55,True,1,2,0.779151,True,2,1
Bundesliga,2024/25,30,2025-04-19T14:30:00+00:00,Bundesliga|2024|263,Mainz,Wolfsburg,2025-04-19T14:30:00Z,2,2,True,0,GG,0.604559,0.604559,0.0,0.6,True,1,GG,0.604559,True,1,1
Bundesliga,2024/25,30,2025-04-19T14:30:00+00:00,Bundesliga|2024|264,RB Leipzig,Holstein Kiel,2025-04-19T14:30:00Z,1,1,True,0,1,0.803159,0.796215,0.009259,0.55,True,0,1,0.796215,True,3,0
Bundesliga,2024/25,30,2025-04-19T14:30:00+00:00,Bundesliga|2024|265,Werder Bremen,Bochum,2025-04-19T14:30:00Z,1,0,True,0,1,0.827034,0.711208,0.154434,0.55,True,1,1,0.711208,True,3,1
Bundesliga,2024/25,30,2025-04-19T14:30:00+00:00,Bundesliga|2024|266,Union Berlin,Stuttgart,2025-04-19T17:30:00Z,4,4,True,0,GG,0.604555,0.604555,0.0,0.6,True,1,GG,0.604555,True,1,1
Bundesliga,2024/25,30,2025-04-19T14:30:00+00:00,Bundesliga|2024|267,Augsburg,Ein Frankfurt,2025-04-20T14:30:00Z,0,0,True,0,GG,0.581986,0.581986,0.0,0.6,False,0,,,False,0,
Bundesliga,2024/25,30,2025-04-19T14:30:00+00:00,Bundesliga|2024|268,Dortmund,M'gladbach,2025-04-20T16:30:00Z,3,2,True,0,1,0.795153,0.613313,0.242453,0.55,True,1,O2.5,0.717461,True,3,1
Bundesliga,2024/25,30,2025-04-19T14:30:00+00:00,Bundesliga|2024|269,St Pauli,Leverkusen,2025-04-20T18:30:00Z,1,1,True,0,2,0.612198,0.669499,0.076402,0.55,True,0,2,0.669499,True,1,0
Bundesliga,2024/25,31,2025-04-25T19:30:00+00:00,Bundesliga|2024|270,Stuttgart,Heidenheim,2025-04-25T19:30:00Z,0,1,True,0,1,0.816434,0.731733,0.112934,0.55,True,0,1,0.731733,True,3,0
Bundesliga,2024/25,31,2025-04-25T19:30:00+00:00,Bundesliga|2024|271,Bayern Munich,Mainz,2025-04-26T14:30:00Z,3,0,True,0,1,0.938555,0.783264,0.207055,0.55,True,1,1,0.783264,True,2,1
Bundesliga,2024/25,31,2025-04-25T19:30:00+00:00,Bundesliga|2024|272,Hoffenheim,Dortmund,2025-04-26T14:30:00Z,2,3,True,0,2,0.667135,0.504434,0.216935,0.55,False,1,GG,0.637906,True,2,1
Bundesliga,2024/25,31,2025-04-25T19:30:00+00:00,Bundesliga|2024|273,Holstein Kiel,M'gladbach,2025-04-26T14:30:00Z,4,3,True,0,GG,0.639713,0.639713,0.0,0.6,True,1,GG,0.639713,True,2,1
Bundesliga,2024/25,31,2025-04-25T19:30:00+00:00,Bundesliga|2024|274,Leverkusen,Augsburg,2025-04-26T14:30:00Z,2,0,True,0,1,0.73392,0.75843,0.03268,0.55,True,1,1,0.75843,True,1,1
Bundesliga,2024/25,31,2025-04-25T19:30:00+00:00,Bundesliga|2024|275,Wolfsburg,Freiburg,2025-04-26T14:30:00Z,0,1,True,0,GG,0.612291,0.612291,0.0,0.6,True,0,GG,0.612291,True,1,0
Bundesliga,2024/25,31,2025-04-25T19:30:00+00:00,Bundesliga|2024|276,Ein Frankfurt,RB Leipzig,2025-04-26T17:30:00Z,4,0,True,0,O2.5,0.730013,0.730013,0.0,0.6,True,1,O2.5,0.730013,True,2,1
Bundesliga,2024/25,31,2025-04-25T19:30:00+00:00,Bundesliga|2024|277,Bochum,Union Berlin,2025-04-27T14:30:00Z,1,1,True,0,2,0.619052,0.456038,0.217352,0.55,False,0,GG,0.603836,True,1,1
Bundesliga,2024/25,31,2025-04-25T19:30:00+00:00,Bundesliga|2024|278,Werder Bremen,St Pauli,2025-04-27T16:30:00Z,0,0,True,0,1,0.586245,0.545861,0.053845,0.55,False,0,,,False,0,
Bundesliga,2024/25,32,2025-05-02T19:30:00+00:00,Bundesliga|2024|279,Heidenheim,Bochum,2025-05-02T19:30:00Z,0,0,True,0,O2.5,0.639718,0.639718,0.0,0.6,True,0,O2.5,0.639718,True,2,0
Bundesliga,2024/25,32,2025-05-02T19:30:00+00:00,Bundesliga|2024|280,M'gladbach,Hoffenheim,2025-05-03T14:30:00Z,4,4,True,0,O2.5,0.665436,0.665436,0.0,0.6,True,1,O2.5,0.665436,True,2,1
Bundesliga,2024/25,32,2025-05-02T19:30:00+00:00,Bundesliga|2024|281,RB Leipzig,Bayern Munich,2025-05-03T14:30:00Z,3,3,True,0,2,0.870448,0.592462,0.370648,0.55,False,0,O2.5,0.666035,True,1,1
Bundesliga,2024/25,32,2025-05-02T19:30:00+00:00,Bundesliga|2024|282,St Pauli,Stuttgart,2025-05-03T14:30:00Z,0,1,True,0,GG,0.588218,0.588218,0.0,0.6,False,0,,,False,0,
Bundesliga,2024/25,32,2025-05-02T19:30:00+00:00,Bundesliga|2024|283,Union Berlin,Werder Bremen,2025-05-03T14:30:00Z,2,2,True,0,GG,0.559865,0.559865,0.0,0.6,False,1,,,False,0,
Bundesliga,2024/25,32,2025-05-02T19:30:00+00:00,Bundesliga|2024|284,Dortmund,Wolfsburg,2025-05-03T17:30:00Z,4,0,True,0,1,0.755992,0.652123,0.138492,0.55,True,1,O2.5,0.673151,True,3,1
Bundesliga,2024/25,32,2025-05-02T19:30:00+00:00,Bundesliga|2024|285,Augsburg,Holstein Kiel,2025-05-04T14:30:00Z,1,3,True,0,1,0.584447,0.617112,0.043553,0.55,True,0,1,0.617112,True,1,0
Bundesliga,2024/25,32,2025-05-02T19:30:00+00:00,Bundesliga|2024|286,Freiburg,Leverkusen,2025-05-04T16:30:00Z,2,2,True,0,GG,0.566332,0.566332,0.0,0.6,False,1,2,0.553764,True,1,0
Bundesliga,2024/25,32,2025-05-02T19:30:00+00:00,Bundesliga|2024|287,Mainz,Ein Frankfurt,2025-05-04T18:30:00Z,1,1,True,0,GG,0.66841,0.66841,0.0,0.6,True,1,GG,0.66841,True,2,1
Bundesliga,2024/25,33,2025-05-09T19:30:00+00:00,Bundesliga|2024|288,Wolfsburg,Hoffenheim,2025-05-09T19:30:00Z,2,2,True,0,O2.5,0.636752,0.636752,0.0,0.6,True,1,O2.5,0.636752,True,2,1
Bundesliga,2024/25,33,2025-05-09T19:30:00+00:00,Bundesliga|2024|289,Bochum,Mainz,2025-05-10T14:30:00Z,1,4,True,0,GG,0.638183,0.638183,0.0,0.6,True,1,GG,0.638183,True,2,1
Bundesliga,2024/25,33,2025-05-09T19:30:00+00:00,Bundesliga|2024|290,Holstein Kiel,Freiburg,2025-05-10T14:30:00Z,1,2,True,0,GG,0.593021,0.593021,0.0,0.6,False,1,,,False,0,
Bundesliga,2024/25,33,2025-05-09T19:30:00+00:00,Bundesliga|2024|291,Union Berlin,Heidenheim,2025-05-10T14:30:00Z,0,3,True,0,1,0.626194,0.544524,0.108894,0.55,False,0,,,False,0,
Bundesliga,2024/25,33,2025-05-09T19:30:00+00:00,Bundesliga|2024|292,Werder Bremen,RB Leipzig,2025-05-10T14:30:00Z,0,0,True,0,O2.5,0.628962,0.628962,0.0,0.6,True,0,O2.5,0.628962,True,2,0
Bundesliga,2024/25,33,2025-05-09T19:30:00+00:00,Bundesliga|2024|293,Bayern Munich,M'gladbach,2025-05-10T17:30:00Z,2,0,True,0,1,0.954608,0.852377,0.136308,0.55,True,1,1,0.852377,True,2,1
Bundesliga,2024/25,33,2025-05-09T19:30:00+00:00,Bundesliga|2024|294,Leverkusen,Dortmund,2025-05-11T14:30:00Z,2,4,True,0,GG,0.601705,0.601705,0.0,0.6,True,1,GG,0.601705,True,2,1
Bundesliga,2024/25,33,2025-05-09T19:30:00+00:00,Bundesliga|2024|295,Ein Frankfurt,St Pauli,2025-05-11T16:30:00Z,2,2,True,0,1,0.713776,0.660919,0.070476,0.55,True,0,1,0.660919,True,2,0
Bundesliga,2024/25,33,2025-05-09T19:30:00+00:00,Bundesliga|2024|296,Stuttgart,Augsburg,2025-05-11T18:30:00Z,4,0,True,0,1,0.782682,0.60037,0.243082,0.55,True,1,1,0.60037,True,1,1
Bundesliga,2024/25,34,2025-05-17T14:30:00+00:00,Bundesliga|2024|297,Augsburg,Union Berlin,2025-05-17T14:30:00Z,1,2,True,0,U2.5,0.586777,0.586777,0.0,0.6,False,0,,,False,0,
Bundesliga,2024/25,34,2025-05-17T14:30:00+00:00,Bundesliga|2024|298,Dortmund,Holstein Kiel,2025-05-17T14:30:00Z,3,0,True,0,1,0.885618,0.802055,0.111418,0.55,True,1,1,0.802055,True,3,1
Bundesliga,2024/25,34,2025-05-17T14:30:00+00:00,Bundesliga|2024|299,Freiburg,Ein Frankfurt,2025-05-17T14:30:00Z,1,3,True,0,GG,0.640756,0.640756,0.0,0.6,True,1,GG,0.640756,True,2,1
Bundesliga,2024/25,34,2025-05-17T14:30:00+00:00,Bundesliga|2024|300,Heidenheim,Werder Bremen,2025-05-17T14:30:00Z,1,4,True,0,GG,0.603476,0.603476,0.0,0.6,True,1,GG,0.603476,True,1,1
Bundesliga,2024/25,34,2025-05-17T14:30:00+00:00,Bundesliga|2024|301,Hoffenheim,Bayern Munich,2025-05-17T14:30:00Z,0,4,True,0,2,0.889331,0.744783,0.192731,0.55,True,1,2,0.744783,True,2,1
Bundesliga,2024/25,34,2025-05-17T14:30:00+00:00,Bundesliga|2024|302,Mainz,Leverkusen,2025-05-17T14:30:00Z,2,2,True,0,GG,0.567697,0.567697,0.0,0.6,False,1,,,False,0,
Bundesliga,2024/25,34,2025-05-17T14:30:00+00:00,Bundesliga|2024|303,M'gladbach,Wolfsburg,2025-05-17T14:30:00Z,0,1,True,0,GG,0.674022,0.674022,0.0,0.6,True,0,GG,0.674022,True,2,0
Bundesliga,2024/25,34,2025-05-17T14:30:00+00:00,Bundesliga|2024|304,RB Leipzig,Stuttgart,2025-05-17T14:30:00Z,2,3,True,0,O2.5,0.685634,0.685634,0.0,0.6,True,1,O2.5,0.685634,True,2,1
Bundesliga,2024/25,34,2025-05-17T14:30:00+00:00,Bundesliga|2024|305,St Pauli,Bochum,2025-05-17T14:30:00Z,0,2,True,0,GG,0.571203,0.571203,0.0,0.6,False,0,1,0.58736,True,1,0
Bundesliga,2025/26,1,2025-08-22T19:30:00+00:00,Bundesliga|2025|0,Bayern Munich,RB Leipzig,2025-08-22T19:30:00Z,6,0,True,0,1,0.846042,0.75136,0.126242,0.55,True,1,1,0.75136,True,3,1
Bundesliga,2025/26,1,2025-08-22T19:30:00+00:00,Bundesliga|2025|1,Ein Frankfurt,Werder Bremen,2025-08-23T14:30:00Z,4,1,True,0,1,0.683642,0.574035,0.146142,0.55,True,1,O2.5,0.639401,True,3,1
Bundesliga,2025/26,1,2025-08-22T19:30:00+00:00,Bundesliga|2025|2,Freiburg,Augsburg,2025-08-23T14:30:00Z,1,3,True,0,1,0.695254,0.577464,0.157054,0.55,True,0,1,0.577464,True,1,0
Bundesliga,2025/26,1,2025-08-22T19:30:00+00:00,Bundesliga|2025|3,Heidenheim,Wolfsburg,2025-08-23T14:30:00Z,1,3,True,0,GG,0.583577,0.583577,0.0,0.6,False,1,,,False,0,
Bundesliga,2025/26,1,2025-08-22T19:30:00+00:00,Bundesliga|2025|4,Leverkusen,Hoffenheim,2025-08-23T14:30:00Z,1,2,True,0,1,0.849329,0.826357,0.030629,0.55,True,0,1,0.826357,True,2,0
Bundesliga,2025/26,1,2025-08-22T19:30:00+00:00,Bundesliga|2025|5,Union Berlin,Stuttgart,2025-08-23T14:30:00Z,2,1,True,0,2,0.594421,0.493755,0.134221,0.55,False,0,,,False,0,
Bundesliga,2025/26,1,2025-08-22T19:30:00+00:00,Bundesliga|2025|6,St Pauli,Dortmund,2025-08-23T17:30:00Z,3,3,True,0,2,0.671759,0.582465,0.119059,0.55,True,0,2,0.582465,True,1,0
Bundesliga,2025/26,1,2025-08-22T19:30:00+00:00,Bundesliga|2025|7,Mainz,FC Koln,2025-08-24T14:30:00Z,0,1,True,0,1,0.666969,0.681917,0.019931,0.55,True,0,1,0.681917,True,1,0
Bundesliga,2025/26,1,2025-08-22T19:30:00+00:00,Bundesliga|2025|8,M'gladbach,Hamburg,2025-08-24T16:30:00Z,0,0,True,1,GG,0.654492,0.654492,0.0,0.6,True,0,GG,0.654492,True,2,0
Bundesliga,2025/26,2,2025-08-29T19:30:00+00:00,Bundesliga|2025|9,Hamburg,St Pauli,2025-08-29T19:30:00Z,0,2,True,0,GG,0.601145,0.601145,0.0,0.6,True,0,GG,0.601145,True,1,0
Bundesliga,2025/26,2,2025-08-29T19:30:00+00:00,Bundesliga|2025|10,Hoffenheim,Ein Frankfurt,2025-08-30T14:30:00Z,1,3,True,0,GG,0.610175,0.610175,0.0,0.6,True,1,GG,0.610175,True,1,1
Bundesliga,2025/26,2,2025-08-29T19:30:00+00:00,Bundesliga|2025|11,RB Leipzig,Heidenheim,2025-08-30T14:30:00Z,2,0,True,0,GG,0.656608,0.656608,0.0,0.6,True,0,GG,0.656608,True,2,0
Bundesliga,2025/26,2,2025-08-29T19:30:00+00:00,Bundesliga|2025|12,Stuttgart,M'gladbach,2025-08-30T14:30:00Z,1,0,True,0,1,0.677172,0.614643,0.083372,0.55,True,1,1,0.614643,True,1,1
Bundesliga,2025/26,2,2025-08-29T19:30:00+00:00,Bundesliga|2025|13,Werder Bremen,Leverkusen,2025-08-30T14:30:00Z,3,3,True,0,GG,0.610175,0.610175,0.0,0.6,True,1,GG,0.610175,True,1,1
Bundesliga,2025/26,2,2025-08-29T19:30:00+00:00,Bundesliga|2025|14,Augsburg,Bayern Munich,2025-08-30T17:30:00Z,2,3,True,0,2,0.759243,0.696586,0.083543,0.55,True,1,2,0.696586,True,3,1
Bundesliga,2025/26,2,2025-08-29T19:30:00+00:00,Bundesliga|2025|15,Wolfsburg,Mainz,2025-08-31T14:30:00Z,1,1,True,0,O2.5,0.64062,0.64062,0.0,0.6,True,0,O2.5,0.64062,True,2,0
Bundesliga,2025/26,2,2025-08-29T19:30:00+00:00,Bundesliga|2025|16,Dortmund,Union Berlin,2025-08-31T16:30:00Z,3,0,True,0,1,0.731095,0.714749,0.021795,0.55,True,1,1,0.714749,True,3,1
Bundesliga,2025/26,2,2025-08-29T19:30:00+00:00,Bundesliga|2025|17,FC Koln,Freiburg,2025-08-31T18:30:00Z,4,1,True,0,GG,0.645926,0.645926,0.0,0.6,True,1,GG,0.645926,True,2,1
Bundesliga,2025/26,3,2025-09-12T19:30:00+00:00,Bundesliga|2025|18,Leverkusen,Ein Frankfurt,2025-09-12T19:30:00Z,3,1,True,0,GG,0.637368,0.637368,0.0,0.6,True,1,GG,0.637368,True,2,1
Bundesliga,2025/26,3,2025-09-12T19:30:00+00:00,Bundesliga|2025|19,Freiburg,Stuttgart,2025-09-13T14:30:00Z,3,1,True,0,GG,0.606612,0.606612,0.0,0.6,True,1,GG,0.606612,True,1,1
Bundesliga,2025/26,3,2025-09-12T19:30:00+00:00,Bundesliga|2025|20,Heidenheim,Dortmund,2025-09-13T14:30:00Z,0,2,True,0,2,0.769912,0.664153,0.141012,0.55,True,1,2,0.664153,True,3,1
Bundesliga,2025/26,3,2025-09-12T19:30:00+00:00,Bundesliga|2025|21,Mainz,RB Leipzig,2025-09-13T14:30:00Z,0,1,True,0,O2.5,0.652852,0.652852,0.0,0.6,True,0,O2.5,0.652852,True,2,0
Bundesliga,2025/26,3,2025-09-12T19:30:00+00:00,Bundesliga|2025|22,Union Berlin,Hoffenheim,2025-09-13T14:30:00Z,2,4,True,0,GG,0.573958,0.573958,0.0,0.6,False,1,,,False,0,
Bundesliga,2025/26,3,2025-09-12T19:30:00+00:00,Bundesliga|2025|23,Wolfsburg,FC Koln,2025-09-13T14:30:00Z,3,3,True,0,GG,0.613504,0.613504,0.0,0.6,True,1,GG,0.613504,True,1,1
Bundesliga,2025/26,3,2025-09-12T19:30:00+00:00,Bundesliga|2025|24,Bayern Munich,Hamburg,2025-09-13T17:30:00Z,5,0,True,0,1,0.83655,0.847987,0.01525,0.55,True,1,1,0.847987,True,2,1
Bundesliga,2025/26,3,2025-09-12T19:30:00+00:00,Bundesliga|2025|25,St Pauli,Augsburg,2025-09-14T14:30:00Z,2,1,True,0,O2.5,0.667722,0.667722,0.0,0.6,True,1,O2.5,0.667722,True,2,1
Bundesliga,2025/26,3,2025-09-12T19:30:00+00:00,Bundesliga|2025|26,M'gladbach,Werder Bremen,2025-09-14T16:30:00Z,0,4,True,0,O2.5,0.616902,0.616902,0.0,0.6,True,1,O2.5,0.616902,True,2,1
Bundesliga,2025/26,4,2025-09-19T19:30:00+00:00,Bundesliga|2025|27,Stuttgart,St Pauli,2025-09-19T19:30:00Z,2,0,True,0,GG,0.574952,0.574952,0.0,0.6,False,0,1,0.566228,True,1,1
Bundesliga,2025/26,4,2025-09-19T19:30:00+00:00,Bundesliga|2025|28,Augsburg,Mainz,2025-09-20T14:30:00Z,1,4,True,0,GG,0.60263,0.60263,0.0,0.6,True,1,GG,0.60263,True,1,1
Bundesliga,2025/26,4,2025-09-19T19:30:00+00:00,Bundesliga|2025|29,Hamburg,Heidenheim,2025-09-20T14:30:00Z,2,1,True,0,GG,0.587451,0.587451,0.0,0.6,False,1,1,0.558673,True,1,1
Bundesliga,2025/26,4,2025-09-19T19:30:00+00:00,Bundesliga|2025|30,Hoffenheim,Bayern Munich,2025-09-20T14:30:00Z,1,4,True,0,2,0.765031,0.719558,0.060631,0.55,True,1,2,0.719558,True,3,1
Bundesliga,2025/26,4,2025-09-19T19:30:00+00:00,Bundesliga|2025|31,Werder Bremen,Freiburg,2025-09-20T14:30:00Z,0,3,True,0,GG,0.653213,0.653213,0.0,0.6,True,0,GG,0.653213,True,2,0
Bundesliga,2025/26,4,2025-09-19T19:30:00+00:00,Bundesliga|2025|32,RB Leipzig,FC Koln,2025-09-20T17:30:00Z,3,1,True,0,GG,0.638757,0.638757,0.0,0.6,True,1,GG,0.638757,True,3,1
Bundesliga,2025/26,4,2025-09-19T19:30:00+00:00,Bundesliga|2025|33,Ein Frankfurt,Union Berlin,2025-09-21T14:30:00Z,3,4,True,0,1,0.774554,0.732288,0.056354,0.55,True,0,1,0.732288,True,3,0
Bundesliga,2025/26,4,2025-09-19T19:30:00+00:00,Bundesliga|2025|34,Leverkusen,M'gladbach,2025-09-21T16:30:00Z,1,1,True,0,1,0.622132,0.764383,0.189668,0.55,True,0,1,0.764383,True,1,0
Bundesliga,2025/26,4,2025-09-19T19:30:00+00:00,Bundesliga|2025|35,Dortmund,Wolfsburg,2025-09-21T18:30:00Z,1,0,True,0,O2.5,0.617688,0.617688,0.0,0.6,True,0,1,0.660828,True,3,1
Bundesliga,2025/26,5,2025-09-26T19:30:00+00:00,Bundesliga|2025|36,Bayern Munich,Werder Bremen,2025-09-26T19:30:00Z,4,0,True,0,1,0.899803,0.837176,0.083503,0.55,True,1,1,0.837176,True,3,1
Bundesliga,2025/26,5,2025-09-26T19:30:00+00:00,Bundesliga|2025|37,Heidenheim,Augsburg,2025-09-27T14:30:00Z,2,1,True,0,GG,0.66167,0.66167,0.0,0.6,True,1,GG,0.66167,True,2,1
Bundesliga,2025/26,5,2025-09-26T19:30:00+00:00,Bundesliga|2025|38,Mainz,Dortmund,2025-09-27T14:30:00Z,0,2,True,0,GG,0.56135,0.56135,0.0,0.6,False,0,,,False,0,
Bundesliga,2025/26,5,2025-09-26T19:30:00+00:00,Bundesliga|2025|39,St Pauli,Leverkusen,2025-09-27T14:30:00Z,1,2,True,0,GG,0.603238,0.603238,0.0,0.6,True,1,GG,0.603238,True,2,1
Bundesliga,2025/26,5,2025-09-26T19:30:00+00:00,Bundesliga|2025|40,Wolfsburg,RB Leipzig,2025-09-27T14:30:00Z,0,1,True,0,GG,0.630848,0.630848,0.0,0.6,True,0,GG,0.630848,True,2,0
Bundesliga,2025/26,5,2025-09-26T19:30:00+00:00,Bundesliga|2025|41,M'gladbach,Ein Frankfurt,2025-09-27T17:30:00Z,4,6,True,0,GG,0.596221,0.596221,0.0,0.6,False,1,,,False,0,
Bundesliga,2025/26,5,2025-09-26T19:30:00+00:00,Bundesliga|2025|42,Freiburg,Hoffenheim,2025-09-28T14:30:00Z,1,1,True,0,1,0.648456,0.560439,0.117356,0.55,True,0,O2.5,0.632818,True,3,0
Bundesliga,2025/26,5,2025-09-26T19:30:00+00:00,Bundesliga|2025|43,FC Koln,Stuttgart,2025-09-28T16:30:00Z,1,2,True,0,GG,0.605858,0.605858,0.0,0.6,True,1,GG,0.605858,True,1,1
Bundesliga,2025/26,5,2025-09-26T19:30:00+00:00,Bundesliga|2025|44,Union Berlin,Hamburg,2025-09-28T18:30:00Z,0,0,True,0,1,0.662877,0.470069,0.257077,0.55,False,0,O2.5,0.657509,True,2,0
Bundesliga,2025/26,6,2025-10-03T19:30:00+00:00,Bundesliga|2025|45,Hoffenheim,FC Koln,2025-10-03T19:30:00Z,0,1,True,0,GG,0.653922,0.653922,0.0,0.6,True,0,GG,0.653922,True,2,0
Bundesliga,2025/26,6,2025-10-03T19:30:00+00:00,Bundesliga|2025|46,Augsburg,Wolfsburg,2025-10-04T14:30:00Z,3,1,True,0,GG,0.601832,0.601832,0.0,0.6,True,1,GG,0.601832,True,1,1
Bundesliga,2025/26,6,2025-10-03T19:30:00+00:00,Bundesliga|2025|47,Dortmund,RB Leipzig,2025-10-04T14:30:00Z,1,1,True,0,O2.5,0.625422,0.625422,0.0,0.6,True,0,O2.5,0.625422,True,3,0
Bundesliga,2025/26,6,2025-10-03T19:30:00+00:00,Bundesliga|2025|48,Leverkusen,Union Berlin,2025-10-04T14:30:00Z,2,0,True,0,1,0.743776,0.787369,0.058124,0.55,True,1,1,0.787369,True,2,1
Bundesliga,2025/26,6,2025-10-03T19:30:00+00:00,Bundesliga|2025|49,Werder Bremen,St Pauli,2025-10-04T14:30:00Z,1,0,True,0,GG,0.637473,0.637473,0.0,0.6,True,0,GG,0.637473,True,2,0
Bundesliga,2025/26,6,2025-10-03T19:30:00+00:00,Bundesliga|2025|50,Ein Frankfurt,Bayern Munich,2025-10-04T17:30:00Z,0,3,True,0,2,0.720068,0.569417,0.200868,0.55,True,1,O2.5,0.674748,True,3,1
Bundesliga,2025/26,6,2025-10-03T19:30:00+00:00,Bundesliga|2025|51,Stuttgart,Heidenheim,2025-10-05T14:30:00Z,1,0,True,0,1,0.74489,0.728097,0.02239,0.55,True,1,1,0.728097,True,2,1
Bundesliga,2025/26,6,2025-10-03T19:30:00+00:00,Bundesliga|2025|52,Hamburg,Mainz,2025-10-05T16:30:00Z,4,0,True,0,GG,0.562982,0.562982,0.0,0.6,False,0,,,False,0,
Bundesliga,2025/26,6,2025-10-03T19:30:00+00:00,Bundesliga|2025|53,M'gladbach,Freiburg,2025-10-05T18:30:00Z,0,0,True,0,GG,0.610318,0.610318,0.0,0.6,True,0,GG,0.610318,True,1,0
Bundesliga,2025/26,7,2025-10-17T19:30:00+00:00,Bundesliga|2025|54,Union Berlin,M'gladbach,2025-10-17T19:30:00Z,3,1,True,0,GG,0.647516,0.647516,0.0,0.6,True,1,GG,0.647516,True,2,1
Bundesliga,2025/26,7,2025-10-17T19:30:00+00:00,Bundesliga|2025|55,FC Koln,Augsburg,2025-10-18T14:30:00Z,1,1,True,0,1,0.63456,0.47634,0.21096,0.55,False,0,O2.5,0.6275,True,2,0
Bundesliga,2025/26,7,2025-10-17T19:30:00+00:00,Bundesliga|2025|56,Heidenheim,Werder Bremen,2025-10-18T14:30:00Z,2,2,True,0,GG,0.671747,0.671747,0.0,0.6,True,1,GG,0.671747,True,2,1
Bundesliga,2025/26,7,2025-10-17T19:30:00+00:00,Bundesliga|2025|57,Mainz,Leverkusen,2025-10-18T14:30:00Z,3,4,True,0,2,0.673954,0.561713,0.149654,0.55,True,1,2,0.561713,True,1,1
Bundesliga,2025/26,7,2025-10-17T19:30:00+00:00,Bundesliga|2025|58,RB Leipzig,Hamburg,2025-10-18T14:30:00Z,2,1,True,0,1,0.740818,0.636479,0.139118,0.55,True,1,O2.5,0.660792,True,3,1
Bundesliga,2025/26,7,2025-10-17T19:30:00+00:00,Bundesliga|2025|59,Wolfsburg,Stuttgart,2025-10-18T14:30:00Z,0,3,True,0,GG,0.576839,0.576839,0.0,0.6,False,0,,,False,0,
Bundesliga,2025/26,7,2025-10-17T19:30:00+00:00,Bundesliga|2025|60,Bayern Munich,Dortmund,2025-10-18T17:30:00Z,2,1,True,0,1,0.633802,0.64535,0.015398,0.55,True,1,1,0.64535,True,1,1
Bundesliga,2025/26,7,2025-10-17T19:30:00+00:00,Bundesliga|2025|61,Freiburg,Ein Frankfurt,2025-10-19T14:30:00Z,2,2,True,0,GG,0.62927,0.62927,0.0,0.6,True,1,GG,0.62927,True,2,1
Bundesliga,2025/26,7,2025-10-17T19:30:00+00:00,Bundesliga|2025|62,St Pauli,Hoffenheim,2025-10-19T16:30:00Z,0,3,True,0,GG,0.622812,0.622812,0.0,0.6,True,0,GG,0.622812,True,2,0
Bundesliga,2025/26,8,2025-10-24T19:30:00+00:00,Bundesliga|2025|63,Werder Bremen,Union Berlin,2025-10-24T19:30:00Z,1,0,True,0,O2.5,0.711534,0.711534,0.0,0.6,True,0,O2.5,0.711534,True,2,0
Bundesliga,2025/26,8,2025-10-24T19:30:00+00:00,Bundesliga|2025|64,Augsburg,RB Leipzig,2025-10-25T14:30:00Z,0,6,True,0,2,0.689907,0.533527,0.208507,0.55,False,1,GG,0.622725,True,2,0
Bundesliga,2025/26,8,2025-10-24T19:30:00+00:00,Bundesliga|2025|65,Ein Frankfurt,St Pauli,2025-10-25T14:30:00Z,2,0,True,0,1,0.732625,0.703656,0.038625,0.55,True,1,1,0.703656,True,3,1
Bundesliga,2025/26,8,2025-10-24T19:30:00+00:00,Bundesliga|2025|66,Hamburg,Wolfsburg,2025-10-25T14:30:00Z,0,1,True,0,GG,0.601305,0.601305,0.0,0.6,True,0,GG,0.601305,True,1,0
Bundesliga,2025/26,8,2025-10-24T19:30:00+00:00,Bundesliga|2025|67,Hoffenheim,Heidenheim,2025-10-25T14:30:00Z,3,1,True,0,1,0.693235,0.609809,0.111235,0.55,True,1,O2.5,0.681457,True,3,1
Bundesliga,2025/26,8,2025-10-24T19:30:00+00:00,Bundesliga|2025|68,M'gladbach,Bayern Munich,2025-10-25T14:30:00Z,0,3,True,0,2,0.851256,0.817839,0.044556,0.55,True,1,2,0.817839,True,2,1
Bundesliga,2025/26,8,2025-10-24T19:30:00+00:00,Bundesliga|2025|69,Dortmund,FC Koln,2025-10-25T17:30:00Z,1,0,True,0,1,0.704496,0.751899,0.063204,0.55,True,1,1,0.751899,True,1,1
Bundesliga,2025/26,8,2025-10-24T19:30:00+00:00,Bundesliga|2025|70,Leverkusen,Freiburg,2025-10-26T14:30:00Z,2,0,True,0,1,0.611951,0.691488,0.106049,0.55,True,1,1,0.691488,True,1,1
Bundesliga,2025/26,8,2025-10-24T19:30:00+00:00,Bundesliga|2025|71,Stuttgart,Mainz,2025-10-26T16:30:00Z,2,1,True,0,1,0.785586,0.623072,0.216686,0.55,True,1,1,0.623072,True,1,1
Bundesliga,2025/26,9,2025-10-31T19:30:00+00:00,Bundesliga|2025|72,Augsburg,Dortmund,2025-10-31T19:30:00Z,0,1,True,0,2,0.663812,0.602303,0.082012,0.55,True,1,2,0.602303,True,1,1
Bundesliga,2025/26,9,2025-10-31T19:30:00+00:00,Bundesliga|2025|73,Heidenheim,Ein Frankfurt,2025-11-01T14:30:00Z,1,1,True,0,2,0.684361,0.61164,0.096961,0.55,True,0,O2.5,0.676779,True,3,0
Bundesliga,2025/26,9,2025-10-31T19:30:00+00:00,Bundesliga|2025|74,Mainz,Werder Bremen,2025-11-01T14:30:00Z,1,1,True,0,O2.5,0.651638,0.651638,0.0,0.6,True,0,O2.5,0.651638,True,2,0
Bundesliga,2025/26,9,2025-10-31T19:30:00+00:00,Bundesliga|2025|75,RB Leipzig,Stuttgart,2025-11-01T14:30:00Z,3,1,True,0,GG,0.60082,0.60082,0.0,0.6,True,1,GG,0.60082,True,1,1
Bundesliga,2025/26,9,2025-10-31T19:30:00+00:00,Bundesliga|2025|76,St Pauli,M'gladbach,2025-11-01T14:30:00Z,0,4,True,0,GG,0.568975,0.568975,0.0,0.6,False,0,,,False,0,
Bundesliga,2025/26,9,2025-10-31T19:30:00+00:00,Bundesliga|2025|77,Union Berlin,Freiburg,2025-11-01T14:30:00Z,0,0,True,0,GG,0.591971,0.591971,0.0,0.6,False,0,,,False,0,
Bundesliga,2025/26,9,2025-10-31T19:30:00+00:00,Bundesliga|2025|78,Bayern Munich,Leverkusen,2025-11-01T17:30:00Z,3,0,True,0,O2.5,0.669603,0.669603,0.0,0.6,True,1,O2.5,0.669603,True,3,1
Bundesliga,2025/26,9,2025-10-31T19:30:00+00:00,Bundesliga|2025|79,FC Koln,Hamburg,2025-11-02T14:30:00Z,4,1,True,0,GG,0.597797,0.597797,0.0,0.6,False,1,,,False,0,
Bundesliga,2025/26,9,2025-10-31T19:30:00+00:00,Bundesliga|2025|80,Wolfsburg,Hoffenheim,2025-11-02T16:30:00Z,2,3,True,0,GG,0.643514,0.643514,0.0,0.6,True,1,GG,0.643514,True,2,1
Bundesliga,2025/26,10,2025-11-07T19:30:00+00:00,Bundesliga|2025|81,Werder Bremen,Wolfsburg,2025-11-07T19:30:00Z,2,1,True,0,GG,0.65945,0.65945,0.0,0.6,True,1,GG,0.65945,True,2,1
Bundesliga,2025/26,10,2025-11-07T19:30:00+00:00,Bundesliga|2025|82,Hamburg,Dortmund,2025-11-08T14:30:00Z,1,1,True,0,GG,0.578785,0.578785,0.0,0.6,False,1,,,False,0,
Bundesliga,2025/26,10,2025-11-07T19:30:00+00:00,Bundesliga|2025|83,Hoffenheim,RB Leipzig,2025-11-08T14:30:00Z,3,1,True,0,GG,0.668538,0.668538,0.0,0.6,True,1,GG,0.668538,True,2,1
Bundesliga,2025/26,10,2025-11-07T19:30:00+00:00,Bundesliga|2025|84,Leverkusen,Heidenheim,2025-11-08T14:30:00Z,6,0,True,0,1,0.869361,0.86474,0.006161,0.55,True,1,1,0.86474,True,3,1
Bundesliga,2025/26,10,2025-11-07T19:30:00+00:00,Bundesliga|2025|85,Union Berlin,Bayern Munich,2025-11-08T14:30:00Z,2,2,True,0,2,0.787342,0.793386,0.008058,0.55,True,0,2,0.793386,True,2,0
Bundesliga,2025/26,10,2025-11-07T19:30:00+00:00,Bundesliga|2025|86,M'gladbach,FC Koln,2025-11-08T17:30:00Z,3,1,True,0,GG,0.633046,0.633046,0.0,0.6,True,1,GG,0.633046,True,2,1
Bundesliga,2025/26,10,2025-11-07T19:30:00+00:00,Bundesliga|2025|87,Freiburg,St Pauli,2025-11-09T14:30:00Z,2,1,True,0,1,0.665156,0.632864,0.043056,0.55,True,1,1,0.632864,True,1,1
Bundesliga,2025/26,10,2025-11-07T19:30:00+00:00,Bundesliga|2025|88,Stuttgart,Augsburg,2025-11-09T16:30:00Z,3,2,True,0,1,0.821046,0.710836,0.146946,0.55,True,1,1,0.710836,True,1,1
Bundesliga,2025/26,10,2025-11-07T19:30:00+00:00,Bundesliga|2025|89,Ein Frankfurt,Mainz,2025-11-09T18:30:00Z,1,0,True,0,1,0.720698,0.6184,0.136398,0.55,True,1,O2.5,0.620836,True,3,0
Bundesliga,2025/26,11,2025-11-21T19:30:00+00:00,Bundesliga|2025|90,Mainz,Hoffenheim,2025-11-21T19:30:00Z,1,1,True,0,GG,0.624858,0.624858,0.0,0.6,True,1,GG,0.624858,True,2,1
Bundesliga,2025/26,11,2025-11-21T19:30:00+00:00,Bundesliga|2025|91,Augsburg,Hamburg,2025-11-22T14:30:00Z,1,0,True,0,GG,0.59328,0.59328,0.0,0.6,False,0,,,False,0,
Bundesliga,2025/26,11,2025-11-21T19:30:00+00:00,Bundesliga|2025|92,Bayern Munich,Freiburg,2025-11-22T14:30:00Z,6,2,True,0,1,0.800128,0.835057,0.046572,0.55,True,1,1,0.835057,True,2,1
Bundesliga,2025/26,11,2025-11-21T19:30:00+00:00,Bundesliga|2025|93,Dortmund,Stuttgart,2025-11-22T14:30:00Z,3,3,True,0,GG,0.529,0.529,0.0,0.6,False,1,,,False,0,
Bundesliga,2025/26,11,2025-11-21T19:30:00+00:00,Bundesliga|2025|94,Heidenheim,M'gladbach,2025-11-22T14:30:00Z,0,3,True,0,GG,0.656294,0.656294,0.0,0.6,True,0,GG,0.656294,True,2,0
Bundesliga,2025/26,11,2025-11-21T19:30:00+00:00,Bundesliga|2025|95,Wolfsburg,Leverkusen,2025-11-22T14:30:00Z,1,3,True,0,2,0.78565,0.679413,0.14165,0.55,True,1,2,0.679413,True,3,1
Bundesliga,2025/26,11,2025-11-21T19:30:00+00:00,Bundesliga|2025|96,FC Koln,Ein Frankfurt,2025-11-22T17:30:00Z,3,4,True,0,GG,0.653473,0.653473,0.0,0.6,True,1,GG,0.653473,True,2,1
Bundesliga,2025/26,11,2025-11-21T19:30:00+00:00,Bundesliga|2025|97,RB Leipzig,Werder Bremen,2025-11-23T14:30:00Z,2,0,True,0,1,0.759993,0.615023,0.193293,0.55,True,1,O2.5,0.711133,True,3,0
Bundesliga,2025/26,11,2025-11-21T19:30:00+00:00,Bundesliga|2025|98,St Pauli,Union Berlin,2025-11-23T16:30:00Z,0,1,True,0,GG,0.601705,0.601705,0.0,0.6,True,0,GG,0.601705,True,1,0
Bundesliga,2025/26,12,2025-11-28T19:30:00+00:00,Bundesliga|2025|99,M'gladbach,RB Leipzig,2025-11-28T19:30:00Z,0,0,True,0,GG,0.658091,0.658091,0.0,0.6,True,0,GG,0.658091,True,2,0
Bundesliga,2025/26,12,2025-11-28T19:30:00+00:00,Bundesliga|2025|100,Bayern Munich,St Pauli,2025-11-29T14:30:00Z,3,1,True,0,1,0.953924,0.914306,0.052824,0.55,True,1,1,0.914306,True,2,1
Bundesliga,2025/26,12,2025-11-28T19:30:00+00:00,Bundesliga|2025|101,Hoffenheim,Augsburg,2025-11-29T14:30:00Z,3,0,True,0,1,0.787293,0.620123,0.222893,0.55,True,1,O2.5,0.641366,True,3,1
Bundesliga,2025/26,12,2025-11-28T19:30:00+00:00,Bundesliga|2025|102,Union Berlin,Heidenheim,2025-11-29T14:30:00Z,1,2,True,0,1,0.671324,0.621581,0.066324,0.55,True,0,1,0.621581,True,2,0
Bundesliga,2025/26,12,2025-11-28T19:30:00+00:00,Bundesliga|2025|103,Werder Bremen,FC Koln,2025-11-29T14:30:00Z,1,1,True,0,GG,0.679408,0.679408,0.0,0.6,True,1,GG,0.679408,True,2,1
Bundesliga,2025/26,12,2025-11-28T19:30:00+00:00,Bundesliga|2025|104,Leverkusen,Dortmund,2025-11-29T17:30:00Z,1,2,True,0,GG,0.599936,0.599936,0.0,0.6,False,1,,,False,0,
Bundesliga,2025/26,12,2025-11-28T19:30:00+00:00,Bundesliga|2025|105,Hamburg,Stuttgart,2025-11-30T14:30:00Z,2,1,True,0,2,0.617975,0.502194,0.154375,0.55,False,0,GG,0.600753,True,1,1
Bundesliga,2025/26,12,2025-11-28T19:30:00+00:00,Bundesliga|2025|106,Ein Frankfurt,Wolfsburg,2025-11-30T16:30:00Z,1,1,True,0,1,0.795555,0.725914,0.092855,0.55,True,0,1,0.725914,True,3,0
Bundesliga,2025/26,12,2025-11-28T19:30:00+00:00,Bundesliga|2025|107,Freiburg,Mainz,2025-11-30T18:30:00Z,4,0,True,0,GG,0.565975,0.565975,0.0,0.6,False,0,,,False,0,
Bundesliga,2025/26,13,2025-12-05T19:30:00+00:00,Bundesliga|2025|108,Mainz,M'gladbach,2025-12-05T19:30:00Z,0,1,True,0,GG,0.625232,0.625232,0.0,0.6,True,0,GG,0.625232,True,2,0
Bundesliga,2025/26,13,2025-12-05T19:30:00+00:00,Bundesliga|2025|109,Augsburg,Leverkusen,2025-12-06T14:30:00Z,2,0,True,0,2,0.823021,0.697155,0.167821,0.55,True,0,2,0.697155,True,3,0
Bundesliga,2025/26,13,2025-12-05T19:30:00+00:00,Bundesliga|2025|110,FC Koln,St Pauli,2025-12-06T14:30:00Z,1,1,True,0,1,0.708748,0.572137,0.182148,0.55,True,0,O2.5,0.614558,True,3,0
Bundesliga,2025/26,13,2025-12-05T19:30:00+00:00,Bundesliga|2025|111,Heidenheim,Freiburg,2025-12-06T14:30:00Z,2,1,True,0,2,0.631813,0.521853,0.146613,0.55,False,0,,,False,0,
Bundesliga,2025/26,13,2025-12-05T19:30:00+00:00,Bundesliga|2025|112,Stuttgart,Bayern Munich,2025-12-06T14:30:00Z,0,5,True,0,2,0.746581,0.63747,0.145481,0.55,True,1,2,0.63747,True,1,1
Bundesliga,2025/26,13,2025-12-05T19:30:00+00:00,Bundesliga|2025|113,Wolfsburg,Union Berlin,2025-12-06T14:30:00Z,3,1,True,0,GG,0.591808,0.591808,0.0,0.6,False,1,,,False,0,
Bundesliga,2025/26,13,2025-12-05T19:30:00+00:00,Bundesliga|2025|114,RB Leipzig,Ein Frankfurt,2025-12-06T17:30:00Z,6,0,True,0,GG,0.6391,0.6391,0.0,0.6,True,0,GG,0.6391,True,2,0
Bundesliga,2025/26,13,2025-12-05T19:30:00+00:00,Bundesliga|2025|115,Hamburg,Werder Bremen,2025-12-07T14:30:00Z,3,2,True,0,GG,0.629456,0.629456,0.0,0.6,True,1,GG,0.629456,True,2,1
Bundesliga,2025/26,13,2025-12-05T19:30:00+00:00,Bundesliga|2025|116,Dortmund,Hoffenheim,2025-12-07T16:30:00Z,2,0,True,0,O2.5,0.601112,0.601112,0.0,0.6,True,0,1,0.62884,True,2,1
Bundesliga,2025/26,14,2025-12-12T19:30:00+00:00,Bundesliga|2025|117,Union Berlin,RB Leipzig,2025-12-12T19:30:00Z,3,1,True,0,2,0.612624,0.570606,0.056024,0.55,True,0,GG,0.602742,True,2,1
Bundesliga,2025/26,14,2025-12-12T19:30:00+00:00,Bundesliga|2025|118,Ein Frankfurt,Augsburg,2025-12-13T14:30:00Z,1,0,True,0,O2.5,0.632779,0.632779,0.0,0.6,True,0,O2.5,0.632779,True,2,0
Bundesliga,2025/26,14,2025-12-12T19:30:00+00:00,Bundesliga|2025|119,Hoffenheim,Hamburg,2025-12-13T14:30:00Z,4,1,True,0,1,0.74672,0.569255,0.23662,0.55,True,1,O2.5,0.626444,True,3,1
Bundesliga,2025/26,14,2025-12-12T19:30:00+00:00,Bundesliga|2025|120,M'gladbach,Wolfsburg,2025-12-13T14:30:00Z,1,3,True,0,1,0.687596,0.543299,0.192396,0.55,False,0,O2.5,0.617461,True,2,1
Bundesliga,2025/26,14,2025-12-12T19:30:00+00:00,Bundesliga|2025|121,St Pauli,Heidenheim,2025-12-13T14:30:00Z,2,1,True,0,GG,0.579969,0.579969,0.0,0.6,False,1,,,False,0,
Bundesliga,2025/26,14,2025-12-12T19:30:00+00:00,Bundesliga|2025|122,Leverkusen,FC Koln,2025-12-13T17:30:00Z,2,0,True,0,1,0.79373,0.792133,0.00213,0.55,True,1,1,0.792133,True,3,1
Bundesliga,2025/26,14,2025-12-12T19:30:00+00:00,Bundesliga|2025|123,Freiburg,Dortmund,2025-12-14T14:30:00Z,1,1,True,0,GG,0.553989,0.553989,0.0,0.6,False,1,,,False,0,
Bundesliga,2025/26,14,2025-12-12T19:30:00+00:00,Bundesliga|2025|124,Bayern Munich,Mainz,2025-12-14T16:30:00Z,2,2,True,0,1,0.939245,0.894811,0.059245,0.55,True,0,1,0.894811,True,2,0
Bundesliga,2025/26,14,2025-12-12T19:30:00+00:00,Bundesliga|2025|125,Werder Bremen,Stuttgart,2025-12-14T18:30:00Z,0,4,True,0,GG,0.642762,0.642762,0.0,0.6,True,0,GG,0.642762,True,2,0
Bundesliga,2025/26,15,2025-12-19T19:30:00+00:00,Bundesliga|2025|126,Dortmund,M'gladbach,2025-12-19T19:30:00Z,2,0,True,0,1,0.632045,0.719086,0.116055,0.55,True,1,1,0.719086,True,1,1
Bundesliga,2025/26,15,2025-12-19T19:30:00+00:00,Bundesliga|2025|127,Augsburg,Werder Bremen,2025-12-20T14:30:00Z,0,0,True,0,GG,0.608206,0.608206,0.0,0.6,True,0,GG,0.608206,True,1,0
Bundesliga,2025/26,15,2025-12-19T19:30:00+00:00,Bundesliga|2025|128,FC Koln,Union Berlin,2025-12-20T14:30:00Z,0,1,True,0,GG,0.59791,0.59791,0.0,0.6,False,0,,,False,0,
Bundesliga,2025/26,15,2025-12-19T19:30:00+00:00,Bundesliga|2025|129,Hamburg,Ein Frankfurt,2025-12-20T14:30:00Z,1,1,True,0,GG,0.624345,0.624345,0.0,0.6,True,1,GG,0.624345,True,2,1
Bundesliga,2025/26,15,2025-12-19T19:30:00+00:00,Bundesliga|2025|130,Stuttgart,Hoffenheim,2025-12-20T14:30:00Z,0,0,True,0,GG,0.645059,0.645059,0.0,0.6,True,0,GG,0.645059,True,2,0
Bundesliga,2025/26,15,2025-12-19T19:30:00+00:00,Bundesliga|2025|131,Wolfsburg,Freiburg,2025-12-20T14:30:00Z,3,4,True,0,GG,0.601366,0.601366,0.0,0.6,True,1,GG,0.601366,True,1,1
Bundesliga,2025/26,15,2025-12-19T19:30:00+00:00,Bundesliga|2025|132,RB Leipzig,Leverkusen,2025-12-20T17:30:00Z,1,3,True,0,GG,0.646611,0.646611,0.0,0.6,True,1,GG,0.646611,True,2,1
Bundesliga,2025/26,15,2025-12-19T19:30:00+00:00,Bundesliga|2025|133,Mainz,St Pauli,2025-12-21T14:30:00Z,0,0,True,0,GG,0.583554,0.583554,0.0,0.6,False,0,,,False,0,
Bundesliga,2025/26,15,2025-12-19T19:30:00+00:00,Bundesliga|2025|134,Heidenheim,Bayern Munich,2025-12-21T16:30:00Z,0,4,True,0,2,0.940708,0.879052,0.082208,0.55,True,1,2,0.879052,True,2,1
Bundesliga,2025/26,16,2026-01-09T19:30:00+00:00,Bundesliga|2025|135,Ein Frankfurt,Dortmund,2026-01-09T19:30:00Z,3,3,True,0,2,0.587137,0.447009,0.186837,0.55,False,0,,,False,0,
Bundesliga,2025/26,16,2026-01-09T19:30:00+00:00,Bundesliga|2025|136,Freiburg,Hamburg,2026-01-10T14:30:00Z,2,1,True,0,1,0.680233,0.573633,0.142133,0.55,True,1,1,0.573633,True,1,1
Bundesliga,2025/26,16,2026-01-09T19:30:00+00:00,Bundesliga|2025|137,Heidenheim,FC Koln,2026-01-10T14:30:00Z,2,2,True,0,GG,0.655496,0.655496,0.0,0.6,True,1,GG,0.655496,True,2,1
Bundesliga,2025/26,16,2026-01-09T19:30:00+00:00,Bundesliga|2025|138,Union Berlin,Mainz,2026-01-10T14:30:00Z,2,2,True,0,1,0.578864,0.481241,0.130164,0.55,False,0,,,False,0,
Bundesliga,2025/26,16,2026-01-09T19:30:00+00:00,Bundesliga|2025|139,Leverkusen,Stuttgart,2026-01-10T17:30:00Z,1,4,True,0,1,0.751253,0.636838,0.152553,0.55,True,0,O2.5,0.642244,True,3,1
Bundesliga,2025/26,16,2026-01-09T19:30:00+00:00,Bundesliga|2025|140,M'gladbach,Augsburg,2026-01-11T14:30:00Z,4,0,True,0,GG,0.574753,0.574753,0.0,0.6,False,0,,,False,0,
Bundesliga,2025/26,16,2026-01-09T19:30:00+00:00,Bundesliga|2025|141,Bayern Munich,Wolfsburg,2026-01-11T16:30:00Z,8,1,True,0,1,0.942726,0.893881,0.065126,0.55,True,1,1,0.893881,True,2,1
Bundesliga,2025/26,17,2026-01-13T17:30:00+00:00,Bundesliga|2025|142,Stuttgart,Ein Frankfurt,2026-01-13T17:30:00Z,3,2,True,0,1,0.619201,0.51765,0.135401,0.55,False,1,GG,0.612573,True,1,1
Bundesliga,2025/26,17,2026-01-13T17:30:00+00:00,Bundesliga|2025|143,Dortmund,Werder Bremen,2026-01-13T19:30:00Z,3,0,True,0,1,0.858725,0.759481,0.132325,0.55,True,1,1,0.759481,True,1,1
Bundesliga,2025/26,17,2026-01-13T17:30:00+00:00,Bundesliga|2025|144,Mainz,Heidenheim,2026-01-13T19:30:00Z,2,1,True,0,O2.5,0.661932,0.661932,0.0,0.6,True,1,O2.5,0.661932,True,3,1
Bundesliga,2025/26,17,2026-01-13T17:30:00+00:00,Bundesliga|2025|145,Wolfsburg,St Pauli,2026-01-14T17:30:00Z,2,1,True,0,1,0.610465,0.558216,0.069665,0.55,True,1,1,0.558216,True,1,1
Bundesliga,2025/26,17,2026-01-13T17:30:00+00:00,Bundesliga|2025|146,FC Koln,Bayern Munich,2026-01-14T19:30:00Z,1,3,True,0,2,0.836733,0.837158,0.000567,0.55,True,1,2,0.837158,True,3,1
Bundesliga,2025/26,17,2026-01-13T17:30:00+00:00,Bundesliga|2025|147,Hoffenheim,M'gladbach,2026-01-14T19:30:00Z,5,1,True,0,GG,0.626167,0.626167,0.0,0.6,True,1,GG,0.626167,True,2,1
Bundesliga,2025/26,17,2026-01-13T17:30:00+00:00,Bundesliga|2025|148,RB Leipzig,Freiburg,2026-01-14T19:30:00Z,2,0,True,0,GG,0.610291,0.610291,0.0,0.6,True,0,GG,0.610291,True,2,0
Bundesliga,2025/26,17,2026-01-13T17:30:00+00:00,Bundesliga|2025|149,Augsburg,Union Berlin,2026-01-15T19:30:00Z,1,1,True,0,GG,0.566155,0.566155,0.0,0.6,False,1,,,False,0,
Bundesliga,2025/26,17,2026-01-13T17:30:00+00:00,Bundesliga|2025|154,Hoffenheim,Leverkusen,2026-01-17T14:30:00Z,1,0,True,0,GG,0.663046,0.663046,0.0,0.6,True,0,GG,0.663046,True,2,0
Bundesliga,2025/26,18,2026-01-17T17:30:00+00:00,Bundesliga|2025|156,RB Leipzig,Bayern Munich,2026-01-17T17:30:00Z,1,5,True,0,O2.5,0.642003,0.642003,0.0,0.6,True,1,O2.5,0.642003,True,3,1
Bundesliga,2025/26,18,2026-01-17T17:30:00+00:00,Bundesliga|2025|157,Stuttgart,Union Berlin,2026-01-18T14:30:00Z,1,1,True,0,GG,0.574785,0.574785,0.0,0.6,False,1,1,0.638586,True,1,0
Bundesliga,2025/26,18,2026-01-17T17:30:00+00:00,Bundesliga|2025|158,Augsburg,Freiburg,2026-01-18T16:30:00Z,2,2,True,0,GG,0.573383,0.573383,0.0,0.6,False,1,,,False,0,
Bundesliga,2025/26,18,2026-01-23T19:30:00+00:00,Bundesliga|2025|159,St Pauli,Hamburg,2026-01-23T19:30:00Z,0,0,True,0,GG,0.526656,0.526656,0.0,0.6,False,0,,,False,0,
Bundesliga,2025/26,18,2026-01-23T19:30:00+00:00,Bundesliga|2025|163,Leverkusen,Werder Bremen,2026-01-24T14:30:00Z,1,0,True,0,1,0.778439,0.714135,0.085739,0.55,True,1,1,0.714135,True,3,1
Bundesliga,2025/26,19,2026-01-24T17:30:00+00:00,Bundesliga|2025|165,Union Berlin,Dortmund,2026-01-24T17:30:00Z,0,3,True,0,GG,0.529023,0.529023,0.0,0.6,False,0,2,0.552706,True,1,1
Bundesliga,2025/26,19,2026-01-24T17:30:00+00:00,Bundesliga|2025|166,M'gladbach,Stuttgart,2026-01-25T14:30:00Z,0,3,True,0,2,0.652795,0.518099,0.179595,0.55,False,1,GG,0.628265,True,2,0
Bundesliga,2025/26,19,2026-01-24T17:30:00+00:00,Bundesliga|2025|167,Freiburg,FC Koln,2026-01-25T16:30:00Z,2,1,True,0,1,0.661173,0.614393,0.062373,0.55,True,1,1,0.614393,True,3,1
Bundesliga,2025/26,19,2026-01-24T17:30:00+00:00,Bundesliga|2025|168,St Pauli,RB Leipzig,2026-01-27T19:30:00Z,1,1,True,0,2,0.620848,0.593737,0.036148,0.55,True,0,2,0.593737,True,1,0
Bundesliga,2025/26,19,2026-01-24T17:30:00+00:00,Bundesliga|2025|169,Werder Bremen,Hoffenheim,2026-01-27T19:30:00Z,0,2,True,0,2,0.695722,0.486456,0.279022,0.55,False,1,GG,0.63451,True,2,0
Bundesliga,2025/26,20,2026-01-30T19:30:00+00:00,Bundesliga|2025|170,FC Koln,Wolfsburg,2026-01-30T19:30:00Z,1,0,True,0,O2.5,0.656732,0.656732,0.0,0.6,True,0,O2.5,0.656732,True,2,0
Bundesliga,2025/26,20,2026-01-30T19:30:00+00:00,Bundesliga|2025|171,Augsburg,St Pauli,2026-01-31T14:30:00Z,2,1,True,0,U2.5,0.53121,0.53121,0.0,0.6,False,0,,,False,0,
Bundesliga,2025/26,20,2026-01-30T19:30:00+00:00,Bundesliga|2025|172,Ein Frankfurt,Leverkusen,2026-01-31T14:30:00Z,1,3,True,0,GG,0.65097,0.65097,0.0,0.6,True,1,GG,0.65097,True,2,1
Bundesliga,2025/26,20,2026-01-30T19:30:00+00:00,Bundesliga|2025|173,Hoffenheim,Union Berlin,2026-01-31T14:30:00Z,3,1,True,0,GG,0.588199,0.588199,0.0,0.6,False,1,1,0.629862,True,1,1
Bundesliga,2025/26,20,2026-01-30T19:30:00+00:00,Bundesliga|2025|174,RB Leipzig,Mainz,2026-01-31T14:30:00Z,1,2,True,0,O2.5,0.727394,0.727394,0.0,0.6,True,1,O2.5,0.727394,True,3,1
Bundesliga,2025/26,20,2026-01-30T19:30:00+00:00,Bundesliga|2025|175,Werder Bremen,M'gladbach,2026-01-31T14:30:00Z,1,1,True,0,GG,0.613004,0.613004,0.0,0.6,True,1,GG,0.613004,True,1,1
Bundesliga,2025/26,20,2026-01-30T19:30:00+00:00,Bundesliga|2025|176,Hamburg,Bayern Munich,2026-01-31T17:30:00Z,2,2,True,0,2,0.833179,0.794345,0.051779,0.55,True,0,2,0.794345,True,2,0
Bundesliga,2025/26,20,2026-01-30T19:30:00+00:00,Bundesliga|2025|177,Stuttgart,Freiburg,2026-02-01T14:30:00Z,1,0,True,0,1,0.653093,0.605548,0.063393,0.55,True,1,1,0.605548,True,2,1
Bundesliga,2025/26,20,2026-01-30T19:30:00+00:00,Bundesliga|2025|178,Dortmund,Heidenheim,2026-02-01T16:30:00Z,3,2,True,0,1,0.899853,0.877013,0.030453,0.55,True,1,1,0.877013,True,2,1
Bundesliga,2025/26,21,2026-02-06T19:30:00+00:00,Bundesliga|2025|179,Union Berlin,Ein Frankfurt,2026-02-06T19:30:00Z,1,1,True,0,GG,0.574234,0.574234,0.0,0.6,False,1,,,False,0,
Bundesliga,2025/26,21,2026-02-06T19:30:00+00:00,Bundesliga|2025|180,Freiburg,Werder Bremen,2026-02-07T14:30:00Z,1,0,True,0,1,0.638142,0.56236,0.101042,0.55,True,1,1,0.56236,True,1,1
Bundesliga,2025/26,21,2026-02-06T19:30:00+00:00,Bundesliga|2025|181,Heidenheim,Hamburg,2026-02-07T14:30:00Z,0,2,True,0,GG,0.615307,0.615307,0.0,0.6,True,0,GG,0.615307,True,1,0
Bundesliga,2025/26,21,2026-02-06T19:30:00+00:00,Bundesliga|2025|182,Mainz,Augsburg,2026-02-07T14:30:00Z,2,0,True,0,1,0.711811,0.550103,0.215611,0.55,True,1,O2.5,0.634284,True,3,0
Bundesliga,2025/26,21,2026-02-06T19:30:00+00:00,Bundesliga|2025|183,St Pauli,Stuttgart,2026-02-07T14:30:00Z,2,1,True,0,2,0.738219,0.65638,0.109119,0.55,True,0,2,0.65638,True,1,0
Bundesliga,2025/26,21,2026-02-06T19:30:00+00:00,Bundesliga|2025|184,Wolfsburg,Dortmund,2026-02-07T14:30:00Z,1,2,True,0,2,0.753224,0.669356,0.111824,0.55,True,1,2,0.669356,True,1,1
Bundesliga,2025/26,21,2026-02-06T19:30:00+00:00,Bundesliga|2025|185,M'gladbach,Leverkusen,2026-02-07T17:30:00Z,1,1,True,0,2,0.679009,0.595827,0.110909,0.55,True,0,GG,0.631073,True,3,1
Bundesliga,2025/26,21,2026-02-06T19:30:00+00:00,Bundesliga|2025|186,FC Koln,RB Leipzig,2026-02-08T14:30:00Z,1,2,True,0,GG,0.671161,0.671161,0.0,0.6,True,1,GG,0.671161,True,2,1
Bundesliga,2025/26,21,2026-02-06T19:30:00+00:00,Bundesliga|2025|187,Bayern Munich,Hoffenheim,2026-02-08T16:30:00Z,5,1,True,0,1,0.788917,0.754254,0.046217,0.55,True,1,1,0.754254,True,3,1
Bundesliga,2025/26,22,2026-02-13T19:30:00+00:00,Bundesliga|2025|188,Dortmund,Mainz,2026-02-13T19:30:00Z,4,0,True,0,1,0.714727,0.731657,0.022573,0.55,True,1,1,0.731657,True,3,1
Bundesliga,2025/26,22,2026-02-13T19:30:00+00:00,Bundesliga|2025|189,Ein Frankfurt,M'gladbach,2026-02-14T14:30:00Z,3,0,True,0,GG,0.583716,0.583716,0.0,0.6,False,0,1,0.567918,True,1,1
Bundesliga,2025/26,22,2026-02-13T19:30:00+00:00,Bundesliga|2025|190,Hamburg,Union Berlin,2026-02-14T14:30:00Z,3,2,True,0,GG,0.532617,0.532617,0.0,0.6,False,1,,,False,0,
Bundesliga,2025/26,22,2026-02-13T19:30:00+00:00,Bundesliga|2025|191,Hoffenheim,Freiburg,2026-02-14T14:30:00Z,3,0,True,0,GG,0.618671,0.618671,0.0,0.6,True,0,GG,0.618671,True,2,0
Bundesliga,2025/26,22,2026-02-13T19:30:00+00:00,Bundesliga|2025|192,Leverkusen,St Pauli,2026-02-14T14:30:00Z,4,0,True,0,1,0.715247,0.792387,0.102853,0.55,True,1,1,0.792387,True,1,1
Bundesliga,2025/26,22,2026-02-13T19:30:00+00:00,Bundesliga|2025|193,Werder Bremen,Bayern Munich,2026-02-14T14:30:00Z,0,3,True,0,2,0.883405,0.807276,0.101505,0.55,True,1,2,0.807276,True,2,1
Bundesliga,2025/26,22,2026-02-13T19:30:00+00:00,Bundesliga|2025|194,Stuttgart,FC Koln,2026-02-14T17:30:00Z,3,1,True,0,1,0.769786,0.748496,0.028386,0.55,True,1,1,0.748496,True,3,1
Bundesliga,2025/26,22,2026-02-13T19:30:00+00:00,Bundesliga|2025|195,Augsburg,Heidenheim,2026-02-15T14:30:00Z,1,0,True,0,GG,0.623819,0.623819,0.0,0.6,True,0,GG,0.623819,True,3,0
Bundesliga,2025/26,22,2026-02-13T19:30:00+00:00,Bundesliga|2025|196,RB Leipzig,Wolfsburg,2026-02-15T16:30:00Z,2,2,True,0,1,0.70992,0.69033,0.02612,0.55,True,0,O2.5,0.700551,True,3,1
Bundesliga,2025/26,23,2026-02-20T19:30:00+00:00,Bundesliga|2025|197,Mainz,Hamburg,2026-02-20T19:30:00Z,1,1,True,0,GG,0.631768,0.631768,0.0,0.6,True,1,GG,0.631768,True,2,1
Bundesliga,2025/26,23,2026-02-20T19:30:00+00:00,Bundesliga|2025|198,Bayern Munich,Ein Frankfurt,2026-02-21T14:30:00Z,3,2,True,0,1,0.908833,0.844533,0.085733,0.55,True,1,1,0.844533,True,2,1
Bundesliga,2025/26,23,2026-02-20T19:30:00+00:00,Bundesliga|2025|199,FC Koln,Hoffenheim,2026-02-21T14:30:00Z,2,2,True,0,GG,0.666639,0.666639,0.0,0.6,True,1,GG,0.666639,True,3,1
Bundesliga,2025/26,23,2026-02-20T19:30:00+00:00,Bundesliga|2025|200,Union Berlin,Leverkusen,2026-02-21T14:30:00Z,1,0,True,0,2,0.678652,0.602413,0.101652,0.55,True,0,2,0.602413,True,1,0
Bundesliga,2025/26,23,2026-02-20T19:30:00+00:00,Bundesliga|2025|201,Wolfsburg,Augsburg,2026-02-21T14:30:00Z,2,3,True,0,GG,0.603062,0.603062,0.0,0.6,True,1,GG,0.603062,True,1,1
Bundesliga,2025/26,23,2026-02-20T19:30:00+00:00,Bundesliga|2025|202,RB Leipzig,Dortmund,2026-02-21T17:30:00Z,2,2,True,0,GG,0.628353,0.628353,0.0,0.6,True,1,GG,0.628353,True,2,1
Bundesliga,2025/26,23,2026-02-20T19:30:00+00:00,Bundesliga|2025|203,Freiburg,M'gladbach,2026-02-22T14:30:00Z,2,1,True,0,GG,0.566792,0.566792,0.0,0.6,False,1,,,False,0,
Bundesliga,2025/26,23,2026-02-20T19:30:00+00:00,Bundesliga|2025|204,St Pauli,Werder Bremen,2026-02-22T16:30:00Z,2,1,True,0,U2.5,0.53451,0.53451,0.0,0.6,False,0,,,False,0,
Bundesliga,2025/26,23,2026-02-20T19:30:00+00:00,Bundesliga|2025|205,Heidenheim,Stuttgart,2026-02-22T18:30:00Z,3,3,True,0,2,0.787611,0.704053,0.111411,0.55,True,0,2,0.704053,True,3,0
Bundesliga,2025/26,24,2026-02-27T19:30:00+00:00,Bundesliga|2025|206,Augsburg,FC Koln,2026-02-27T19:30:00Z,2,0,True,0,GG,0.622301,0.622301,0.0,0.6,True,0,GG,0.622301,True,2,0
Bundesliga,2025/26,24,2026-02-27T19:30:00+00:00,Bundesliga|2025|207,Hoffenheim,St Pauli,2026-02-28T14:30:00Z,0,1,True,0,1,0.80911,0.758253,0.06781,0.55,True,0,1,0.758253,True,1,0
Bundesliga,2025/26,24,2026-02-27T19:30:00+00:00,Bundesliga|2025|208,Leverkusen,Mainz,2026-02-28T14:30:00Z,1,1,True,0,1,0.747721,0.694005,0.071621,0.55,True,0,1,0.694005,True,3,0
Bundesliga,2025/26,24,2026-02-27T19:30:00+00:00,Bundesliga|2025|209,M'gladbach,Union Berlin,2026-02-28T14:30:00Z,1,0,True,0,GG,0.552452,0.552452,0.0,0.6,False,0,,,False,0,
Bundesliga,2025/26,24,2026-02-27T19:30:00+00:00,Bundesliga|2025|210,Werder Bremen,Heidenheim,2026-02-28T14:30:00Z,2,0,True,0,GG,0.596131,0.596131,0.0,0.6,False,0,1,0.564046,True,1,1
Bundesliga,2025/26,24,2026-02-27T19:30:00+00:00,Bundesliga|2025|211,Dortmund,Bayern Munich,2026-02-28T17:30:00Z,2,3,True,0,O2.5,0.678819,0.678819,0.0,0.6,True,1,O2.5,0.678819,True,2,1
Bundesliga,2025/26,24,2026-02-27T19:30:00+00:00,Bundesliga|2025|212,Stuttgart,Wolfsburg,2026-03-01T14:30:00Z,4,0,True,0,1,0.820701,0.7496,0.094801,0.55,True,1,1,0.7496,True,3,1
Bundesliga,2025/26,24,2026-02-27T19:30:00+00:00,Bundesliga|2025|213,Ein Frankfurt,Freiburg,2026-03-01T16:30:00Z,2,0,True,0,GG,0.580202,0.580202,0.0,0.6,False,0,,,False,0,
Bundesliga,2025/26,24,2026-02-27T19:30:00+00:00,Bundesliga|2025|214,Hamburg,RB Leipzig,2026-03-01T18:30:00Z,1,2,True,0,GG,0.625901,0.625901,0.0,0.6,True,1,GG,0.625901,True,2,1
Bundesliga,2025/26,24,2026-02-27T19:30:00+00:00,Bundesliga|2025|215,Hamburg,Leverkusen,2026-03-04T19:30:00Z,0,1,True,0,2,0.609414,0.522179,0.116314,0.55,False,1,,,False,0,
Bundesliga,2025/26,25,2026-03-06T19:30:00+00:00,Bundesliga|2025|216,Bayern Munich,M'gladbach,2026-03-06T19:30:00Z,4,1,True,0,1,0.878241,0.883835,0.007459,0.55,True,1,1,0.883835,True,2,1
Bundesliga,2025/26,25,2026-03-06T19:30:00+00:00,Bundesliga|2025|217,Freiburg,Leverkusen,2026-03-07T14:30:00Z,3,3,True,0,GG,0.575928,0.575928,0.0,0.6,False,1,,,False,0,
Bundesliga,2025/26,25,2026-03-06T19:30:00+00:00,Bundesliga|2025|218,Heidenheim,Hoffenheim,2026-03-07T14:30:00Z,2,4,True,0,O2.5,0.676691,0.676691,0.0,0.6,True,1,O2.5,0.676691,True,3,1
Bundesliga,2025/26,25,2026-03-06T19:30:00+00:00,Bundesliga|2025|219,Mainz,Stuttgart,2026-03-07T14:30:00Z,2,2,True,0,GG,0.663919,0.663919,0.0,0.6,True,1,GG,0.663919,True,2,1
Bundesliga,2025/26,25,2026-03-06T19:30:00+00:00,Bundesliga|2025|220,RB Leipzig,Augsburg,2026-03-07T14:30:00Z,2,1,True,0,1,0.752072,0.658793,0.124372,0.55,True,1,O2.5,0.686052,True,2,1
Bundesliga,2025/26,25,2026-03-06T19:30:00+00:00,Bundesliga|2025|221,Wolfsburg,Hamburg,2026-03-07T14:30:00Z,1,2,True,0,GG,0.60073,0.60073,0.0,0.6,True,1,GG,0.60073,True,1,1
Bundesliga,2025/26,25,2026-03-06T19:30:00+00:00,Bundesliga|2025|222,FC Koln,Dortmund,2026-03-07T17:30:00Z,1,2,True,0,2,0.718179,0.69757,0.027479,0.55,True,1,2,0.69757,True,2,1
Bundesliga,2025/26,25,2026-03-06T19:30:00+00:00,Bundesliga|2025|223,St Pauli,Ein Frankfurt,2026-03-08T14:30:00Z,0,0,True,0,2,0.656148,0.507612,0.198048,0.55,False,0,,,False,0,
Bundesliga,2025/26,25,2026-03-06T19:30:00+00:00,Bundesliga|2025|224,Union Berlin,Werder Bremen,2026-03-08T16:30:00Z,1,4,True,0,GG,0.534542,0.534542,0.0,0.6,False,1,,,False,0,
Bundesliga,2025/26,26,2026-03-13T19:30:00+00:00,Bundesliga|2025|225,M'gladbach,St Pauli,2026-03-13T19:30:00Z,2,0,True,0,U2.5,0.514105,0.514105,0.0,0.6,False,1,,,False,0,
Bundesliga,2025/26,26,2026-03-13T19:30:00+00:00,Bundesliga|2025|226,Dortmund,Augsburg,2026-03-14T14:30:00Z,2,0,True,0,1,0.75344,0.77516,0.02896,0.55,True,1,1,0.77516,True,2,1
Bundesliga,2025/26,26,2026-03-13T19:30:00+00:00,Bundesliga|2025|227,Ein Frankfurt,Heidenheim,2026-03-14T14:30:00Z,1,0,True,0,1,0.788543,0.780861,0.010243,0.55,True,1,1,0.780861,True,3,1
Bundesliga,2025/26,26,2026-03-13T19:30:00+00:00,Bundesliga|2025|228,Hoffenheim,Wolfsburg,2026-03-14T14:30:00Z,1,1,True,0,1,0.716752,0.720763,0.005348,0.55,True,0,1,0.720763,True,3,0
Bundesliga,2025/26,26,2026-03-13T19:30:00+00:00,Bundesliga|2025|229,Leverkusen,Bayern Munich,2026-03-14T14:30:00Z,1,1,True,0,O2.5,0.692903,0.692903,0.0,0.6,True,0,O2.5,0.692903,True,2,0
Bundesliga,2025/26,26,2026-03-13T19:30:00+00:00,Bundesliga|2025|230,Hamburg,FC Koln,2026-03-14T17:30:00Z,1,1,True,0,GG,0.596574,0.596574,0.0,0.6,False,1,1,0.554239,True,1,0
Bundesliga,2025/26,26,2026-03-13T19:30:00+00:00,Bundesliga|2025|231,Werder Bremen,Mainz,2026-03-15T14:30:00Z,0,2,True,0,GG,0.628817,0.628817,0.0,0.6,True,0,GG,0.628817,True,2,0
Bundesliga,2025/26,26,2026-03-13T19:30:00+00:00,Bundesliga|2025|232,Freiburg,Union Berlin,2026-03-15T16:30:00Z,0,1,True,0,GG,0.537798,0.537798,0.0,0.6,False,0,,,False,0,
Bundesliga,2025/26,26,2026-03-13T19:30:00+00:00,Bundesliga|2025|233,Stuttgart,RB Leipzig,2026-03-15T18:30:00Z,1,0,True,0,GG,0.683095,0.683095,0.0,0.6,True,0,GG,0.683095,True,2,0
Bundesliga,2025/26,27,2026-03-20T19:30:00+00:00,Bundesliga|2025|234,RB Leipzig,Hoffenheim,2026-03-20T19:30:00Z,5,0,True,0,O2.5,0.697958,0.697958,0.0,0.6,True,1,O2.5,0.697958,True,2,1
Bundesliga,2025/26,27,2026-03-20T19:30:00+00:00,Bundesliga|2025|235,Bayern Munich,Union Berlin,2026-03-21T14:30:00Z,4,0,True,0,1,0.897298,0.889124,0.010898,0.55,True,1,1,0.889124,True,2,1
Bundesliga,2025/26,27,2026-03-20T19:30:00+00:00,Bundesliga|2025|236,FC Koln,M'gladbach,2026-03-21T14:30:00Z,3,3,True,0,GG,0.593852,0.593852,0.0,0.6,False,1,,,False,0,
Bundesliga,2025/26,27,2026-03-20T19:30:00+00:00,Bundesliga|2025|237,Heidenheim,Leverkusen,2026-03-21T14:30:00Z,3,3,True,0,2,0.752339,0.742035,0.013739,0.55,True,0,2,0.742035,True,3,0
Bundesliga,2025/26,27,2026-03-20T19:30:00+00:00,Bundesliga|2025|238,Wolfsburg,Werder Bremen,2026-03-21T14:30:00Z,0,1,True,0,GG,0.603622,0.603622,0.0,0.6,True,0,GG,0.603622,True,1,0
Bundesliga,2025/26,27,2026-03-20T19:30:00+00:00,Bundesliga|2025|239,Dortmund,Hamburg,2026-03-21T17:30:00Z,3,2,True,0,1,0.755497,0.772149,0.022203,0.55,True,1,1,0.772149,True,1,1
Bundesliga,2025/26,27,2026-03-20T19:30:00+00:00,Bundesliga|2025|240,Mainz,Ein Frankfurt,2026-03-22T14:30:00Z,2,1,True,0,GG,0.624861,0.624861,0.0,0.6,True,1,GG,0.624861,True,2,1
Bundesliga,2025/26,27,2026-03-20T19:30:00+00:00,Bundesliga|2025|241,St Pauli,Freiburg,2026-03-22T16:30:00Z,1,2,True,0,U2.5,0.554493,0.554493,0.0,0.6,False,0,,,False,0,
Bundesliga,2025/26,27,2026-03-20T19:30:00+00:00,Bundesliga|2025|242,Augsburg,Stuttgart,2026-03-22T18:30:00Z,2,5,True,0,GG,0.626776,0.626776,0.0,0.6,True,1,GG,0.626776,True,2,1
Bundesliga,2025/26,28,2026-04-04T14:30:00+00:00,Bundesliga|2025|243,Freiburg,Bayern Munich,2026-04-04T14:30:00Z,2,3,True,0,2,0.806572,0.748693,0.077172,0.55,True,1,2,0.748693,True,3,1
Bundesliga,2025/26,28,2026-04-04T14:30:00+00:00,Bundesliga|2025|244,Hamburg,Augsburg,2026-04-04T14:30:00Z,1,1,True,0,GG,0.603007,0.603007,0.0,0.6,True,1,GG,0.603007,True,1,1
Bundesliga,2025/26,28,2026-04-04T14:30:00+00:00,Bundesliga|2025|245,Hoffenheim,Mainz,2026-04-04T14:30:00Z,1,2,True,0,O2.5,0.679419,0.679419,0.0,0.6,True,1,O2.5,0.679419,True,2,1
Bundesliga,2025/26,28,2026-04-04T14:30:00+00:00,Bundesliga|2025|246,Leverkusen,Wolfsburg,2026-04-04T14:30:00Z,6,3,True,0,1,0.846796,0.807424,0.052496,0.55,True,1,1,0.807424,True,2,1
Bundesliga,2025/26,28,2026-04-04T14:30:00+00:00,Bundesliga|2025|247,M'gladbach,Heidenheim,2026-04-04T14:30:00Z,2,2,True,0,1,0.632272,0.633793,0.002028,0.55,True,0,1,0.633793,True,2,0
Bundesliga,2025/26,28,2026-04-04T14:30:00+00:00,Bundesliga|2025|248,Werder Bremen,RB Leipzig,2026-04-04T14:30:00Z,1,2,True,0,GG,0.620569,0.620569,0.0,0.6,True,1,GG,0.620569,True,2,1
Bundesliga,2025/26,28,2026-04-04T14:30:00+00:00,Bundesliga|2025|249,Stuttgart,Dortmund,2026-04-04T17:30:00Z,0,2,True,0,GG,0.640034,0.640034,0.0,0.6,True,0,GG,0.640034,True,2,0
Bundesliga,2025/26,28,2026-04-04T14:30:00+00:00,Bundesliga|2025|250,Union Berlin,St Pauli,2026-04-05T14:30:00Z,1,1,True,0,U2.5,0.535062,0.535062,0.0,0.6,False,1,,,False,0,
Bundesliga,2025/26,28,2026-04-04T14:30:00+00:00,Bundesliga|2025|251,Ein Frankfurt,FC Koln,2026-04-05T16:30:00Z,2,2,True,0,1,0.630808,0.654577,0.031692,0.55,True,0,1,0.654577,True,1,0
Bundesliga,2025/26,29,2026-04-10T19:30:00+00:00,Bundesliga|2025|252,Augsburg,Hoffenheim,2026-04-10T19:30:00Z,2,2,True,0,GG,0.64196,0.64196,0.0,0.6,True,1,GG,0.64196,True,2,1
Bundesliga,2025/26,29,2026-04-10T19:30:00+00:00,Bundesliga|2025|253,Dortmund,Leverkusen,2026-04-11T14:30:00Z,0,1,True,0,GG,0.627134,0.627134,0.0,0.6,True,0,GG,0.627134,True,3,0
Bundesliga,2025/26,29,2026-04-10T19:30:00+00:00,Bundesliga|2025|254,Heidenheim,Union Berlin,2026-04-11T14:30:00Z,3,1,True,0,GG,0.588871,0.588871,0.0,0.6,False,1,,,False,0,
Bundesliga,2025/26,29,2026-04-10T19:30:00+00:00,Bundesliga|2025|255,RB Leipzig,M'gladbach,2026-04-11T14:30:00Z,1,0,True,0,1,0.784567,0.713867,0.094267,0.55,True,1,1,0.713867,True,2,1
Bundesliga,2025/26,29,2026-04-10T19:30:00+00:00,Bundesliga|2025|256,Wolfsburg,Ein Frankfurt,2026-04-11T14:30:00Z,1,2,True,0,GG,0.610391,0.610391,0.0,0.6,True,1,GG,0.610391,True,1,1
Bundesliga,2025/26,29,2026-04-10T19:30:00+00:00,Bundesliga|2025|257,St Pauli,Bayern Munich,2026-04-11T17:30:00Z,0,5,True,0,2,0.863136,0.855909,0.009636,0.55,True,1,2,0.855909,True,2,1
Bundesliga,2025/26,29,2026-04-10T19:30:00+00:00,Bundesliga|2025|258,FC Koln,Werder Bremen,2026-04-12T14:30:00Z,3,1,True,0,GG,0.574525,0.574525,0.0,0.6,False,1,,,False,0,
Bundesliga,2025/26,29,2026-04-10T19:30:00+00:00,Bundesliga|2025|259,Stuttgart,Hamburg,2026-04-12T16:30:00Z,4,0,True,0,1,0.768195,0.698224,0.093295,0.55,True,1,1,0.698224,True,2,1
Bundesliga,2025/26,29,2026-04-10T19:30:00+00:00,Bundesliga|2025|260,Mainz,Freiburg,2026-04-12T18:30:00Z,0,1,True,0,GG,0.627914,0.627914,0.0,0.6,True,0,GG,0.627914,True,2,0
Bundesliga,2025/26,30,2026-04-17T19:30:00+00:00,Bundesliga|2025|261,St Pauli,FC Koln,2026-04-17T19:30:00Z,1,1,True,0,2,0.607673,0.392818,0.286473,0.55,False,0,,,False,0,
Bundesliga,2025/26,30,2026-04-17T19:30:00+00:00,Bundesliga|2025|262,Hoffenheim,Dortmund,2026-04-18T14:30:00Z,2,1,True,0,2,0.64156,0.52264,0.15856,0.55,False,0,GG,0.62158,True,2,1
Bundesliga,2025/26,30,2026-04-17T19:30:00+00:00,Bundesliga|2025|263,Leverkusen,Augsburg,2026-04-18T14:30:00Z,1,2,True,0,1,0.862327,0.780632,0.108927,0.55,True,0,1,0.780632,True,3,0
Bundesliga,2025/26,30,2026-04-17T19:30:00+00:00,Bundesliga|2025|264,Union Berlin,Wolfsburg,2026-04-18T14:30:00Z,1,2,True,0,GG,0.588554,0.588554,0.0,0.6,False,1,,,False,0,
Bundesliga,2025/26,30,2026-04-17T19:30:00+00:00,Bundesliga|2025|265,Werder Bremen,Hamburg,2026-04-18T14:30:00Z,3,1,True,0,GG,0.567204,0.567204,0.0,0.6,False,1,,,False,0,
Bundesliga,2025/26,30,2026-04-17T19:30:00+00:00,Bundesliga|2025|266,Ein Frankfurt,RB Leipzig,2026-04-18T17:30:00Z,1,3,True,0,GG,0.635402,0.635402,0.0,0.6,True,1,GG,0.635402,True,2,1
Bundesliga,2025/26,30,2026-04-17T19:30:00+00:00,Bundesliga|2025|267,Freiburg,Heidenheim,2026-04-19T14:30:00Z,2,1,True,0,1,0.657638,0.680635,0.030662,0.55,True,1,1,0.680635,True,1,1
Bundesliga,2025/26,30,2026-04-17T19:30:00+00:00,Bundesliga|2025|268,Bayern Munich,Stuttgart,2026-04-19T16:30:00Z,4,2,True,0,O2.5,0.752094,0.752094,0.0,0.6,True,1,O2.5,0.752094,True,3,1
Bundesliga,2025/26,30,2026-04-17T19:30:00+00:00,Bundesliga|2025|269,M'gladbach,Mainz,2026-04-19T18:30:00Z,1,1,True,0,GG,0.608112,0.608112,0.0,0.6,True,1,GG,0.608112,True,1,1
Bundesliga,2025/26,31,2026-04-24T19:30:00+00:00,Bundesliga|2025|270,RB Leipzig,Union Berlin,2026-04-24T19:30:00Z,3,1,True,0,1,0.831721,0.794205,0.050021,0.55,True,1,1,0.794205,True,2,1
Bundesliga,2025/26,31,2026-04-24T19:30:00+00:00,Bundesliga|2025|271,Augsburg,Ein Frankfurt,2026-04-25T14:30:00Z,1,1,True,0,GG,0.607689,0.607689,0.0,0.6,True,1,GG,0.607689,True,1,1
Bundesliga,2025/26,31,2026-04-24T19:30:00+00:00,Bundesliga|2025|272,FC Koln,Leverkusen,2026-04-25T14:30:00Z,1,2,True,0,GG,0.638656,0.638656,0.0,0.6,True,1,GG,0.638656,True,3,1
Bundesliga,2025/26,31,2026-04-24T19:30:00+00:00,Bundesliga|2025|273,Heidenheim,St Pauli,2026-04-25T14:30:00Z,2,0,True,0,1,0.626817,0.444554,0.243017,0.55,False,1,,,False,0,
Bundesliga,2025/26,31,2026-04-24T19:30:00+00:00,Bundesliga|2025|274,Mainz,Bayern Munich,2026-04-25T14:30:00Z,3,4,True,0,2,0.79833,0.738383,0.07993,0.55,True,1,O2.5,0.754149,True,3,1
Bundesliga,2025/26,31,2026-04-24T19:30:00+00:00,Bundesliga|2025|275,Wolfsburg,M'gladbach,2026-04-25T14:30:00Z,0,0,True,0,GG,0.596384,0.596384,0.0,0.6,False,0,,,False,0,
Bundesliga,2025/26,31,2026-04-24T19:30:00+00:00,Bundesliga|2025|276,Hamburg,Hoffenheim,2026-04-25T17:30:00Z,1,2,True,0,GG,0.619993,0.619993,0.0,0.6,True,1,GG,0.619993,True,2,1
Bundesliga,2025/26,31,2026-04-24T19:30:00+00:00,Bundesliga|2025|277,Stuttgart,Werder Bremen,2026-04-26T14:30:00Z,1,1,True,0,1,0.752876,0.716669,0.048276,0.55,True,0,1,0.716669,True,2,0
Bundesliga,2025/26,31,2026-04-24T19:30:00+00:00,Bundesliga|2025|278,Dortmund,Freiburg,2026-04-26T16:30:00Z,4,0,True,0,1,0.618962,0.678691,0.079638,0.55,True,1,1,0.678691,True,1,1
Bundesliga,2025/26,32,2026-05-02T14:30:00+00:00,Bundesliga|2025|279,Bayern Munich,Heidenheim,2026-05-02T14:30:00Z,3,3,True,0,1,0.948692,0.919748,0.038592,0.55,True,0,1,0.919748,True,2,0
Bundesliga,2025/26,32,2026-05-02T14:30:00+00:00,Bundesliga|2025|280,Ein Frankfurt,Hamburg,2026-05-02T14:30:00Z,1,2,True,0,1,0.634967,0.599142,0.047767,0.55,True,0,1,0.599142,True,1,0
Bundesliga,2025/26,32,2026-05-02T14:30:00+00:00,Bundesliga|2025|281,Hoffenheim,Stuttgart,2026-05-02T14:30:00Z,3,3,True,0,GG,0.65937,0.65937,0.0,0.6,True,1,GG,0.65937,True,2,1
Bundesliga,2025/26,32,2026-05-02T14:30:00+00:00,Bundesliga|2025|282,Union Berlin,FC Koln,2026-05-02T14:30:00Z,2,2,True,0,GG,0.591586,0.591586,0.0,0.6,False,1,,,False,0,
Bundesliga,2025/26,32,2026-05-02T14:30:00+00:00,Bundesliga|2025|283,Werder Bremen,Augsburg,2026-05-02T14:30:00Z,1,3,True,0,GG,0.582451,0.582451,0.0,0.6,False,1,,,False,0,
Bundesliga,2025/26,32,2026-05-02T14:30:00+00:00,Bundesliga|2025|284,Leverkusen,RB Leipzig,2026-05-02T17:30:00Z,4,1,True,0,O2.5,0.68158,0.68158,0.0,0.6,True,1,O2.5,0.68158,True,2,1
Bundesliga,2025/26,32,2026-05-02T14:30:00+00:00,Bundesliga|2025|285,St Pauli,Mainz,2026-05-03T14:30:00Z,1,2,True,0,2,0.616823,0.501981,0.153123,0.55,False,1,,,False,0,
Bundesliga,2025/26,32,2026-05-02T14:30:00+00:00,Bundesliga|2025|286,M'gladbach,Dortmund,2026-05-03T16:30:00Z,1,0,True,0,2,0.626214,0.627853,0.002186,0.55,True,0,2,0.627853,True,1,0
Bundesliga,2025/26,32,2026-05-02T14:30:00+00:00,Bundesliga|2025|287,Freiburg,Wolfsburg,2026-05-03T18:30:00Z,1,1,True,0,GG,0.579218,0.579218,0.0,0.6,False,1,1,0.592751,True,1,0
Bundesliga,2025/26,33,2026-05-08T19:30:00+00:00,Bundesliga|2025|288,Dortmund,Ein Frankfurt,2026-05-08T19:30:00Z,3,2,True,0,1,0.664318,0.685229,0.027882,0.55,True,1,1,0.685229,True,1,1
Bundesliga,2025/26,33,2026-05-08T19:30:00+00:00,Bundesliga|2025|289,Augsburg,M'gladbach,2026-05-09T14:30:00Z,3,1,True,0,GG,0.590944,0.590944,0.0,0.6,False,1,,,False,0,
Bundesliga,2025/26,33,2026-05-08T19:30:00+00:00,Bundesliga|2025|290,Hoffenheim,Werder Bremen,2026-05-09T14:30:00Z,1,0,True,0,1,0.733465,0.667416,0.088065,0.55,True,1,1,0.667416,True,2,1
Bundesliga,2025/26,33,2026-05-08T19:30:00+00:00,Bundesliga|2025|291,RB Leipzig,St Pauli,2026-05-09T14:30:00Z,2,1,True,0,1,0.913369,0.832917,0.107269,0.55,True,1,1,0.832917,True,2,1
Bundesliga,2025/26,33,2026-05-08T19:30:00+00:00,Bundesliga|2025|292,Stuttgart,Leverkusen,2026-05-09T14:30:00Z,3,1,True,0,GG,0.679083,0.679083,0.0,0.6,True,1,GG,0.679083,True,2,1
Bundesliga,2025/26,33,2026-05-08T19:30:00+00:00,Bundesliga|2025|293,Wolfsburg,Bayern Munich,2026-05-09T17:30:00Z,0,1,True,0,2,0.868227,0.857257,0.014627,0.55,True,1,2,0.857257,True,3,1
Bundesliga,2025/26,33,2026-05-08T19:30:00+00:00,Bundesliga|2025|294,Hamburg,Freiburg,2026-05-10T14:30:00Z,3,2,True,0,GG,0.556922,0.556922,0.0,0.6,False,1,,,False,0,
Bundesliga,2025/26,33,2026-05-08T19:30:00+00:00,Bundesliga|2025|295,FC Koln,Heidenheim,2026-05-10T16:30:00Z,1,3,True,0,O2.5,0.643314,0.643314,0.0,0.6,True,1,O2.5,0.643314,True,2,1
Bundesliga,2025/26,33,2026-05-08T19:30:00+00:00,Bundesliga|2025|296,Mainz,Union Berlin,2026-05-10T18:30:00Z,1,3,True,0,1,0.618652,0.637063,0.024548,0.55,True,0,1,0.637063,True,1,0
Bundesliga,2025/26,34,2026-05-16T14:30:00+00:00,Bundesliga|2025|297,Bayern Munich,FC Koln,2026-05-16T14:30:00Z,5,1,True,0,1,0.925279,0.90752,0.023679,0.55,True,1,1,0.90752,True,3,1
Bundesliga,2025/26,34,2026-05-16T14:30:00+00:00,Bundesliga|2025|298,Ein Frankfurt,Stuttgart,2026-05-16T14:30:00Z,2,2,True,0,GG,0.609487,0.609487,0.0,0.6,True,1,GG,0.609487,True,1,1
Bundesliga,2025/26,34,2026-05-16T14:30:00+00:00,Bundesliga|2025|299,Freiburg,RB Leipzig,2026-05-16T14:30:00Z,4,1,True,0,2,0.686049,0.508337,0.236949,0.55,False,0,GG,0.624524,True,2,1
Bundesliga,2025/26,34,2026-05-16T14:30:00+00:00,Bundesliga|2025|300,Heidenheim,Mainz,2026-05-16T14:30:00Z,0,2,True,0,GG,0.663605,0.663605,0.0,0.6,True,0,GG,0.663605,True,2,0
Bundesliga,2025/26,34,2026-05-16T14:30:00+00:00,Bundesliga|2025|301,Leverkusen,Hamburg,2026-05-16T14:30:00Z,1,1,True,0,1,0.889364,0.762641,0.168964,0.55,True,0,1,0.762641,True,2,0
Bundesliga,2025/26,34,2026-05-16T14:30:00+00:00,Bundesliga|2025|302,M'gladbach,Hoffenheim,2026-05-16T14:30:00Z,4,0,True,0,GG,0.598136,0.598136,0.0,0.6,False,0,,,False,0,
Bundesliga,2025/26,34,2026-05-16T14:30:00+00:00,Bundesliga|2025|303,St Pauli,Wolfsburg,2026-05-16T14:30:00Z,1,3,True,0,2,0.548151,0.384688,0.217951,0.55,False,1,,,False,0,
Bundesliga,2025/26,34,2026-05-16T14:30:00+00:00,Bundesliga|2025|304,Union Berlin,Augsburg,2026-05-16T14:30:00Z,4,0,True,0,GG,0.594165,0.594165,0.0,0.6,False,0,,,False,0,
Bundesliga,2025/26,34,2026-05-16T14:30:00+00:00,Bundesliga|2025|305,Werder Bremen,Dortmund,2026-05-16T14:30:00Z,0,2,True,0,2,0.710801,0.6511,0.079601,0.55,True,1,2,0.6511,True,1,1
Ligue 1,2024/25,1,2024-08-16T19:45:00+00:00,Ligue1|2024|0,Le Havre,Paris SG,2024-08-16T19:45:00Z,1,4,True,0,2,0.860057,0.741814,0.157657,0.55,True,1,2,0.741814,True,1,1
Ligue 1,2024/25,1,2024-08-16T19:45:00+00:00,Ligue1|2024|1,Brest,Marseille,2024-08-17T16:00:00Z,1,5,True,0,2,0.537436,0.343909,0.258036,0.55,False,1,,,False,0,
Ligue 1,2024/25,1,2024-08-16T19:45:00+00:00,Ligue1|2024|2,Reims,Lille,2024-08-17T18:00:00Z,0,2,True,0,2,0.618648,0.493362,0.167048,0.55,False,1,,,False,0,
Ligue 1,2024/25,1,2024-08-16T19:45:00+00:00,Ligue1|2024|3,Monaco,St Etienne,2024-08-17T20:00:00Z,1,0,True,1,1,0.714427,0.663857,0.067427,0.55,True,1,1,0.663857,True,3,1
Ligue 1,2024/25,1,2024-08-16T19:45:00+00:00,Ligue1|2024|4,Auxerre,Nice,2024-08-18T14:00:00Z,2,1,True,0,2,0.704886,0.554296,0.200786,0.55,True,0,U2.5,0.655776,True,3,0
Ligue 1,2024/25,1,2024-08-16T19:45:00+00:00,Ligue1|2024|5,Angers,Lens,2024-08-18T16:00:00Z,0,1,True,0,2,0.842837,0.716884,0.167937,0.55,True,1,2,0.716884,True,1,1
Ligue 1,2024/25,1,2024-08-16T19:45:00+00:00,Ligue1|2024|6,Montpellier,Strasbourg,2024-08-18T16:00:00Z,1,1,True,0,GG,0.594242,0.594242,0.0,0.6,False,1,,,False,0,
Ligue 1,2024/25,1,2024-08-16T19:45:00+00:00,Ligue1|2024|7,Toulouse,Nantes,2024-08-18T16:00:00Z,0,0,True,0,1,0.637989,0.608522,0.039289,0.55,True,0,1,0.608522,True,1,0
Ligue 1,2024/25,1,2024-08-16T19:45:00+00:00,Ligue1|2024|8,Rennes,Lyon,2024-08-18T19:45:00Z,3,0,True,0,GG,0.602945,0.602945,0.0,0.6,True,0,GG,0.602945,True,1,0
Ligue 1,2024/25,2,2024-08-23T19:45:00+00:00,Ligue1|2024|9,Paris SG,Montpellier,2024-08-23T19:45:00Z,6,0,True,0,1,0.695337,0.736859,0.055363,0.55,True,1,1,0.736859,True,1,1
Ligue 1,2024/25,2,2024-08-23T19:45:00+00:00,Ligue1|2024|10,Lyon,Monaco,2024-08-24T16:00:00Z,0,2,True,0,GG,0.599667,0.599667,0.0,0.6,False,0,,,False,0,
Ligue 1,2024/25,2,2024-08-23T19:45:00+00:00,Ligue1|2024|11,Lille,Angers,2024-08-24T18:00:00Z,2,0,True,0,1,0.708782,0.820021,0.148318,0.55,True,1,1,0.820021,True,1,1
Ligue 1,2024/25,2,2024-08-23T19:45:00+00:00,Ligue1|2024|12,St Etienne,Le Havre,2024-08-24T20:00:00Z,0,2,True,0,GG,0.55599,0.55599,0.0,0.6,False,0,,,False,0,
Ligue 1,2024/25,2,2024-08-23T19:45:00+00:00,Ligue1|2024|13,Lens,Brest,2024-08-25T14:00:00Z,2,0,True,0,1,0.572841,0.479735,0.124141,0.55,False,1,,,False,0,
Ligue 1,2024/25,2,2024-08-23T19:45:00+00:00,Ligue1|2024|14,Nantes,Auxerre,2024-08-25T16:00:00Z,2,0,True,0,GG,0.540074,0.540074,0.0,0.6,False,0,,,False,0,
Ligue 1,2024/25,2,2024-08-23T19:45:00+00:00,Ligue1|2024|15,Nice,Toulouse,2024-08-25T16:00:00Z,1,1,True,0,GG,0.540074,0.540074,0.0,0.6,False,1,,,False,0,
Ligue 1,2024/25,2,2024-08-23T19:45:00+00:00,Ligue1|2024|16,Strasbourg,Rennes,2024-08-25T16:00:00Z,3,1,True,0,GG,0.585693,0.585693,0.0,0.6,False,1,,,False,0,
Ligue 1,2024/25,2,2024-08-23T19:45:00+00:00,Ligue1|2024|17,Marseille,Reims,2024-08-25T19:45:00Z,2,2,True,0,1,0.769237,0.632034,0.182937,0.55,True,0,1,0.632034,True,1,0
Ligue 1,2024/25,3,2024-08-30T19:45:00+00:00,Ligue1|2024|18,Lyon,Strasbourg,2024-08-30T19:45:00Z,4,3,True,0,GG,0.556254,0.556254,0.0,0.6,False,1,,,False,0,
Ligue 1,2024/25,3,2024-08-30T19:45:00+00:00,Ligue1|2024|19,Brest,St Etienne,2024-08-31T16:00:00Z,4,0,True,0,GG,0.612141,0.612141,0.0,0.6,True,0,GG,0.612141,True,1,0
Ligue 1,2024/25,3,2024-08-30T19:45:00+00:00,Ligue1|2024|20,Montpellier,Nantes,2024-08-31T18:00:00Z,1,3,True,0,GG,0.54659,0.54659,0.0,0.6,False,1,,,False,0,
Ligue 1,2024/25,3,2024-08-30T19:45:00+00:00,Ligue1|2024|21,Toulouse,Marseille,2024-08-31T20:00:00Z,1,3,True,0,2,0.601967,0.448842,0.204167,0.55,False,1,,,False,0,
Ligue 1,2024/25,3,2024-08-30T19:45:00+00:00,Ligue1|2024|22,Monaco,Lens,2024-09-01T14:00:00Z,1,1,True,0,U2.5,0.522243,0.522243,0.0,0.6,False,1,,,False,0,
Ligue 1,2024/25,3,2024-08-30T19:45:00+00:00,Ligue1|2024|23,Angers,Nice,2024-09-01T16:00:00Z,1,4,True,0,U2.5,0.580087,0.580087,0.0,0.6,False,0,,,False,0,
Ligue 1,2024/25,3,2024-08-30T19:45:00+00:00,Ligue1|2024|24,Le Havre,Auxerre,2024-09-01T16:00:00Z,3,1,True,0,GG,0.554123,0.554123,0.0,0.6,False,1,,,False,0,
Ligue 1,2024/25,3,2024-08-30T19:45:00+00:00,Ligue1|2024|25,Reims,Rennes,2024-09-01T16:00:00Z,2,1,True,0,GG,0.57403,0.57403,0.0,0.6,False,1,,,False,0,
Ligue 1,2024/25,3,2024-08-30T19:45:00+00:00,Ligue1|2024|26,Lille,Paris SG,2024-09-01T19:45:00Z,1,3,True,0,2,0.55942,0.46918,0.12032,0.55,False,1,,,False,0,
Ligue 1,2024/25,4,2024-09-13T19:45:00+00:00,Ligue1|2024|27,St Etienne,Lille,2024-09-13T19:45:00Z,1,0,True,0,2,0.748124,0.570731,0.236524,0.55,True,0,2,0.570731,True,1,0
Ligue 1,2024/25,4,2024-09-13T19:45:00+00:00,Ligue1|2024|28,Marseille,Nice,2024-09-14T16:00:00Z,2,0,True,0,1,0.67737,0.529568,0.19707,0.55,False,1,,,False,0,
Ligue 1,2024/25,4,2024-09-13T19:45:00+00:00,Ligue1|2024|29,Auxerre,Monaco,2024-09-14T18:00:00Z,0,3,True,0,2,0.701366,0.666442,0.046566,0.55,True,1,2,0.666442,True,1,1
Ligue 1,2024/25,4,2024-09-13T19:45:00+00:00,Ligue1|2024|30,Paris SG,Brest,2024-09-14T20:00:00Z,3,1,True,0,1,0.865147,0.741662,0.164647,0.55,True,1,1,0.741662,True,3,1
Ligue 1,2024/25,4,2024-09-13T19:45:00+00:00,Ligue1|2024|31,Rennes,Montpellier,2024-09-15T14:00:00Z,3,0,True,0,1,0.645507,0.536827,0.144907,0.55,False,1,,,False,0,
Ligue 1,2024/25,4,2024-09-13T19:45:00+00:00,Ligue1|2024|32,Nantes,Reims,2024-09-15T16:00:00Z,1,2,True,0,U2.5,0.552742,0.552742,0.0,0.6,False,0,,,False,0,
Ligue 1,2024/25,4,2024-09-13T19:45:00+00:00,Ligue1|2024|33,Strasbourg,Angers,2024-09-15T16:00:00Z,1,1,True,0,1,0.629412,0.681828,0.069888,0.55,True,0,1,0.681828,True,1,0
Ligue 1,2024/25,4,2024-09-13T19:45:00+00:00,Ligue1|2024|34,Toulouse,Le Havre,2024-09-15T16:00:00Z,2,0,True,0,U2.5,0.559221,0.559221,0.0,0.6,False,1,,,False,0,
Ligue 1,2024/25,4,2024-09-13T19:45:00+00:00,Ligue1|2024|35,Lens,Lyon,2024-09-15T19:45:00Z,0,0,True,0,1,0.654534,0.529334,0.166934,0.55,False,0,,,False,0,
Ligue 1,2024/25,5,2024-09-20T19:45:00+00:00,Ligue1|2024|36,Nice,St Etienne,2024-09-20T19:45:00Z,8,0,True,0,1,0.759984,0.597546,0.216584,0.55,True,1,1,0.597546,True,1,1
Ligue 1,2024/25,5,2024-09-20T19:45:00+00:00,Ligue1|2024|37,Lille,Strasbourg,2024-09-21T16:00:00Z,3,3,True,0,GG,0.591504,0.591504,0.0,0.6,False,1,1,0.609081,True,1,0
Ligue 1,2024/25,5,2024-09-20T19:45:00+00:00,Ligue1|2024|38,Rennes,Lens,2024-09-21T18:00:00Z,1,1,True,0,U2.5,0.54886,0.54886,0.0,0.6,False,1,,,False,0,
Ligue 1,2024/25,5,2024-09-20T19:45:00+00:00,Ligue1|2024|39,Reims,Paris SG,2024-09-21T20:00:00Z,1,1,True,0,2,0.793684,0.684721,0.145284,0.55,True,0,2,0.684721,True,1,0
Ligue 1,2024/25,5,2024-09-20T19:45:00+00:00,Ligue1|2024|40,Monaco,Le Havre,2024-09-22T14:00:00Z,3,1,True,0,1,0.820492,0.761248,0.078992,0.55,True,1,1,0.761248,True,1,1
Ligue 1,2024/25,5,2024-09-20T19:45:00+00:00,Ligue1|2024|41,Angers,Nantes,2024-09-22T16:00:00Z,1,1,True,0,U2.5,0.607773,0.607773,0.0,0.6,True,1,U2.5,0.607773,True,1,1
Ligue 1,2024/25,5,2024-09-20T19:45:00+00:00,Ligue1|2024|42,Brest,Toulouse,2024-09-22T16:00:00Z,2,0,True,0,GG,0.539079,0.539079,0.0,0.6,False,0,,,False,0,
Ligue 1,2024/25,5,2024-09-20T19:45:00+00:00,Ligue1|2024|43,Montpellier,Auxerre,2024-09-22T16:00:00Z,3,2,True,0,GG,0.553842,0.553842,0.0,0.6,False,1,,,False,0,
Ligue 1,2024/25,5,2024-09-20T19:45:00+00:00,Ligue1|2024|44,Lyon,Marseille,2024-09-22T19:45:00Z,2,3,True,0,2,0.655165,0.435966,0.292265,0.55,False,1,,,False,0,
Ligue 1,2024/25,6,2024-09-27T18:00:00+00:00,Ligue1|2024|45,Auxerre,Brest,2024-09-27T18:00:00Z,3,0,True,0,GG,0.617408,0.617408,0.0,0.6,True,0,GG,0.617408,True,2,0
Ligue 1,2024/25,6,2024-09-27T18:00:00+00:00,Ligue1|2024|46,Paris SG,Rennes,2024-09-27T20:00:00Z,3,1,True,0,1,0.695706,0.722326,0.035494,0.55,True,1,1,0.722326,True,1,1
Ligue 1,2024/25,6,2024-09-27T18:00:00+00:00,Ligue1|2024|47,Lens,Nice,2024-09-28T16:00:00Z,0,0,True,0,U2.5,0.535681,0.535681,0.0,0.6,False,1,,,False,0,
Ligue 1,2024/25,6,2024-09-27T18:00:00+00:00,Ligue1|2024|48,Le Havre,Lille,2024-09-28T18:00:00Z,0,3,True,0,2,0.648151,0.531638,0.155351,0.55,False,1,,,False,0,
Ligue 1,2024/25,6,2024-09-27T18:00:00+00:00,Ligue1|2024|49,Monaco,Montpellier,2024-09-28T20:00:00Z,2,1,True,0,1,0.86294,0.752735,0.14694,0.55,True,1,1,0.752735,True,1,1
Ligue 1,2024/25,6,2024-09-27T18:00:00+00:00,Ligue1|2024|50,Toulouse,Lyon,2024-09-29T14:00:00Z,1,2,True,0,U2.5,0.522437,0.522437,0.0,0.6,False,0,,,False,0,
Ligue 1,2024/25,6,2024-09-27T18:00:00+00:00,Ligue1|2024|51,Angers,Reims,2024-09-29T16:00:00Z,1,3,True,0,U2.5,0.590975,0.590975,0.0,0.6,False,0,,,False,0,
Ligue 1,2024/25,6,2024-09-27T18:00:00+00:00,Ligue1|2024|52,Nantes,St Etienne,2024-09-29T16:00:00Z,2,2,True,0,1,0.767676,0.483669,0.378676,0.55,False,0,,,False,0,
Ligue 1,2024/25,6,2024-09-27T18:00:00+00:00,Ligue1|2024|53,Strasbourg,Marseille,2024-09-29T19:45:00Z,1,0,True,0,GG,0.634648,0.634648,0.0,0.6,True,0,GG,0.634648,True,2,0
Ligue 1,2024/25,7,2024-10-04T19:45:00+00:00,Ligue1|2024|54,Marseille,Angers,2024-10-04T19:45:00Z,1,1,True,0,1,0.79571,0.839203,0.05799,0.55,True,0,1,0.839203,True,1,0
Ligue 1,2024/25,7,2024-10-04T19:45:00+00:00,Ligue1|2024|55,St Etienne,Auxerre,2024-10-05T16:00:00Z,3,1,True,0,GG,0.57486,0.57486,0.0,0.6,False,1,,,False,0,
Ligue 1,2024/25,7,2024-10-04T19:45:00+00:00,Ligue1|2024|56,Lille,Toulouse,2024-10-05T18:00:00Z,2,1,True,0,1,0.628781,0.61807,0.014281,0.55,True,1,1,0.61807,True,1,1
Ligue 1,2024/25,7,2024-10-04T19:45:00+00:00,Ligue1|2024|57,Rennes,Monaco,2024-10-05T20:00:00Z,1,2,True,0,2,0.69624,0.526335,0.22654,0.55,False,1,,,False,0,
Ligue 1,2024/25,7,2024-10-04T19:45:00+00:00,Ligue1|2024|58,Lyon,Nantes,2024-10-06T14:00:00Z,2,0,True,0,U2.5,0.561152,0.561152,0.0,0.6,False,1,,,False,0,
Ligue 1,2024/25,7,2024-10-04T19:45:00+00:00,Ligue1|2024|59,Brest,Le Havre,2024-10-06T16:00:00Z,2,0,True,0,GG,0.587976,0.587976,0.0,0.6,False,0,1,0.579533,True,1,1
Ligue 1,2024/25,7,2024-10-04T19:45:00+00:00,Ligue1|2024|60,Reims,Montpellier,2024-10-06T16:00:00Z,4,2,True,0,1,0.719381,0.55417,0.220281,0.55,True,1,1,0.55417,True,1,1
Ligue 1,2024/25,7,2024-10-04T19:45:00+00:00,Ligue1|2024|61,Strasbourg,Lens,2024-10-06T16:00:00Z,2,2,True,0,GG,0.525496,0.525496,0.0,0.6,False,1,,,False,0,
Ligue 1,2024/25,7,2024-10-04T19:45:00+00:00,Ligue1|2024|62,Nice,Paris SG,2024-10-06T19:45:00Z,1,1,True,0,GG,0.612372,0.612372,0.0,0.6,True,1,GG,0.612372,True,3,1
Ligue 1,2024/25,8,2024-10-18T19:45:00+00:00,Ligue1|2024|63,Monaco,Lille,2024-10-18T19:45:00Z,0,0,True,0,1,0.669026,0.560557,0.144626,0.55,True,0,1,0.560557,True,1,0
Ligue 1,2024/25,8,2024-10-18T19:45:00+00:00,Ligue1|2024|64,Brest,Rennes,2024-10-19T16:00:00Z,1,1,True,0,GG,0.585992,0.585992,0.0,0.6,False,1,,,False,0,
Ligue 1,2024/25,8,2024-10-18T19:45:00+00:00,Ligue1|2024|65,St Etienne,Lens,2024-10-19T18:00:00Z,0,2,True,0,2,0.692236,0.521134,0.228136,0.55,False,1,,,False,0,
Ligue 1,2024/25,8,2024-10-18T19:45:00+00:00,Ligue1|2024|66,Paris SG,Strasbourg,2024-10-19T20:00:00Z,4,2,True,0,1,0.830822,0.808305,0.030022,0.55,True,1,1,0.808305,True,2,1
Ligue 1,2024/25,8,2024-10-18T19:45:00+00:00,Ligue1|2024|67,Le Havre,Lyon,2024-10-20T14:00:00Z,0,4,True,0,2,0.701892,0.540498,0.215192,0.55,False,1,,,False,0,
Ligue 1,2024/25,8,2024-10-18T19:45:00+00:00,Ligue1|2024|68,Auxerre,Reims,2024-10-20T16:00:00Z,2,1,True,0,GG,0.593858,0.593858,0.0,0.6,False,1,,,False,0,
Ligue 1,2024/25,8,2024-10-18T19:45:00+00:00,Ligue1|2024|69,Nantes,Nice,2024-10-20T16:00:00Z,1,1,True,0,U2.5,0.565977,0.565977,0.0,0.6,False,1,,,False,0,
Ligue 1,2024/25,8,2024-10-18T19:45:00+00:00,Ligue1|2024|70,Toulouse,Angers,2024-10-20T16:00:00Z,1,1,True,0,U2.5,0.604928,0.604928,0.0,0.6,True,1,1,0.658188,True,2,0
Ligue 1,2024/25,8,2024-10-18T19:45:00+00:00,Ligue1|2024|71,Montpellier,Marseille,2024-10-20T19:45:00Z,0,5,True,0,2,0.717971,0.538518,0.239271,0.55,False,1,,,False,0,
Ligue 1,2024/25,9,2024-10-25T19:45:00+00:00,Ligue1|2024|72,Rennes,Le Havre,2024-10-25T19:45:00Z,1,0,True,0,1,0.682853,0.630088,0.070353,0.55,True,1,1,0.630088,True,1,1
Ligue 1,2024/25,9,2024-10-25T19:45:00+00:00,Ligue1|2024|73,Angers,St Etienne,2024-10-26T16:00:00Z,4,2,True,0,GG,0.538687,0.538687,0.0,0.6,False,1,,,False,0,
Ligue 1,2024/25,9,2024-10-25T19:45:00+00:00,Ligue1|2024|74,Reims,Brest,2024-10-26T18:00:00Z,1,2,True,0,1,0.633815,0.448629,0.246915,0.55,False,0,O2.5,0.611935,True,2,1
Ligue 1,2024/25,9,2024-10-25T19:45:00+00:00,Ligue1|2024|75,Lens,Lille,2024-10-26T20:00:00Z,0,2,True,0,U2.5,0.554821,0.554821,0.0,0.6,False,1,,,False,0,
Ligue 1,2024/25,9,2024-10-25T19:45:00+00:00,Ligue1|2024|76,Lyon,Auxerre,2024-10-27T14:00:00Z,2,2,True,0,1,0.732269,0.691417,0.054469,0.55,True,0,1,0.691417,True,1,0
Ligue 1,2024/25,9,2024-10-25T19:45:00+00:00,Ligue1|2024|77,Montpellier,Toulouse,2024-10-27T16:00:00Z,0,3,True,0,2,0.588989,0.399622,0.252489,0.55,False,1,,,False,0,
Ligue 1,2024/25,9,2024-10-25T19:45:00+00:00,Ligue1|2024|78,Nice,Monaco,2024-10-27T16:00:00Z,2,1,True,0,U2.5,0.597096,0.597096,0.0,0.6,False,0,,,False,0,
Ligue 1,2024/25,9,2024-10-25T19:45:00+00:00,Ligue1|2024|79,Strasbourg,Nantes,2024-10-27T16:00:00Z,3,1,True,0,GG,0.549191,0.549191,0.0,0.6,False,1,,,False,0,
Ligue 1,2024/25,9,2024-10-25T19:45:00+00:00,Ligue1|2024|80,Marseille,Paris SG,2024-10-27T19:45:00Z,0,3,True,0,O2.5,0.640791,0.640791,0.0,0.6,True,1,O2.5,0.640791,True,2,1
Ligue 1,2024/25,10,2024-11-01T18:00:00+00:00,Ligue1|2024|81,Monaco,Angers,2024-11-01T18:00:00Z,0,1,True,0,1,0.829472,0.854918,0.033928,0.55,True,0,1,0.854918,True,1,0
Ligue 1,2024/25,10,2024-11-01T18:00:00+00:00,Ligue1|2024|82,Lille,Lyon,2024-11-01T20:00:00Z,1,1,True,0,GG,0.567527,0.567527,0.0,0.6,False,1,,,False,0,
Ligue 1,2024/25,10,2024-11-01T18:00:00+00:00,Ligue1|2024|83,Paris SG,Lens,2024-11-02T16:00:00Z,1,0,True,0,1,0.69493,0.698207,0.00437,0.55,True,1,1,0.698207,True,1,1
Ligue 1,2024/25,10,2024-11-01T18:00:00+00:00,Ligue1|2024|84,Brest,Nice,2024-11-02T18:00:00Z,0,1,True,0,GG,0.549653,0.549653,0.0,0.6,False,0,,,False,0,
Ligue 1,2024/25,10,2024-11-01T18:00:00+00:00,Ligue1|2024|85,St Etienne,Strasbourg,2024-11-02T20:00:00Z,2,0,True,0,2,0.682216,0.459454,0.297016,0.55,False,0,O2.5,0.648817,True,2,0
Ligue 1,2024/25,10,2024-11-01T18:00:00+00:00,Ligue1|2024|86,Toulouse,Reims,2024-11-03T14:00:00Z,1,0,True,0,U2.5,0.530066,0.530066,0.0,0.6,False,1,,,False,0,
Ligue 1,2024/25,10,2024-11-01T18:00:00+00:00,Ligue1|2024|87,Auxerre,Rennes,2024-11-03T16:00:00Z,4,0,True,0,GG,0.54632,0.54632,0.0,0.6,False,0,,,False,0,
Ligue 1,2024/25,10,2024-11-01T18:00:00+00:00,Ligue1|2024|88,Le Havre,Montpellier,2024-11-03T16:00:00Z,1,0,True,0,GG,0.546063,0.546063,0.0,0.6,False,0,,,False,0,
Ligue 1,2024/25,10,2024-11-01T18:00:00+00:00,Ligue1|2024|89,Nantes,Marseille,2024-11-03T19:45:00Z,1,2,True,0,U2.5,0.527913,0.527913,0.0,0.6,False,0,2,0.551057,True,1,1
Ligue 1,2024/25,11,2024-11-08T19:45:00+00:00,Ligue1|2024|90,Marseille,Auxerre,2024-11-08T19:45:00Z,1,3,True,0,GG,0.608229,0.608229,0.0,0.6,True,1,1,0.628472,True,2,0
Ligue 1,2024/25,11,2024-11-08T19:45:00+00:00,Ligue1|2024|91,Strasbourg,Monaco,2024-11-09T16:00:00Z,1,3,True,0,2,0.578928,0.529482,0.065928,0.55,False,1,,,False,0,
Ligue 1,2024/25,11,2024-11-08T19:45:00+00:00,Ligue1|2024|92,Lens,Nantes,2024-11-09T18:00:00Z,3,2,True,0,U2.5,0.645876,0.645876,0.0,0.6,True,0,1,0.654223,True,2,1
Ligue 1,2024/25,11,2024-11-08T19:45:00+00:00,Ligue1|2024|93,Angers,Paris SG,2024-11-09T20:00:00Z,2,4,True,0,2,0.863653,0.859338,0.005753,0.55,True,1,2,0.859338,True,2,1
Ligue 1,2024/25,11,2024-11-08T19:45:00+00:00,Ligue1|2024|94,Nice,Lille,2024-11-10T14:00:00Z,2,2,True,0,GG,0.530027,0.530027,0.0,0.6,False,1,,,False,0,
Ligue 1,2024/25,11,2024-11-08T19:45:00+00:00,Ligue1|2024|95,Le Havre,Reims,2024-11-10T16:00:00Z,0,3,True,0,2,0.588006,0.450827,0.182906,0.55,False,1,,,False,0,
Ligue 1,2024/25,11,2024-11-08T19:45:00+00:00,Ligue1|2024|96,Montpellier,Brest,2024-11-10T16:00:00Z,3,1,True,0,GG,0.602516,0.602516,0.0,0.6,True,1,GG,0.602516,True,1,1
Ligue 1,2024/25,11,2024-11-08T19:45:00+00:00,Ligue1|2024|97,Rennes,Toulouse,2024-11-10T16:00:00Z,0,2,True,0,U2.5,0.621743,0.621743,0.0,0.6,True,1,U2.5,0.621743,True,1,1
Ligue 1,2024/25,11,2024-11-08T19:45:00+00:00,Ligue1|2024|98,Lyon,St Etienne,2024-11-10T19:45:00Z,1,0,True,0,1,0.841036,0.676459,0.219436,0.55,True,1,1,0.676459,True,2,1
Ligue 1,2024/25,12,2024-11-22T18:00:00+00:00,Ligue1|2024|99,Monaco,Brest,2024-11-22T18:00:00Z,3,2,True,0,1,0.683326,0.629156,0.072226,0.55,True,1,1,0.629156,True,1,1
Ligue 1,2024/25,12,2024-11-22T18:00:00+00:00,Ligue1|2024|100,Paris SG,Toulouse,2024-11-22T20:00:00Z,3,0,True,0,1,0.665637,0.765659,0.133363,0.55,True,1,1,0.765659,True,1,1
Ligue 1,2024/25,12,2024-11-22T18:00:00+00:00,Ligue1|2024|101,Lens,Marseille,2024-11-23T16:00:00Z,1,3,True,0,GG,0.526702,0.526702,0.0,0.6,False,1,,,False,0,
Ligue 1,2024/25,12,2024-11-22T18:00:00+00:00,Ligue1|2024|102,St Etienne,Montpellier,2024-11-23T18:00:00Z,1,0,True,0,GG,0.604976,0.604976,0.0,0.6,True,0,GG,0.604976,True,1,0
Ligue 1,2024/25,12,2024-11-22T18:00:00+00:00,Ligue1|2024|103,Reims,Lyon,2024-11-23T20:00:00Z,1,1,True,0,GG,0.571966,0.571966,0.0,0.6,False,1,,,False,0,
Ligue 1,2024/25,12,2024-11-22T18:00:00+00:00,Ligue1|2024|104,Lille,Rennes,2024-11-24T14:00:00Z,1,0,True,0,1,0.625269,0.628442,0.004231,0.55,True,1,1,0.628442,True,1,1
Ligue 1,2024/25,12,2024-11-22T18:00:00+00:00,Ligue1|2024|105,Auxerre,Angers,2024-11-24T16:00:00Z,1,0,True,0,1,0.640974,0.615869,0.033474,0.55,True,1,1,0.615869,True,1,1
Ligue 1,2024/25,12,2024-11-22T18:00:00+00:00,Ligue1|2024|106,Nantes,Le Havre,2024-11-24T16:00:00Z,0,2,True,0,U2.5,0.569624,0.569624,0.0,0.6,False,1,,,False,0,
Ligue 1,2024/25,12,2024-11-22T18:00:00+00:00,Ligue1|2024|107,Nice,Strasbourg,2024-11-24T19:45:00Z,2,1,True,0,1,0.615912,0.608478,0.009912,0.55,True,1,1,0.608478,True,1,1
Ligue 1,2024/25,13,2024-11-29T19:45:00+00:00,Ligue1|2024|108,Reims,Lens,2024-11-29T19:45:00Z,0,2,True,0,GG,0.540296,0.540296,0.0,0.6,False,0,,,False,0,
Ligue 1,2024/25,13,2024-11-29T19:45:00+00:00,Ligue1|2024|109,Rennes,St Etienne,2024-11-30T16:00:00Z,5,0,True,0,1,0.535429,0.494607,0.054429,0.55,False,1,,,False,0,
Ligue 1,2024/25,13,2024-11-29T19:45:00+00:00,Ligue1|2024|110,Brest,Strasbourg,2024-11-30T18:00:00Z,3,1,True,0,GG,0.657417,0.657417,0.0,0.6,True,1,GG,0.657417,True,2,1
Ligue 1,2024/25,13,2024-11-29T19:45:00+00:00,Ligue1|2024|111,Paris SG,Nantes,2024-11-30T20:00:00Z,1,1,True,0,1,0.894693,0.891248,0.004593,0.55,True,0,1,0.891248,True,1,0
Ligue 1,2024/25,13,2024-11-29T19:45:00+00:00,Ligue1|2024|112,Montpellier,Lille,2024-12-01T14:00:00Z,2,2,True,0,2,0.699834,0.616784,0.110734,0.55,True,0,2,0.616784,True,1,0
Ligue 1,2024/25,13,2024-11-29T19:45:00+00:00,Ligue1|2024|113,Le Havre,Angers,2024-12-01T16:00:00Z,0,1,True,0,U2.5,0.527703,0.527703,0.0,0.6,False,1,,,False,0,
Ligue 1,2024/25,13,2024-11-29T19:45:00+00:00,Ligue1|2024|114,Lyon,Nice,2024-12-01T16:00:00Z,4,1,True,0,GG,0.530998,0.530998,0.0,0.6,False,1,,,False,0,
Ligue 1,2024/25,13,2024-11-29T19:45:00+00:00,Ligue1|2024|115,Toulouse,Auxerre,2024-12-01T16:00:00Z,2,0,True,0,U2.5,0.5591,0.5591,0.0,0.6,False,1,,,False,0,
Ligue 1,2024/25,13,2024-11-29T19:45:00+00:00,Ligue1|2024|116,Marseille,Monaco,2024-12-01T19:45:00Z,2,1,True,0,2,0.62685,0.438787,0.25075,0.55,False,0,,,False,0,
Ligue 1,2024/25,14,2024-12-06T18:00:00+00:00,Ligue1|2024|117,Lille,Brest,2024-12-06T18:00:00Z,3,1,True,0,1,0.764394,0.616648,0.196994,0.55,True,1,1,0.616648,True,2,1
Ligue 1,2024/25,14,2024-12-06T18:00:00+00:00,Ligue1|2024|118,Auxerre,Paris SG,2024-12-06T20:00:00Z,0,0,True,0,2,0.78746,0.74459,0.05716,0.55,True,0,2,0.74459,True,3,0
Ligue 1,2024/25,14,2024-12-06T18:00:00+00:00,Ligue1|2024|119,Monaco,Toulouse,2024-12-07T16:00:00Z,2,0,True,0,U2.5,0.66192,0.66192,0.0,0.6,True,1,U2.5,0.66192,True,2,1
Ligue 1,2024/25,14,2024-12-06T18:00:00+00:00,Ligue1|2024|120,Nice,Le Havre,2024-12-07T18:00:00Z,2,1,True,0,1,0.649331,0.684033,0.046269,0.55,True,1,1,0.684033,True,1,1
Ligue 1,2024/25,14,2024-12-06T18:00:00+00:00,Ligue1|2024|121,Angers,Lyon,2024-12-07T20:00:00Z,0,3,True,0,2,0.688384,0.648721,0.052884,0.55,True,1,2,0.648721,True,1,1
Ligue 1,2024/25,14,2024-12-06T18:00:00+00:00,Ligue1|2024|122,Lens,Montpellier,2024-12-08T14:00:00Z,2,0,True,0,1,0.70962,0.66933,0.05372,0.55,True,1,1,0.66933,True,1,1
Ligue 1,2024/25,14,2024-12-06T18:00:00+00:00,Ligue1|2024|123,Nantes,Rennes,2024-12-08T16:00:00Z,1,0,True,0,U2.5,0.619577,0.619577,0.0,0.6,True,1,U2.5,0.619577,True,1,1
Ligue 1,2024/25,14,2024-12-06T18:00:00+00:00,Ligue1|2024|124,Strasbourg,Reims,2024-12-08T16:00:00Z,0,0,True,0,GG,0.619789,0.619789,0.0,0.6,True,0,GG,0.619789,True,1,0
Ligue 1,2024/25,14,2024-12-06T18:00:00+00:00,Ligue1|2024|125,St Etienne,Marseille,2024-12-08T19:45:00Z,0,2,True,0,2,0.699465,0.573866,0.167465,0.55,True,1,2,0.573866,True,1,1
Ligue 1,2024/25,15,2024-12-13T19:45:00+00:00,Ligue1|2024|126,Toulouse,St Etienne,2024-12-13T19:45:00Z,2,1,True,0,1,0.726438,0.602434,0.165338,0.55,True,1,1,0.602434,True,1,1
Ligue 1,2024/25,15,2024-12-13T19:45:00+00:00,Ligue1|2024|127,Marseille,Lille,2024-12-14T16:00:00Z,1,1,True,0,GG,0.57748,0.57748,0.0,0.6,False,1,,,False,0,
Ligue 1,2024/25,15,2024-12-13T19:45:00+00:00,Ligue1|2024|128,Auxerre,Lens,2024-12-14T18:00:00Z,2,2,True,0,2,0.519918,0.467779,0.069518,0.55,False,0,,,False,0,
Ligue 1,2024/25,15,2024-12-13T19:45:00+00:00,Ligue1|2024|129,Reims,Monaco,2024-12-14T20:00:00Z,0,0,True,0,2,0.636556,0.539014,0.130056,0.55,False,0,,,False,0,
Ligue 1,2024/25,15,2024-12-13T19:45:00+00:00,Ligue1|2024|130,Montpellier,Nice,2024-12-15T14:00:00Z,2,2,True,0,2,0.673946,0.553086,0.161146,0.55,True,0,2,0.553086,True,1,0
Ligue 1,2024/25,15,2024-12-13T19:45:00+00:00,Ligue1|2024|131,Brest,Nantes,2024-12-15T16:00:00Z,4,1,True,0,GG,0.551934,0.551934,0.0,0.6,False,1,1,0.568401,True,1,1
Ligue 1,2024/25,15,2024-12-13T19:45:00+00:00,Ligue1|2024|132,Le Havre,Strasbourg,2024-12-15T16:00:00Z,0,3,True,0,GG,0.575758,0.575758,0.0,0.6,False,0,,,False,0,
Ligue 1,2024/25,15,2024-12-13T19:45:00+00:00,Ligue1|2024|133,Rennes,Angers,2024-12-15T16:00:00Z,2,0,True,0,U2.5,0.577803,0.577803,0.0,0.6,False,1,1,0.622848,True,1,1
Ligue 1,2024/25,15,2024-12-13T19:45:00+00:00,Ligue1|2024|134,Paris SG,Lyon,2024-12-15T19:45:00Z,3,1,True,0,1,0.678024,0.662181,0.021124,0.55,True,1,1,0.662181,True,3,1
Ligue 1,2024/25,16,2024-12-18T20:00:00+00:00,Ligue1|2024|135,Monaco,Paris SG,2024-12-18T20:00:00Z,2,4,True,0,GG,0.566339,0.566339,0.0,0.6,False,1,,,False,0,
Ligue 1,2024/25,16,2025-01-03T20:00:00+00:00,Ligue1|2024|136,Nice,Rennes,2025-01-03T20:00:00Z,3,2,True,0,U2.5,0.574876,0.574876,0.0,0.6,False,0,,,False,0,
Ligue 1,2024/25,16,2025-01-03T20:00:00+00:00,Ligue1|2024|137,St Etienne,Reims,2025-01-04T16:00:00Z,3,1,True,0,2,0.607655,0.455064,0.203455,0.55,False,0,,,False,0,
Ligue 1,2024/25,16,2025-01-03T20:00:00+00:00,Ligue1|2024|138,Lille,Nantes,2025-01-04T18:00:00Z,1,1,True,0,1,0.759464,0.783716,0.032336,0.55,True,0,1,0.783716,True,1,0
Ligue 1,2024/25,16,2025-01-03T20:00:00+00:00,Ligue1|2024|139,Lyon,Montpellier,2025-01-04T20:00:00Z,1,0,True,0,1,0.857468,0.731492,0.167968,0.55,True,1,1,0.731492,True,2,1
Ligue 1,2024/25,16,2025-01-03T20:00:00+00:00,Ligue1|2024|140,Angers,Brest,2025-01-05T14:00:00Z,2,0,True,0,GG,0.577392,0.577392,0.0,0.6,False,0,,,False,0,
Ligue 1,2024/25,16,2025-01-03T20:00:00+00:00,Ligue1|2024|141,Lens,Toulouse,2025-01-05T14:00:00Z,0,1,True,0,U2.5,0.653078,0.653078,0.0,0.6,True,1,U2.5,0.653078,True,1,1
Ligue 1,2024/25,16,2025-01-03T20:00:00+00:00,Ligue1|2024|142,Strasbourg,Auxerre,2025-01-05T14:00:00Z,3,1,True,0,GG,0.60795,0.60795,0.0,0.6,True,1,GG,0.60795,True,1,1
Ligue 1,2024/25,16,2025-01-03T20:00:00+00:00,Ligue1|2024|143,Marseille,Le Havre,2025-01-05T19:45:00Z,5,1,True,0,1,0.796086,0.784322,0.015686,0.55,True,1,1,0.784322,True,1,1
Ligue 1,2024/25,17,2025-01-10T18:00:00+00:00,Ligue1|2024|144,Nantes,Monaco,2025-01-10T18:00:00Z,2,2,True,0,2,0.712178,0.654295,0.077178,0.55,True,0,2,0.654295,True,1,0
Ligue 1,2024/25,17,2025-01-10T18:00:00+00:00,Ligue1|2024|145,Auxerre,Lille,2025-01-10T20:05:00Z,0,0,True,0,2,0.69544,0.57106,0.16584,0.55,True,0,2,0.57106,True,1,0
Ligue 1,2024/25,17,2025-01-10T18:00:00+00:00,Ligue1|2024|146,Brest,Lyon,2025-01-11T16:00:00Z,2,1,True,0,2,0.709048,0.491062,0.290648,0.55,False,0,O2.5,0.607972,True,2,1
Ligue 1,2024/25,17,2025-01-10T18:00:00+00:00,Ligue1|2024|147,Reims,Nice,2025-01-11T18:00:00Z,2,4,True,0,GG,0.566189,0.566189,0.0,0.6,False,1,,,False,0,
Ligue 1,2024/25,17,2025-01-10T18:00:00+00:00,Ligue1|2024|148,Rennes,Marseille,2025-01-11T20:05:00Z,1,2,True,0,U2.5,0.553269,0.553269,0.0,0.6,False,0,,,False,0,
Ligue 1,2024/25,17,2025-01-10T18:00:00+00:00,Ligue1|2024|149,Le Havre,Lens,2025-01-12T14:00:00Z,1,2,True,0,2,0.693438,0.602959,0.120638,0.55,True,1,2,0.602959,True,1,1
Ligue 1,2024/25,17,2025-01-10T18:00:00+00:00,Ligue1|2024|150,Montpellier,Angers,2025-01-12T16:15:00Z,1,3,True,0,GG,0.542807,0.542807,0.0,0.6,False,1,,,False,0,
Ligue 1,2024/25,17,2025-01-10T18:00:00+00:00,Ligue1|2024|151,Toulouse,Strasbourg,2025-01-12T16:15:00Z,1,2,True,0,O2.5,0.513543,0.513543,0.0,0.6,False,1,,,False,0,
Ligue 1,2024/25,17,2025-01-10T18:00:00+00:00,Ligue1|2024|152,Paris SG,St Etienne,2025-01-12T19:45:00Z,2,1,True,0,1,0.96977,0.894793,0.09997,0.55,True,1,1,0.894793,True,2,1
Ligue 1,2024/25,18,2025-01-17T18:00:00+00:00,Ligue1|2024|153,Montpellier,Monaco,2025-01-17T18:00:00Z,2,1,True,0,2,0.787056,0.663864,0.164256,0.55,True,0,2,0.663864,True,1,0
Ligue 1,2024/25,18,2025-01-17T18:00:00+00:00,Ligue1|2024|154,Lille,Nice,2025-01-17T20:05:00Z,2,1,True,0,GG,0.52645,0.52645,0.0,0.6,False,1,,,False,0,
Ligue 1,2024/25,18,2025-01-17T18:00:00+00:00,Ligue1|2024|155,Lens,Paris SG,2025-01-18T16:00:00Z,1,2,True,0,2,0.624607,0.590852,0.045007,0.55,True,1,2,0.590852,True,1,1
Ligue 1,2024/25,18,2025-01-17T18:00:00+00:00,Ligue1|2024|156,Rennes,Brest,2025-01-18T18:00:00Z,1,2,True,0,1,0.652842,0.44716,0.274242,0.55,False,0,,,False,0,
Ligue 1,2024/25,18,2025-01-17T18:00:00+00:00,Ligue1|2024|157,Lyon,Toulouse,2025-01-18T20:05:00Z,0,0,True,0,U2.5,0.58544,0.58544,0.0,0.6,False,1,,,False,0,
Ligue 1,2024/25,18,2025-01-17T18:00:00+00:00,Ligue1|2024|158,St Etienne,Nantes,2025-01-19T14:00:00Z,1,1,True,0,GG,0.522007,0.522007,0.0,0.6,False,1,,,False,0,
Ligue 1,2024/25,18,2025-01-17T18:00:00+00:00,Ligue1|2024|159,Angers,Auxerre,2025-01-19T16:15:00Z,2,0,True,0,GG,0.52872,0.52872,0.0,0.6,False,0,,,False,0,
Ligue 1,2024/25,18,2025-01-17T18:00:00+00:00,Ligue1|2024|160,Reims,Le Havre,2025-01-19T16:15:00Z,1,1,True,0,1,0.555631,0.574658,0.025369,0.55,True,0,1,0.574658,True,1,0
Ligue 1,2024/25,18,2025-01-17T18:00:00+00:00,Ligue1|2024|161,Marseille,Strasbourg,2025-01-19T19:45:00Z,1,1,True,0,O2.5,0.620862,0.620862,0.0,0.6,True,0,O2.5,0.620862,True,3,0
Ligue 1,2024/25,19,2025-01-24T19:45:00+00:00,Ligue1|2024|162,Auxerre,St Etienne,2025-01-24T19:45:00Z,1,1,True,0,1,0.545954,0.471589,0.099154,0.55,False,0,,,False,0,
Ligue 1,2024/25,19,2025-01-24T19:45:00+00:00,Ligue1|2024|163,Monaco,Rennes,2025-01-25T16:00:00Z,3,2,True,0,1,0.657353,0.644938,0.016553,0.55,True,1,1,0.644938,True,1,1
Ligue 1,2024/25,19,2025-01-24T19:45:00+00:00,Ligue1|2024|164,Strasbourg,Lille,2025-01-25T18:00:00Z,2,1,True,0,GG,0.582177,0.582177,0.0,0.6,False,1,,,False,0,
Ligue 1,2024/25,19,2025-01-24T19:45:00+00:00,Ligue1|2024|165,Paris SG,Reims,2025-01-25T20:05:00Z,1,1,True,0,1,0.931019,0.878205,0.070419,0.55,True,0,1,0.878205,True,2,0
Ligue 1,2024/25,19,2025-01-24T19:45:00+00:00,Ligue1|2024|166,Le Havre,Brest,2025-01-26T14:00:00Z,0,1,True,0,GG,0.576758,0.576758,0.0,0.6,False,0,,,False,0,
Ligue 1,2024/25,19,2025-01-24T19:45:00+00:00,Ligue1|2024|167,Lens,Angers,2025-01-26T16:15:00Z,1,0,True,0,1,0.574305,0.652151,0.103795,0.55,True,1,1,0.652151,True,1,1
Ligue 1,2024/25,19,2025-01-24T19:45:00+00:00,Ligue1|2024|168,Nantes,Lyon,2025-01-26T16:15:00Z,1,1,True,0,2,0.570393,0.551198,0.025593,0.55,True,0,2,0.551198,True,1,0
Ligue 1,2024/25,19,2025-01-24T19:45:00+00:00,Ligue1|2024|169,Toulouse,Montpellier,2025-01-26T16:15:00Z,1,2,True,0,1,0.685721,0.61438,0.095121,0.55,True,0,1,0.61438,True,1,0
Ligue 1,2024/25,19,2025-01-24T19:45:00+00:00,Ligue1|2024|170,Nice,Marseille,2025-01-26T19:45:00Z,2,0,True,0,GG,0.591397,0.591397,0.0,0.6,False,0,,,False,0,
Ligue 1,2024/25,20,2025-01-31T19:45:00+00:00,Ligue1|2024|171,Montpellier,Lens,2025-01-31T19:45:00Z,0,2,True,0,2,0.616905,0.520001,0.129205,0.55,False,1,,,False,0,
Ligue 1,2024/25,20,2025-01-31T19:45:00+00:00,Ligue1|2024|172,Brest,Paris SG,2025-02-01T16:00:00Z,2,5,True,0,2,0.802269,0.673892,0.171169,0.55,True,1,O2.5,0.71136,True,3,1
Ligue 1,2024/25,20,2025-01-31T19:45:00+00:00,Ligue1|2024|173,Monaco,Auxerre,2025-02-01T18:00:00Z,4,2,True,0,1,0.85122,0.731955,0.15902,0.55,True,1,1,0.731955,True,1,1
Ligue 1,2024/25,20,2025-01-31T19:45:00+00:00,Ligue1|2024|174,Lille,St Etienne,2025-02-01T20:05:00Z,4,1,True,0,1,0.704012,0.707378,0.004488,0.55,True,1,1,0.707378,True,1,1
Ligue 1,2024/25,20,2025-01-31T19:45:00+00:00,Ligue1|2024|175,Toulouse,Nice,2025-02-02T14:00:00Z,1,1,True,0,U2.5,0.587842,0.587842,0.0,0.6,False,1,,,False,0,
Ligue 1,2024/25,20,2025-01-31T19:45:00+00:00,Ligue1|2024|176,Angers,Le Havre,2025-02-02T16:15:00Z,1,1,True,0,1,0.602305,0.509826,0.123305,0.55,False,0,,,False,0,
Ligue 1,2024/25,20,2025-01-31T19:45:00+00:00,Ligue1|2024|177,Reims,Nantes,2025-02-02T16:15:00Z,1,2,True,0,U2.5,0.538381,0.538381,0.0,0.6,False,0,,,False,0,
Ligue 1,2024/25,20,2025-01-31T19:45:00+00:00,Ligue1|2024|178,Rennes,Strasbourg,2025-02-02T16:15:00Z,1,0,True,0,GG,0.553113,0.553113,0.0,0.6,False,0,,,False,0,
Ligue 1,2024/25,20,2025-01-31T19:45:00+00:00,Ligue1|2024|179,Marseille,Lyon,2025-02-02T19:45:00Z,3,2,True,0,GG,0.587118,0.587118,0.0,0.6,False,1,,,False,0,
Ligue 1,2024/25,21,2025-02-07T18:00:00+00:00,Ligue1|2024|180,Nantes,Brest,2025-02-07T18:00:00Z,0,2,True,0,1,0.543995,0.363924,0.240095,0.55,False,0,,,False,0,
Ligue 1,2024/25,21,2025-02-07T18:00:00+00:00,Ligue1|2024|181,Paris SG,Monaco,2025-02-07T20:05:00Z,4,1,True,0,1,0.692716,0.674854,0.023816,0.55,True,1,1,0.674854,True,3,1
Ligue 1,2024/25,21,2025-02-07T18:00:00+00:00,Ligue1|2024|182,Nice,Lens,2025-02-08T16:00:00Z,2,0,True,0,U2.5,0.530017,0.530017,0.0,0.6,False,1,,,False,0,
Ligue 1,2024/25,21,2025-02-07T18:00:00+00:00,Ligue1|2024|183,Lille,Le Havre,2025-02-08T18:00:00Z,1,2,True,0,1,0.840271,0.815393,0.033171,0.55,True,0,1,0.815393,True,1,0
Ligue 1,2024/25,21,2025-02-07T18:00:00+00:00,Ligue1|2024|184,St Etienne,Rennes,2025-02-08T20:05:00Z,0,2,True,0,2,0.565004,0.415676,0.199104,0.55,False,1,,,False,0,
Ligue 1,2024/25,21,2025-02-07T18:00:00+00:00,Ligue1|2024|185,Lyon,Reims,2025-02-09T14:00:00Z,4,0,True,0,1,0.636305,0.609151,0.036205,0.55,True,1,1,0.609151,True,1,1
Ligue 1,2024/25,21,2025-02-07T18:00:00+00:00,Ligue1|2024|186,Auxerre,Toulouse,2025-02-09T16:15:00Z,2,2,True,0,U2.5,0.610997,0.610997,0.0,0.6,True,0,U2.5,0.610997,True,1,0
Ligue 1,2024/25,21,2025-02-07T18:00:00+00:00,Ligue1|2024|187,Strasbourg,Montpellier,2025-02-09T16:15:00Z,2,0,True,0,1,0.729782,0.598395,0.175182,0.55,True,1,GG,0.614201,True,3,0
Ligue 1,2024/25,21,2025-02-07T18:00:00+00:00,Ligue1|2024|188,Angers,Marseille,2025-02-09T19:45:00Z,0,2,True,0,GG,0.558614,0.558614,0.0,0.6,False,0,2,0.585189,True,1,1
Ligue 1,2024/25,22,2025-02-14T19:45:00+00:00,Ligue1|2024|189,Brest,Auxerre,2025-02-14T19:45:00Z,2,2,True,0,1,0.623398,0.595424,0.037298,0.55,True,0,1,0.595424,True,1,0
Ligue 1,2024/25,22,2025-02-14T19:45:00+00:00,Ligue1|2024|190,Marseille,St Etienne,2025-02-15T16:00:00Z,5,1,True,0,1,0.890674,0.783068,0.143474,0.55,True,1,1,0.783068,True,2,1
Ligue 1,2024/25,22,2025-02-14T19:45:00+00:00,Ligue1|2024|191,Monaco,Nantes,2025-02-15T18:00:00Z,7,1,True,0,1,0.735357,0.735539,0.000243,0.55,True,1,1,0.735539,True,1,1
Ligue 1,2024/25,22,2025-02-14T19:45:00+00:00,Ligue1|2024|192,Toulouse,Paris SG,2025-02-15T20:05:00Z,0,1,True,0,2,0.722378,0.706719,0.020878,0.55,True,1,2,0.706719,True,1,1
Ligue 1,2024/25,22,2025-02-14T19:45:00+00:00,Ligue1|2024|193,Montpellier,Lyon,2025-02-16T14:00:00Z,1,4,True,0,2,0.790975,0.598469,0.256675,0.55,False,1,,,False,0,
Ligue 1,2024/25,22,2025-02-14T19:45:00+00:00,Ligue1|2024|194,Le Havre,Nice,2025-02-16T16:15:00Z,1,3,True,0,2,0.675835,0.636134,0.052935,0.55,True,1,2,0.636134,True,1,1
Ligue 1,2024/25,22,2025-02-14T19:45:00+00:00,Ligue1|2024|195,Lens,Strasbourg,2025-02-16T16:15:00Z,0,2,True,0,O2.5,0.560656,0.560656,0.0,0.6,False,0,,,False,0,
Ligue 1,2024/25,22,2025-02-14T19:45:00+00:00,Ligue1|2024|196,Reims,Angers,2025-02-16T16:15:00Z,0,1,True,0,U2.5,0.541605,0.541605,0.0,0.6,False,1,,,False,0,
Ligue 1,2024/25,22,2025-02-14T19:45:00+00:00,Ligue1|2024|197,Rennes,Lille,2025-02-16T19:45:00Z,0,2,True,0,U2.5,0.558372,0.558372,0.0,0.6,False,1,,,False,0,
Ligue 1,2024/25,23,2025-02-21T19:45:00+00:00,Ligue1|2024|198,Rennes,Reims,2025-02-21T19:45:00Z,1,0,True,0,U2.5,0.543221,0.543221,0.0,0.6,False,1,,,False,0,
Ligue 1,2024/25,23,2025-02-21T19:45:00+00:00,Ligue1|2024|199,Lille,Monaco,2025-02-22T16:00:00Z,2,1,True,0,GG,0.557439,0.557439,0.0,0.6,False,1,,,False,0,
Ligue 1,2024/25,23,2025-02-21T19:45:00+00:00,Ligue1|2024|200,St Etienne,Angers,2025-02-22T18:00:00Z,3,3,True,0,GG,0.537165,0.537165,0.0,0.6,False,1,,,False,0,
Ligue 1,2024/25,23,2025-02-21T19:45:00+00:00,Ligue1|2024|201,Auxerre,Marseille,2025-02-22T20:05:00Z,3,0,True,0,2,0.754998,0.605975,0.198698,0.55,True,0,2,0.605975,True,1,0
Ligue 1,2024/25,23,2025-02-21T19:45:00+00:00,Ligue1|2024|202,Nantes,Lens,2025-02-23T14:00:00Z,3,1,True,0,U2.5,0.561047,0.561047,0.0,0.6,False,0,,,False,0,
Ligue 1,2024/25,23,2025-02-21T19:45:00+00:00,Ligue1|2024|203,Le Havre,Toulouse,2025-02-23T16:15:00Z,1,4,True,0,U2.5,0.618745,0.618745,0.0,0.6,True,0,U2.5,0.618745,True,1,0
Ligue 1,2024/25,23,2025-02-21T19:45:00+00:00,Ligue1|2024|204,Nice,Montpellier,2025-02-23T16:15:00Z,2,0,True,0,1,0.852684,0.784371,0.091084,0.55,True,1,1,0.784371,True,1,1
Ligue 1,2024/25,23,2025-02-21T19:45:00+00:00,Ligue1|2024|205,Strasbourg,Brest,2025-02-23T16:15:00Z,0,0,True,0,GG,0.623108,0.623108,0.0,0.6,True,0,GG,0.623108,True,2,0
Ligue 1,2024/25,23,2025-02-21T19:45:00+00:00,Ligue1|2024|206,Lyon,Paris SG,2025-02-23T19:45:00Z,2,3,True,0,2,0.626592,0.588048,0.051392,0.55,True,1,O2.5,0.61295,True,3,1
Ligue 1,2024/25,24,2025-02-28T19:45:00+00:00,Ligue1|2024|207,Monaco,Reims,2025-02-28T19:45:00Z,3,0,True,0,1,0.8376,0.743475,0.1255,0.55,True,1,1,0.743475,True,1,1
Ligue 1,2024/25,24,2025-02-28T19:45:00+00:00,Ligue1|2024|208,St Etienne,Nice,2025-03-01T16:00:00Z,1,3,True,0,2,0.847922,0.673005,0.233222,0.55,True,1,2,0.673005,True,1,1
Ligue 1,2024/25,24,2025-02-28T19:45:00+00:00,Ligue1|2024|209,Lens,Le Havre,2025-03-01T18:00:00Z,3,4,True,0,1,0.6735,0.67845,0.0066,0.55,True,0,1,0.67845,True,1,0
Ligue 1,2024/25,24,2025-02-28T19:45:00+00:00,Ligue1|2024|210,Paris SG,Lille,2025-03-01T20:05:00Z,4,1,True,0,1,0.703904,0.691601,0.016404,0.55,True,1,1,0.691601,True,2,1
Ligue 1,2024/25,24,2025-02-28T19:45:00+00:00,Ligue1|2024|211,Lyon,Brest,2025-03-02T14:00:00Z,2,1,True,0,1,0.65807,0.537718,0.16047,0.55,False,1,,,False,0,
Ligue 1,2024/25,24,2025-02-28T19:45:00+00:00,Ligue1|2024|212,Angers,Toulouse,2025-03-02T16:15:00Z,0,4,True,0,U2.5,0.621212,0.621212,0.0,0.6,True,0,U2.5,0.621212,True,1,0
Ligue 1,2024/25,24,2025-02-28T19:45:00+00:00,Ligue1|2024|213,Auxerre,Strasbourg,2025-03-02T16:15:00Z,0,1,True,0,GG,0.546174,0.546174,0.0,0.6,False,0,,,False,0,
Ligue 1,2024/25,24,2025-02-28T19:45:00+00:00,Ligue1|2024|214,Montpellier,Rennes,2025-03-02T16:15:00Z,0,4,True,0,2,0.589819,0.46238,0.169919,0.55,False,1,,,False,0,
Ligue 1,2024/25,24,2025-02-28T19:45:00+00:00,Ligue1|2024|215,Marseille,Nantes,2025-03-02T19:45:00Z,2,0,True,0,1,0.741171,0.708493,0.043571,0.55,True,1,1,0.708493,True,1,1
Ligue 1,2024/25,25,2025-03-07T19:45:00+00:00,Ligue1|2024|216,Toulouse,Monaco,2025-03-07T19:45:00Z,1,1,True,0,U2.5,0.575618,0.575618,0.0,0.6,False,1,,,False,0,
Ligue 1,2024/25,25,2025-03-07T19:45:00+00:00,Ligue1|2024|217,Rennes,Paris SG,2025-03-08T16:00:00Z,1,4,True,0,2,0.674581,0.71817,0.058119,0.55,True,1,2,0.71817,True,1,1
Ligue 1,2024/25,25,2025-03-07T19:45:00+00:00,Ligue1|2024|218,Lille,Montpellier,2025-03-08T18:00:00Z,1,0,True,0,1,0.800306,0.791826,0.011306,0.55,True,1,1,0.791826,True,1,1
Ligue 1,2024/25,25,2025-03-07T19:45:00+00:00,Ligue1|2024|219,Marseille,Lens,2025-03-08T20:05:00Z,0,1,True,0,1,0.697432,0.602158,0.127032,0.55,True,0,1,0.602158,True,1,0
Ligue 1,2024/25,25,2025-03-07T19:45:00+00:00,Ligue1|2024|220,Brest,Angers,2025-03-09T14:00:00Z,2,0,True,0,GG,0.55688,0.55688,0.0,0.6,False,0,1,0.621374,True,1,1
Ligue 1,2024/25,25,2025-03-07T19:45:00+00:00,Ligue1|2024|221,Le Havre,St Etienne,2025-03-09T16:15:00Z,1,1,True,0,1,0.607732,0.458758,0.198632,0.55,False,0,,,False,0,
Ligue 1,2024/25,25,2025-03-07T19:45:00+00:00,Ligue1|2024|222,Nantes,Strasbourg,2025-03-09T16:15:00Z,0,1,True,0,GG,0.558509,0.558509,0.0,0.6,False,0,,,False,0,
Ligue 1,2024/25,25,2025-03-07T19:45:00+00:00,Ligue1|2024|223,Reims,Auxerre,2025-03-09T16:15:00Z,0,2,True,0,U2.5,0.527279,0.527279,0.0,0.6,False,1,,,False,0,
Ligue 1,2024/25,25,2025-03-07T19:45:00+00:00,Ligue1|2024|224,Nice,Lyon,2025-03-09T19:45:00Z,0,2,True,0,1,0.562443,0.501961,0.080643,0.55,False,0,,,False,0,
Ligue 1,2024/25,26,2025-03-14T19:45:00+00:00,Ligue1|2024|225,Nice,Auxerre,2025-03-14T19:45:00Z,1,1,True,0,1,0.643245,0.638861,0.005845,0.55,True,0,1,0.638861,True,1,0
Ligue 1,2024/25,26,2025-03-14T19:45:00+00:00,Ligue1|2024|226,Nantes,Lille,2025-03-15T16:00:00Z,1,0,True,0,2,0.612344,0.601361,0.014644,0.55,True,0,2,0.601361,True,1,0
Ligue 1,2024/25,26,2025-03-14T19:45:00+00:00,Ligue1|2024|227,Angers,Monaco,2025-03-15T18:00:00Z,0,2,True,0,2,0.830568,0.684492,0.194768,0.55,True,1,2,0.684492,True,1,1
Ligue 1,2024/25,26,2025-03-14T19:45:00+00:00,Ligue1|2024|228,Lens,Rennes,2025-03-15T20:05:00Z,1,0,True,0,U2.5,0.547294,0.547294,0.0,0.6,False,1,,,False,0,
Ligue 1,2024/25,26,2025-03-14T19:45:00+00:00,Ligue1|2024|229,Lyon,Le Havre,2025-03-16T14:00:00Z,4,2,True,0,1,0.785008,0.781702,0.004408,0.55,True,1,1,0.781702,True,1,1
Ligue 1,2024/25,26,2025-03-14T19:45:00+00:00,Ligue1|2024|230,Brest,Reims,2025-03-16T16:15:00Z,0,0,True,0,1,0.616061,0.630265,0.018939,0.55,True,0,1,0.630265,True,1,0
Ligue 1,2024/25,26,2025-03-14T19:45:00+00:00,Ligue1|2024|231,Montpellier,St Etienne,2025-03-16T16:15:00Z,0,2,True,0,GG,0.582516,0.582516,0.0,0.6,False,0,,,False,0,
Ligue 1,2024/25,26,2025-03-14T19:45:00+00:00,Ligue1|2024|232,Strasbourg,Toulouse,2025-03-16T16:15:00Z,2,1,True,0,U2.5,0.565785,0.565785,0.0,0.6,False,0,,,False,0,
Ligue 1,2024/25,26,2025-03-14T19:45:00+00:00,Ligue1|2024|233,Paris SG,Marseille,2025-03-16T19:45:00Z,3,1,True,0,1,0.697504,0.742201,0.059596,0.55,True,1,1,0.742201,True,3,1
Ligue 1,2024/25,27,2025-03-28T19:45:00+00:00,Ligue1|2024|234,Strasbourg,Lyon,2025-03-28T19:45:00Z,4,2,True,0,GG,0.576901,0.576901,0.0,0.6,False,1,,,False,0,
Ligue 1,2024/25,27,2025-03-28T19:45:00+00:00,Ligue1|2024|235,Reims,Marseille,2025-03-29T16:00:00Z,3,1,True,0,2,0.636329,0.568357,0.090629,0.55,True,0,2,0.568357,True,1,0
Ligue 1,2024/25,27,2025-03-28T19:45:00+00:00,Ligue1|2024|236,St Etienne,Paris SG,2025-03-29T18:00:00Z,1,6,True,0,2,0.954716,0.878954,0.101016,0.55,True,1,2,0.878954,True,2,1
Ligue 1,2024/25,27,2025-03-28T19:45:00+00:00,Ligue1|2024|237,Monaco,Nice,2025-03-29T20:05:00Z,2,1,True,0,GG,0.53818,0.53818,0.0,0.6,False,1,,,False,0,
Ligue 1,2024/25,27,2025-03-28T19:45:00+00:00,Ligue1|2024|238,Toulouse,Brest,2025-03-30T14:00:00Z,2,4,True,0,1,0.586914,0.461953,0.166614,0.55,False,0,,,False,0,
Ligue 1,2024/25,27,2025-03-28T19:45:00+00:00,Ligue1|2024|239,Angers,Rennes,2025-03-30T16:15:00Z,0,3,True,0,2,0.557171,0.477693,0.105971,0.55,False,1,,,False,0,
Ligue 1,2024/25,27,2025-03-28T19:45:00+00:00,Ligue1|2024|240,Auxerre,Montpellier,2025-03-30T16:15:00Z,1,0,True,0,1,0.647028,0.622932,0.032128,0.55,True,1,1,0.622932,True,1,1
Ligue 1,2024/25,27,2025-03-28T19:45:00+00:00,Ligue1|2024|241,Le Havre,Nantes,2025-03-30T16:15:00Z,3,2,True,0,GG,0.526601,0.526601,0.0,0.6,False,1,,,False,0,
Ligue 1,2024/25,27,2025-03-28T19:45:00+00:00,Ligue1|2024|242,Lille,Lens,2025-03-30T19:45:00Z,1,0,True,0,U2.5,0.527251,0.527251,0.0,0.6,False,1,,,False,0,
Ligue 1,2024/25,28,2025-04-04T19:45:00+00:00,Ligue1|2024|243,Nice,Nantes,2025-04-04T19:45:00Z,1,2,True,0,1,0.691836,0.702834,0.014664,0.55,True,0,1,0.702834,True,1,0
Ligue 1,2024/25,28,2025-04-04T19:45:00+00:00,Ligue1|2024|244,Paris SG,Angers,2025-04-05T16:00:00Z,1,0,True,0,1,0.958739,0.91986,0.051839,0.55,True,1,1,0.91986,True,2,1
Ligue 1,2024/25,28,2025-04-04T19:45:00+00:00,Ligue1|2024|245,Brest,Monaco,2025-04-05T18:00:00Z,2,1,True,0,2,0.681402,0.47425,0.276202,0.55,False,0,,,False,0,
Ligue 1,2024/25,28,2025-04-04T19:45:00+00:00,Ligue1|2024|246,Lyon,Lille,2025-04-05T20:05:00Z,2,1,True,0,GG,0.56132,0.56132,0.0,0.6,False,1,,,False,0,
Ligue 1,2024/25,28,2025-04-04T19:45:00+00:00,Ligue1|2024|247,Lens,St Etienne,2025-04-06T14:00:00Z,1,0,True,0,1,0.657236,0.620009,0.049636,0.55,True,1,1,0.620009,True,1,1
Ligue 1,2024/25,28,2025-04-04T19:45:00+00:00,Ligue1|2024|248,Montpellier,Le Havre,2025-04-06T16:15:00Z,0,2,True,0,GG,0.561993,0.561993,0.0,0.6,False,0,,,False,0,
Ligue 1,2024/25,28,2025-04-04T19:45:00+00:00,Ligue1|2024|249,Reims,Strasbourg,2025-04-06T16:15:00Z,0,1,True,0,GG,0.555824,0.555824,0.0,0.6,False,0,,,False,0,
Ligue 1,2024/25,28,2025-04-04T19:45:00+00:00,Ligue1|2024|250,Rennes,Auxerre,2025-04-06T16:15:00Z,0,1,True,0,1,0.572526,0.484156,0.117826,0.55,False,0,,,False,0,
Ligue 1,2024/25,28,2025-04-04T19:45:00+00:00,Ligue1|2024|251,Marseille,Toulouse,2025-04-06T19:45:00Z,3,2,True,0,U2.5,0.531092,0.531092,0.0,0.6,False,0,,,False,0,
Ligue 1,2024/25,29,2025-04-11T19:45:00+00:00,Ligue1|2024|252,Lens,Reims,2025-04-11T19:45:00Z,0,2,True,0,1,0.572834,0.588783,0.021266,0.55,True,0,1,0.588783,True,1,0
Ligue 1,2024/25,29,2025-04-11T19:45:00+00:00,Ligue1|2024|253,Monaco,Marseille,2025-04-12T16:00:00Z,3,0,True,0,1,0.715967,0.553167,0.217067,0.55,True,1,1,0.553167,True,1,1
Ligue 1,2024/25,29,2025-04-11T19:45:00+00:00,Ligue1|2024|254,Toulouse,Lille,2025-04-12T18:00:00Z,1,2,True,0,U2.5,0.577817,0.577817,0.0,0.6,False,0,,,False,0,
Ligue 1,2024/25,29,2025-04-11T19:45:00+00:00,Ligue1|2024|255,Strasbourg,Nice,2025-04-12T20:05:00Z,2,2,True,0,GG,0.551866,0.551866,0.0,0.6,False,1,,,False,0,
Ligue 1,2024/25,29,2025-04-11T19:45:00+00:00,Ligue1|2024|256,St Etienne,Brest,2025-04-13T14:00:00Z,3,3,True,0,2,0.728058,0.568115,0.213258,0.55,True,0,2,0.568115,True,1,0
Ligue 1,2024/25,29,2025-04-11T19:45:00+00:00,Ligue1|2024|257,Angers,Montpellier,2025-04-13T16:15:00Z,2,0,True,0,GG,0.534852,0.534852,0.0,0.6,False,0,,,False,0,
Ligue 1,2024/25,29,2025-04-11T19:45:00+00:00,Ligue1|2024|258,Le Havre,Rennes,2025-04-13T16:15:00Z,1,5,True,0,2,0.627969,0.468392,0.212769,0.55,False,1,,,False,0,
Ligue 1,2024/25,29,2025-04-11T19:45:00+00:00,Ligue1|2024|259,Auxerre,Lyon,2025-04-13T19:45:00Z,1,3,True,0,2,0.552413,0.474403,0.104013,0.55,False,1,,,False,0,
Ligue 1,2024/25,30,2025-04-18T19:45:00+00:00,Ligue1|2024|260,Rennes,Nantes,2025-04-18T19:45:00Z,2,1,True,0,1,0.661403,0.570351,0.121403,0.55,True,1,1,0.570351,True,1,1
Ligue 1,2024/25,30,2025-04-18T19:45:00+00:00,Ligue1|2024|261,Paris SG,Le Havre,2025-04-19T16:00:00Z,2,1,True,0,1,0.952074,0.914068,0.050674,0.55,True,1,1,0.914068,True,2,1
Ligue 1,2024/25,30,2025-04-18T19:45:00+00:00,Ligue1|2024|262,Monaco,Strasbourg,2025-04-19T18:00:00Z,0,0,True,0,1,0.709021,0.554055,0.206621,0.55,True,0,O2.5,0.603793,True,2,0
Ligue 1,2024/25,30,2025-04-18T19:45:00+00:00,Ligue1|2024|263,Marseille,Montpellier,2025-04-19T20:05:00Z,5,1,True,0,1,0.706337,0.762559,0.074963,0.55,True,1,1,0.762559,True,2,1
Ligue 1,2024/25,30,2025-04-18T19:45:00+00:00,Ligue1|2024|264,Lille,Auxerre,2025-04-20T14:00:00Z,3,1,True,0,1,0.551278,0.602895,0.068822,0.55,True,1,1,0.602895,True,1,1
Ligue 1,2024/25,30,2025-04-18T19:45:00+00:00,Ligue1|2024|265,Brest,Lens,2025-04-20T16:15:00Z,1,3,True,0,GG,0.557521,0.557521,0.0,0.6,False,1,,,False,0,
Ligue 1,2024/25,30,2025-04-18T19:45:00+00:00,Ligue1|2024|266,Nice,Angers,2025-04-20T16:15:00Z,2,1,True,0,1,0.685059,0.732265,0.062941,0.55,True,1,1,0.732265,True,1,1
Ligue 1,2024/25,30,2025-04-18T19:45:00+00:00,Ligue1|2024|267,Reims,Toulouse,2025-04-20T16:15:00Z,1,0,True,0,U2.5,0.568891,0.568891,0.0,0.6,False,1,,,False,0,
Ligue 1,2024/25,30,2025-04-18T19:45:00+00:00,Ligue1|2024|268,St Etienne,Lyon,2025-04-20T19:45:00Z,2,1,True,0,2,0.804743,0.656061,0.198243,0.55,True,0,2,0.656061,True,2,0
Ligue 1,2024/25,30,2025-04-18T19:45:00+00:00,Ligue1|2024|269,Nantes,Paris SG,2025-04-22T19:45:00Z,1,1,True,0,2,0.886581,0.852245,0.045781,0.55,True,0,2,0.852245,True,2,0
Ligue 1,2024/25,31,2025-04-25T19:45:00+00:00,Ligue1|2024|270,Paris SG,Nice,2025-04-25T19:45:00Z,1,3,True,0,1,0.81099,0.778222,0.04369,0.55,True,0,1,0.778222,True,1,0
Ligue 1,2024/25,31,2025-04-25T19:45:00+00:00,Ligue1|2024|271,Strasbourg,St Etienne,2025-04-26T16:00:00Z,3,1,True,0,1,0.761292,0.697023,0.085692,0.55,True,1,1,0.697023,True,1,1
Ligue 1,2024/25,31,2025-04-25T19:45:00+00:00,Ligue1|2024|272,Le Havre,Monaco,2025-04-26T18:00:00Z,1,1,True,0,2,0.844634,0.700683,0.191934,0.55,True,0,2,0.700683,True,1,0
Ligue 1,2024/25,31,2025-04-25T19:45:00+00:00,Ligue1|2024|273,Lyon,Rennes,2025-04-26T20:05:00Z,4,1,True,0,GG,0.531602,0.531602,0.0,0.6,False,1,,,False,0,
Ligue 1,2024/25,31,2025-04-25T19:45:00+00:00,Ligue1|2024|274,Angers,Lille,2025-04-27T14:00:00Z,0,2,True,0,2,0.710955,0.674239,0.048955,0.55,True,1,2,0.674239,True,1,1
Ligue 1,2024/25,31,2025-04-25T19:45:00+00:00,Ligue1|2024|275,Lens,Auxerre,2025-04-27T16:15:00Z,0,4,True,0,1,0.599771,0.527943,0.095771,0.55,False,0,,,False,0,
Ligue 1,2024/25,31,2025-04-25T19:45:00+00:00,Ligue1|2024|276,Montpellier,Reims,2025-04-27T16:15:00Z,0,0,True,0,GG,0.545543,0.545543,0.0,0.6,False,0,,,False,0,
Ligue 1,2024/25,31,2025-04-25T19:45:00+00:00,Ligue1|2024|277,Nantes,Toulouse,2025-04-27T16:15:00Z,0,0,True,0,U2.5,0.573851,0.573851,0.0,0.6,False,1,,,False,0,
Ligue 1,2024/25,31,2025-04-25T19:45:00+00:00,Ligue1|2024|278,Marseille,Brest,2025-04-27T19:45:00Z,4,1,True,0,1,0.688004,0.520526,0.223304,0.55,False,1,O2.5,0.616013,True,1,1
Ligue 1,2024/25,32,2025-05-02T19:45:00+00:00,Ligue1|2024|279,Nice,Reims,2025-05-02T19:45:00Z,1,0,True,0,1,0.643563,0.663916,0.027137,0.55,True,1,1,0.663916,True,1,1
Ligue 1,2024/25,32,2025-05-02T19:45:00+00:00,Ligue1|2024|280,Strasbourg,Paris SG,2025-05-03T16:00:00Z,2,1,True,0,2,0.77683,0.619233,0.21013,0.55,True,0,O2.5,0.667842,True,2,1
Ligue 1,2024/25,32,2025-05-02T19:45:00+00:00,Ligue1|2024|281,Toulouse,Rennes,2025-05-03T18:00:00Z,2,1,True,0,U2.5,0.62174,0.62174,0.0,0.6,True,0,U2.5,0.62174,True,1,0
Ligue 1,2024/25,32,2025-05-02T19:45:00+00:00,Ligue1|2024|282,St Etienne,Monaco,2025-05-03T20:05:00Z,1,3,True,0,2,0.870392,0.660923,0.279292,0.55,False,1,O2.5,0.649828,True,1,1
Ligue 1,2024/25,32,2025-05-02T19:45:00+00:00,Ligue1|2024|283,Nantes,Angers,2025-05-04T14:00:00Z,0,1,True,0,U2.5,0.537909,0.537909,0.0,0.6,False,1,,,False,0,
Ligue 1,2024/25,32,2025-05-02T19:45:00+00:00,Ligue1|2024|284,Auxerre,Le Havre,2025-05-04T16:15:00Z,1,2,True,0,1,0.589099,0.5975,0.011201,0.55,True,0,1,0.5975,True,1,0
Ligue 1,2024/25,32,2025-05-02T19:45:00+00:00,Ligue1|2024|285,Brest,Montpellier,2025-05-04T16:15:00Z,1,0,True,0,1,0.684901,0.7242,0.052399,0.55,True,1,1,0.7242,True,1,1
Ligue 1,2024/25,32,2025-05-02T19:45:00+00:00,Ligue1|2024|286,Lyon,Lens,2025-05-04T16:15:00Z,1,2,True,0,1,0.587365,0.597741,0.013835,0.55,True,0,1,0.597741,True,1,0
Ligue 1,2024/25,32,2025-05-02T19:45:00+00:00,Ligue1|2024|287,Lille,Marseille,2025-05-04T19:45:00Z,1,1,True,0,GG,0.566014,0.566014,0.0,0.6,False,1,,,False,0,
Ligue 1,2024/25,33,2025-05-10T20:00:00+00:00,Ligue1|2024|288,Angers,Strasbourg,2025-05-10T20:00:00Z,2,1,True,0,GG,0.541608,0.541608,0.0,0.6,False,1,2,0.607251,True,1,0
Ligue 1,2024/25,33,2025-05-10T20:00:00+00:00,Ligue1|2024|289,Auxerre,Nantes,2025-05-10T20:00:00Z,1,1,True,0,U2.5,0.540879,0.540879,0.0,0.6,False,1,,,False,0,
Ligue 1,2024/25,33,2025-05-10T20:00:00+00:00,Ligue1|2024|290,Brest,Lille,2025-05-10T20:00:00Z,2,0,True,0,2,0.628811,0.475203,0.204811,0.55,False,0,,,False,0,
Ligue 1,2024/25,33,2025-05-10T20:00:00+00:00,Ligue1|2024|291,Le Havre,Marseille,2025-05-10T20:00:00Z,1,3,True,0,2,0.7393,0.590725,0.1981,0.55,True,1,2,0.590725,True,1,1
Ligue 1,2024/25,33,2025-05-10T20:00:00+00:00,Ligue1|2024|292,Monaco,Lyon,2025-05-10T20:00:00Z,2,0,True,0,1,0.625801,0.5085,0.156401,0.55,False,1,,,False,0,
Ligue 1,2024/25,33,2025-05-10T20:00:00+00:00,Ligue1|2024|293,Montpellier,Paris SG,2025-05-10T20:00:00Z,1,4,True,0,2,0.882863,0.877941,0.006563,0.55,True,1,2,0.877941,True,2,1
Ligue 1,2024/25,33,2025-05-10T20:00:00+00:00,Ligue1|2024|294,Reims,St Etienne,2025-05-10T20:00:00Z,0,2,True,0,1,0.574592,0.508523,0.088092,0.55,False,0,,,False,0,
Ligue 1,2024/25,33,2025-05-10T20:00:00+00:00,Ligue1|2024|295,Rennes,Nice,2025-05-10T20:00:00Z,2,0,True,0,U2.5,0.540644,0.540644,0.0,0.6,False,1,,,False,0,
Ligue 1,2024/25,33,2025-05-10T20:00:00+00:00,Ligue1|2024|296,Toulouse,Lens,2025-05-10T20:00:00Z,1,1,True,0,U2.5,0.590412,0.590412,0.0,0.6,False,1,,,False,0,
Ligue 1,2024/25,34,2025-05-17T20:00:00+00:00,Ligue1|2024|297,Lens,Monaco,2025-05-17T20:00:00Z,4,0,True,0,2,0.715842,0.525986,0.253142,0.55,False,0,,,False,0,
Ligue 1,2024/25,34,2025-05-17T20:00:00+00:00,Ligue1|2024|298,Lille,Reims,2025-05-17T20:00:00Z,2,1,True,0,1,0.669826,0.689981,0.026874,0.55,True,1,1,0.689981,True,1,1
Ligue 1,2024/25,34,2025-05-17T20:00:00+00:00,Ligue1|2024|299,Lyon,Angers,2025-05-17T20:00:00Z,2,0,True,0,1,0.688032,0.720483,0.043268,0.55,True,1,1,0.720483,True,1,1
Ligue 1,2024/25,34,2025-05-17T20:00:00+00:00,Ligue1|2024|300,Marseille,Rennes,2025-05-17T20:00:00Z,4,2,True,0,1,0.554767,0.544217,0.014067,0.55,False,1,,,False,0,
Ligue 1,2024/25,34,2025-05-17T20:00:00+00:00,Ligue1|2024|301,Nantes,Montpellier,2025-05-17T20:00:00Z,3,0,True,0,1,0.546202,0.5813,0.046798,0.55,True,1,1,0.5813,True,1,1
Ligue 1,2024/25,34,2025-05-17T20:00:00+00:00,Ligue1|2024|302,Nice,Brest,2025-05-17T20:00:00Z,6,0,True,0,1,0.715786,0.556046,0.212986,0.55,True,1,1,0.556046,True,1,1
Ligue 1,2024/25,34,2025-05-17T20:00:00+00:00,Ligue1|2024|303,Paris SG,Auxerre,2025-05-17T20:00:00Z,3,1,True,0,1,0.926844,0.861936,0.086544,0.55,True,1,1,0.861936,True,2,1
Ligue 1,2024/25,34,2025-05-17T20:00:00+00:00,Ligue1|2024|304,St Etienne,Toulouse,2025-05-17T20:00:00Z,2,3,True,0,2,0.602607,0.436102,0.222007,0.55,False,1,,,False,0,
Ligue 1,2024/25,34,2025-05-17T20:00:00+00:00,Ligue1|2024|305,Strasbourg,Le Havre,2025-05-17T20:00:00Z,2,3,True,0,1,0.745794,0.729749,0.021394,0.55,True,0,1,0.729749,True,1,0
Ligue 1,2025/26,1,2025-08-15T19:45:00+00:00,Ligue1|2025|0,Rennes,Marseille,2025-08-15T19:45:00Z,1,0,True,0,GG,0.605445,0.605445,0.0,0.6,True,0,GG,0.605445,True,1,0
Ligue 1,2025/26,1,2025-08-15T19:45:00+00:00,Ligue1|2025|1,Lens,Lyon,2025-08-16T16:00:00Z,0,1,True,0,GG,0.528779,0.528779,0.0,0.6,False,0,,,False,0,
Ligue 1,2025/26,1,2025-08-15T19:45:00+00:00,Ligue1|2025|2,Monaco,Le Havre,2025-08-16T18:00:00Z,3,1,True,0,1,0.785056,0.752014,0.044056,0.55,True,1,1,0.752014,True,2,1
Ligue 1,2025/26,1,2025-08-15T19:45:00+00:00,Ligue1|2025|3,Nice,Toulouse,2025-08-16T20:05:00Z,0,1,True,0,1,0.61709,0.601198,0.02119,0.55,True,0,1,0.601198,True,1,0
Ligue 1,2025/26,1,2025-08-15T19:45:00+00:00,Ligue1|2025|4,Brest,Lille,2025-08-17T14:00:00Z,3,3,True,0,2,0.668465,0.468016,0.267265,0.55,False,0,,,False,0,
Ligue 1,2025/26,1,2025-08-15T19:45:00+00:00,Ligue1|2025|5,Angers,Paris FC,2025-08-17T16:15:00Z,1,0,True,1,2,0.618087,0.477172,0.187887,0.55,False,0,,,False,0,
Ligue 1,2025/26,1,2025-08-15T19:45:00+00:00,Ligue1|2025|6,Auxerre,Lorient,2025-08-17T16:15:00Z,1,0,True,0,GG,0.571265,0.571265,0.0,0.6,False,0,,,False,0,
Ligue 1,2025/26,1,2025-08-15T19:45:00+00:00,Ligue1|2025|7,Metz,Strasbourg,2025-08-17T16:15:00Z,0,1,True,0,2,0.640017,0.555179,0.113117,0.55,True,1,2,0.555179,True,1,1
Ligue 1,2025/26,1,2025-08-15T19:45:00+00:00,Ligue1|2025|8,Nantes,Paris SG,2025-08-17T19:45:00Z,0,1,True,0,2,0.825175,0.797519,0.036875,0.55,True,1,2,0.797519,True,2,1
Ligue 1,2025/26,2,2025-08-22T19:45:00+00:00,Ligue1|2025|9,Paris SG,Angers,2025-08-22T19:45:00Z,1,0,True,0,1,0.649347,0.826387,0.236053,0.55,True,1,1,0.826387,True,1,1
Ligue 1,2025/26,2,2025-08-22T19:45:00+00:00,Ligue1|2025|10,Marseille,Paris FC,2025-08-23T16:00:00Z,5,2,True,0,1,0.670573,0.617568,0.070673,0.55,True,1,1,0.617568,True,1,1
Ligue 1,2025/26,2,2025-08-22T19:45:00+00:00,Ligue1|2025|11,Nice,Auxerre,2025-08-23T18:00:00Z,3,1,True,0,GG,0.568842,0.568842,0.0,0.6,False,1,1,0.57602,True,1,1
Ligue 1,2025/26,2,2025-08-22T19:45:00+00:00,Ligue1|2025|12,Lyon,Metz,2025-08-23T20:05:00Z,3,0,True,0,1,0.704074,0.732818,0.038326,0.55,True,1,1,0.732818,True,1,1
Ligue 1,2025/26,2,2025-08-22T19:45:00+00:00,Ligue1|2025|13,Lorient,Rennes,2025-08-24T14:00:00Z,4,0,True,0,GG,0.625081,0.625081,0.0,0.6,True,0,GG,0.625081,True,2,0
Ligue 1,2025/26,2,2025-08-22T19:45:00+00:00,Ligue1|2025|14,Le Havre,Lens,2025-08-24T16:15:00Z,1,2,True,0,GG,0.599513,0.599513,0.0,0.6,False,1,,,False,0,
Ligue 1,2025/26,2,2025-08-22T19:45:00+00:00,Ligue1|2025|15,Strasbourg,Nantes,2025-08-24T16:15:00Z,1,0,True,0,U2.5,0.554062,0.554062,0.0,0.6,False,1,1,0.624576,True,1,1
Ligue 1,2025/26,2,2025-08-22T19:45:00+00:00,Ligue1|2025|16,Toulouse,Brest,2025-08-24T16:15:00Z,2,0,True,0,GG,0.570892,0.570892,0.0,0.6,False,0,,,False,0,
Ligue 1,2025/26,2,2025-08-22T19:45:00+00:00,Ligue1|2025|17,Lille,Monaco,2025-08-24T19:45:00Z,1,0,True,0,GG,0.595255,0.595255,0.0,0.6,False,0,,,False,0,
Ligue 1,2025/26,3,2025-08-29T19:45:00+00:00,Ligue1|2025|18,Lens,Brest,2025-08-29T19:45:00Z,3,1,True,0,1,0.665499,0.514375,0.201499,0.55,False,1,,,False,0,
Ligue 1,2025/26,3,2025-08-29T19:45:00+00:00,Ligue1|2025|19,Lorient,Lille,2025-08-30T16:00:00Z,1,7,True,0,GG,0.617304,0.617304,0.0,0.6,True,1,GG,0.617304,True,2,1
Ligue 1,2025/26,3,2025-08-29T19:45:00+00:00,Ligue1|2025|20,Nantes,Auxerre,2025-08-30T18:00:00Z,1,0,True,0,GG,0.57528,0.57528,0.0,0.6,False,0,,,False,0,
Ligue 1,2025/26,3,2025-08-29T19:45:00+00:00,Ligue1|2025|21,Toulouse,Paris SG,2025-08-30T20:05:00Z,3,6,True,0,U2.5,0.591061,0.591061,0.0,0.6,False,0,2,0.624505,True,1,1
Ligue 1,2025/26,3,2025-08-29T19:45:00+00:00,Ligue1|2025|22,Angers,Rennes,2025-08-31T14:00:00Z,1,1,True,0,GG,0.537925,0.537925,0.0,0.6,False,1,,,False,0,
Ligue 1,2025/26,3,2025-08-29T19:45:00+00:00,Ligue1|2025|23,Le Havre,Nice,2025-08-31T16:15:00Z,3,1,True,0,2,0.594415,0.589079,0.007115,0.55,True,0,2,0.589079,True,1,0
Ligue 1,2025/26,3,2025-08-29T19:45:00+00:00,Ligue1|2025|24,Monaco,Strasbourg,2025-08-31T16:15:00Z,3,2,True,0,U2.5,0.530129,0.530129,0.0,0.6,False,0,,,False,0,
Ligue 1,2025/26,3,2025-08-29T19:45:00+00:00,Ligue1|2025|25,Paris FC,Metz,2025-08-31T16:15:00Z,3,2,True,0,GG,0.523217,0.523217,0.0,0.6,False,1,,,False,0,
Ligue 1,2025/26,3,2025-08-29T19:45:00+00:00,Ligue1|2025|26,Lyon,Marseille,2025-08-31T19:45:00Z,1,0,True,0,GG,0.627024,0.627024,0.0,0.6,True,0,GG,0.627024,True,2,0
Ligue 1,2025/26,4,2025-09-12T19:45:00+00:00,Ligue1|2025|27,Marseille,Lorient,2025-09-12T19:45:00Z,4,0,True,0,GG,0.645967,0.645967,0.0,0.6,True,0,1,0.673011,True,3,1
Ligue 1,2025/26,4,2025-09-12T19:45:00+00:00,Ligue1|2025|28,Nice,Nantes,2025-09-13T16:00:00Z,1,0,True,0,U2.5,0.578767,0.578767,0.0,0.6,False,1,1,0.627513,True,1,1
Ligue 1,2025/26,4,2025-09-12T19:45:00+00:00,Ligue1|2025|29,Auxerre,Monaco,2025-09-13T20:05:00Z,1,2,True,0,GG,0.588134,0.588134,0.0,0.6,False,1,,,False,0,
Ligue 1,2025/26,4,2025-09-12T19:45:00+00:00,Ligue1|2025|30,Lille,Toulouse,2025-09-14T14:00:00Z,2,1,True,0,1,0.672232,0.609958,0.083032,0.55,True,1,1,0.609958,True,1,1
Ligue 1,2025/26,4,2025-09-12T19:45:00+00:00,Ligue1|2025|31,Brest,Paris FC,2025-09-14T16:15:00Z,1,2,True,0,GG,0.61059,0.61059,0.0,0.6,True,1,GG,0.61059,True,1,1
Ligue 1,2025/26,4,2025-09-12T19:45:00+00:00,Ligue1|2025|32,Metz,Angers,2025-09-14T16:15:00Z,1,1,True,0,U2.5,0.550573,0.550573,0.0,0.6,False,1,,,False,0,
Ligue 1,2025/26,4,2025-09-12T19:45:00+00:00,Ligue1|2025|33,Paris SG,Lens,2025-09-14T16:15:00Z,2,0,True,0,GG,0.58969,0.58969,0.0,0.6,False,0,1,0.720595,True,1,1
Ligue 1,2025/26,4,2025-09-12T19:45:00+00:00,Ligue1|2025|34,Strasbourg,Le Havre,2025-09-14T16:15:00Z,1,0,True,0,U2.5,0.550244,0.550244,0.0,0.6,False,1,1,0.615058,True,1,1
Ligue 1,2025/26,4,2025-09-12T19:45:00+00:00,Ligue1|2025|35,Rennes,Lyon,2025-09-14T19:45:00Z,3,1,True,0,2,0.651308,0.516377,0.179908,0.55,False,0,,,False,0,
Ligue 1,2025/26,5,2025-09-19T19:45:00+00:00,Ligue1|2025|36,Lyon,Angers,2025-09-19T19:45:00Z,1,0,True,0,1,0.676832,0.719183,0.056468,0.55,True,1,1,0.719183,True,1,1
Ligue 1,2025/26,5,2025-09-19T19:45:00+00:00,Ligue1|2025|37,Nantes,Rennes,2025-09-20T16:00:00Z,2,2,True,0,U2.5,0.547998,0.547998,0.0,0.6,False,0,,,False,0,
Ligue 1,2025/26,5,2025-09-19T19:45:00+00:00,Ligue1|2025|38,Brest,Nice,2025-09-20T18:00:00Z,4,1,True,0,2,0.662466,0.482716,0.239666,0.55,False,0,,,False,0,
Ligue 1,2025/26,5,2025-09-19T19:45:00+00:00,Ligue1|2025|39,Lens,Lille,2025-09-20T20:05:00Z,3,0,True,0,GG,0.636087,0.636087,0.0,0.6,True,0,GG,0.636087,True,2,0
Ligue 1,2025/26,5,2025-09-19T19:45:00+00:00,Ligue1|2025|40,Paris FC,Strasbourg,2025-09-21T14:00:00Z,2,3,True,0,GG,0.549057,0.549057,0.0,0.6,False,1,,,False,0,
Ligue 1,2025/26,5,2025-09-19T19:45:00+00:00,Ligue1|2025|41,Auxerre,Toulouse,2025-09-21T16:15:00Z,1,0,True,0,GG,0.548428,0.548428,0.0,0.6,False,0,,,False,0,
Ligue 1,2025/26,5,2025-09-19T19:45:00+00:00,Ligue1|2025|42,Le Havre,Lorient,2025-09-21T16:15:00Z,1,1,True,0,GG,0.553445,0.553445,0.0,0.6,False,1,,,False,0,
Ligue 1,2025/26,5,2025-09-19T19:45:00+00:00,Ligue1|2025|43,Monaco,Metz,2025-09-21T16:15:00Z,5,2,True,0,1,0.770012,0.786353,0.021788,0.55,True,1,1,0.786353,True,1,1
Ligue 1,2025/26,5,2025-09-19T19:45:00+00:00,Ligue1|2025|44,Marseille,Paris SG,2025-09-22T22:00:00Z,1,0,True,0,GG,0.565041,0.565041,0.0,0.6,False,0,,,False,0,
Ligue 1,2025/26,6,2025-09-26T19:45:00+00:00,Ligue1|2025|45,Strasbourg,Marseille,2025-09-26T19:45:00Z,1,2,True,0,GG,0.532159,0.532159,0.0,0.6,False,1,,,False,0,
Ligue 1,2025/26,6,2025-09-26T19:45:00+00:00,Ligue1|2025|46,Lorient,Monaco,2025-09-27T16:00:00Z,3,1,True,0,2,0.693168,0.636717,0.075268,0.55,True,0,2,0.636717,True,2,0
Ligue 1,2025/26,6,2025-09-26T19:45:00+00:00,Ligue1|2025|47,Toulouse,Nantes,2025-09-27T18:00:00Z,2,2,True,0,U2.5,0.580093,0.580093,0.0,0.6,False,0,,,False,0,
Ligue 1,2025/26,6,2025-09-26T19:45:00+00:00,Ligue1|2025|48,Paris SG,Auxerre,2025-09-27T20:05:00Z,2,0,True,0,1,0.66805,0.807512,0.18595,0.55,True,1,1,0.807512,True,1,1
Ligue 1,2025/26,6,2025-09-26T19:45:00+00:00,Ligue1|2025|49,Nice,Paris FC,2025-09-28T14:00:00Z,1,1,True,0,GG,0.600369,0.600369,0.0,0.6,True,1,GG,0.600369,True,1,1
Ligue 1,2025/26,6,2025-09-26T19:45:00+00:00,Ligue1|2025|50,Angers,Brest,2025-09-28T16:15:00Z,0,2,True,0,GG,0.561122,0.561122,0.0,0.6,False,0,,,False,0,
Ligue 1,2025/26,6,2025-09-26T19:45:00+00:00,Ligue1|2025|51,Lille,Lyon,2025-09-28T16:15:00Z,0,1,True,0,GG,0.635655,0.635655,0.0,0.6,True,0,GG,0.635655,True,2,0
Ligue 1,2025/26,6,2025-09-26T19:45:00+00:00,Ligue1|2025|52,Metz,Le Havre,2025-09-28T16:15:00Z,0,0,True,0,GG,0.534544,0.534544,0.0,0.6,False,0,,,False,0,
Ligue 1,2025/26,6,2025-09-26T19:45:00+00:00,Ligue1|2025|53,Rennes,Lens,2025-09-28T19:45:00Z,0,0,True,0,2,0.637117,0.443079,0.258717,0.55,False,0,GG,0.625122,True,2,0
Ligue 1,2025/26,7,2025-10-03T19:45:00+00:00,Ligue1|2025|54,Paris FC,Lorient,2025-10-03T19:45:00Z,2,0,True,0,GG,0.63596,0.63596,0.0,0.6,True,0,GG,0.63596,True,2,0
Ligue 1,2025/26,7,2025-10-03T19:45:00+00:00,Ligue1|2025|55,Metz,Marseille,2025-10-04T16:00:00Z,0,3,True,0,2,0.781422,0.681355,0.133422,0.55,True,1,2,0.681355,True,1,1
Ligue 1,2025/26,7,2025-10-03T19:45:00+00:00,Ligue1|2025|56,Brest,Nantes,2025-10-04T18:00:00Z,0,0,True,0,GG,0.548016,0.548016,0.0,0.6,False,0,,,False,0,
Ligue 1,2025/26,7,2025-10-03T19:45:00+00:00,Ligue1|2025|57,Auxerre,Lens,2025-10-04T20:05:00Z,1,2,True,0,2,0.69488,0.497045,0.26378,0.55,False,1,,,False,0,
Ligue 1,2025/26,7,2025-10-03T19:45:00+00:00,Ligue1|2025|58,Lyon,Toulouse,2025-10-05T14:00:00Z,1,2,True,0,1,0.632764,0.609166,0.031464,0.55,True,0,1,0.609166,True,1,0
Ligue 1,2025/26,7,2025-10-03T19:45:00+00:00,Ligue1|2025|59,Le Havre,Rennes,2025-10-05T16:15:00Z,2,2,True,0,GG,0.513966,0.513966,0.0,0.6,False,1,,,False,0,
Ligue 1,2025/26,7,2025-10-03T19:45:00+00:00,Ligue1|2025|60,Monaco,Nice,2025-10-05T16:15:00Z,2,2,True,0,GG,0.591396,0.591396,0.0,0.6,False,1,,,False,0,
Ligue 1,2025/26,7,2025-10-03T19:45:00+00:00,Ligue1|2025|61,Strasbourg,Angers,2025-10-05T16:15:00Z,5,0,True,0,1,0.585619,0.688805,0.137581,0.55,True,1,1,0.688805,True,1,1
Ligue 1,2025/26,7,2025-10-03T19:45:00+00:00,Ligue1|2025|62,Lille,Paris SG,2025-10-05T19:45:00Z,1,1,True,0,GG,0.578937,0.578937,0.0,0.6,False,1,,,False,0,
Ligue 1,2025/26,8,2025-10-17T19:45:00+00:00,Ligue1|2025|63,Paris SG,Strasbourg,2025-10-17T19:45:00Z,3,3,True,0,1,0.581926,0.682032,0.133474,0.55,True,0,1,0.682032,True,1,0
Ligue 1,2025/26,8,2025-10-17T19:45:00+00:00,Ligue1|2025|64,Nice,Lyon,2025-10-18T16:00:00Z,3,2,True,0,GG,0.577529,0.577529,0.0,0.6,False,1,,,False,0,
Ligue 1,2025/26,8,2025-10-17T19:45:00+00:00,Ligue1|2025|65,Angers,Monaco,2025-10-18T18:00:00Z,1,1,True,0,2,0.754259,0.659415,0.126459,0.55,True,0,2,0.659415,True,1,0
Ligue 1,2025/26,8,2025-10-17T19:45:00+00:00,Ligue1|2025|66,Marseille,Le Havre,2025-10-18T20:05:00Z,6,2,True,0,1,0.667953,0.729713,0.082347,0.55,True,1,1,0.729713,True,1,1
Ligue 1,2025/26,8,2025-10-17T19:45:00+00:00,Ligue1|2025|67,Lens,Paris FC,2025-10-19T14:00:00Z,2,1,True,0,1,0.664074,0.584894,0.105574,0.55,True,1,O2.5,0.63751,True,3,1
Ligue 1,2025/26,8,2025-10-17T19:45:00+00:00,Ligue1|2025|68,Lorient,Brest,2025-10-19T16:15:00Z,3,3,True,0,GG,0.60402,0.60402,0.0,0.6,True,1,GG,0.60402,True,1,1
Ligue 1,2025/26,8,2025-10-17T19:45:00+00:00,Ligue1|2025|69,Rennes,Auxerre,2025-10-19T16:15:00Z,2,2,True,0,1,0.579119,0.51828,0.081119,0.55,False,0,,,False,0,
Ligue 1,2025/26,8,2025-10-17T19:45:00+00:00,Ligue1|2025|70,Toulouse,Metz,2025-10-19T16:15:00Z,4,0,True,0,1,0.688174,0.659919,0.037674,0.55,True,1,1,0.659919,True,1,1
Ligue 1,2025/26,8,2025-10-17T19:45:00+00:00,Ligue1|2025|71,Nantes,Lille,2025-10-19T19:45:00Z,0,2,True,0,2,0.563855,0.534264,0.039455,0.55,False,1,,,False,0,
Ligue 1,2025/26,9,2025-10-24T19:45:00+00:00,Ligue1|2025|72,Paris FC,Nantes,2025-10-24T19:45:00Z,1,2,True,0,1,0.553565,0.517891,0.047565,0.55,False,0,,,False,0,
Ligue 1,2025/26,9,2025-10-24T19:45:00+00:00,Ligue1|2025|73,Brest,Paris SG,2025-10-25T16:00:00Z,0,3,True,0,2,0.559533,0.631283,0.095667,0.55,True,1,2,0.631283,True,1,1
Ligue 1,2025/26,9,2025-10-24T19:45:00+00:00,Ligue1|2025|74,Monaco,Toulouse,2025-10-25T18:00:00Z,1,0,True,0,GG,0.571565,0.571565,0.0,0.6,False,0,,,False,0,
Ligue 1,2025/26,9,2025-10-24T19:45:00+00:00,Ligue1|2025|75,Lens,Marseille,2025-10-25T20:05:00Z,2,1,True,0,GG,0.598839,0.598839,0.0,0.6,False,1,,,False,0,
Ligue 1,2025/26,9,2025-10-24T19:45:00+00:00,Ligue1|2025|76,Lille,Metz,2025-10-26T14:00:00Z,6,1,True,0,1,0.783843,0.797761,0.018557,0.55,True,1,1,0.797761,True,2,1
Ligue 1,2025/26,9,2025-10-24T19:45:00+00:00,Ligue1|2025|77,Angers,Lorient,2025-10-26T16:15:00Z,2,0,True,0,GG,0.548475,0.548475,0.0,0.6,False,0,,,False,0,
Ligue 1,2025/26,9,2025-10-24T19:45:00+00:00,Ligue1|2025|78,Auxerre,Le Havre,2025-10-26T16:15:00Z,0,1,True,0,U2.5,0.560712,0.560712,0.0,0.6,False,1,,,False,0,
Ligue 1,2025/26,9,2025-10-24T19:45:00+00:00,Ligue1|2025|79,Rennes,Nice,2025-10-26T16:15:00Z,1,2,True,0,GG,0.608724,0.608724,0.0,0.6,True,1,GG,0.608724,True,1,1
Ligue 1,2025/26,9,2025-10-24T19:45:00+00:00,Ligue1|2025|80,Lyon,Strasbourg,2025-10-26T19:45:00Z,2,1,True,0,GG,0.57378,0.57378,0.0,0.6,False,1,,,False,0,
Ligue 1,2025/26,10,2025-10-29T18:00:00+00:00,Ligue1|2025|81,Le Havre,Brest,2025-10-29T18:00:00Z,1,0,True,0,GG,0.542275,0.542275,0.0,0.6,False,0,,,False,0,
Ligue 1,2025/26,10,2025-10-29T18:00:00+00:00,Ligue1|2025|82,Lorient,Paris SG,2025-10-29T18:00:00Z,1,1,True,0,2,0.736677,0.797669,0.081323,0.55,True,0,2,0.797669,True,1,0
Ligue 1,2025/26,10,2025-10-29T18:00:00+00:00,Ligue1|2025|83,Metz,Lens,2025-10-29T18:00:00Z,2,0,True,0,2,0.820295,0.684624,0.180895,0.55,True,0,2,0.684624,True,1,0
Ligue 1,2025/26,10,2025-10-29T18:00:00+00:00,Ligue1|2025|84,Nice,Lille,2025-10-29T18:00:00Z,2,0,True,0,GG,0.625269,0.625269,0.0,0.6,True,0,GG,0.625269,True,2,0
Ligue 1,2025/26,10,2025-10-29T18:00:00+00:00,Ligue1|2025|85,Marseille,Angers,2025-10-29T20:05:00Z,2,2,True,0,1,0.888077,0.801094,0.115977,0.55,True,0,1,0.801094,True,1,0
Ligue 1,2025/26,10,2025-10-29T18:00:00+00:00,Ligue1|2025|86,Nantes,Monaco,2025-10-29T20:05:00Z,3,5,True,0,2,0.657604,0.555451,0.136204,0.55,True,1,2,0.555451,True,1,1
Ligue 1,2025/26,10,2025-10-29T18:00:00+00:00,Ligue1|2025|87,Paris FC,Lyon,2025-10-29T20:05:00Z,3,3,True,0,2,0.632316,0.510729,0.162116,0.55,False,0,,,False,0,
Ligue 1,2025/26,10,2025-10-29T18:00:00+00:00,Ligue1|2025|88,Strasbourg,Auxerre,2025-10-29T20:05:00Z,3,0,True,0,1,0.620997,0.628349,0.009803,0.55,True,1,1,0.628349,True,1,1
Ligue 1,2025/26,10,2025-10-29T18:00:00+00:00,Ligue1|2025|89,Toulouse,Rennes,2025-10-29T20:05:00Z,2,2,True,0,GG,0.571556,0.571556,0.0,0.6,False,1,,,False,0,
Ligue 1,2025/26,11,2025-11-01T16:00:00+00:00,Ligue1|2025|90,Paris SG,Nice,2025-11-01T16:00:00Z,1,0,True,0,1,0.631802,0.67065,0.051798,0.55,True,1,1,0.67065,True,1,1
Ligue 1,2025/26,11,2025-11-01T16:00:00+00:00,Ligue1|2025|91,Monaco,Paris FC,2025-11-01T18:00:00Z,0,1,True,0,1,0.762417,0.676979,0.113917,0.55,True,0,1,0.676979,True,3,0
Ligue 1,2025/26,11,2025-11-01T16:00:00+00:00,Ligue1|2025|92,Auxerre,Marseille,2025-11-01T20:05:00Z,0,1,True,0,2,0.778379,0.603645,0.232979,0.55,True,1,2,0.603645,True,1,1
Ligue 1,2025/26,11,2025-11-01T16:00:00+00:00,Ligue1|2025|93,Rennes,Strasbourg,2025-11-02T14:00:00Z,4,1,True,0,GG,0.583358,0.583358,0.0,0.6,False,1,,,False,0,
Ligue 1,2025/26,11,2025-11-01T16:00:00+00:00,Ligue1|2025|94,Lens,Lorient,2025-11-02T16:15:00Z,3,0,True,0,1,0.610077,0.649469,0.052523,0.55,True,1,1,0.649469,True,1,1
Ligue 1,2025/26,11,2025-11-01T16:00:00+00:00,Ligue1|2025|95,Lille,Angers,2025-11-02T16:15:00Z,1,0,True,0,1,0.868145,0.766861,0.135045,0.55,True,1,1,0.766861,True,2,1
Ligue 1,2025/26,11,2025-11-01T16:00:00+00:00,Ligue1|2025|96,Nantes,Metz,2025-11-02T16:15:00Z,0,2,True,0,GG,0.543651,0.543651,0.0,0.6,False,0,,,False,0,
Ligue 1,2025/26,11,2025-11-01T16:00:00+00:00,Ligue1|2025|97,Toulouse,Le Havre,2025-11-02T16:15:00Z,0,0,True,0,1,0.635727,0.567682,0.090727,0.55,True,0,1,0.567682,True,1,0
Ligue 1,2025/26,11,2025-11-01T16:00:00+00:00,Ligue1|2025|98,Brest,Lyon,2025-11-02T19:45:00Z,0,0,True,0,2,0.562697,0.460924,0.135697,0.55,False,0,,,False,0,
Ligue 1,2025/26,12,2025-11-07T19:45:00+00:00,Ligue1|2025|99,Paris FC,Rennes,2025-11-07T19:45:00Z,0,1,True,0,GG,0.592624,0.592624,0.0,0.6,False,0,,,False,0,
Ligue 1,2025/26,12,2025-11-07T19:45:00+00:00,Ligue1|2025|100,Marseille,Brest,2025-11-08T16:00:00Z,3,0,True,0,1,0.749141,0.650485,0.131541,0.55,True,1,1,0.650485,True,1,1
Ligue 1,2025/26,12,2025-11-07T19:45:00+00:00,Ligue1|2025|101,Le Havre,Nantes,2025-11-08T18:00:00Z,1,1,True,0,U2.5,0.584627,0.584627,0.0,0.6,False,1,,,False,0,
Ligue 1,2025/26,12,2025-11-07T19:45:00+00:00,Ligue1|2025|102,Monaco,Lens,2025-11-08T20:05:00Z,1,4,True,0,GG,0.658417,0.658417,0.0,0.6,True,1,GG,0.658417,True,2,1
Ligue 1,2025/26,12,2025-11-07T19:45:00+00:00,Ligue1|2025|103,Lorient,Toulouse,2025-11-09T14:00:00Z,1,1,True,0,GG,0.574083,0.574083,0.0,0.6,False,1,,,False,0,
Ligue 1,2025/26,12,2025-11-07T19:45:00+00:00,Ligue1|2025|104,Angers,Auxerre,2025-11-09T16:15:00Z,2,0,True,0,U2.5,0.562517,0.562517,0.0,0.6,False,1,,,False,0,
Ligue 1,2025/26,12,2025-11-07T19:45:00+00:00,Ligue1|2025|105,Metz,Nice,2025-11-09T16:15:00Z,2,1,True,0,2,0.691704,0.597201,0.126004,0.55,True,0,2,0.597201,True,1,0
Ligue 1,2025/26,12,2025-11-07T19:45:00+00:00,Ligue1|2025|106,Strasbourg,Lille,2025-11-09T16:15:00Z,2,0,True,0,GG,0.63442,0.63442,0.0,0.6,True,0,GG,0.63442,True,2,0
Ligue 1,2025/26,12,2025-11-07T19:45:00+00:00,Ligue1|2025|107,Lyon,Paris SG,2025-11-09T19:45:00Z,2,3,True,0,2,0.559744,0.545086,0.019544,0.55,False,1,,,False,0,
Ligue 1,2025/26,13,2025-11-21T19:45:00+00:00,Ligue1|2025|108,Nice,Marseille,2025-11-21T19:45:00Z,1,5,True,0,GG,0.548511,0.548511,0.0,0.6,False,1,,,False,0,
Ligue 1,2025/26,13,2025-11-21T19:45:00+00:00,Ligue1|2025|109,Lens,Strasbourg,2025-11-22T16:00:00Z,1,0,True,0,GG,0.648792,0.648792,0.0,0.6,True,0,GG,0.648792,True,2,0
Ligue 1,2025/26,13,2025-11-21T19:45:00+00:00,Ligue1|2025|110,Rennes,Monaco,2025-11-22T18:00:00Z,4,1,True,0,O2.5,0.682247,0.682247,0.0,0.6,True,1,O2.5,0.682247,True,2,1
Ligue 1,2025/26,13,2025-11-21T19:45:00+00:00,Ligue1|2025|111,Paris SG,Le Havre,2025-11-22T20:05:00Z,3,0,True,0,1,0.754838,0.84121,0.115162,0.55,True,1,1,0.84121,True,1,1
Ligue 1,2025/26,13,2025-11-21T19:45:00+00:00,Ligue1|2025|112,Auxerre,Lyon,2025-11-23T14:00:00Z,0,0,True,0,2,0.645919,0.560105,0.114419,0.55,True,0,2,0.560105,True,1,0
Ligue 1,2025/26,13,2025-11-21T19:45:00+00:00,Ligue1|2025|113,Brest,Metz,2025-11-23T16:15:00Z,3,2,True,0,GG,0.56115,0.56115,0.0,0.6,False,1,,,False,0,
Ligue 1,2025/26,13,2025-11-21T19:45:00+00:00,Ligue1|2025|114,Nantes,Lorient,2025-11-23T16:15:00Z,1,1,True,0,GG,0.543518,0.543518,0.0,0.6,False,1,,,False,0,
Ligue 1,2025/26,13,2025-11-21T19:45:00+00:00,Ligue1|2025|115,Toulouse,Angers,2025-11-23T16:15:00Z,0,1,True,0,1,0.545925,0.563156,0.022975,0.55,True,0,1,0.563156,True,1,0
Ligue 1,2025/26,13,2025-11-21T19:45:00+00:00,Ligue1|2025|116,Lille,Paris FC,2025-11-23T19:45:00Z,4,2,True,0,1,0.808551,0.653788,0.206351,0.55,True,1,1,0.653788,True,1,1
Ligue 1,2025/26,14,2025-11-28T19:45:00+00:00,Ligue1|2025|117,Metz,Rennes,2025-11-28T19:45:00Z,0,1,True,0,2,0.660766,0.526691,0.178766,0.55,False,1,GG,0.616838,True,1,0
Ligue 1,2025/26,14,2025-11-28T19:45:00+00:00,Ligue1|2025|118,Monaco,Paris SG,2025-11-29T16:00:00Z,1,0,True,0,GG,0.622012,0.622012,0.0,0.6,True,0,GG,0.622012,True,3,0
Ligue 1,2025/26,14,2025-11-28T19:45:00+00:00,Ligue1|2025|119,Paris FC,Auxerre,2025-11-29T18:00:00Z,1,1,True,0,GG,0.532315,0.532315,0.0,0.6,False,1,,,False,0,
Ligue 1,2025/26,14,2025-11-28T19:45:00+00:00,Ligue1|2025|120,Marseille,Toulouse,2025-11-29T20:05:00Z,2,2,True,0,1,0.691441,0.674835,0.022141,0.55,True,0,1,0.674835,True,1,0
Ligue 1,2025/26,14,2025-11-28T19:45:00+00:00,Ligue1|2025|121,Strasbourg,Brest,2025-11-30T14:00:00Z,1,2,True,0,1,0.61805,0.563187,0.07315,0.55,True,0,1,0.563187,True,1,0
Ligue 1,2025/26,14,2025-11-28T19:45:00+00:00,Ligue1|2025|122,Angers,Lens,2025-11-30T16:15:00Z,1,2,True,0,2,0.657845,0.572986,0.113145,0.55,True,1,2,0.572986,True,1,1
Ligue 1,2025/26,14,2025-11-28T19:45:00+00:00,Ligue1|2025|123,Le Havre,Lille,2025-11-30T16:15:00Z,0,1,True,0,2,0.608653,0.545913,0.083653,0.55,False,1,,,False,0,
Ligue 1,2025/26,14,2025-11-28T19:45:00+00:00,Ligue1|2025|124,Lorient,Nice,2025-11-30T16:15:00Z,3,1,True,0,GG,0.558543,0.558543,0.0,0.6,False,1,,,False,0,
Ligue 1,2025/26,14,2025-11-28T19:45:00+00:00,Ligue1|2025|125,Lyon,Nantes,2025-11-30T19:45:00Z,3,0,True,0,1,0.680251,0.686363,0.008149,0.55,True,1,1,0.686363,True,1,1
Ligue 1,2025/26,15,2025-12-05T18:00:00+00:00,Ligue1|2025|126,Brest,Monaco,2025-12-05T18:00:00Z,1,0,True,0,GG,0.642379,0.642379,0.0,0.6,True,0,GG,0.642379,True,2,0
Ligue 1,2025/26,15,2025-12-05T18:00:00+00:00,Ligue1|2025|127,Lille,Marseille,2025-12-05T20:00:00Z,1,0,True,0,GG,0.602732,0.602732,0.0,0.6,True,0,GG,0.602732,True,1,0
Ligue 1,2025/26,15,2025-12-05T18:00:00+00:00,Ligue1|2025|128,Nantes,Lens,2025-12-06T16:00:00Z,1,2,True,0,2,0.758746,0.635262,0.164646,0.55,True,1,2,0.635262,True,1,1
Ligue 1,2025/26,15,2025-12-05T18:00:00+00:00,Ligue1|2025|129,Toulouse,Strasbourg,2025-12-06T18:00:00Z,1,0,True,0,GG,0.538167,0.538167,0.0,0.6,False,0,,,False,0,
Ligue 1,2025/26,15,2025-12-05T18:00:00+00:00,Ligue1|2025|130,Paris SG,Rennes,2025-12-06T20:05:00Z,5,0,True,0,1,0.695291,0.730473,0.046909,0.55,True,1,1,0.730473,True,1,1
Ligue 1,2025/26,15,2025-12-05T18:00:00+00:00,Ligue1|2025|131,Nice,Angers,2025-12-07T14:00:00Z,0,1,True,0,GG,0.513782,0.513782,0.0,0.6,False,0,1,0.566612,True,1,0
Ligue 1,2025/26,15,2025-12-05T18:00:00+00:00,Ligue1|2025|132,Auxerre,Metz,2025-12-07T16:15:00Z,3,1,True,0,U2.5,0.517435,0.517435,0.0,0.6,False,0,,,False,0,
Ligue 1,2025/26,15,2025-12-05T18:00:00+00:00,Ligue1|2025|133,Le Havre,Paris FC,2025-12-07T16:15:00Z,0,0,True,0,U2.5,0.532502,0.532502,0.0,0.6,False,1,,,False,0,
Ligue 1,2025/26,15,2025-12-05T18:00:00+00:00,Ligue1|2025|134,Lorient,Lyon,2025-12-07T19:45:00Z,1,0,True,0,2,0.594845,0.533911,0.081245,0.55,False,0,,,False,0,
Ligue 1,2025/26,16,2025-12-12T19:45:00+00:00,Ligue1|2025|135,Angers,Nantes,2025-12-12T19:45:00Z,4,1,True,0,U2.5,0.591903,0.591903,0.0,0.6,False,0,,,False,0,
Ligue 1,2025/26,16,2025-12-12T19:45:00+00:00,Ligue1|2025|136,Rennes,Brest,2025-12-13T16:00:00Z,3,1,True,0,GG,0.606098,0.606098,0.0,0.6,True,1,GG,0.606098,True,1,1
Ligue 1,2025/26,16,2025-12-12T19:45:00+00:00,Ligue1|2025|137,Metz,Paris SG,2025-12-13T18:00:00Z,2,3,True,0,2,0.859776,0.839394,0.027176,0.55,True,1,2,0.839394,True,1,1
Ligue 1,2025/26,16,2025-12-12T19:45:00+00:00,Ligue1|2025|138,Paris FC,Toulouse,2025-12-13T20:05:00Z,0,3,True,0,GG,0.543598,0.543598,0.0,0.6,False,0,,,False,0,
Ligue 1,2025/26,16,2025-12-12T19:45:00+00:00,Ligue1|2025|139,Lyon,Le Havre,2025-12-14T14:00:00Z,1,0,True,0,U2.5,0.56661,0.56661,0.0,0.6,False,1,1,0.621118,True,1,1
Ligue 1,2025/26,16,2025-12-12T19:45:00+00:00,Ligue1|2025|140,Auxerre,Lille,2025-12-14T16:15:00Z,3,4,True,0,2,0.569451,0.553888,0.020751,0.55,True,1,2,0.553888,True,1,1
Ligue 1,2025/26,16,2025-12-12T19:45:00+00:00,Ligue1|2025|141,Lens,Nice,2025-12-14T16:15:00Z,2,0,True,0,1,0.80684,0.633185,0.23154,0.55,True,1,O2.5,0.668552,True,3,0
Ligue 1,2025/26,16,2025-12-12T19:45:00+00:00,Ligue1|2025|142,Strasbourg,Lorient,2025-12-14T16:15:00Z,0,0,True,0,GG,0.565728,0.565728,0.0,0.6,False,0,,,False,0,
Ligue 1,2025/26,16,2025-12-12T19:45:00+00:00,Ligue1|2025|143,Marseille,Monaco,2025-12-14T19:45:00Z,1,0,True,0,1,0.754798,0.5895,0.220398,0.55,True,1,O2.5,0.62679,True,3,0
Ligue 1,2025/26,17,2026-01-02T19:45:00+00:00,Ligue1|2025|144,Toulouse,Lens,2026-01-02T19:45:00Z,0,3,True,0,GG,0.579177,0.579177,0.0,0.6,False,0,,,False,0,
Ligue 1,2025/26,17,2026-01-02T19:45:00+00:00,Ligue1|2025|145,Monaco,Lyon,2026-01-03T16:00:00Z,1,3,True,0,GG,0.615219,0.615219,0.0,0.6,True,1,GG,0.615219,True,1,1
Ligue 1,2025/26,17,2026-01-02T19:45:00+00:00,Ligue1|2025|146,Nice,Strasbourg,2026-01-03T18:00:00Z,1,1,True,0,GG,0.547437,0.547437,0.0,0.6,False,1,,,False,0,
Ligue 1,2025/26,17,2026-01-02T19:45:00+00:00,Ligue1|2025|147,Lille,Rennes,2026-01-03T20:05:00Z,0,2,True,0,O2.5,0.639153,0.639153,0.0,0.6,True,0,O2.5,0.639153,True,2,0
Ligue 1,2025/26,17,2026-01-02T19:45:00+00:00,Ligue1|2025|148,Marseille,Nantes,2026-01-04T14:00:00Z,0,2,True,0,1,0.895883,0.828171,0.090283,0.55,True,0,1,0.828171,True,1,0
Ligue 1,2025/26,17,2026-01-02T19:45:00+00:00,Ligue1|2025|149,Brest,Auxerre,2026-01-04T16:15:00Z,2,0,True,0,GG,0.525957,0.525957,0.0,0.6,False,0,,,False,0,
Ligue 1,2025/26,17,2026-01-02T19:45:00+00:00,Ligue1|2025|150,Le Havre,Angers,2026-01-04T16:15:00Z,2,1,True,0,U2.5,0.566243,0.566243,0.0,0.6,False,0,,,False,0,
Ligue 1,2025/26,17,2026-01-02T19:45:00+00:00,Ligue1|2025|151,Lorient,Metz,2026-01-04T16:15:00Z,1,1,True,0,1,0.638734,0.549833,0.118534,0.55,False,0,,,False,0,
Ligue 1,2025/26,17,2026-01-02T19:45:00+00:00,Ligue1|2025|152,Paris SG,Paris FC,2026-01-04T19:45:00Z,2,1,True,0,1,0.895759,0.87194,0.031759,0.55,True,1,1,0.87194,True,1,1
Ligue 1,2025/26,18,2026-01-16T18:00:00+00:00,Ligue1|2025|153,Monaco,Lorient,2026-01-16T18:00:00Z,1,3,True,0,GG,0.626255,0.626255,0.0,0.6,True,1,GG,0.626255,True,2,1
Ligue 1,2025/26,18,2026-01-16T18:00:00+00:00,Ligue1|2025|154,Paris SG,Lille,2026-01-16T20:00:00Z,3,0,True,0,1,0.662705,0.681751,0.025395,0.55,True,1,1,0.681751,True,1,1
Ligue 1,2025/26,18,2026-01-16T18:00:00+00:00,Ligue1|2025|155,Lens,Auxerre,2026-01-17T16:00:00Z,1,0,True,0,1,0.797019,0.772855,0.032219,0.55,True,1,1,0.772855,True,1,1
Ligue 1,2025/26,18,2026-01-16T18:00:00+00:00,Ligue1|2025|156,Toulouse,Nice,2026-01-17T18:00:00Z,5,1,True,0,GG,0.533825,0.533825,0.0,0.6,False,1,,,False,0,
Ligue 1,2025/26,18,2026-01-16T18:00:00+00:00,Ligue1|2025|157,Angers,Marseille,2026-01-17T20:05:00Z,2,5,True,0,2,0.653534,0.564184,0.119134,0.55,True,1,2,0.564184,True,1,1
Ligue 1,2025/26,18,2026-01-16T18:00:00+00:00,Ligue1|2025|158,Strasbourg,Metz,2026-01-18T14:00:00Z,2,1,True,0,1,0.717182,0.676096,0.054782,0.55,True,1,1,0.676096,True,1,1
Ligue 1,2025/26,18,2026-01-16T18:00:00+00:00,Ligue1|2025|159,Nantes,Paris FC,2026-01-18T16:15:00Z,1,2,True,0,GG,0.550613,0.550613,0.0,0.6,False,1,,,False,0,
Ligue 1,2025/26,18,2026-01-16T18:00:00+00:00,Ligue1|2025|160,Rennes,Le Havre,2026-01-18T16:15:00Z,1,1,True,0,1,0.561705,0.631226,0.092695,0.55,True,0,1,0.631226,True,1,0
Ligue 1,2025/26,18,2026-01-16T18:00:00+00:00,Ligue1|2025|161,Lyon,Brest,2026-01-18T19:45:00Z,2,1,True,0,GG,0.532918,0.532918,0.0,0.6,False,1,,,False,0,
Ligue 1,2025/26,19,2026-01-23T19:00:00+00:00,Ligue1|2025|162,Auxerre,Paris SG,2026-01-23T19:00:00Z,0,1,True,0,2,0.798467,0.810117,0.015533,0.55,True,1,2,0.810117,True,1,1
Ligue 1,2025/26,19,2026-01-23T19:00:00+00:00,Ligue1|2025|163,Rennes,Lorient,2026-01-24T16:00:00Z,0,2,True,0,GG,0.59861,0.59861,0.0,0.6,False,0,,,False,0,
Ligue 1,2025/26,19,2026-01-23T19:00:00+00:00,Ligue1|2025|164,Le Havre,Monaco,2026-01-24T18:00:00Z,0,0,True,0,GG,0.58342,0.58342,0.0,0.6,False,0,,,False,0,
Ligue 1,2025/26,19,2026-01-23T19:00:00+00:00,Ligue1|2025|165,Marseille,Lens,2026-01-24T20:05:00Z,3,1,True,0,GG,0.64807,0.64807,0.0,0.6,True,1,GG,0.64807,True,2,1
Ligue 1,2025/26,19,2026-01-23T19:00:00+00:00,Ligue1|2025|166,Nantes,Nice,2026-01-25T14:00:00Z,1,4,True,0,GG,0.545432,0.545432,0.0,0.6,False,1,,,False,0,
Ligue 1,2025/26,19,2026-01-23T19:00:00+00:00,Ligue1|2025|167,Brest,Toulouse,2026-01-25T16:15:00Z,0,2,True,0,GG,0.529159,0.529159,0.0,0.6,False,0,,,False,0,
Ligue 1,2025/26,19,2026-01-23T19:00:00+00:00,Ligue1|2025|168,Metz,Lyon,2026-01-25T16:15:00Z,2,5,True,0,2,0.791321,0.652555,0.185021,0.55,True,1,2,0.652555,True,1,1
Ligue 1,2025/26,19,2026-01-23T19:00:00+00:00,Ligue1|2025|169,Paris FC,Angers,2026-01-25T16:15:00Z,0,0,True,0,GG,0.529385,0.529385,0.0,0.6,False,0,,,False,0,
Ligue 1,2025/26,19,2026-01-23T19:00:00+00:00,Ligue1|2025|170,Lille,Strasbourg,2026-01-25T19:45:00Z,1,4,True,0,GG,0.559854,0.559854,0.0,0.6,False,1,,,False,0,
Ligue 1,2025/26,20,2026-01-30T19:45:00+00:00,Ligue1|2025|171,Lens,Le Havre,2026-01-30T19:45:00Z,1,0,True,0,1,0.737055,0.725689,0.015155,0.55,True,1,1,0.725689,True,1,1
Ligue 1,2025/26,20,2026-01-30T19:45:00+00:00,Ligue1|2025|172,Paris FC,Marseille,2026-01-31T16:00:00Z,2,2,True,0,2,0.68468,0.58937,0.12708,0.55,True,0,2,0.58937,True,1,0
Ligue 1,2025/26,20,2026-01-30T19:45:00+00:00,Ligue1|2025|173,Lorient,Nantes,2026-01-31T18:00:00Z,2,1,True,0,1,0.66763,0.607683,0.07993,0.55,True,1,1,0.607683,True,1,1
Ligue 1,2025/26,20,2026-01-30T19:45:00+00:00,Ligue1|2025|174,Monaco,Rennes,2026-01-31T20:05:00Z,4,0,True,0,GG,0.642118,0.642118,0.0,0.6,True,0,GG,0.642118,True,2,0
Ligue 1,2025/26,20,2026-01-30T19:45:00+00:00,Ligue1|2025|175,Lyon,Lille,2026-02-01T14:00:00Z,1,0,True,0,1,0.670248,0.534162,0.181448,0.55,False,1,,,False,0,
Ligue 1,2025/26,20,2026-01-30T19:45:00+00:00,Ligue1|2025|176,Angers,Metz,2026-02-01T16:15:00Z,1,0,True,0,U2.5,0.531214,0.531214,0.0,0.6,False,1,,,False,0,
Ligue 1,2025/26,20,2026-01-30T19:45:00+00:00,Ligue1|2025|177,Nice,Brest,2026-02-01T16:15:00Z,2,2,True,0,GG,0.583345,0.583345,0.0,0.6,False,1,,,False,0,
Ligue 1,2025/26,20,2026-01-30T19:45:00+00:00,Ligue1|2025|178,Toulouse,Auxerre,2026-02-01T16:15:00Z,0,0,True,0,1,0.684788,0.644072,0.054288,0.55,True,0,1,0.644072,True,1,0
Ligue 1,2025/26,20,2026-01-30T19:45:00+00:00,Ligue1|2025|179,Strasbourg,Paris SG,2026-02-01T19:45:00Z,1,2,True,0,2,0.59684,0.593585,0.00434,0.55,True,1,2,0.593585,True,1,1
Ligue 1,2025/26,21,2026-02-06T19:45:00+00:00,Ligue1|2025|180,Metz,Lille,2026-02-06T19:45:00Z,0,0,True,0,2,0.646611,0.587353,0.079011,0.55,True,0,2,0.587353,True,1,0
Ligue 1,2025/26,21,2026-02-06T19:45:00+00:00,Ligue1|2025|181,Lens,Rennes,2026-02-07T16:00:00Z,3,1,True,0,1,0.785692,0.633898,0.202392,0.55,True,1,O2.5,0.669328,True,3,1
Ligue 1,2025/26,21,2026-02-06T19:45:00+00:00,Ligue1|2025|182,Brest,Lorient,2026-02-07T18:00:00Z,2,0,True,0,GG,0.558589,0.558589,0.0,0.6,False,0,,,False,0,
Ligue 1,2025/26,21,2026-02-06T19:45:00+00:00,Ligue1|2025|183,Nantes,Lyon,2026-02-07T20:05:00Z,0,1,True,0,2,0.756062,0.670366,0.114262,0.55,True,1,2,0.670366,True,1,1
Ligue 1,2025/26,21,2026-02-06T19:45:00+00:00,Ligue1|2025|184,Nice,Monaco,2026-02-08T14:00:00Z,0,0,True,0,GG,0.636263,0.636263,0.0,0.6,True,0,GG,0.636263,True,2,0
Ligue 1,2025/26,21,2026-02-06T19:45:00+00:00,Ligue1|2025|185,Angers,Toulouse,2026-02-08T16:15:00Z,1,0,True,0,U2.5,0.579905,0.579905,0.0,0.6,False,1,,,False,0,
Ligue 1,2025/26,21,2026-02-06T19:45:00+00:00,Ligue1|2025|186,Auxerre,Paris FC,2026-02-08T16:15:00Z,0,0,True,0,GG,0.529714,0.529714,0.0,0.6,False,0,,,False,0,
Ligue 1,2025/26,21,2026-02-06T19:45:00+00:00,Ligue1|2025|187,Le Havre,Strasbourg,2026-02-08T16:15:00Z,2,1,True,0,2,0.553441,0.494235,0.078941,0.55,False,0,,,False,0,
Ligue 1,2025/26,21,2026-02-06T19:45:00+00:00,Ligue1|2025|188,Paris SG,Marseille,2026-02-08T19:45:00Z,5,0,True,0,1,0.599116,0.644479,0.060484,0.55,True,1,1,0.644479,True,1,1
Ligue 1,2025/26,22,2026-02-13T18:00:00+00:00,Ligue1|2025|189,Rennes,Paris SG,2026-02-13T18:00:00Z,3,1,True,0,2,0.798233,0.718783,0.105933,0.55,True,0,2,0.718783,True,1,0
Ligue 1,2025/26,22,2026-02-13T18:00:00+00:00,Ligue1|2025|190,Monaco,Nantes,2026-02-13T20:05:00Z,3,1,True,0,1,0.727582,0.684696,0.057182,0.55,True,1,1,0.684696,True,1,1
Ligue 1,2025/26,22,2026-02-13T18:00:00+00:00,Ligue1|2025|191,Marseille,Strasbourg,2026-02-14T16:00:00Z,2,2,True,0,GG,0.613521,0.613521,0.0,0.6,True,1,GG,0.613521,True,2,1
Ligue 1,2025/26,22,2026-02-13T18:00:00+00:00,Ligue1|2025|192,Lille,Brest,2026-02-14T18:00:00Z,1,1,True,0,GG,0.580997,0.580997,0.0,0.6,False,1,,,False,0,
Ligue 1,2025/26,22,2026-02-13T18:00:00+00:00,Ligue1|2025|193,Paris FC,Lens,2026-02-14T20:05:00Z,0,5,True,0,2,0.667332,0.585183,0.109532,0.55,True,1,2,0.585183,True,1,1
Ligue 1,2025/26,22,2026-02-13T18:00:00+00:00,Ligue1|2025|194,Le Havre,Toulouse,2026-02-15T14:00:00Z,2,1,True,0,U2.5,0.611731,0.611731,0.0,0.6,True,0,U2.5,0.611731,True,1,0
Ligue 1,2025/26,22,2026-02-13T18:00:00+00:00,Ligue1|2025|195,Lorient,Angers,2026-02-15T16:15:00Z,2,0,True,0,1,0.663402,0.521201,0.189602,0.55,False,1,,,False,0,
Ligue 1,2025/26,22,2026-02-13T18:00:00+00:00,Ligue1|2025|196,Metz,Auxerre,2026-02-15T16:15:00Z,1,3,True,0,U2.5,0.54753,0.54753,0.0,0.6,False,0,,,False,0,
Ligue 1,2025/26,22,2026-02-13T18:00:00+00:00,Ligue1|2025|197,Lyon,Nice,2026-02-15T19:45:00Z,2,0,True,0,1,0.736617,0.637904,0.131617,0.55,True,1,1,0.637904,True,1,1
Ligue 1,2025/26,23,2026-02-20T19:45:00+00:00,Ligue1|2025|198,Brest,Marseille,2026-02-20T19:45:00Z,2,0,True,0,GG,0.62065,0.62065,0.0,0.6,True,0,GG,0.62065,True,2,0
Ligue 1,2025/26,23,2026-02-20T19:45:00+00:00,Ligue1|2025|199,Lens,Monaco,2026-02-21T16:00:00Z,2,3,True,0,O2.5,0.643088,0.643088,0.0,0.6,True,1,O2.5,0.643088,True,3,1
Ligue 1,2025/26,23,2026-02-20T19:45:00+00:00,Ligue1|2025|200,Toulouse,Paris FC,2026-02-21T18:00:00Z,1,1,True,0,1,0.719908,0.580552,0.185808,0.55,True,0,1,0.580552,True,1,0
Ligue 1,2025/26,23,2026-02-20T19:45:00+00:00,Ligue1|2025|201,Paris SG,Metz,2026-02-21T20:05:00Z,3,0,True,0,1,0.94069,0.906873,0.04509,0.55,True,1,1,0.906873,True,2,1
Ligue 1,2025/26,23,2026-02-20T19:45:00+00:00,Ligue1|2025|202,Auxerre,Rennes,2026-02-22T14:00:00Z,0,3,True,0,GG,0.563866,0.563866,0.0,0.6,False,0,,,False,0,
Ligue 1,2025/26,23,2026-02-20T19:45:00+00:00,Ligue1|2025|203,Angers,Lille,2026-02-22T16:15:00Z,0,1,True,0,2,0.54084,0.47181,0.09204,0.55,False,1,,,False,0,
Ligue 1,2025/26,23,2026-02-20T19:45:00+00:00,Ligue1|2025|204,Nantes,Le Havre,2026-02-22T16:15:00Z,2,0,True,0,U2.5,0.588491,0.588491,0.0,0.6,False,1,,,False,0,
Ligue 1,2025/26,23,2026-02-20T19:45:00+00:00,Ligue1|2025|205,Nice,Lorient,2026-02-22T16:15:00Z,3,3,True,0,GG,0.572638,0.572638,0.0,0.6,False,1,,,False,0,
Ligue 1,2025/26,23,2026-02-20T19:45:00+00:00,Ligue1|2025|206,Strasbourg,Lyon,2026-02-22T19:45:00Z,3,1,True,0,GG,0.550705,0.550705,0.0,0.6,False,1,,,False,0,
Ligue 1,2025/26,24,2026-02-27T19:45:00+00:00,Ligue1|2025|207,Strasbourg,Lens,2026-02-27T19:45:00Z,1,1,True,0,GG,0.607887,0.607887,0.0,0.6,True,1,GG,0.607887,True,1,1
Ligue 1,2025/26,24,2026-02-27T19:45:00+00:00,Ligue1|2025|208,Rennes,Toulouse,2026-02-28T16:00:00Z,1,0,True,0,GG,0.566083,0.566083,0.0,0.6,False,0,,,False,0,
Ligue 1,2025/26,24,2026-02-27T19:45:00+00:00,Ligue1|2025|209,Monaco,Angers,2026-02-28T18:00:00Z,2,0,True,0,1,0.759839,0.652635,0.142939,0.55,True,1,1,0.652635,True,1,1
Ligue 1,2025/26,24,2026-02-27T19:45:00+00:00,Ligue1|2025|210,Le Havre,Paris SG,2026-02-28T20:05:00Z,0,1,True,0,2,0.762273,0.770693,0.011227,0.55,True,1,2,0.770693,True,1,1
Ligue 1,2025/26,24,2026-02-27T19:45:00+00:00,Ligue1|2025|211,Paris FC,Nice,2026-03-01T14:00:00Z,1,0,True,0,GG,0.596101,0.596101,0.0,0.6,False,0,,,False,0,
Ligue 1,2025/26,24,2026-02-27T19:45:00+00:00,Ligue1|2025|212,Lille,Nantes,2026-03-01T16:15:00Z,1,0,True,0,1,0.72587,0.703543,0.02977,0.55,True,1,1,0.703543,True,1,1
Ligue 1,2025/26,24,2026-02-27T19:45:00+00:00,Ligue1|2025|213,Lorient,Auxerre,2026-03-01T16:15:00Z,2,2,True,0,1,0.546423,0.543106,0.004423,0.55,False,0,,,False,0,
Ligue 1,2025/26,24,2026-02-27T19:45:00+00:00,Ligue1|2025|214,Metz,Brest,2026-03-01T16:15:00Z,0,1,True,0,2,0.650583,0.568621,0.109283,0.55,True,1,2,0.568621,True,1,1
Ligue 1,2025/26,24,2026-02-27T19:45:00+00:00,Ligue1|2025|215,Marseille,Lyon,2026-03-01T19:45:00Z,3,2,True,0,GG,0.607203,0.607203,0.0,0.6,True,1,GG,0.607203,True,1,1
Ligue 1,2025/26,25,2026-03-06T19:45:00+00:00,Ligue1|2025|216,Paris SG,Monaco,2026-03-06T19:45:00Z,1,3,True,0,1,0.667061,0.72634,0.079039,0.55,True,0,1,0.72634,True,2,0
Ligue 1,2025/26,25,2026-03-06T19:45:00+00:00,Ligue1|2025|217,Nantes,Angers,2026-03-07T16:00:00Z,0,1,True,0,U2.5,0.598347,0.598347,0.0,0.6,False,1,,,False,0,
Ligue 1,2025/26,25,2026-03-06T19:45:00+00:00,Ligue1|2025|218,Auxerre,Strasbourg,2026-03-07T18:00:00Z,0,0,True,0,U2.5,0.537364,0.537364,0.0,0.6,False,1,,,False,0,
Ligue 1,2025/26,25,2026-03-06T19:45:00+00:00,Ligue1|2025|219,Toulouse,Marseille,2026-03-07T20:05:00Z,0,1,True,0,GG,0.579808,0.579808,0.0,0.6,False,0,,,False,0,
Ligue 1,2025/26,25,2026-03-06T19:45:00+00:00,Ligue1|2025|220,Lens,Metz,2026-03-08T14:00:00Z,3,0,True,0,1,0.909743,0.860436,0.065743,0.55,True,1,1,0.860436,True,2,1
Ligue 1,2025/26,25,2026-03-06T19:45:00+00:00,Ligue1|2025|221,Brest,Le Havre,2026-03-08T16:15:00Z,2,0,True,0,1,0.61206,0.585465,0.03546,0.55,True,1,1,0.585465,True,1,1
Ligue 1,2025/26,25,2026-03-06T19:45:00+00:00,Ligue1|2025|222,Lille,Lorient,2026-03-08T16:15:00Z,1,1,True,0,1,0.601291,0.551423,0.066491,0.55,True,0,1,0.551423,True,1,0
Ligue 1,2025/26,25,2026-03-06T19:45:00+00:00,Ligue1|2025|223,Nice,Rennes,2026-03-08T16:15:00Z,0,4,True,0,GG,0.622762,0.622762,0.0,0.6,True,0,GG,0.622762,True,2,0
Ligue 1,2025/26,25,2026-03-06T19:45:00+00:00,Ligue1|2025|224,Lyon,Paris FC,2026-03-08T19:45:00Z,1,1,True,0,1,0.77967,0.682943,0.12897,0.55,True,0,1,0.682943,True,1,0
Ligue 1,2025/26,26,2026-03-13T19:45:00+00:00,Ligue1|2025|225,Marseille,Auxerre,2026-03-13T19:45:00Z,1,0,True,0,O2.5,0.563718,0.563718,0.0,0.6,False,0,1,0.67807,True,1,1
Ligue 1,2025/26,26,2026-03-13T19:45:00+00:00,Ligue1|2025|226,Lorient,Lens,2026-03-14T16:00:00Z,2,1,True,0,2,0.673501,0.5397,0.178401,0.55,False,0,,,False,0,
Ligue 1,2025/26,26,2026-03-13T19:45:00+00:00,Ligue1|2025|227,Angers,Nice,2026-03-14T18:00:00Z,0,2,True,0,GG,0.536302,0.536302,0.0,0.6,False,0,,,False,0,
Ligue 1,2025/26,26,2026-03-13T19:45:00+00:00,Ligue1|2025|228,Monaco,Brest,2026-03-14T20:05:00Z,2,0,True,0,1,0.591531,0.515983,0.100731,0.55,False,1,,,False,0,
Ligue 1,2025/26,26,2026-03-13T19:45:00+00:00,Ligue1|2025|229,Strasbourg,Paris FC,2026-03-15T14:00:00Z,0,0,True,0,1,0.691993,0.613623,0.104493,0.55,True,0,1,0.613623,True,1,0
Ligue 1,2025/26,26,2026-03-13T19:45:00+00:00,Ligue1|2025|230,Le Havre,Lyon,2026-03-15T16:15:00Z,0,0,True,0,2,0.614514,0.552179,0.083114,0.55,True,0,2,0.552179,True,1,0
Ligue 1,2025/26,26,2026-03-13T19:45:00+00:00,Ligue1|2025|231,Metz,Toulouse,2026-03-15T16:15:00Z,3,4,True,0,2,0.598286,0.527497,0.094386,0.55,False,1,,,False,0,
Ligue 1,2025/26,26,2026-03-13T19:45:00+00:00,Ligue1|2025|232,Rennes,Lille,2026-03-15T19:45:00Z,1,2,True,0,GG,0.600223,0.600223,0.0,0.6,True,1,GG,0.600223,True,1,1
Ligue 1,2025/26,27,2026-03-20T19:45:00+00:00,Ligue1|2025|233,Lens,Angers,2026-03-20T19:45:00Z,5,1,True,0,1,0.842232,0.771633,0.094132,0.55,True,1,1,0.771633,True,1,1
Ligue 1,2025/26,27,2026-03-20T19:45:00+00:00,Ligue1|2025|234,Toulouse,Lorient,2026-03-21T16:00:00Z,1,0,True,0,GG,0.519424,0.519424,0.0,0.6,False,0,,,False,0,
Ligue 1,2025/26,27,2026-03-20T19:45:00+00:00,Ligue1|2025|235,Auxerre,Brest,2026-03-21T18:00:00Z,3,0,True,0,U2.5,0.549021,0.549021,0.0,0.6,False,0,,,False,0,
Ligue 1,2025/26,27,2026-03-20T19:45:00+00:00,Ligue1|2025|236,Nice,Paris SG,2026-03-21T20:05:00Z,0,4,True,0,2,0.837943,0.716636,0.161743,0.55,True,1,2,0.716636,True,2,1
Ligue 1,2025/26,27,2026-03-20T19:45:00+00:00,Ligue1|2025|237,Lyon,Monaco,2026-03-22T14:00:00Z,1,2,True,0,GG,0.601439,0.601439,0.0,0.6,True,1,GG,0.601439,True,1,1
Ligue 1,2025/26,27,2026-03-20T19:45:00+00:00,Ligue1|2025|238,Marseille,Lille,2026-03-22T16:15:00Z,1,2,True,0,GG,0.610557,0.610557,0.0,0.6,True,1,GG,0.610557,True,1,1
Ligue 1,2025/26,27,2026-03-20T19:45:00+00:00,Ligue1|2025|239,Paris FC,Le Havre,2026-03-22T16:15:00Z,3,2,True,0,U2.5,0.528596,0.528596,0.0,0.6,False,0,,,False,0,
Ligue 1,2025/26,27,2026-03-20T19:45:00+00:00,Ligue1|2025|240,Rennes,Metz,2026-03-22T16:15:00Z,0,0,True,0,1,0.818029,0.790932,0.036129,0.55,True,0,1,0.790932,True,1,0
Ligue 1,2025/26,27,2026-03-20T19:45:00+00:00,Ligue1|2025|241,Nantes,Strasbourg,2026-03-22T19:45:00Z,2,3,True,0,U2.5,0.543978,0.543978,0.0,0.6,False,0,,,False,0,
Ligue 1,2025/26,28,2026-04-03T19:45:00+00:00,Ligue1|2025|242,Paris SG,Toulouse,2026-04-03T19:45:00Z,3,1,True,0,1,0.755823,0.779956,0.032177,0.55,True,1,1,0.779956,True,1,1
Ligue 1,2025/26,28,2026-04-03T19:45:00+00:00,Ligue1|2025|243,Strasbourg,Nice,2026-04-04T16:00:00Z,3,1,True,0,1,0.681128,0.597632,0.111328,0.55,True,1,1,0.597632,True,1,1
Ligue 1,2025/26,28,2026-04-03T19:45:00+00:00,Ligue1|2025|244,Brest,Rennes,2026-04-04T18:00:00Z,3,4,True,0,GG,0.590227,0.590227,0.0,0.6,False,1,,,False,0,
Ligue 1,2025/26,28,2026-04-03T19:45:00+00:00,Ligue1|2025|245,Lille,Lens,2026-04-04T20:05:00Z,3,0,True,0,GG,0.607722,0.607722,0.0,0.6,True,0,GG,0.607722,True,1,0
Ligue 1,2025/26,28,2026-04-03T19:45:00+00:00,Ligue1|2025|246,Angers,Lyon,2026-04-05T14:00:00Z,0,0,True,0,2,0.608849,0.553312,0.074049,0.55,True,0,2,0.553312,True,1,0
Ligue 1,2025/26,28,2026-04-03T19:45:00+00:00,Ligue1|2025|247,Le Havre,Auxerre,2026-04-05T16:15:00Z,1,1,True,0,U2.5,0.606743,0.606743,0.0,0.6,True,1,U2.5,0.606743,True,1,1
Ligue 1,2025/26,28,2026-04-03T19:45:00+00:00,Ligue1|2025|248,Lorient,Paris FC,2026-04-05T16:15:00Z,1,1,True,0,GG,0.558226,0.558226,0.0,0.6,False,1,,,False,0,
Ligue 1,2025/26,28,2026-04-03T19:45:00+00:00,Ligue1|2025|249,Metz,Nantes,2026-04-05T16:15:00Z,0,0,True,0,U2.5,0.581724,0.581724,0.0,0.6,False,1,,,False,0,
Ligue 1,2025/26,28,2026-04-03T19:45:00+00:00,Ligue1|2025|250,Monaco,Marseille,2026-04-05T19:45:00Z,2,1,True,0,GG,0.651484,0.651484,0.0,0.6,True,1,GG,0.651484,True,2,1
Ligue 1,2025/26,29,2026-04-10T18:00:00+00:00,Ligue1|2025|251,Paris FC,Monaco,2026-04-10T18:00:00Z,4,1,True,0,2,0.667356,0.534264,0.177456,0.55,False,0,GG,0.619447,True,2,1
Ligue 1,2025/26,29,2026-04-10T18:00:00+00:00,Ligue1|2025|252,Marseille,Metz,2026-04-10T20:05:00Z,3,1,True,0,1,0.850547,0.817062,0.044647,0.55,True,1,1,0.817062,True,2,1
Ligue 1,2025/26,29,2026-04-10T18:00:00+00:00,Ligue1|2025|253,Auxerre,Nantes,2026-04-11T18:00:00Z,0,0,True,0,U2.5,0.589293,0.589293,0.0,0.6,False,1,,,False,0,
Ligue 1,2025/26,29,2026-04-10T18:00:00+00:00,Ligue1|2025|254,Rennes,Angers,2026-04-11T20:05:00Z,2,1,True,0,1,0.80007,0.706567,0.12467,0.55,True,1,1,0.706567,True,1,1
Ligue 1,2025/26,29,2026-04-10T18:00:00+00:00,Ligue1|2025|255,Nice,Le Havre,2026-04-12T16:15:00Z,1,1,True,0,GG,0.543834,0.543834,0.0,0.6,False,1,,,False,0,
Ligue 1,2025/26,29,2026-04-10T18:00:00+00:00,Ligue1|2025|256,Toulouse,Lille,2026-04-12T16:15:00Z,0,4,True,0,2,0.622679,0.47592,0.195679,0.55,False,1,,,False,0,
Ligue 1,2025/26,29,2026-04-10T18:00:00+00:00,Ligue1|2025|257,Lyon,Lorient,2026-04-12T19:45:00Z,2,0,True,0,GG,0.537431,0.537431,0.0,0.6,False,0,,,False,0,
Ligue 1,2025/26,30,2026-04-17T19:45:00+00:00,Ligue1|2025|258,Lens,Toulouse,2026-04-17T19:45:00Z,3,2,True,0,1,0.731135,0.645234,0.114535,0.55,True,1,1,0.645234,True,1,1
Ligue 1,2025/26,30,2026-04-17T19:45:00+00:00,Ligue1|2025|259,Lorient,Marseille,2026-04-18T16:00:00Z,2,0,True,0,GG,0.60084,0.60084,0.0,0.6,True,0,GG,0.60084,True,1,0
Ligue 1,2025/26,30,2026-04-17T19:45:00+00:00,Ligue1|2025|260,Angers,Le Havre,2026-04-18T18:00:00Z,1,1,True,0,U2.5,0.60692,0.60692,0.0,0.6,True,1,U2.5,0.60692,True,1,1
Ligue 1,2025/26,30,2026-04-17T19:45:00+00:00,Ligue1|2025|261,Lille,Nice,2026-04-18T20:05:00Z,0,0,True,0,1,0.809914,0.705354,0.139414,0.55,True,0,1,0.705354,True,2,0
Ligue 1,2025/26,30,2026-04-17T19:45:00+00:00,Ligue1|2025|262,Monaco,Auxerre,2026-04-19T14:00:00Z,2,2,True,0,1,0.658147,0.663737,0.007453,0.55,True,0,1,0.663737,True,1,0
Ligue 1,2025/26,30,2026-04-17T19:45:00+00:00,Ligue1|2025|263,Metz,Paris FC,2026-04-19T16:15:00Z,1,3,True,0,2,0.614252,0.544763,0.092652,0.55,False,1,,,False,0,
Ligue 1,2025/26,30,2026-04-17T19:45:00+00:00,Ligue1|2025|265,Strasbourg,Rennes,2026-04-19T16:15:00Z,0,3,True,0,O2.5,0.578126,0.578126,0.0,0.6,False,1,,,False,0,
Ligue 1,2025/26,30,2026-04-17T19:45:00+00:00,Ligue1|2025|266,Paris SG,Lyon,2026-04-19T19:45:00Z,1,2,True,0,1,0.728506,0.697976,0.040706,0.55,True,0,1,0.697976,True,1,0
Ligue 1,2025/26,30,2026-04-17T19:45:00+00:00,Ligue1|2025|267,Paris SG,Nantes,2026-04-22T18:00:00Z,3,0,True,0,1,0.847677,0.878369,0.040923,0.55,True,1,1,0.878369,True,1,1
Ligue 1,2025/26,30,2026-04-24T19:45:00+00:00,Ligue1|2025|268,Brest,Lens,2026-04-24T19:45:00Z,3,3,True,0,2,0.666827,0.512007,0.206427,0.55,False,0,GG,0.609001,True,2,1
Ligue 1,2025/26,31,2026-04-25T14:00:00+00:00,Ligue1|2025|269,Lyon,Auxerre,2026-04-25T14:00:00Z,3,2,True,0,U2.5,0.538857,0.538857,0.0,0.6,False,0,1,0.629648,True,1,1
Ligue 1,2025/26,31,2026-04-25T14:00:00+00:00,Ligue1|2025|270,Angers,Paris SG,2026-04-25T18:00:00Z,0,3,True,0,2,0.894812,0.808478,0.115112,0.55,True,1,2,0.808478,True,1,1
Ligue 1,2025/26,31,2026-04-25T14:00:00+00:00,Ligue1|2025|271,Toulouse,Monaco,2026-04-25T20:05:00Z,2,2,True,0,GG,0.577244,0.577244,0.0,0.6,False,1,,,False,0,
Ligue 1,2025/26,31,2026-04-25T14:00:00+00:00,Ligue1|2025|272,Lorient,Strasbourg,2026-04-26T14:00:00Z,2,3,True,0,GG,0.555644,0.555644,0.0,0.6,False,1,,,False,0,
Ligue 1,2025/26,31,2026-04-25T14:00:00+00:00,Ligue1|2025|273,Le Havre,Metz,2026-04-26T16:15:00Z,4,4,True,0,U2.5,0.556678,0.556678,0.0,0.6,False,0,1,0.564865,True,1,0
Ligue 1,2025/26,31,2026-04-25T14:00:00+00:00,Ligue1|2025|274,Paris FC,Lille,2026-04-26T16:15:00Z,0,1,True,0,2,0.584882,0.471646,0.150982,0.55,False,1,,,False,0,
Ligue 1,2025/26,31,2026-04-25T14:00:00+00:00,Ligue1|2025|275,Rennes,Nantes,2026-04-26T16:15:00Z,2,1,True,0,1,0.713482,0.76022,0.062318,0.55,True,1,1,0.76022,True,1,1
Ligue 1,2025/26,31,2026-04-25T14:00:00+00:00,Ligue1|2025|276,Marseille,Nice,2026-04-26T19:45:00Z,1,1,True,0,1,0.692056,0.623014,0.092056,0.55,True,0,O2.5,0.661347,True,3,0
Ligue 1,2025/26,32,2026-05-02T14:00:00+00:00,Ligue1|2025|277,Nantes,Marseille,2026-05-02T14:00:00Z,3,0,True,0,GG,0.548917,0.548917,0.0,0.6,False,0,2,0.574793,True,1,0
Ligue 1,2025/26,32,2026-05-02T14:00:00+00:00,Ligue1|2025|278,Paris SG,Lorient,2026-05-02T16:00:00Z,2,2,True,0,1,0.864199,0.815525,0.064899,0.55,True,0,1,0.815525,True,1,0
Ligue 1,2025/26,32,2026-05-02T14:00:00+00:00,Ligue1|2025|279,Metz,Monaco,2026-05-02T18:00:00Z,1,2,True,0,2,0.787291,0.696323,0.121291,0.55,True,1,2,0.696323,True,1,1
Ligue 1,2025/26,32,2026-05-02T14:00:00+00:00,Ligue1|2025|280,Nice,Lens,2026-05-02T20:05:00Z,1,1,True,0,2,0.701882,0.543645,0.210982,0.55,False,0,O2.5,0.651937,True,2,0
Ligue 1,2025/26,32,2026-05-02T14:00:00+00:00,Ligue1|2025|281,Lille,Le Havre,2026-05-03T14:00:00Z,1,1,True,0,1,0.803957,0.752164,0.069057,0.55,True,0,1,0.752164,True,1,0
Ligue 1,2025/26,32,2026-05-02T14:00:00+00:00,Ligue1|2025|282,Auxerre,Angers,2026-05-03T16:15:00Z,3,1,True,0,1,0.674727,0.531982,0.190327,0.55,False,1,U2.5,0.614607,True,1,0
Ligue 1,2025/26,32,2026-05-02T14:00:00+00:00,Ligue1|2025|283,Paris FC,Brest,2026-05-03T16:15:00Z,4,0,True,0,GG,0.568859,0.568859,0.0,0.6,False,0,,,False,0,
Ligue 1,2025/26,32,2026-05-02T14:00:00+00:00,Ligue1|2025|284,Strasbourg,Toulouse,2026-05-03T16:15:00Z,1,2,True,0,1,0.619991,0.565998,0.071991,0.55,True,0,1,0.565998,True,1,0
Ligue 1,2025/26,32,2026-05-02T14:00:00+00:00,Ligue1|2025|285,Lyon,Rennes,2026-05-03T19:45:00Z,4,2,True,0,GG,0.591336,0.591336,0.0,0.6,False,1,,,False,0,
Ligue 1,2025/26,33,2026-05-08T19:45:00+00:00,Ligue1|2025|286,Lens,Nantes,2026-05-08T19:45:00Z,1,0,True,0,1,0.715563,0.749266,0.044937,0.55,True,1,1,0.749266,True,2,1
Ligue 1,2025/26,33,2026-05-08T19:45:00+00:00,Ligue1|2025|287,Angers,Strasbourg,2026-05-10T20:00:00Z,1,1,True,0,2,0.680285,0.559621,0.160885,0.55,True,0,2,0.559621,True,1,0
Ligue 1,2025/26,33,2026-05-08T19:45:00+00:00,Ligue1|2025|288,Auxerre,Nice,2026-05-10T20:00:00Z,2,1,True,0,GG,0.527324,0.527324,0.0,0.6,False,1,,,False,0,
Ligue 1,2025/26,33,2026-05-08T19:45:00+00:00,Ligue1|2025|289,Le Havre,Marseille,2026-05-10T20:00:00Z,0,1,True,0,2,0.569209,0.486627,0.110109,0.55,False,1,,,False,0,
Ligue 1,2025/26,33,2026-05-08T19:45:00+00:00,Ligue1|2025|290,Metz,Lorient,2026-05-10T20:00:00Z,0,4,True,0,GG,0.528798,0.528798,0.0,0.6,False,0,,,False,0,
Ligue 1,2025/26,33,2026-05-08T19:45:00+00:00,Ligue1|2025|291,Monaco,Lille,2026-05-10T20:00:00Z,0,1,True,0,GG,0.589631,0.589631,0.0,0.6,False,0,,,False,0,
Ligue 1,2025/26,33,2026-05-08T19:45:00+00:00,Ligue1|2025|293,Rennes,Paris FC,2026-05-10T20:00:00Z,2,1,True,0,GG,0.61128,0.61128,0.0,0.6,True,1,GG,0.61128,True,1,1
Ligue 1,2025/26,33,2026-05-08T19:45:00+00:00,Ligue1|2025|294,Toulouse,Lyon,2026-05-10T20:00:00Z,2,1,True,0,2,0.570852,0.485238,0.114152,0.55,False,0,,,False,0,
Ligue 1,2025/26,33,2026-05-08T19:45:00+00:00,Ligue1|2025|295,Brest,Strasbourg,2026-05-13T18:00:00Z,1,2,True,0,GG,0.557329,0.557329,0.0,0.6,False,1,,,False,0,
Ligue 1,2025/26,33,2026-05-13T20:00:00+00:00,Ligue1|2025|296,Lens,Paris SG,2026-05-13T20:00:00Z,0,2,True,0,2,0.680405,0.517576,0.217105,0.55,False,1,,,False,0,
Ligue 1,2025/26,34,2026-05-17T20:00:00+00:00,Ligue1|2025|297,Brest,Angers,2026-05-17T20:00:00Z,1,1,True,0,1,0.555001,0.5436,0.015201,0.55,False,0,,,False,0,
Ligue 1,2025/26,34,2026-05-17T20:00:00+00:00,Ligue1|2025|298,Lille,Auxerre,2026-05-17T20:00:00Z,0,2,True,0,1,0.639907,0.670052,0.040193,0.55,True,0,1,0.670052,True,1,0
Ligue 1,2025/26,34,2026-05-17T20:00:00+00:00,Ligue1|2025|299,Lorient,Le Havre,2026-05-17T20:00:00Z,0,2,True,0,1,0.647894,0.589473,0.077894,0.55,True,0,1,0.589473,True,1,0
Ligue 1,2025/26,34,2026-05-17T20:00:00+00:00,Ligue1|2025|300,Lyon,Lens,2026-05-17T20:00:00Z,0,4,True,0,GG,0.611601,0.611601,0.0,0.6,True,0,GG,0.611601,True,1,0
Ligue 1,2025/26,34,2026-05-17T20:00:00+00:00,Ligue1|2025|301,Marseille,Rennes,2026-05-17T20:00:00Z,3,1,True,0,O2.5,0.664393,0.664393,0.0,0.6,True,1,O2.5,0.664393,True,2,1
Ligue 1,2025/26,34,2026-05-17T20:00:00+00:00,Ligue1|2025|302,Nantes,Toulouse,2026-05-17T20:00:00Z,0,0,True,0,U2.5,0.578995,0.578995,0.0,0.6,False,1,,,False,0,
Ligue 1,2025/26,34,2026-05-17T20:00:00+00:00,Ligue1|2025|303,Nice,Metz,2026-05-17T20:00:00Z,0,0,True,0,1,0.634573,0.652518,0.023927,0.55,True,0,1,0.652518,True,1,0
Ligue 1,2025/26,34,2026-05-17T20:00:00+00:00,Ligue1|2025|304,Paris FC,Paris SG,2026-05-17T20:00:00Z,2,1,True,0,2,0.758427,0.671857,0.115427,0.55,True,0,2,0.671857,True,1,0
Ligue 1,2025/26,34,2026-05-17T20:00:00+00:00,Ligue1|2025|305,Strasbourg,Monaco,2026-05-17T20:00:00Z,5,4,True,0,GG,0.607846,0.607846,0.0,0.6,True,1,GG,0.607846,True,1,1
