league,season_label,matchday,cutoff,match_id,home,away,kickoff,fthg,ftag,elo_available,team_stats_missing,A_market,A_poisson,A_conf,A_disagree,A_min_conf,A_admitted,A_hit,B_market,B_conf,B_admitted,B_n_admitted_markets,B_hit
Serie A,2024/25,1,2024-08-17T17:30:00+00:00,SerieA|2024|0,Genoa,Inter,2024-08-17T17:30:00Z,2,2,True,0,2,0.649882,0.635369,0.036282,0.55,True,0,2,0.635369,True,1,0
Serie A,2024/25,1,2024-08-17T17:30:00+00:00,SerieA|2024|1,Parma,Fiorentina,2024-08-17T17:30:00Z,1,1,True,1,GG,0.535862,0.535862,0.0,0.6,False,1,,,False,0,
Serie A,2024/25,1,2024-08-17T17:30:00+00:00,SerieA|2024|2,Empoli,Monza,2024-08-17T19:45:00Z,0,0,True,0,U2.5,0.64443,0.64443,0.0,0.6,True,1,U2.5,0.64443,True,1,1
Serie A,2024/25,1,2024-08-17T17:30:00+00:00,SerieA|2024|3,Milan,Torino,2024-08-17T19:45:00Z,2,2,True,0,1,0.688381,0.629228,0.147881,0.55,True,0,1,0.629228,True,1,0
Serie A,2024/25,1,2024-08-17T17:30:00+00:00,SerieA|2024|4,Bologna,Udinese,2024-08-18T17:30:00Z,1,1,True,0,U2.5,0.564006,0.564006,0.0,0.6,False,1,1,0.577975,True,1,0
Serie A,2024/25,1,2024-08-17T17:30:00+00:00,SerieA|2024|5,Verona,Napoli,2024-08-18T17:30:00Z,3,0,True,0,2,0.618239,0.551383,0.167139,0.55,True,0,2,0.551383,True,1,0
Serie A,2024/25,1,2024-08-17T17:30:00+00:00,SerieA|2024|6,Cagliari,Roma,2024-08-18T19:45:00Z,0,0,True,0,2,0.665138,0.593883,0.178138,0.55,True,0,2,0.593883,True,1,0
Serie A,2024/25,1,2024-08-17T17:30:00+00:00,SerieA|2024|7,Lazio,Venezia,2024-08-18T19:45:00Z,3,1,True,1,1,0.6628,0.62132,0.1037,0.55,True,1,1,0.62132,True,1,1
Serie A,2024/25,1,2024-08-17T17:30:00+00:00,SerieA|2024|8,Lecce,Atalanta,2024-08-19T17:30:00Z,0,4,True,0,2,0.705157,0.660694,0.111157,0.55,True,1,2,0.660694,True,1,1
Serie A,2024/25,1,2024-08-17T17:30:00+00:00,SerieA|2024|9,Juventus,Como,2024-08-19T19:45:00Z,3,0,True,1,1,0.695567,0.6577,0.094667,0.55,True,1,1,0.6577,True,1,1
Serie A,2024/25,2,2024-08-24T17:30:00+00:00,SerieA|2024|10,Parma,Milan,2024-08-24T17:30:00Z,2,1,True,0,U2.5,0.53244,0.53244,0.0,0.6,False,0,,,False,0,
Serie A,2024/25,2,2024-08-24T17:30:00+00:00,SerieA|2024|11,Udinese,Lazio,2024-08-24T17:30:00Z,2,1,True,0,GG,0.554473,0.554473,0.0,0.6,False,1,,,False,0,
Serie A,2024/25,2,2024-08-24T17:30:00+00:00,SerieA|2024|12,Inter,Lecce,2024-08-24T19:45:00Z,2,0,True,0,1,0.740268,0.790321,0.125132,0.55,True,1,1,0.790321,True,1,1
Serie A,2024/25,2,2024-08-24T17:30:00+00:00,SerieA|2024|13,Monza,Genoa,2024-08-24T19:45:00Z,0,1,True,0,U2.5,0.548791,0.548791,0.0,0.6,False,1,,,False,0,
Serie A,2024/25,2,2024-08-24T17:30:00+00:00,SerieA|2024|14,Fiorentina,Venezia,2024-08-25T17:30:00Z,0,0,True,0,1,0.573681,0.584568,0.027219,0.55,True,0,1,0.584568,True,1,0
Serie A,2024/25,2,2024-08-24T17:30:00+00:00,SerieA|2024|15,Torino,Atalanta,2024-08-25T17:30:00Z,2,1,True,0,GG,0.557664,0.557664,0.0,0.6,False,1,,,False,0,
Serie A,2024/25,2,2024-08-24T17:30:00+00:00,SerieA|2024|16,Napoli,Bologna,2024-08-25T19:45:00Z,3,0,True,0,GG,0.547812,0.547812,0.0,0.6,False,0,,,False,0,
Serie A,2024/25,2,2024-08-24T17:30:00+00:00,SerieA|2024|17,Roma,Empoli,2024-08-25T19:45:00Z,1,2,True,0,U2.5,0.598838,0.598838,0.0,0.6,False,0,,,False,0,
Serie A,2024/25,2,2024-08-24T17:30:00+00:00,SerieA|2024|18,Cagliari,Como,2024-08-26T17:30:00Z,1,1,True,0,U2.5,0.575604,0.575604,0.0,0.6,False,1,,,False,0,
Serie A,2024/25,2,2024-08-24T17:30:00+00:00,SerieA|2024|19,Verona,Juventus,2024-08-26T19:45:00Z,0,3,True,0,U2.5,0.576628,0.576628,0.0,0.6,False,0,,,False,0,
Serie A,2024/25,3,2024-08-30T17:30:00+00:00,SerieA|2024|20,Venezia,Torino,2024-08-30T17:30:00Z,0,1,True,0,GG,0.53956,0.53956,0.0,0.6,False,0,,,False,0,
Serie A,2024/25,3,2024-08-30T17:30:00+00:00,SerieA|2024|21,Inter,Atalanta,2024-08-30T19:45:00Z,4,0,True,0,GG,0.614092,0.614092,0.0,0.6,True,0,GG,0.614092,True,2,0
Serie A,2024/25,3,2024-08-30T17:30:00+00:00,SerieA|2024|22,Bologna,Empoli,2024-08-31T17:30:00Z,1,1,True,0,GG,0.535121,0.535121,0.0,0.6,False,1,,,False,0,
Serie A,2024/25,3,2024-08-30T17:30:00+00:00,SerieA|2024|23,Lecce,Cagliari,2024-08-31T17:30:00Z,1,0,True,0,GG,0.533333,0.533333,0.0,0.6,False,0,,,False,0,
Serie A,2024/25,3,2024-08-30T17:30:00+00:00,SerieA|2024|24,Lazio,Milan,2024-08-31T19:45:00Z,2,2,True,0,1,0.555776,0.482426,0.183376,0.55,False,0,,,False,0,
Serie A,2024/25,3,2024-08-30T17:30:00+00:00,SerieA|2024|25,Napoli,Parma,2024-08-31T19:45:00Z,2,1,True,0,GG,0.528767,0.528767,0.0,0.6,False,1,,,False,0,
Serie A,2024/25,3,2024-08-30T17:30:00+00:00,SerieA|2024|26,Fiorentina,Monza,2024-09-01T17:30:00Z,2,2,True,0,U2.5,0.682332,0.682332,0.0,0.6,True,0,U2.5,0.682332,True,2,0
Serie A,2024/25,3,2024-08-30T17:30:00+00:00,SerieA|2024|27,Genoa,Verona,2024-09-01T17:30:00Z,0,2,True,0,U2.5,0.570463,0.570463,0.0,0.6,False,1,1,0.556084,True,1,0
Serie A,2024/25,3,2024-08-30T17:30:00+00:00,SerieA|2024|28,Juventus,Roma,2024-09-01T19:45:00Z,0,0,True,0,1,0.610563,0.548698,0.154663,0.55,False,0,,,False,0,
Serie A,2024/25,3,2024-08-30T17:30:00+00:00,SerieA|2024|29,Udinese,Como,2024-09-01T19:45:00Z,1,0,True,0,U2.5,0.546649,0.546649,0.0,0.6,False,1,,,False,0,
Serie A,2024/25,4,2024-09-14T14:00:00+00:00,SerieA|2024|30,Como,Bologna,2024-09-14T14:00:00Z,2,2,True,0,U2.5,0.563576,0.563576,0.0,0.6,False,0,,,False,0,
Serie A,2024/25,4,2024-09-14T14:00:00+00:00,SerieA|2024|31,Empoli,Juventus,2024-09-14T17:00:00Z,0,0,True,0,U2.5,0.656025,0.656025,0.0,0.6,True,1,U2.5,0.656025,True,1,1
Serie A,2024/25,4,2024-09-14T14:00:00+00:00,SerieA|2024|32,Milan,Venezia,2024-09-14T19:45:00Z,4,0,True,0,1,0.698489,0.662174,0.090789,0.55,True,1,1,0.662174,True,1,1
Serie A,2024/25,4,2024-09-14T14:00:00+00:00,SerieA|2024|33,Genoa,Roma,2024-09-15T11:30:00Z,1,1,True,0,U2.5,0.545645,0.545645,0.0,0.6,False,1,,,False,0,
Serie A,2024/25,4,2024-09-14T14:00:00+00:00,SerieA|2024|34,Atalanta,Fiorentina,2024-09-15T14:00:00Z,3,2,True,0,GG,0.556463,0.556463,0.0,0.6,False,1,,,False,0,
Serie A,2024/25,4,2024-09-14T14:00:00+00:00,SerieA|2024|35,Torino,Lecce,2024-09-15T14:00:00Z,0,0,True,0,1,0.68304,0.656464,0.06644,0.55,True,0,1,0.656464,True,1,0
Serie A,2024/25,4,2024-09-14T14:00:00+00:00,SerieA|2024|36,Cagliari,Napoli,2024-09-15T17:00:00Z,0,4,True,0,GG,0.547905,0.547905,0.0,0.6,False,0,,,False,0,
Serie A,2024/25,4,2024-09-14T14:00:00+00:00,SerieA|2024|37,Monza,Inter,2024-09-15T19:45:00Z,1,1,True,0,U2.5,0.605572,0.605572,0.0,0.6,True,1,U2.5,0.605572,True,2,1
Serie A,2024/25,4,2024-09-14T14:00:00+00:00,SerieA|2024|38,Parma,Udinese,2024-09-16T17:30:00Z,2,3,True,0,O2.5,0.558876,0.558876,0.0,0.6,False,1,,,False,0,
Serie A,2024/25,4,2024-09-14T14:00:00+00:00,SerieA|2024|39,Lazio,Verona,2024-09-16T19:45:00Z,2,1,True,0,1,0.535386,0.544952,0.023914,0.55,False,1,,,False,0,
Serie A,2024/25,5,2024-09-20T17:30:00+00:00,SerieA|2024|40,Cagliari,Empoli,2024-09-20T17:30:00Z,0,2,True,0,U2.5,0.563962,0.563962,0.0,0.6,False,1,,,False,0,
Serie A,2024/25,5,2024-09-20T17:30:00+00:00,SerieA|2024|41,Verona,Torino,2024-09-20T19:45:00Z,2,3,True,0,U2.5,0.520568,0.520568,0.0,0.6,False,0,,,False,0,
Serie A,2024/25,5,2024-09-20T17:30:00+00:00,SerieA|2024|42,Venezia,Genoa,2024-09-21T14:00:00Z,2,0,True,0,U2.5,0.561246,0.561246,0.0,0.6,False,1,,,False,0,
Serie A,2024/25,5,2024-09-20T17:30:00+00:00,SerieA|2024|43,Juventus,Napoli,2024-09-21T17:00:00Z,0,0,True,0,U2.5,0.663557,0.663557,0.0,0.6,True,1,U2.5,0.663557,True,1,1
Serie A,2024/25,5,2024-09-20T17:30:00+00:00,SerieA|2024|44,Lecce,Parma,2024-09-21T19:45:00Z,2,2,True,0,GG,0.606343,0.606343,0.0,0.6,True,1,GG,0.606343,True,1,1
Serie A,2024/25,5,2024-09-20T17:30:00+00:00,SerieA|2024|45,Fiorentina,Lazio,2024-09-22T11:30:00Z,2,1,True,0,U2.5,0.540131,0.540131,0.0,0.6,False,0,,,False,0,
Serie A,2024/25,5,2024-09-20T17:30:00+00:00,SerieA|2024|46,Monza,Bologna,2024-09-22T14:00:00Z,1,2,True,0,U2.5,0.645958,0.645958,0.0,0.6,True,0,U2.5,0.645958,True,1,0
Serie A,2024/25,5,2024-09-20T17:30:00+00:00,SerieA|2024|47,Roma,Udinese,2024-09-22T17:00:00Z,3,0,True,0,GG,0.564449,0.564449,0.0,0.6,False,0,,,False,0,
Serie A,2024/25,5,2024-09-20T17:30:00+00:00,SerieA|2024|48,Inter,Milan,2024-09-22T19:45:00Z,1,2,True,0,1,0.628059,0.614635,0.033559,0.55,True,0,1,0.614635,True,1,0
Serie A,2024/25,5,2024-09-20T17:30:00+00:00,SerieA|2024|49,Atalanta,Como,2024-09-24T19:45:00Z,2,3,True,0,1,0.688422,0.670093,0.045822,0.55,True,0,1,0.670093,True,1,0
Serie A,2024/25,6,2024-09-27T19:45:00+00:00,SerieA|2024|50,Milan,Lecce,2024-09-27T19:45:00Z,3,0,True,0,1,0.793785,0.741431,0.130885,0.55,True,1,1,0.741431,True,1,1
Serie A,2024/25,6,2024-09-27T19:45:00+00:00,SerieA|2024|51,Udinese,Inter,2024-09-28T14:00:00Z,2,3,True,0,2,0.655291,0.619734,0.088891,0.55,True,1,2,0.619734,True,1,1
Serie A,2024/25,6,2024-09-27T19:45:00+00:00,SerieA|2024|52,Genoa,Juventus,2024-09-28T17:00:00Z,0,3,True,0,U2.5,0.681569,0.681569,0.0,0.6,True,0,U2.5,0.681569,True,2,0
Serie A,2024/25,6,2024-09-27T19:45:00+00:00,SerieA|2024|53,Bologna,Atalanta,2024-09-28T19:45:00Z,1,1,True,0,GG,0.586906,0.586906,0.0,0.6,False,1,,,False,0,
Serie A,2024/25,6,2024-09-27T19:45:00+00:00,SerieA|2024|54,Torino,Lazio,2024-09-29T11:30:00Z,2,3,True,0,GG,0.561329,0.561329,0.0,0.6,False,1,,,False,0,
Serie A,2024/25,6,2024-09-27T19:45:00+00:00,SerieA|2024|55,Como,Verona,2024-09-29T14:00:00Z,3,2,True,0,U2.5,0.596578,0.596578,0.0,0.6,False,0,,,False,0,
Serie A,2024/25,6,2024-09-27T19:45:00+00:00,SerieA|2024|56,Roma,Venezia,2024-09-29T14:00:00Z,2,1,True,0,1,0.667224,0.608095,0.147824,0.55,True,1,1,0.608095,True,1,1
Serie A,2024/25,6,2024-09-27T19:45:00+00:00,SerieA|2024|57,Empoli,Fiorentina,2024-09-29T17:00:00Z,0,0,True,0,U2.5,0.548932,0.548932,0.0,0.6,False,1,,,False,0,
Serie A,2024/25,6,2024-09-27T19:45:00+00:00,SerieA|2024|58,Napoli,Monza,2024-09-29T19:45:00Z,2,0,True,0,U2.5,0.658822,0.658822,0.0,0.6,True,1,U2.5,0.658822,True,3,1
Serie A,2024/25,6,2024-09-27T19:45:00+00:00,SerieA|2024|59,Parma,Cagliari,2024-09-30T19:45:00Z,2,3,True,0,GG,0.590358,0.590358,0.0,0.6,False,1,1,0.563029,True,1,0
Serie A,2024/25,7,2024-10-04T17:30:00+00:00,SerieA|2024|60,Napoli,Como,2024-10-04T17:30:00Z,3,1,True,0,1,0.670384,0.605951,0.161084,0.55,True,1,U2.5,0.618685,True,2,0
Serie A,2024/25,7,2024-10-04T17:30:00+00:00,SerieA|2024|61,Verona,Venezia,2024-10-04T19:45:00Z,2,1,True,0,U2.5,0.554532,0.554532,0.0,0.6,False,0,,,False,0,
Serie A,2024/25,7,2024-10-04T17:30:00+00:00,SerieA|2024|62,Udinese,Lecce,2024-10-05T14:00:00Z,1,0,True,0,GG,0.579148,0.579148,0.0,0.6,False,0,,,False,0,
Serie A,2024/25,7,2024-10-04T17:30:00+00:00,SerieA|2024|63,Atalanta,Genoa,2024-10-05T17:00:00Z,5,1,True,0,1,0.774357,0.667854,0.266257,0.55,False,1,O2.5,0.606259,True,1,1
Serie A,2024/25,7,2024-10-04T17:30:00+00:00,SerieA|2024|64,Inter,Torino,2024-10-05T19:45:00Z,3,2,True,0,1,0.65023,0.640658,0.02393,0.55,True,1,1,0.640658,True,1,1
Serie A,2024/25,7,2024-10-04T17:30:00+00:00,SerieA|2024|65,Juventus,Cagliari,2024-10-06T11:30:00Z,1,1,True,0,1,0.686369,0.694021,0.019131,0.55,True,0,1,0.694021,True,2,0
Serie A,2024/25,7,2024-10-04T17:30:00+00:00,SerieA|2024|66,Bologna,Parma,2024-10-06T14:00:00Z,0,0,True,0,GG,0.598628,0.598628,0.0,0.6,False,0,,,False,0,
Serie A,2024/25,7,2024-10-04T17:30:00+00:00,SerieA|2024|67,Lazio,Empoli,2024-10-06T14:00:00Z,2,1,True,0,1,0.588233,0.56378,0.061133,0.55,True,1,1,0.56378,True,1,1
Serie A,2024/25,7,2024-10-04T17:30:00+00:00,SerieA|2024|68,Monza,Roma,2024-10-06T17:00:00Z,1,1,True,0,2,0.639566,0.54158,0.244966,0.55,False,0,U2.5,0.633563,True,1,1
Serie A,2024/25,7,2024-10-04T17:30:00+00:00,SerieA|2024|69,Fiorentina,Milan,2024-10-06T19:45:00Z,2,1,True,0,GG,0.54417,0.54417,0.0,0.6,False,1,,,False,0,
Serie A,2024/25,8,2024-10-19T14:00:00+00:00,SerieA|2024|70,Como,Parma,2024-10-19T14:00:00Z,1,1,True,0,GG,0.553051,0.553051,0.0,0.6,False,1,,,False,0,
Serie A,2024/25,8,2024-10-19T14:00:00+00:00,SerieA|2024|71,Genoa,Bologna,2024-10-19T14:00:00Z,2,2,True,0,2,0.553456,0.484194,0.173156,0.55,False,0,,,False,0,
Serie A,2024/25,8,2024-10-19T14:00:00+00:00,SerieA|2024|72,Milan,Udinese,2024-10-19T17:00:00Z,1,0,True,0,1,0.819687,0.702172,0.293787,0.55,False,1,,,False,0,
Serie A,2024/25,8,2024-10-19T14:00:00+00:00,SerieA|2024|73,Juventus,Lazio,2024-10-19T19:45:00Z,1,0,True,0,U2.5,0.651092,0.651092,0.0,0.6,True,1,U2.5,0.651092,True,1,1
Serie A,2024/25,8,2024-10-19T14:00:00+00:00,SerieA|2024|74,Empoli,Napoli,2024-10-20T11:30:00Z,0,1,True,0,U2.5,0.664966,0.664966,0.0,0.6,True,1,U2.5,0.664966,True,1,1
Serie A,2024/25,8,2024-10-19T14:00:00+00:00,SerieA|2024|75,Lecce,Fiorentina,2024-10-20T14:00:00Z,0,6,True,0,GG,0.542634,0.542634,0.0,0.6,False,0,,,False,0,
Serie A,2024/25,8,2024-10-19T14:00:00+00:00,SerieA|2024|76,Venezia,Atalanta,2024-10-20T14:00:00Z,0,2,True,0,2,0.71309,0.599774,0.28329,0.55,False,1,,,False,0,
Serie A,2024/25,8,2024-10-19T14:00:00+00:00,SerieA|2024|77,Cagliari,Torino,2024-10-20T17:00:00Z,3,2,True,0,GG,0.595701,0.595701,0.0,0.6,False,1,,,False,0,
Serie A,2024/25,8,2024-10-19T14:00:00+00:00,SerieA|2024|78,Roma,Inter,2024-10-20T19:45:00Z,0,1,True,0,GG,0.573791,0.573791,0.0,0.6,False,0,,,False,0,
Serie A,2024/25,8,2024-10-19T14:00:00+00:00,SerieA|2024|79,Verona,Monza,2024-10-21T19:45:00Z,0,3,True,0,U2.5,0.654638,0.654638,0.0,0.6,True,0,U2.5,0.654638,True,2,0
Serie A,2024/25,9,2024-10-25T17:30:00+00:00,SerieA|2024|80,Udinese,Cagliari,2024-10-25T17:30:00Z,2,0,True,0,GG,0.588989,0.588989,0.0,0.6,False,0,,,False,0,
Serie A,2024/25,9,2024-10-25T17:30:00+00:00,SerieA|2024|81,Torino,Como,2024-10-25T19:45:00Z,1,0,True,0,U2.5,0.528819,0.528819,0.0,0.6,False,1,,,False,0,
Serie A,2024/25,9,2024-10-25T17:30:00+00:00,SerieA|2024|82,Napoli,Lecce,2024-10-26T14:00:00Z,1,0,True,0,1,0.811159,0.742936,0.170559,0.55,True,1,1,0.742936,True,1,1
Serie A,2024/25,9,2024-10-25T17:30:00+00:00,SerieA|2024|83,Atalanta,Verona,2024-10-26T19:45:00Z,6,1,True,0,1,0.777555,0.723093,0.136155,0.55,True,1,1,0.723093,True,1,1
Serie A,2024/25,9,2024-10-25T17:30:00+00:00,SerieA|2024|84,Parma,Empoli,2024-10-27T11:30:00Z,1,1,True,0,GG,0.535027,0.535027,0.0,0.6,False,1,,,False,0,
Serie A,2024/25,9,2024-10-25T17:30:00+00:00,SerieA|2024|85,Lazio,Genoa,2024-10-27T14:00:00Z,3,0,True,0,1,0.81278,0.681468,0.32828,0.55,False,1,,,False,0,
Serie A,2024/25,9,2024-10-25T17:30:00+00:00,SerieA|2024|86,Monza,Venezia,2024-10-27T14:00:00Z,2,2,True,0,U2.5,0.669667,0.669667,0.0,0.6,True,0,U2.5,0.669667,True,1,0
Serie A,2024/25,9,2024-10-25T17:30:00+00:00,SerieA|2024|87,Inter,Juventus,2024-10-27T17:00:00Z,4,4,True,0,U2.5,0.640499,0.640499,0.0,0.6,True,0,U2.5,0.640499,True,1,0
Serie A,2024/25,9,2024-10-25T17:30:00+00:00,SerieA|2024|88,Fiorentina,Roma,2024-10-27T19:45:00Z,5,1,True,0,GG,0.542566,0.542566,0.0,0.6,False,1,,,False,0,
Serie A,2024/25,10,2024-10-29T17:30:00+00:00,SerieA|2024|89,Cagliari,Bologna,2024-10-29T17:30:00Z,0,2,True,0,U2.5,0.532591,0.532591,0.0,0.6,False,1,,,False,0,
Serie A,2024/25,10,2024-10-29T17:30:00+00:00,SerieA|2024|90,Lecce,Verona,2024-10-29T17:30:00Z,1,0,True,0,GG,0.53868,0.53868,0.0,0.6,False,0,,,False,0,
Serie A,2024/25,10,2024-10-29T17:30:00+00:00,SerieA|2024|91,Milan,Napoli,2024-10-29T19:45:00Z,0,2,True,0,U2.5,0.549548,0.549548,0.0,0.6,False,1,,,False,0,
Serie A,2024/25,10,2024-10-29T17:30:00+00:00,SerieA|2024|92,Empoli,Inter,2024-10-30T17:30:00Z,0,3,True,0,2,0.566278,0.587207,0.052322,0.55,True,1,2,0.587207,True,1,1
Serie A,2024/25,10,2024-10-29T17:30:00+00:00,SerieA|2024|93,Venezia,Udinese,2024-10-30T17:30:00Z,3,2,True,0,U2.5,0.574937,0.574937,0.0,0.6,False,0,,,False,0,
Serie A,2024/25,10,2024-10-29T17:30:00+00:00,SerieA|2024|94,Atalanta,Monza,2024-10-30T19:45:00Z,2,0,True,0,1,0.777793,0.689596,0.220493,0.55,True,1,1,0.689596,True,1,1
Serie A,2024/25,10,2024-10-29T17:30:00+00:00,SerieA|2024|95,Juventus,Parma,2024-10-30T19:45:00Z,2,2,True,0,1,0.764389,0.707314,0.142689,0.55,True,0,1,0.707314,True,1,0
Serie A,2024/25,10,2024-10-29T17:30:00+00:00,SerieA|2024|96,Genoa,Fiorentina,2024-10-31T17:30:00Z,0,1,True,0,2,0.805064,0.629198,0.439664,0.55,False,1,,,False,0,
Serie A,2024/25,10,2024-10-29T17:30:00+00:00,SerieA|2024|97,Como,Lazio,2024-10-31T19:45:00Z,1,5,True,0,2,0.597196,0.519918,0.193196,0.55,False,1,,,False,0,
Serie A,2024/25,10,2024-10-29T17:30:00+00:00,SerieA|2024|98,Roma,Torino,2024-10-31T19:45:00Z,1,0,True,0,GG,0.580888,0.580888,0.0,0.6,False,0,,,False,0,
Serie A,2024/25,11,2024-11-02T14:00:00+00:00,SerieA|2024|99,Bologna,Lecce,2024-11-02T14:00:00Z,1,0,True,0,1,0.704853,0.686912,0.044853,0.55,True,1,1,0.686912,True,1,1
Serie A,2024/25,11,2024-11-02T14:00:00+00:00,SerieA|2024|100,Udinese,Juventus,2024-11-02T17:00:00Z,0,2,True,0,2,0.640825,0.551175,0.224125,0.55,True,1,2,0.551175,True,1,1
Serie A,2024/25,11,2024-11-02T14:00:00+00:00,SerieA|2024|101,Monza,Milan,2024-11-02T19:45:00Z,0,1,True,0,2,0.650029,0.552497,0.243829,0.55,True,1,U2.5,0.63914,True,2,1
Serie A,2024/25,11,2024-11-02T14:00:00+00:00,SerieA|2024|102,Napoli,Atalanta,2024-11-03T11:30:00Z,0,3,True,0,U2.5,0.53778,0.53778,0.0,0.6,False,0,,,False,0,
Serie A,2024/25,11,2024-11-02T14:00:00+00:00,SerieA|2024|103,Torino,Fiorentina,2024-11-03T14:00:00Z,0,1,True,0,2,0.643613,0.515888,0.319313,0.55,False,1,,,False,0,
Serie A,2024/25,11,2024-11-02T14:00:00+00:00,SerieA|2024|104,Verona,Roma,2024-11-03T17:00:00Z,3,2,True,0,GG,0.537018,0.537018,0.0,0.6,False,1,,,False,0,
Serie A,2024/25,11,2024-11-02T14:00:00+00:00,SerieA|2024|105,Inter,Venezia,2024-11-03T19:45:00Z,1,0,True,0,1,0.792526,0.789396,0.007826,0.55,True,1,1,0.789396,True,1,1
Serie A,2024/25,11,2024-11-02T14:00:00+00:00,SerieA|2024|106,Empoli,Como,2024-11-04T17:30:00Z,1,0,True,0,U2.5,0.617886,0.617886,0.0,0.6,True,1,U2.5,0.617886,True,1,1
Serie A,2024/25,11,2024-11-02T14:00:00+00:00,SerieA|2024|107,Parma,Genoa,2024-11-04T17:30:00Z,0,1,True,0,1,0.624643,0.534626,0.225043,0.55,False,0,,,False,0,
Serie A,2024/25,11,2024-11-02T14:00:00+00:00,SerieA|2024|108,Lazio,Cagliari,2024-11-04T19:45:00Z,2,1,True,0,1,0.810357,0.747094,0.158157,0.55,True,1,1,0.747094,True,1,1
Serie A,2024/25,12,2024-11-07T19:45:00+00:00,SerieA|2024|109,Genoa,Como,2024-11-07T19:45:00Z,1,1,True,0,U2.5,0.562141,0.562141,0.0,0.6,False,1,,,False,0,
Serie A,2024/25,12,2024-11-07T19:45:00+00:00,SerieA|2024|110,Lecce,Empoli,2024-11-08T19:45:00Z,1,1,True,0,U2.5,0.630523,0.630523,0.0,0.6,True,1,U2.5,0.630523,True,1,1
Serie A,2024/25,12,2024-11-07T19:45:00+00:00,SerieA|2024|111,Venezia,Parma,2024-11-09T14:00:00Z,1,2,True,0,GG,0.584377,0.584377,0.0,0.6,False,1,,,False,0,
Serie A,2024/25,12,2024-11-07T19:45:00+00:00,SerieA|2024|112,Cagliari,Milan,2024-11-09T17:00:00Z,3,3,True,0,2,0.721717,0.63099,0.226817,0.55,True,0,2,0.63099,True,1,0
Serie A,2024/25,12,2024-11-07T19:45:00+00:00,SerieA|2024|113,Juventus,Torino,2024-11-09T19:45:00Z,2,0,True,0,1,0.777964,0.669138,0.272064,0.55,False,1,,,False,0,
Serie A,2024/25,12,2024-11-07T19:45:00+00:00,SerieA|2024|114,Atalanta,Udinese,2024-11-10T11:30:00Z,2,1,True,0,1,0.813826,0.724935,0.222226,0.55,True,1,1,0.724935,True,1,1
Serie A,2024/25,12,2024-11-07T19:45:00+00:00,SerieA|2024|115,Fiorentina,Verona,2024-11-10T14:00:00Z,3,1,True,0,1,0.832001,0.748681,0.208301,0.55,True,1,1,0.748681,True,1,1
Serie A,2024/25,12,2024-11-07T19:45:00+00:00,SerieA|2024|116,Roma,Bologna,2024-11-10T14:00:00Z,2,3,True,0,U2.5,0.5428,0.5428,0.0,0.6,False,0,,,False,0,
Serie A,2024/25,12,2024-11-07T19:45:00+00:00,SerieA|2024|117,Monza,Lazio,2024-11-10T17:00:00Z,0,1,True,0,2,0.65839,0.556314,0.25519,0.55,False,1,U2.5,0.605053,True,1,1
Serie A,2024/25,12,2024-11-07T19:45:00+00:00,SerieA|2024|118,Inter,Napoli,2024-11-10T19:45:00Z,1,1,True,0,U2.5,0.536132,0.536132,0.0,0.6,False,1,,,False,0,
Serie A,2024/25,13,2024-11-23T14:00:00+00:00,SerieA|2024|119,Verona,Inter,2024-11-23T14:00:00Z,0,5,True,0,2,0.831921,0.762993,0.172321,0.55,True,1,2,0.762993,True,1,1
Serie A,2024/25,13,2024-11-23T14:00:00+00:00,SerieA|2024|120,Milan,Juventus,2024-11-23T17:00:00Z,0,0,True,0,U2.5,0.547681,0.547681,0.0,0.6,False,1,,,False,0,
Serie A,2024/25,13,2024-11-23T14:00:00+00:00,SerieA|2024|121,Parma,Atalanta,2024-11-23T19:45:00Z,1,3,True,0,2,0.704397,0.611078,0.233297,0.55,True,1,2,0.611078,True,2,1
Serie A,2024/25,13,2024-11-23T14:00:00+00:00,SerieA|2024|122,Genoa,Cagliari,2024-11-24T11:30:00Z,2,2,True,0,GG,0.56552,0.56552,0.0,0.6,False,1,,,False,0,
Serie A,2024/25,13,2024-11-23T14:00:00+00:00,SerieA|2024|123,Como,Fiorentina,2024-11-24T14:00:00Z,0,2,True,0,2,0.706152,0.609691,0.241152,0.55,True,1,2,0.609691,True,1,1
Serie A,2024/25,13,2024-11-23T14:00:00+00:00,SerieA|2024|124,Torino,Monza,2024-11-24T14:00:00Z,1,1,True,0,U2.5,0.668573,0.668573,0.0,0.6,True,1,U2.5,0.668573,True,2,1
Serie A,2024/25,13,2024-11-23T14:00:00+00:00,SerieA|2024|125,Napoli,Roma,2024-11-24T17:00:00Z,1,0,True,0,1,0.563627,0.533336,0.075727,0.55,False,1,,,False,0,
Serie A,2024/25,13,2024-11-23T14:00:00+00:00,SerieA|2024|126,Lazio,Bologna,2024-11-24T19:45:00Z,3,0,True,0,1,0.562236,0.500182,0.155136,0.55,False,1,,,False,0,
Serie A,2024/25,13,2024-11-23T14:00:00+00:00,SerieA|2024|127,Empoli,Udinese,2024-11-25T17:30:00Z,1,1,True,0,U2.5,0.634199,0.634199,0.0,0.6,True,1,U2.5,0.634199,True,1,1
Serie A,2024/25,13,2024-11-23T14:00:00+00:00,SerieA|2024|128,Venezia,Lecce,2024-11-25T19:45:00Z,0,1,True,0,U2.5,0.520933,0.520933,0.0,0.6,False,1,,,False,0,
Serie A,2024/25,14,2024-11-29T19:45:00+00:00,SerieA|2024|129,Cagliari,Verona,2024-11-29T19:45:00Z,1,0,True,0,GG,0.596139,0.596139,0.0,0.6,False,0,,,False,0,
Serie A,2024/25,14,2024-11-29T19:45:00+00:00,SerieA|2024|130,Como,Monza,2024-11-30T14:00:00Z,1,1,True,0,U2.5,0.671069,0.671069,0.0,0.6,True,1,U2.5,0.671069,True,2,1
Serie A,2024/25,14,2024-11-29T19:45:00+00:00,SerieA|2024|131,Milan,Empoli,2024-11-30T17:00:00Z,3,0,True,0,1,0.638417,0.60393,0.086217,0.55,True,1,1,0.60393,True,1,1
Serie A,2024/25,14,2024-11-29T19:45:00+00:00,SerieA|2024|132,Bologna,Venezia,2024-11-30T19:45:00Z,3,0,True,0,1,0.645414,0.644888,0.001314,0.55,True,1,1,0.644888,True,1,1
Serie A,2024/25,14,2024-11-29T19:45:00+00:00,SerieA|2024|133,Udinese,Genoa,2024-12-01T11:30:00Z,0,2,True,0,U2.5,0.517254,0.517254,0.0,0.6,False,1,,,False,0,
Serie A,2024/25,14,2024-11-29T19:45:00+00:00,SerieA|2024|134,Parma,Lazio,2024-12-01T14:00:00Z,3,1,True,0,2,0.789311,0.650267,0.347611,0.55,False,0,,,False,0,
Serie A,2024/25,14,2024-11-29T19:45:00+00:00,SerieA|2024|135,Torino,Napoli,2024-12-01T14:00:00Z,0,1,True,0,U2.5,0.619725,0.619725,0.0,0.6,True,1,U2.5,0.619725,True,1,1
Serie A,2024/25,14,2024-11-29T19:45:00+00:00,SerieA|2024|136,Lecce,Juventus,2024-12-01T19:45:00Z,1,1,True,0,2,0.673239,0.615423,0.144539,0.55,True,0,2,0.615423,True,1,0
Serie A,2024/25,14,2024-11-29T19:45:00+00:00,SerieA|2024|137,Roma,Atalanta,2024-12-02T19:45:00Z,0,2,True,0,2,0.733019,0.599332,0.334219,0.55,False,1,,,False,0,
Serie A,2024/25,15,2024-12-06T17:30:00+00:00,SerieA|2024|138,Inter,Parma,2024-12-06T17:30:00Z,3,1,True,0,1,0.869539,0.817923,0.129039,0.55,True,1,1,0.817923,True,2,1
Serie A,2024/25,15,2024-12-06T17:30:00+00:00,SerieA|2024|139,Atalanta,Milan,2024-12-06T19:45:00Z,2,1,True,0,GG,0.574055,0.574055,0.0,0.6,False,1,,,False,0,
Serie A,2024/25,15,2024-12-06T17:30:00+00:00,SerieA|2024|140,Genoa,Torino,2024-12-07T14:00:00Z,0,0,True,0,U2.5,0.552807,0.552807,0.0,0.6,False,1,,,False,0,
Serie A,2024/25,15,2024-12-06T17:30:00+00:00,SerieA|2024|141,Juventus,Bologna,2024-12-07T17:00:00Z,2,2,True,0,U2.5,0.624387,0.624387,0.0,0.6,True,0,U2.5,0.624387,True,1,0
Serie A,2024/25,15,2024-12-06T17:30:00+00:00,SerieA|2024|142,Roma,Lecce,2024-12-07T19:45:00Z,4,1,True,0,GG,0.524905,0.524905,0.0,0.6,False,1,,,False,0,
Serie A,2024/25,15,2024-12-06T17:30:00+00:00,SerieA|2024|143,Fiorentina,Cagliari,2024-12-08T11:30:00Z,1,0,True,0,1,0.809507,0.754744,0.136907,0.55,True,1,1,0.754744,True,2,1
Serie A,2024/25,15,2024-12-06T17:30:00+00:00,SerieA|2024|144,Verona,Empoli,2024-12-08T14:00:00Z,1,4,True,0,U2.5,0.63611,0.63611,0.0,0.6,True,0,U2.5,0.63611,True,1,0
Serie A,2024/25,15,2024-12-06T17:30:00+00:00,SerieA|2024|145,Venezia,Como,2024-12-08T17:00:00Z,2,2,True,0,U2.5,0.530895,0.530895,0.0,0.6,False,0,,,False,0,
Serie A,2024/25,15,2024-12-06T17:30:00+00:00,SerieA|2024|146,Napoli,Lazio,2024-12-08T19:45:00Z,0,1,True,0,U2.5,0.605575,0.605575,0.0,0.6,True,1,U2.5,0.605575,True,1,1
Serie A,2024/25,15,2024-12-06T17:30:00+00:00,SerieA|2024|147,Monza,Udinese,2024-12-09T19:45:00Z,1,2,True,0,U2.5,0.678189,0.678189,0.0,0.6,True,0,U2.5,0.678189,True,2,0
Serie A,2024/25,16,2024-12-13T19:45:00+00:00,SerieA|2024|148,Empoli,Torino,2024-12-13T19:45:00Z,0,1,True,0,U2.5,0.682249,0.682249,0.0,0.6,True,1,U2.5,0.682249,True,2,1
Serie A,2024/25,16,2024-12-13T19:45:00+00:00,SerieA|2024|149,Cagliari,Atalanta,2024-12-14T14:00:00Z,0,1,True,0,2,0.813469,0.720561,0.232269,0.55,True,1,2,0.720561,True,3,1
Serie A,2024/25,16,2024-12-13T19:45:00+00:00,SerieA|2024|150,Udinese,Napoli,2024-12-14T17:00:00Z,1,3,True,0,U2.5,0.627235,0.627235,0.0,0.6,True,0,U2.5,0.627235,True,1,0
Serie A,2024/25,16,2024-12-13T19:45:00+00:00,SerieA|2024|151,Juventus,Venezia,2024-12-14T19:45:00Z,2,2,True,0,1,0.81934,0.764124,0.13804,0.55,True,0,1,0.764124,True,1,0
Serie A,2024/25,16,2024-12-13T19:45:00+00:00,SerieA|2024|152,Lecce,Monza,2024-12-15T11:30:00Z,2,1,True,0,U2.5,0.628789,0.628789,0.0,0.6,True,0,U2.5,0.628789,True,1,0
Serie A,2024/25,16,2024-12-13T19:45:00+00:00,SerieA|2024|154,Parma,Verona,2024-12-15T14:00:00Z,2,3,True,0,1,0.606066,0.5762,0.074666,0.55,True,0,1,0.5762,True,1,0
Serie A,2024/25,16,2024-12-13T19:45:00+00:00,SerieA|2024|155,Como,Roma,2024-12-15T17:00:00Z,2,0,True,0,U2.5,0.530872,0.530872,0.0,0.6,False,1,,,False,0,
Serie A,2024/25,16,2024-12-13T19:45:00+00:00,SerieA|2024|156,Milan,Genoa,2024-12-15T19:45:00Z,0,0,True,0,1,0.76451,0.666426,0.24521,0.55,True,0,1,0.666426,True,1,0
Serie A,2024/25,16,2024-12-13T19:45:00+00:00,SerieA|2024|157,Lazio,Inter,2024-12-16T19:45:00Z,0,6,True,0,GG,0.572529,0.572529,0.0,0.6,False,0,,,False,0,
Serie A,2024/25,17,2024-12-20T19:45:00+00:00,SerieA|2024|158,Verona,Milan,2024-12-20T19:45:00Z,0,1,True,0,2,0.799957,0.672014,0.319857,0.55,False,1,,,False,0,
Serie A,2024/25,17,2024-12-20T19:45:00+00:00,SerieA|2024|159,Torino,Bologna,2024-12-21T14:00:00Z,0,2,True,0,U2.5,0.589849,0.589849,0.0,0.6,False,1,,,False,0,
Serie A,2024/25,17,2024-12-20T19:45:00+00:00,SerieA|2024|160,Genoa,Napoli,2024-12-21T17:00:00Z,1,2,True,0,U2.5,0.606789,0.606789,0.0,0.6,True,0,U2.5,0.606789,True,1,0
Serie A,2024/25,17,2024-12-20T19:45:00+00:00,SerieA|2024|161,Lecce,Lazio,2024-12-21T19:45:00Z,1,2,True,0,2,0.619903,0.556862,0.157603,0.55,True,1,2,0.556862,True,1,1
Serie A,2024/25,17,2024-12-20T19:45:00+00:00,SerieA|2024|162,Roma,Parma,2024-12-22T11:30:00Z,5,0,True,0,GG,0.614785,0.614785,0.0,0.6,True,0,GG,0.614785,True,2,0
Serie A,2024/25,17,2024-12-20T19:45:00+00:00,SerieA|2024|163,Venezia,Cagliari,2024-12-22T14:00:00Z,2,1,True,0,GG,0.59995,0.59995,0.0,0.6,False,1,,,False,0,
Serie A,2024/25,17,2024-12-20T19:45:00+00:00,SerieA|2024|164,Atalanta,Empoli,2024-12-22T17:00:00Z,3,2,True,0,1,0.849829,0.770417,0.198529,0.55,True,1,1,0.770417,True,1,1
Serie A,2024/25,17,2024-12-20T19:45:00+00:00,SerieA|2024|165,Monza,Juventus,2024-12-22T19:45:00Z,1,2,True,0,U2.5,0.697044,0.697044,0.0,0.6,True,0,U2.5,0.697044,True,3,0
Serie A,2024/25,17,2024-12-20T19:45:00+00:00,SerieA|2024|166,Fiorentina,Udinese,2024-12-23T17:30:00Z,1,2,True,0,1,0.772624,0.709815,0.157024,0.55,True,0,1,0.709815,True,1,0
Serie A,2024/25,17,2024-12-20T19:45:00+00:00,SerieA|2024|167,Inter,Como,2024-12-23T19:45:00Z,2,0,True,0,1,0.771289,0.784253,0.032411,0.55,True,1,1,0.784253,True,1,1
Serie A,2024/25,18,2024-12-28T14:00:00+00:00,SerieA|2024|168,Empoli,Genoa,2024-12-28T14:00:00Z,1,2,True,0,U2.5,0.661635,0.661635,0.0,0.6,True,0,U2.5,0.661635,True,1,0
Serie A,2024/25,18,2024-12-28T14:00:00+00:00,SerieA|2024|169,Parma,Monza,2024-12-28T14:00:00Z,2,1,True,0,GG,0.535281,0.535281,0.0,0.6,False,1,,,False,0,
Serie A,2024/25,18,2024-12-28T14:00:00+00:00,SerieA|2024|170,Cagliari,Inter,2024-12-28T17:00:00Z,0,3,True,0,2,0.75999,0.753434,0.01639,0.55,True,1,2,0.753434,True,3,1
Serie A,2024/25,18,2024-12-28T14:00:00+00:00,SerieA|2024|171,Lazio,Atalanta,2024-12-28T19:45:00Z,1,1,True,0,GG,0.575623,0.575623,0.0,0.6,False,1,,,False,0,
Serie A,2024/25,18,2024-12-28T14:00:00+00:00,SerieA|2024|172,Udinese,Torino,2024-12-29T11:30:00Z,2,2,True,0,U2.5,0.605007,0.605007,0.0,0.6,True,0,U2.5,0.605007,True,1,0
Serie A,2024/25,18,2024-12-28T14:00:00+00:00,SerieA|2024|173,Napoli,Venezia,2024-12-29T14:00:00Z,1,0,True,0,1,0.804291,0.739055,0.163091,0.55,True,1,1,0.739055,True,1,1
Serie A,2024/25,18,2024-12-28T14:00:00+00:00,SerieA|2024|174,Juventus,Fiorentina,2024-12-29T17:00:00Z,2,2,True,0,U2.5,0.614943,0.614943,0.0,0.6,True,0,U2.5,0.614943,True,1,0
Serie A,2024/25,18,2024-12-28T14:00:00+00:00,SerieA|2024|175,Milan,Roma,2024-12-29T19:45:00Z,1,1,True,0,GG,0.565487,0.565487,0.0,0.6,False,1,,,False,0,
Serie A,2024/25,18,2024-12-28T14:00:00+00:00,SerieA|2024|176,Como,Lecce,2024-12-30T17:30:00Z,2,0,True,0,U2.5,0.577664,0.577664,0.0,0.6,False,1,,,False,0,
Serie A,2024/25,18,2024-12-28T14:00:00+00:00,SerieA|2024|177,Bologna,Verona,2024-12-30T19:45:00Z,2,3,True,0,1,0.820805,0.766923,0.134705,0.55,True,0,1,0.766923,True,1,0
Serie A,2024/25,19,2025-01-04T14:00:00+00:00,SerieA|2024|178,Venezia,Empoli,2025-01-04T14:00:00Z,1,1,True,0,U2.5,0.614838,0.614838,0.0,0.6,True,1,U2.5,0.614838,True,1,1
Serie A,2024/25,19,2025-01-04T14:00:00+00:00,SerieA|2024|179,Fiorentina,Napoli,2025-01-04T17:00:00Z,0,3,True,0,U2.5,0.621559,0.621559,0.0,0.6,True,0,U2.5,0.621559,True,1,0
Serie A,2024/25,19,2025-01-04T14:00:00+00:00,SerieA|2024|180,Verona,Udinese,2025-01-04T19:45:00Z,0,0,True,0,GG,0.524981,0.524981,0.0,0.6,False,0,,,False,0,
Serie A,2024/25,19,2025-01-04T14:00:00+00:00,SerieA|2024|181,Monza,Cagliari,2025-01-05T11:30:00Z,1,2,True,0,U2.5,0.526017,0.526017,0.0,0.6,False,0,,,False,0,
Serie A,2024/25,19,2025-01-04T14:00:00+00:00,SerieA|2024|182,Lecce,Genoa,2025-01-05T14:00:00Z,0,0,True,0,U2.5,0.564233,0.564233,0.0,0.6,False,1,,,False,0,
Serie A,2024/25,19,2025-01-04T14:00:00+00:00,SerieA|2024|183,Torino,Parma,2025-01-05T17:00:00Z,0,0,True,0,GG,0.553621,0.553621,0.0,0.6,False,0,,,False,0,
Serie A,2024/25,19,2025-01-04T14:00:00+00:00,SerieA|2024|184,Roma,Lazio,2025-01-05T19:45:00Z,2,0,True,0,GG,0.576108,0.576108,0.0,0.6,False,0,,,False,0,
Serie A,2024/25,20,2025-01-10T19:45:00+00:00,SerieA|2024|185,Lazio,Como,2025-01-10T19:45:00Z,1,1,True,0,U2.5,0.549358,0.549358,0.0,0.6,False,1,,,False,0,
Serie A,2024/25,20,2025-01-10T19:45:00+00:00,SerieA|2024|186,Empoli,Lecce,2025-01-11T14:00:00Z,1,3,True,0,U2.5,0.640823,0.640823,0.0,0.6,True,0,U2.5,0.640823,True,1,0
Serie A,2024/25,20,2025-01-10T19:45:00+00:00,SerieA|2024|187,Udinese,Atalanta,2025-01-11T14:00:00Z,0,0,True,0,2,0.774298,0.664539,0.274398,0.55,False,0,,,False,0,
Serie A,2024/25,20,2025-01-10T19:45:00+00:00,SerieA|2024|188,Torino,Juventus,2025-01-11T17:00:00Z,1,1,True,0,U2.5,0.665293,0.665293,0.0,0.6,True,1,U2.5,0.665293,True,2,1
Serie A,2024/25,20,2025-01-10T19:45:00+00:00,SerieA|2024|189,Milan,Cagliari,2025-01-11T19:45:00Z,1,1,True,0,1,0.796822,0.735013,0.154522,0.55,True,0,1,0.735013,True,2,0
Serie A,2024/25,20,2025-01-10T19:45:00+00:00,SerieA|2024|190,Genoa,Parma,2025-01-12T11:30:00Z,1,0,True,0,GG,0.578936,0.578936,0.0,0.6,False,0,,,False,0,
Serie A,2024/25,20,2025-01-10T19:45:00+00:00,SerieA|2024|191,Venezia,Inter,2025-01-12T14:00:00Z,0,1,True,0,2,0.84098,0.779028,0.15488,0.55,True,1,2,0.779028,True,1,1
Serie A,2024/25,20,2025-01-10T19:45:00+00:00,SerieA|2024|192,Bologna,Roma,2025-01-12T17:00:00Z,2,2,True,0,GG,0.543986,0.543986,0.0,0.6,False,1,,,False,0,
Serie A,2024/25,20,2025-01-10T19:45:00+00:00,SerieA|2024|193,Napoli,Verona,2025-01-12T19:45:00Z,2,0,True,0,1,0.845267,0.77964,0.164067,0.55,True,1,1,0.77964,True,1,1
Serie A,2024/25,20,2025-01-10T19:45:00+00:00,SerieA|2024|194,Monza,Fiorentina,2025-01-13T19:45:00Z,2,1,True,0,U2.5,0.603257,0.603257,0.0,0.6,True,0,U2.5,0.603257,True,1,0
Serie A,2024/25,20,2025-01-10T19:45:00+00:00,SerieA|2024|195,Como,Milan,2025-01-14T17:30:00Z,1,2,True,0,U2.5,0.555016,0.555016,0.0,0.6,False,0,,,False,0,
Serie A,2024/25,20,2025-01-10T19:45:00+00:00,SerieA|2024|196,Atalanta,Juventus,2025-01-14T19:45:00Z,1,1,True,0,U2.5,0.558051,0.558051,0.0,0.6,False,1,,,False,0,
Serie A,2024/25,19,2025-01-15T19:45:00+00:00,SerieA|2024|197,Inter,Bologna,2025-01-15T19:45:00Z,2,2,True,0,1,0.706384,0.685271,0.052784,0.55,True,0,1,0.685271,True,1,0
Serie A,2024/25,21,2025-01-17T19:45:00+00:00,SerieA|2024|198,Roma,Genoa,2025-01-17T19:45:00Z,3,1,True,0,1,0.659375,0.579945,0.198575,0.55,True,1,1,0.579945,True,1,1
Serie A,2024/25,21,2025-01-17T19:45:00+00:00,SerieA|2024|199,Bologna,Monza,2025-01-18T14:00:00Z,3,1,True,0,1,0.699003,0.677962,0.052603,0.55,True,1,1,0.677962,True,1,1
Serie A,2024/25,21,2025-01-17T19:45:00+00:00,SerieA|2024|200,Juventus,Milan,2025-01-18T17:00:00Z,2,0,True,0,U2.5,0.587534,0.587534,0.0,0.6,False,1,,,False,0,
Serie A,2024/25,21,2025-01-17T19:45:00+00:00,SerieA|2024|201,Atalanta,Napoli,2025-01-18T19:45:00Z,2,3,True,0,U2.5,0.550605,0.550605,0.0,0.6,False,0,,,False,0,
Serie A,2024/25,21,2025-01-17T19:45:00+00:00,SerieA|2024|202,Fiorentina,Torino,2025-01-19T11:30:00Z,1,1,True,0,U2.5,0.586331,0.586331,0.0,0.6,False,1,,,False,0,
Serie A,2024/25,21,2025-01-17T19:45:00+00:00,SerieA|2024|203,Cagliari,Lecce,2025-01-19T14:00:00Z,4,1,True,0,GG,0.572151,0.572151,0.0,0.6,False,1,,,False,0,
Serie A,2024/25,21,2025-01-17T19:45:00+00:00,SerieA|2024|204,Parma,Venezia,2025-01-19T14:00:00Z,1,1,True,0,GG,0.603649,0.603649,0.0,0.6,True,1,GG,0.603649,True,1,1
Serie A,2024/25,21,2025-01-17T19:45:00+00:00,SerieA|2024|205,Verona,Lazio,2025-01-19T17:00:00Z,0,3,True,0,2,0.596079,0.539487,0.141479,0.55,False,1,,,False,0,
Serie A,2024/25,21,2025-01-17T19:45:00+00:00,SerieA|2024|206,Inter,Empoli,2025-01-19T19:45:00Z,3,1,True,0,1,0.877,0.8542,0.057,0.55,True,1,1,0.8542,True,1,1
Serie A,2024/25,21,2025-01-17T19:45:00+00:00,SerieA|2024|207,Como,Udinese,2025-01-20T19:45:00Z,4,1,True,0,U2.5,0.606176,0.606176,0.0,0.6,True,0,U2.5,0.606176,True,1,0
Serie A,2024/25,22,2025-01-24T19:45:00+00:00,SerieA|2024|208,Torino,Cagliari,2025-01-24T19:45:00Z,2,0,True,0,U2.5,0.525071,0.525071,0.0,0.6,False,1,,,False,0,
Serie A,2024/25,22,2025-01-24T19:45:00+00:00,SerieA|2024|209,Como,Atalanta,2025-01-25T14:00:00Z,1,2,True,0,GG,0.532972,0.532972,0.0,0.6,False,1,,,False,0,
Serie A,2024/25,22,2025-01-24T19:45:00+00:00,SerieA|2024|210,Napoli,Juventus,2025-01-25T17:00:00Z,2,1,True,0,U2.5,0.702365,0.702365,0.0,0.6,True,0,U2.5,0.702365,True,2,0
Serie A,2024/25,22,2025-01-24T19:45:00+00:00,SerieA|2024|211,Empoli,Bologna,2025-01-25T19:45:00Z,1,1,True,0,2,0.62048,0.566728,0.13438,0.55,True,0,U2.5,0.613911,True,2,1
Serie A,2024/25,22,2025-01-24T19:45:00+00:00,SerieA|2024|212,Milan,Parma,2025-01-26T11:30:00Z,3,2,True,0,1,0.82189,0.714694,0.26799,0.55,False,1,O2.5,0.661075,True,1,1
Serie A,2024/25,22,2025-01-24T19:45:00+00:00,SerieA|2024|213,Udinese,Roma,2025-01-26T14:00:00Z,1,2,True,0,2,0.630007,0.540444,0.223907,0.55,False,1,,,False,0,
Serie A,2024/25,22,2025-01-24T19:45:00+00:00,SerieA|2024|214,Lecce,Inter,2025-01-26T17:00:00Z,0,4,True,0,2,0.88353,0.809318,0.18553,0.55,True,1,2,0.809318,True,1,1
Serie A,2024/25,22,2025-01-24T19:45:00+00:00,SerieA|2024|215,Lazio,Fiorentina,2025-01-26T19:45:00Z,1,2,True,0,1,0.610083,0.55201,0.145183,0.55,True,0,1,0.55201,True,1,0
Serie A,2024/25,22,2025-01-24T19:45:00+00:00,SerieA|2024|216,Venezia,Verona,2025-01-27T17:30:00Z,1,1,True,0,GG,0.546621,0.546621,0.0,0.6,False,1,,,False,0,
Serie A,2024/25,22,2025-01-24T19:45:00+00:00,SerieA|2024|217,Genoa,Monza,2025-01-27T19:45:00Z,2,0,True,0,U2.5,0.638809,0.638809,0.0,0.6,True,1,U2.5,0.638809,True,1,1
Serie A,2024/25,23,2025-01-31T19:45:00+00:00,SerieA|2024|218,Parma,Lecce,2025-01-31T19:45:00Z,1,3,True,0,GG,0.594007,0.594007,0.0,0.6,False,1,,,False,0,
Serie A,2024/25,23,2025-01-31T19:45:00+00:00,SerieA|2024|219,Monza,Verona,2025-02-01T14:00:00Z,0,1,True,0,U2.5,0.576071,0.576071,0.0,0.6,False,1,,,False,0,
Serie A,2024/25,23,2025-01-31T19:45:00+00:00,SerieA|2024|220,Udinese,Venezia,2025-02-01T14:00:00Z,3,2,True,0,U2.5,0.545798,0.545798,0.0,0.6,False,0,,,False,0,
Serie A,2024/25,23,2025-01-31T19:45:00+00:00,SerieA|2024|221,Atalanta,Torino,2025-02-01T17:00:00Z,1,1,True,0,1,0.608666,0.59428,0.035966,0.55,True,0,1,0.59428,True,1,0
Serie A,2024/25,23,2025-01-31T19:45:00+00:00,SerieA|2024|222,Bologna,Como,2025-02-01T19:45:00Z,2,0,True,0,U2.5,0.585896,0.585896,0.0,0.6,False,1,,,False,0,
Serie A,2024/25,23,2025-01-31T19:45:00+00:00,SerieA|2024|223,Juventus,Empoli,2025-02-02T11:30:00Z,4,1,True,0,1,0.772124,0.728874,0.108124,0.55,True,1,1,0.728874,True,3,1
Serie A,2024/25,23,2025-01-31T19:45:00+00:00,SerieA|2024|224,Fiorentina,Genoa,2025-02-02T14:00:00Z,2,1,True,0,U2.5,0.522445,0.522445,0.0,0.6,False,0,,,False,0,
Serie A,2024/25,23,2025-01-31T19:45:00+00:00,SerieA|2024|226,Roma,Napoli,2025-02-02T19:45:00Z,1,1,True,0,U2.5,0.560483,0.560483,0.0,0.6,False,1,,,False,0,
Serie A,2024/25,23,2025-01-31T19:45:00+00:00,SerieA|2024|227,Cagliari,Lazio,2025-02-03T19:45:00Z,1,2,True,0,2,0.613873,0.550804,0.157673,0.55,True,1,GG,0.602866,True,2,1
Serie A,2024/25,23,2025-02-06T17:00:00+00:00,SerieA|2024|228,Fiorentina,Inter,2025-02-06T17:00:00Z,3,0,True,0,2,0.695714,0.614828,0.202214,0.55,True,0,2,0.614828,True,1,0
Serie A,2024/25,24,2025-02-07T19:45:00+00:00,SerieA|2024|229,Como,Juventus,2025-02-07T19:45:00Z,1,2,True,0,2,0.672474,0.599445,0.182574,0.55,True,1,U2.5,0.642484,True,2,0
Serie A,2024/25,24,2025-02-07T19:45:00+00:00,SerieA|2024|230,Verona,Atalanta,2025-02-08T14:00:00Z,0,5,True,0,2,0.690974,0.632304,0.146674,0.55,True,1,2,0.632304,True,1,1
Serie A,2024/25,24,2025-02-07T19:45:00+00:00,SerieA|2024|231,Empoli,Milan,2025-02-08T17:00:00Z,0,2,True,0,2,0.697104,0.606022,0.227704,0.55,True,1,2,0.606022,True,1,1
Serie A,2024/25,24,2025-02-07T19:45:00+00:00,SerieA|2024|232,Torino,Genoa,2025-02-08T19:45:00Z,1,1,True,0,U2.5,0.616809,0.616809,0.0,0.6,True,1,U2.5,0.616809,True,1,1
Serie A,2024/25,24,2025-02-07T19:45:00+00:00,SerieA|2024|233,Venezia,Roma,2025-02-09T11:30:00Z,0,1,True,0,2,0.733738,0.622443,0.278238,0.55,False,1,,,False,0,
Serie A,2024/25,24,2025-02-07T19:45:00+00:00,SerieA|2024|234,Cagliari,Parma,2025-02-09T14:00:00Z,2,1,True,0,O2.5,0.680616,0.680616,0.0,0.6,True,1,O2.5,0.680616,True,2,1
Serie A,2024/25,24,2025-02-07T19:45:00+00:00,SerieA|2024|235,Lazio,Monza,2025-02-09T14:00:00Z,5,1,True,0,1,0.786942,0.733525,0.133542,0.55,True,1,1,0.733525,True,1,1
Serie A,2024/25,24,2025-02-07T19:45:00+00:00,SerieA|2024|236,Lecce,Bologna,2025-02-09T17:00:00Z,0,0,True,0,2,0.728283,0.62425,0.260083,0.55,False,0,,,False,0,
Serie A,2024/25,24,2025-02-07T19:45:00+00:00,SerieA|2024|237,Napoli,Udinese,2025-02-09T19:45:00Z,1,1,True,0,1,0.803209,0.751966,0.128109,0.55,True,0,1,0.751966,True,3,0
Serie A,2024/25,24,2025-02-07T19:45:00+00:00,SerieA|2024|238,Inter,Fiorentina,2025-02-10T19:45:00Z,2,1,True,0,1,0.569168,0.567541,0.004068,0.55,True,1,1,0.567541,True,1,1
Serie A,2024/25,25,2025-02-14T19:45:00+00:00,SerieA|2024|239,Bologna,Torino,2025-02-14T19:45:00Z,3,2,True,0,1,0.601518,0.556871,0.111618,0.55,True,1,1,0.556871,True,1,1
Serie A,2024/25,25,2025-02-14T19:45:00+00:00,SerieA|2024|240,Atalanta,Cagliari,2025-02-15T14:00:00Z,0,0,True,0,1,0.843887,0.791292,0.131487,0.55,True,0,1,0.791292,True,2,0
Serie A,2024/25,25,2025-02-14T19:45:00+00:00,SerieA|2024|241,Lazio,Napoli,2025-02-15T17:00:00Z,2,2,True,0,U2.5,0.57808,0.57808,0.0,0.6,False,0,,,False,0,
Serie A,2024/25,25,2025-02-14T19:45:00+00:00,SerieA|2024|242,Milan,Verona,2025-02-15T19:45:00Z,1,0,True,0,1,0.873943,0.784166,0.224443,0.55,True,1,1,0.784166,True,1,1
Serie A,2024/25,25,2025-02-14T19:45:00+00:00,SerieA|2024|243,Fiorentina,Como,2025-02-16T11:30:00Z,0,2,True,0,1,0.676413,0.658088,0.045813,0.55,True,0,1,0.658088,True,1,0
Serie A,2024/25,25,2025-02-14T19:45:00+00:00,SerieA|2024|244,Monza,Lecce,2025-02-16T14:00:00Z,0,0,True,0,U2.5,0.601335,0.601335,0.0,0.6,True,1,U2.5,0.601335,True,1,1
Serie A,2024/25,25,2025-02-14T19:45:00+00:00,SerieA|2024|245,Udinese,Empoli,2025-02-16T14:00:00Z,3,0,True,0,U2.5,0.642239,0.642239,0.0,0.6,True,0,U2.5,0.642239,True,1,0
Serie A,2024/25,25,2025-02-14T19:45:00+00:00,SerieA|2024|246,Parma,Roma,2025-02-16T17:00:00Z,0,1,True,0,2,0.778153,0.654292,0.309653,0.55,False,1,GG,0.632174,True,2,0
Serie A,2024/25,25,2025-02-14T19:45:00+00:00,SerieA|2024|247,Juventus,Inter,2025-02-16T19:45:00Z,1,0,True,0,U2.5,0.582381,0.582381,0.0,0.6,False,1,,,False,0,
Serie A,2024/25,25,2025-02-14T19:45:00+00:00,SerieA|2024|248,Genoa,Venezia,2025-02-17T19:45:00Z,2,0,True,0,1,0.564404,0.551243,0.032904,0.55,True,1,1,0.551243,True,1,1
Serie A,2024/25,26,2025-02-21T19:45:00+00:00,SerieA|2024|249,Lecce,Udinese,2025-02-21T19:45:00Z,0,1,True,0,U2.5,0.552821,0.552821,0.0,0.6,False,1,,,False,0,
Serie A,2024/25,26,2025-02-21T19:45:00+00:00,SerieA|2024|250,Parma,Bologna,2025-02-22T14:00:00Z,2,0,True,0,2,0.787017,0.67545,0.278917,0.55,False,0,,,False,0,
Serie A,2024/25,26,2025-02-21T19:45:00+00:00,SerieA|2024|251,Venezia,Lazio,2025-02-22T14:00:00Z,0,0,True,0,2,0.811877,0.682206,0.324177,0.55,False,0,,,False,0,
Serie A,2024/25,26,2025-02-21T19:45:00+00:00,SerieA|2024|252,Torino,Milan,2025-02-22T17:00:00Z,2,1,True,0,2,0.583422,0.494893,0.221322,0.55,False,0,,,False,0,
Serie A,2024/25,26,2025-02-21T19:45:00+00:00,SerieA|2024|253,Inter,Genoa,2025-02-22T19:45:00Z,1,0,True,0,1,0.751897,0.725938,0.064897,0.55,True,1,1,0.725938,True,1,1
Serie A,2024/25,26,2025-02-21T19:45:00+00:00,SerieA|2024|254,Como,Napoli,2025-02-23T11:30:00Z,2,1,True,0,U2.5,0.680859,0.680859,0.0,0.6,True,0,U2.5,0.680859,True,2,0
Serie A,2024/25,26,2025-02-21T19:45:00+00:00,SerieA|2024|255,Verona,Fiorentina,2025-02-23T14:00:00Z,1,0,True,0,2,0.716498,0.625299,0.227998,0.55,True,0,2,0.625299,True,1,0
Serie A,2024/25,26,2025-02-21T19:45:00+00:00,SerieA|2024|256,Empoli,Atalanta,2025-02-23T17:00:00Z,0,5,True,0,2,0.808757,0.716454,0.230757,0.55,True,1,2,0.716454,True,1,1
Serie A,2024/25,26,2025-02-21T19:45:00+00:00,SerieA|2024|257,Cagliari,Juventus,2025-02-23T19:45:00Z,0,1,True,0,2,0.658616,0.61581,0.107016,0.55,True,1,2,0.61581,True,1,1
Serie A,2024/25,26,2025-02-21T19:45:00+00:00,SerieA|2024|258,Roma,Monza,2025-02-24T19:45:00Z,4,0,True,0,1,0.811306,0.750463,0.152106,0.55,True,1,1,0.750463,True,1,1
Serie A,2024/25,26,2025-02-27T19:45:00+00:00,SerieA|2024|259,Bologna,Milan,2025-02-27T19:45:00Z,2,1,True,0,GG,0.542858,0.542858,0.0,0.6,False,1,,,False,0,
Serie A,2024/25,27,2025-02-28T19:45:00+00:00,SerieA|2024|260,Fiorentina,Lecce,2025-02-28T19:45:00Z,1,0,True,0,1,0.64734,0.622404,0.06234,0.55,True,1,1,0.622404,True,1,1
Serie A,2024/25,27,2025-02-28T19:45:00+00:00,SerieA|2024|261,Atalanta,Venezia,2025-03-01T14:00:00Z,0,0,True,0,1,0.903143,0.831886,0.178143,0.55,True,0,1,0.831886,True,2,0
Serie A,2024/25,27,2025-02-28T19:45:00+00:00,SerieA|2024|262,Napoli,Inter,2025-03-01T17:00:00Z,1,1,True,0,U2.5,0.606693,0.606693,0.0,0.6,True,1,U2.5,0.606693,True,1,1
Serie A,2024/25,27,2025-02-28T19:45:00+00:00,SerieA|2024|263,Udinese,Parma,2025-03-01T19:45:00Z,1,0,True,0,1,0.685644,0.608707,0.192344,0.55,True,1,1,0.608707,True,1,1
Serie A,2024/25,27,2025-02-28T19:45:00+00:00,SerieA|2024|264,Monza,Torino,2025-03-02T11:30:00Z,0,2,True,0,U2.5,0.657854,0.657854,0.0,0.6,True,1,U2.5,0.657854,True,1,1
Serie A,2024/25,27,2025-02-28T19:45:00+00:00,SerieA|2024|265,Bologna,Cagliari,2025-03-02T14:00:00Z,2,1,True,0,1,0.7151,0.67586,0.0981,0.55,True,1,1,0.67586,True,1,1
Serie A,2024/25,27,2025-02-28T19:45:00+00:00,SerieA|2024|266,Genoa,Empoli,2025-03-02T14:00:00Z,1,1,True,0,U2.5,0.610731,0.610731,0.0,0.6,True,1,U2.5,0.610731,True,2,1
Serie A,2024/25,27,2025-02-28T19:45:00+00:00,SerieA|2024|267,Roma,Como,2025-03-02T17:00:00Z,2,1,True,0,1,0.703101,0.6345,0.171501,0.55,True,1,1,0.6345,True,1,1
Serie A,2024/25,27,2025-02-28T19:45:00+00:00,SerieA|2024|268,Milan,Lazio,2025-03-02T19:45:00Z,1,2,True,0,GG,0.58071,0.58071,0.0,0.6,False,1,,,False,0,
Serie A,2024/25,27,2025-02-28T19:45:00+00:00,SerieA|2024|269,Juventus,Verona,2025-03-03T19:45:00Z,2,0,True,0,1,0.852302,0.795781,0.141302,0.55,True,1,1,0.795781,True,1,1
Serie A,2024/25,28,2025-03-07T19:45:00+00:00,SerieA|2024|270,Cagliari,Genoa,2025-03-07T19:45:00Z,1,1,True,0,GG,0.538696,0.538696,0.0,0.6,False,1,,,False,0,
Serie A,2024/25,28,2025-03-07T19:45:00+00:00,SerieA|2024|271,Como,Venezia,2025-03-08T14:00:00Z,1,1,True,0,U2.5,0.563528,0.563528,0.0,0.6,False,1,,,False,0,
Serie A,2024/25,28,2025-03-07T19:45:00+00:00,SerieA|2024|272,Parma,Torino,2025-03-08T14:00:00Z,2,2,True,0,2,0.547381,0.505869,0.103781,0.55,False,0,,,False,0,
Serie A,2024/25,28,2025-03-07T19:45:00+00:00,SerieA|2024|273,Lecce,Milan,2025-03-08T17:00:00Z,2,3,True,0,2,0.621974,0.548584,0.183474,0.55,False,1,,,False,0,
Serie A,2024/25,28,2025-03-07T19:45:00+00:00,SerieA|2024|274,Inter,Monza,2025-03-08T19:45:00Z,3,2,True,0,1,0.816332,0.826599,0.025668,0.55,True,1,1,0.826599,True,1,1
Serie A,2024/25,28,2025-03-07T19:45:00+00:00,SerieA|2024|275,Verona,Bologna,2025-03-09T11:30:00Z,1,2,True,0,2,0.734969,0.630621,0.260869,0.55,False,1,,,False,0,
Serie A,2024/25,28,2025-03-07T19:45:00+00:00,SerieA|2024|276,Napoli,Fiorentina,2025-03-09T14:00:00Z,2,1,True,0,U2.5,0.640442,0.640442,0.0,0.6,True,0,U2.5,0.640442,True,1,0
Serie A,2024/25,28,2025-03-07T19:45:00+00:00,SerieA|2024|277,Empoli,Roma,2025-03-09T17:00:00Z,0,1,True,0,2,0.715789,0.635994,0.199489,0.55,True,1,2,0.635994,True,1,1
Serie A,2024/25,28,2025-03-07T19:45:00+00:00,SerieA|2024|278,Juventus,Atalanta,2025-03-09T19:45:00Z,0,4,True,0,U2.5,0.544483,0.544483,0.0,0.6,False,0,,,False,0,
Serie A,2024/25,28,2025-03-07T19:45:00+00:00,SerieA|2024|279,Lazio,Udinese,2025-03-10T19:45:00Z,1,1,True,0,1,0.659732,0.607639,0.130232,0.55,True,0,1,0.607639,True,1,0
Serie A,2024/25,29,2025-03-14T19:45:00+00:00,SerieA|2024|280,Genoa,Lecce,2025-03-14T19:45:00Z,2,1,True,0,U2.5,0.571726,0.571726,0.0,0.6,False,0,,,False,0,
Serie A,2024/25,29,2025-03-14T19:45:00+00:00,SerieA|2024|281,Monza,Parma,2025-03-15T14:00:00Z,1,1,True,0,U2.5,0.530594,0.530594,0.0,0.6,False,1,,,False,0,
Serie A,2024/25,29,2025-03-14T19:45:00+00:00,SerieA|2024|282,Udinese,Verona,2025-03-15T14:00:00Z,0,1,True,0,1,0.670147,0.614848,0.138247,0.55,True,0,1,0.614848,True,1,0
Serie A,2024/25,29,2025-03-14T19:45:00+00:00,SerieA|2024|283,Milan,Como,2025-03-15T17:00:00Z,2,1,True,0,1,0.620003,0.579322,0.101703,0.55,True,1,1,0.579322,True,1,1
Serie A,2024/25,29,2025-03-14T19:45:00+00:00,SerieA|2024|284,Torino,Empoli,2025-03-15T19:45:00Z,1,0,True,0,U2.5,0.655247,0.655247,0.0,0.6,True,1,U2.5,0.655247,True,2,1
Serie A,2024/25,29,2025-03-14T19:45:00+00:00,SerieA|2024|285,Venezia,Napoli,2025-03-16T11:30:00Z,0,0,True,0,2,0.661149,0.612849,0.120749,0.55,True,0,2,0.612849,True,1,0
Serie A,2024/25,29,2025-03-14T19:45:00+00:00,SerieA|2024|286,Bologna,Lazio,2025-03-16T14:00:00Z,5,0,True,0,GG,0.543873,0.543873,0.0,0.6,False,0,,,False,0,
Serie A,2024/25,29,2025-03-14T19:45:00+00:00,SerieA|2024|287,Roma,Cagliari,2025-03-16T15:00:00Z,1,0,True,0,1,0.733684,0.692371,0.103284,0.55,True,1,1,0.692371,True,1,1
Serie A,2024/25,29,2025-03-14T19:45:00+00:00,SerieA|2024|288,Fiorentina,Juventus,2025-03-16T17:00:00Z,3,0,True,0,U2.5,0.590078,0.590078,0.0,0.6,False,0,,,False,0,
Serie A,2024/25,29,2025-03-14T19:45:00+00:00,SerieA|2024|289,Atalanta,Inter,2025-03-16T19:45:00Z,0,2,True,0,GG,0.588533,0.588533,0.0,0.6,False,0,,,False,0,
Serie A,2024/25,30,2025-03-29T14:00:00+00:00,SerieA|2024|290,Como,Empoli,2025-03-29T14:00:00Z,1,1,True,0,U2.5,0.631326,0.631326,0.0,0.6,True,1,U2.5,0.631326,True,2,1
Serie A,2024/25,30,2025-03-29T14:00:00+00:00,SerieA|2024|291,Venezia,Bologna,2025-03-29T14:00:00Z,0,1,True,0,2,0.682331,0.607159,0.187931,0.55,True,1,2,0.607159,True,1,1
Serie A,2024/25,30,2025-03-29T14:00:00+00:00,SerieA|2024|292,Juventus,Genoa,2025-03-29T17:00:00Z,1,0,True,0,U2.5,0.587369,0.587369,0.0,0.6,False,1,,,False,0,
Serie A,2024/25,30,2025-03-29T14:00:00+00:00,SerieA|2024|293,Lecce,Roma,2025-03-29T19:45:00Z,0,1,True,0,2,0.763936,0.659921,0.260036,0.55,False,1,,,False,0,
Serie A,2024/25,30,2025-03-29T14:00:00+00:00,SerieA|2024|294,Cagliari,Monza,2025-03-30T11:30:00Z,3,0,True,0,1,0.543721,0.520192,0.058821,0.55,False,1,,,False,0,
Serie A,2024/25,30,2025-03-29T14:00:00+00:00,SerieA|2024|295,Fiorentina,Atalanta,2025-03-30T14:00:00Z,1,0,True,0,2,0.560211,0.481327,0.197211,0.55,False,0,,,False,0,
Serie A,2024/25,30,2025-03-29T14:00:00+00:00,SerieA|2024|296,Inter,Udinese,2025-03-30T17:00:00Z,2,1,True,0,1,0.751739,0.749923,0.004539,0.55,True,1,1,0.749923,True,1,1
Serie A,2024/25,30,2025-03-29T14:00:00+00:00,SerieA|2024|297,Napoli,Milan,2025-03-30T19:45:00Z,2,1,True,0,U2.5,0.56393,0.56393,0.0,0.6,False,0,,,False,0,
Serie A,2024/25,30,2025-03-29T14:00:00+00:00,SerieA|2024|298,Verona,Parma,2025-03-31T17:30:00Z,0,0,True,0,GG,0.569368,0.569368,0.0,0.6,False,0,,,False,0,
Serie A,2024/25,30,2025-03-29T14:00:00+00:00,SerieA|2024|299,Lazio,Torino,2025-03-31T19:45:00Z,1,1,True,0,NG,0.527332,0.527332,0.0,0.6,False,0,,,False,0,
Serie A,2024/25,31,2025-04-04T19:45:00+00:00,SerieA|2024|300,Genoa,Udinese,2025-04-04T19:45:00Z,1,0,True,0,U2.5,0.598042,0.598042,0.0,0.6,False,1,,,False,0,
Serie A,2024/25,31,2025-04-04T19:45:00+00:00,SerieA|2024|301,Monza,Como,2025-04-05T14:00:00Z,1,3,True,0,U2.5,0.641169,0.641169,0.0,0.6,True,0,U2.5,0.641169,True,1,0
Serie A,2024/25,31,2025-04-04T19:45:00+00:00,SerieA|2024|302,Parma,Inter,2025-04-05T17:00:00Z,2,2,True,0,2,0.789826,0.742616,0.118026,0.55,True,0,2,0.742616,True,2,0
Serie A,2024/25,31,2025-04-04T19:45:00+00:00,SerieA|2024|303,Milan,Fiorentina,2025-04-05T19:45:00Z,2,2,True,0,GG,0.540598,0.540598,0.0,0.6,False,1,,,False,0,
Serie A,2024/25,31,2025-04-04T19:45:00+00:00,SerieA|2024|304,Lecce,Venezia,2025-04-06T11:30:00Z,1,1,True,0,U2.5,0.549104,0.549104,0.0,0.6,False,1,,,False,0,
Serie A,2024/25,31,2025-04-04T19:45:00+00:00,SerieA|2024|305,Empoli,Cagliari,2025-04-06T14:00:00Z,0,0,True,0,U2.5,0.525871,0.525871,0.0,0.6,False,1,,,False,0,
Serie A,2024/25,31,2025-04-04T19:45:00+00:00,SerieA|2024|306,Torino,Verona,2025-04-06T14:00:00Z,1,1,True,0,U2.5,0.606452,0.606452,0.0,0.6,True,1,U2.5,0.606452,True,2,1
Serie A,2024/25,31,2025-04-04T19:45:00+00:00,SerieA|2024|307,Atalanta,Lazio,2025-04-06T17:00:00Z,0,1,True,0,1,0.731021,0.645172,0.214621,0.55,True,0,1,0.645172,True,1,0
Serie A,2024/25,31,2025-04-04T19:45:00+00:00,SerieA|2024|308,Roma,Juventus,2025-04-06T19:45:00Z,1,1,True,0,U2.5,0.560461,0.560461,0.0,0.6,False,1,,,False,0,
Serie A,2024/25,31,2025-04-04T19:45:00+00:00,SerieA|2024|309,Bologna,Napoli,2025-04-07T19:45:00Z,1,1,True,0,U2.5,0.621957,0.621957,0.0,0.6,True,1,U2.5,0.621957,True,1,1
Serie A,2024/25,32,2025-04-11T19:45:00+00:00,SerieA|2024|310,Udinese,Milan,2025-04-11T19:45:00Z,0,4,True,0,2,0.585198,0.507119,0.195198,0.55,False,1,,,False,0,
Serie A,2024/25,32,2025-04-11T19:45:00+00:00,SerieA|2024|311,Venezia,Monza,2025-04-12T14:00:00Z,1,0,True,0,U2.5,0.598052,0.598052,0.0,0.6,False,1,,,False,0,
Serie A,2024/25,32,2025-04-11T19:45:00+00:00,SerieA|2024|312,Inter,Cagliari,2025-04-12T17:00:00Z,3,1,True,0,1,0.823081,0.811769,0.028281,0.55,True,1,1,0.811769,True,2,1
Serie A,2024/25,32,2025-04-11T19:45:00+00:00,SerieA|2024|313,Juventus,Lecce,2025-04-12T19:45:00Z,2,1,True,0,1,0.739903,0.723902,0.040003,0.55,True,1,1,0.723902,True,1,1
Serie A,2024/25,32,2025-04-11T19:45:00+00:00,SerieA|2024|314,Atalanta,Bologna,2025-04-13T11:30:00Z,2,0,True,0,GG,0.552149,0.552149,0.0,0.6,False,0,,,False,0,
Serie A,2024/25,32,2025-04-11T19:45:00+00:00,SerieA|2024|315,Fiorentina,Parma,2025-04-13T14:00:00Z,0,0,True,0,1,0.748269,0.699401,0.122169,0.55,True,0,1,0.699401,True,1,0
Serie A,2024/25,32,2025-04-11T19:45:00+00:00,SerieA|2024|316,Verona,Genoa,2025-04-13T14:00:00Z,0,0,True,0,U2.5,0.597013,0.597013,0.0,0.6,False,1,,,False,0,
Serie A,2024/25,32,2025-04-11T19:45:00+00:00,SerieA|2024|317,Como,Torino,2025-04-13T17:00:00Z,1,0,True,0,U2.5,0.618283,0.618283,0.0,0.6,True,1,U2.5,0.618283,True,1,1
Serie A,2024/25,32,2025-04-11T19:45:00+00:00,SerieA|2024|318,Lazio,Roma,2025-04-13T19:45:00Z,1,1,True,0,GG,0.565689,0.565689,0.0,0.6,False,1,,,False,0,
Serie A,2024/25,32,2025-04-11T19:45:00+00:00,SerieA|2024|319,Napoli,Empoli,2025-04-14T19:45:00Z,3,0,True,0,NG,0.631184,0.631184,0.0,0.6,True,1,1,0.67773,True,3,1
Serie A,2024/25,33,2025-04-19T14:00:00+00:00,SerieA|2024|320,Lecce,Como,2025-04-19T14:00:00Z,0,3,True,0,2,0.585651,0.511911,0.184351,0.55,False,1,,,False,0,
Serie A,2024/25,33,2025-04-19T14:00:00+00:00,SerieA|2024|321,Monza,Napoli,2025-04-19T17:00:00Z,0,1,True,0,2,0.777492,0.735695,0.104492,0.55,True,1,2,0.735695,True,3,1
Serie A,2024/25,33,2025-04-19T14:00:00+00:00,SerieA|2024|322,Roma,Verona,2025-04-19T19:45:00Z,1,0,True,0,1,0.614922,0.625153,0.025578,0.55,True,1,1,0.625153,True,1,1
Serie A,2024/25,33,2025-04-19T14:00:00+00:00,SerieA|2024|323,Empoli,Venezia,2025-04-20T14:00:00Z,2,2,True,0,U2.5,0.588632,0.588632,0.0,0.6,False,0,,,False,0,
Serie A,2024/25,33,2025-04-19T14:00:00+00:00,SerieA|2024|324,Bologna,Inter,2025-04-20T17:00:00Z,1,0,True,0,GG,0.543016,0.543016,0.0,0.6,False,0,,,False,0,
Serie A,2024/25,33,2025-04-19T14:00:00+00:00,SerieA|2024|325,Milan,Atalanta,2025-04-20T19:45:00Z,0,1,True,0,GG,0.620378,0.620378,0.0,0.6,True,0,GG,0.620378,True,1,0
Serie A,2024/25,33,2025-04-19T14:00:00+00:00,SerieA|2024|326,Cagliari,Fiorentina,2025-04-23T17:30:00Z,1,2,True,0,2,0.554574,0.523424,0.077874,0.55,False,1,,,False,0,
Serie A,2024/25,33,2025-04-19T14:00:00+00:00,SerieA|2024|327,Genoa,Lazio,2025-04-23T17:30:00Z,0,2,True,0,U2.5,0.552365,0.552365,0.0,0.6,False,1,,,False,0,
Serie A,2024/25,33,2025-04-19T14:00:00+00:00,SerieA|2024|328,Parma,Juventus,2025-04-23T17:30:00Z,1,0,True,0,2,0.542347,0.522288,0.050147,0.55,False,0,,,False,0,
Serie A,2024/25,33,2025-04-19T14:00:00+00:00,SerieA|2024|329,Torino,Udinese,2025-04-23T17:30:00Z,2,0,True,0,U2.5,0.608094,0.608094,0.0,0.6,True,1,U2.5,0.608094,True,1,1
Serie A,2024/25,34,2025-04-27T11:30:00+00:00,SerieA|2024|330,Como,Genoa,2025-04-27T11:30:00Z,1,0,True,0,U2.5,0.615674,0.615674,0.0,0.6,True,1,U2.5,0.615674,True,1,1
Serie A,2024/25,34,2025-04-27T11:30:00+00:00,SerieA|2024|331,Venezia,Milan,2025-04-27T11:30:00Z,0,2,True,0,2,0.717402,0.607761,0.274102,0.55,False,1,,,False,0,
Serie A,2024/25,34,2025-04-27T11:30:00+00:00,SerieA|2024|332,Fiorentina,Empoli,2025-04-27T14:00:00Z,2,1,True,0,1,0.748269,0.729401,0.047169,0.55,True,1,1,0.729401,True,1,1
Serie A,2024/25,34,2025-04-27T11:30:00+00:00,SerieA|2024|333,Inter,Roma,2025-04-27T14:00:00Z,0,1,True,0,1,0.645068,0.615281,0.074468,0.55,True,0,1,0.615281,True,1,0
Serie A,2024/25,34,2025-04-27T11:30:00+00:00,SerieA|2024|334,Juventus,Monza,2025-04-27T17:00:00Z,2,0,True,0,1,0.749813,0.754648,0.012087,0.55,True,1,1,0.754648,True,2,1
Serie A,2024/25,34,2025-04-27T11:30:00+00:00,SerieA|2024|335,Atalanta,Lecce,2025-04-27T19:45:00Z,1,1,True,0,1,0.84337,0.805942,0.09357,0.55,True,0,1,0.805942,True,2,0
Serie A,2024/25,34,2025-04-27T11:30:00+00:00,SerieA|2024|336,Napoli,Torino,2025-04-27T19:45:00Z,2,0,True,0,1,0.66599,0.614234,0.12939,0.55,True,1,NG,0.62327,True,3,1
Serie A,2024/25,34,2025-04-27T11:30:00+00:00,SerieA|2024|337,Udinese,Bologna,2025-04-28T17:30:00Z,0,0,True,0,2,0.695224,0.614614,0.201524,0.55,True,0,2,0.614614,True,1,0
Serie A,2024/25,34,2025-04-27T11:30:00+00:00,SerieA|2024|338,Lazio,Parma,2025-04-28T19:45:00Z,2,2,True,0,1,0.627989,0.608233,0.049389,0.55,True,0,1,0.608233,True,2,0
Serie A,2024/25,34,2025-04-27T11:30:00+00:00,SerieA|2024|339,Verona,Cagliari,2025-04-28T19:45:00Z,0,2,True,0,GG,0.529326,0.529326,0.0,0.6,False,0,,,False,0,
Serie A,2024/25,35,2025-05-02T19:45:00+00:00,SerieA|2024|340,Torino,Venezia,2025-05-02T19:45:00Z,1,1,True,0,U2.5,0.597199,0.597199,0.0,0.6,False,1,,,False,0,
Serie A,2024/25,35,2025-05-02T19:45:00+00:00,SerieA|2024|341,Cagliari,Udinese,2025-05-03T14:00:00Z,1,2,True,0,1,0.578738,0.514083,0.161638,0.55,False,0,,,False,0,
Serie A,2024/25,35,2025-05-02T19:45:00+00:00,SerieA|2024|342,Parma,Como,2025-05-03T14:00:00Z,0,1,True,0,GG,0.528247,0.528247,0.0,0.6,False,0,,,False,0,
Serie A,2024/25,35,2025-05-02T19:45:00+00:00,SerieA|2024|343,Lecce,Napoli,2025-05-03T17:00:00Z,0,1,True,0,2,0.801905,0.727623,0.185705,0.55,True,1,2,0.727623,True,1,1
Serie A,2024/25,35,2025-05-02T19:45:00+00:00,SerieA|2024|344,Inter,Verona,2025-05-03T19:45:00Z,1,0,True,0,1,0.800583,0.79787,0.006783,0.55,True,1,1,0.79787,True,1,1
Serie A,2024/25,35,2025-05-02T19:45:00+00:00,SerieA|2024|345,Empoli,Lazio,2025-05-04T11:30:00Z,0,1,True,0,2,0.730802,0.650561,0.200602,0.55,True,1,2,0.650561,True,1,1
Serie A,2024/25,35,2025-05-02T19:45:00+00:00,SerieA|2024|346,Monza,Atalanta,2025-05-04T14:00:00Z,0,4,True,0,2,0.755128,0.715797,0.098328,0.55,True,1,2,0.715797,True,1,1
Serie A,2024/25,35,2025-05-02T19:45:00+00:00,SerieA|2024|347,Roma,Fiorentina,2025-05-04T17:00:00Z,1,0,True,0,U2.5,0.521146,0.521146,0.0,0.6,False,1,,,False,0,
Serie A,2024/25,35,2025-05-02T19:45:00+00:00,SerieA|2024|348,Bologna,Juventus,2025-05-04T19:45:00Z,1,1,True,0,U2.5,0.610036,0.610036,0.0,0.6,True,1,U2.5,0.610036,True,1,1
Serie A,2024/25,35,2025-05-02T19:45:00+00:00,SerieA|2024|349,Genoa,Milan,2025-05-05T19:45:00Z,1,2,True,0,2,0.628797,0.537158,0.229097,0.55,False,1,,,False,0,
Serie A,2024/25,36,2025-05-09T19:45:00+00:00,SerieA|2024|350,Milan,Bologna,2025-05-09T19:45:00Z,3,1,True,0,GG,0.553415,0.553415,0.0,0.6,False,1,,,False,0,
Serie A,2024/25,36,2025-05-09T19:45:00+00:00,SerieA|2024|351,Como,Cagliari,2025-05-10T14:00:00Z,3,1,True,0,1,0.64448,0.608088,0.09098,0.55,True,1,1,0.608088,True,1,1
Serie A,2024/25,36,2025-05-09T19:45:00+00:00,SerieA|2024|352,Lazio,Juventus,2025-05-10T17:00:00Z,1,1,True,0,U2.5,0.582057,0.582057,0.0,0.6,False,1,,,False,0,
Serie A,2024/25,36,2025-05-09T19:45:00+00:00,SerieA|2024|353,Empoli,Parma,2025-05-10T19:45:00Z,2,1,True,0,U2.5,0.538782,0.538782,0.0,0.6,False,0,,,False,0,
Serie A,2024/25,36,2025-05-09T19:45:00+00:00,SerieA|2024|354,Udinese,Monza,2025-05-11T11:30:00Z,1,2,True,0,U2.5,0.583712,0.583712,0.0,0.6,False,0,,,False,0,
Serie A,2024/25,36,2025-05-09T19:45:00+00:00,SerieA|2024|355,Verona,Lecce,2025-05-11T14:00:00Z,1,1,True,0,U2.5,0.573205,0.573205,0.0,0.6,False,1,,,False,0,
Serie A,2024/25,36,2025-05-09T19:45:00+00:00,SerieA|2024|356,Torino,Inter,2025-05-11T17:00:00Z,0,2,True,0,2,0.609499,0.558019,0.128699,0.55,True,1,2,0.558019,True,1,1
Serie A,2024/25,36,2025-05-09T19:45:00+00:00,SerieA|2024|357,Napoli,Genoa,2025-05-11T19:45:00Z,2,2,True,0,1,0.681342,0.675925,0.013542,0.55,True,0,1,0.675925,True,3,0
Serie A,2024/25,36,2025-05-09T19:45:00+00:00,SerieA|2024|358,Venezia,Fiorentina,2025-05-12T17:30:00Z,2,1,True,0,2,0.578252,0.541071,0.092952,0.55,False,0,,,False,0,
Serie A,2024/25,36,2025-05-09T19:45:00+00:00,SerieA|2024|359,Atalanta,Roma,2025-05-12T19:45:00Z,2,1,True,0,1,0.62161,0.544246,0.19341,0.55,False,1,,,False,0,
Serie A,2024/25,37,2025-05-17T19:45:00+00:00,SerieA|2024|360,Genoa,Atalanta,2025-05-17T19:45:00Z,2,3,True,0,2,0.789778,0.662307,0.318678,0.55,False,1,,,False,0,
Serie A,2024/25,37,2025-05-17T19:45:00+00:00,SerieA|2024|361,Cagliari,Venezia,2025-05-18T19:45:00Z,3,0,True,0,GG,0.55125,0.55125,0.0,0.6,False,0,,,False,0,
Serie A,2024/25,37,2025-05-17T19:45:00+00:00,SerieA|2024|362,Fiorentina,Bologna,2025-05-18T19:45:00Z,3,2,True,0,U2.5,0.58369,0.58369,0.0,0.6,False,0,,,False,0,
Serie A,2024/25,37,2025-05-17T19:45:00+00:00,SerieA|2024|363,Inter,Lazio,2025-05-18T19:45:00Z,2,2,True,0,GG,0.566398,0.566398,0.0,0.6,False,1,,,False,0,
Serie A,2024/25,37,2025-05-17T19:45:00+00:00,SerieA|2024|364,Juventus,Udinese,2025-05-18T19:45:00Z,2,0,True,0,1,0.729077,0.693246,0.089577,0.55,True,1,1,0.693246,True,1,1
Serie A,2024/25,37,2025-05-17T19:45:00+00:00,SerieA|2024|365,Lecce,Torino,2025-05-18T19:45:00Z,1,0,True,0,U2.5,0.600836,0.600836,0.0,0.6,True,1,U2.5,0.600836,True,1,1
Serie A,2024/25,37,2025-05-17T19:45:00+00:00,SerieA|2024|366,Monza,Empoli,2025-05-18T19:45:00Z,1,3,True,0,U2.5,0.658091,0.658091,0.0,0.6,True,0,U2.5,0.658091,True,1,0
Serie A,2024/25,37,2025-05-17T19:45:00+00:00,SerieA|2024|367,Parma,Napoli,2025-05-18T19:45:00Z,0,0,True,0,2,0.691735,0.630681,0.152635,0.55,True,0,2,0.630681,True,1,0
Serie A,2024/25,37,2025-05-17T19:45:00+00:00,SerieA|2024|368,Roma,Milan,2025-05-18T19:45:00Z,3,1,True,0,GG,0.595453,0.595453,0.0,0.6,False,1,,,False,0,
Serie A,2024/25,37,2025-05-17T19:45:00+00:00,SerieA|2024|369,Verona,Como,2025-05-18T19:45:00Z,1,1,True,0,U2.5,0.587587,0.587587,0.0,0.6,False,1,,,False,0,
Serie A,2024/25,38,2025-05-23T19:45:00+00:00,SerieA|2024|370,Como,Inter,2025-05-23T19:45:00Z,0,2,True,0,GG,0.541168,0.541168,0.0,0.6,False,0,,,False,0,
Serie A,2024/25,38,2025-05-23T19:45:00+00:00,SerieA|2024|371,Napoli,Cagliari,2025-05-23T19:45:00Z,2,0,True,0,1,0.709581,0.705029,0.011381,0.55,True,1,1,0.705029,True,1,1
Serie A,2024/25,38,2025-05-23T19:45:00+00:00,SerieA|2024|372,Bologna,Genoa,2025-05-24T17:00:00Z,1,3,True,0,1,0.60973,0.588878,0.05213,0.55,True,0,1,0.588878,True,1,0
Serie A,2024/25,38,2025-05-23T19:45:00+00:00,SerieA|2024|373,Milan,Monza,2025-05-24T19:45:00Z,2,0,True,0,1,0.880076,0.829886,0.125476,0.55,True,1,1,0.829886,True,1,1
Serie A,2024/25,38,2025-05-23T19:45:00+00:00,SerieA|2024|374,Atalanta,Parma,2025-05-25T19:45:00Z,2,3,True,0,1,0.841136,0.775242,0.164736,0.55,True,0,1,0.775242,True,2,0
Serie A,2024/25,38,2025-05-23T19:45:00+00:00,SerieA|2024|375,Empoli,Verona,2025-05-25T19:45:00Z,1,2,True,0,U2.5,0.62913,0.62913,0.0,0.6,True,0,U2.5,0.62913,True,1,0
Serie A,2024/25,38,2025-05-23T19:45:00+00:00,SerieA|2024|376,Lazio,Lecce,2025-05-25T19:45:00Z,0,1,True,0,1,0.801672,0.746723,0.137372,0.55,True,0,1,0.746723,True,1,0
Serie A,2024/25,38,2025-05-23T19:45:00+00:00,SerieA|2024|377,Torino,Roma,2025-05-25T19:45:00Z,0,2,True,0,2,0.579386,0.521952,0.143586,0.55,False,1,,,False,0,
Serie A,2024/25,38,2025-05-23T19:45:00+00:00,SerieA|2024|378,Udinese,Fiorentina,2025-05-25T19:45:00Z,2,3,True,0,2,0.578509,0.533946,0.111409,0.55,False,1,,,False,0,
Serie A,2024/25,38,2025-05-23T19:45:00+00:00,SerieA|2024|379,Venezia,Juventus,2025-05-25T19:45:00Z,2,3,True,0,2,0.732026,0.645016,0.217526,0.55,True,1,2,0.645016,True,1,1
Serie A,2025/26,1,2025-08-23T17:30:00+00:00,SerieA|2025|0,Genoa,Lecce,2025-08-23T17:30:00Z,0,0,True,0,U2.5,0.675803,0.675803,0.0,0.6,True,1,U2.5,0.675803,True,2,1
Serie A,2025/26,1,2025-08-23T17:30:00+00:00,SerieA|2025|1,Sassuolo,Napoli,2025-08-23T17:30:00Z,0,2,True,0,2,0.845238,0.804063,0.102938,0.55,True,1,2,0.804063,True,1,1
Serie A,2025/26,1,2025-08-23T17:30:00+00:00,SerieA|2025|2,Milan,Cremonese,2025-08-23T19:45:00Z,1,2,True,0,1,0.917578,0.857507,0.150178,0.55,True,0,1,0.857507,True,2,0
Serie A,2025/26,1,2025-08-23T17:30:00+00:00,SerieA|2025|3,Roma,Bologna,2025-08-23T19:45:00Z,1,0,True,0,1,0.660687,0.613452,0.118087,0.55,True,1,1,0.613452,True,1,1
Serie A,2025/26,1,2025-08-23T17:30:00+00:00,SerieA|2025|4,Cagliari,Fiorentina,2025-08-24T17:30:00Z,1,1,True,0,2,0.655034,0.60206,0.132434,0.55,True,0,2,0.60206,True,1,0
Serie A,2025/26,1,2025-08-23T17:30:00+00:00,SerieA|2025|5,Como,Lazio,2025-08-24T17:30:00Z,2,0,True,0,U2.5,0.527081,0.527081,0.0,0.6,False,1,,,False,0,
Serie A,2025/26,1,2025-08-23T17:30:00+00:00,SerieA|2025|6,Atalanta,Pisa,2025-08-24T19:45:00Z,1,1,True,1,1,0.721974,0.710825,0.027874,0.55,True,0,1,0.710825,True,1,0
Serie A,2025/26,1,2025-08-23T17:30:00+00:00,SerieA|2025|7,Juventus,Parma,2025-08-24T19:45:00Z,2,0,True,0,1,0.827055,0.770913,0.140355,0.55,True,1,1,0.770913,True,1,1
Serie A,2025/26,1,2025-08-23T17:30:00+00:00,SerieA|2025|8,Udinese,Verona,2025-08-25T17:30:00Z,1,1,True,0,U2.5,0.589694,0.589694,0.0,0.6,False,1,,,False,0,
Serie A,2025/26,1,2025-08-23T17:30:00+00:00,SerieA|2025|9,Inter,Torino,2025-08-25T19:45:00Z,5,0,True,0,1,0.823995,0.812557,0.028595,0.55,True,1,1,0.812557,True,1,1
Serie A,2025/26,2,2025-08-29T17:30:00+00:00,SerieA|2025|10,Cremonese,Sassuolo,2025-08-29T17:30:00Z,3,2,True,0,U2.5,0.546911,0.546911,0.0,0.6,False,0,,,False,0,
Serie A,2025/26,2,2025-08-29T17:30:00+00:00,SerieA|2025|11,Lecce,Milan,2025-08-29T19:45:00Z,0,2,True,0,U2.5,0.57585,0.57585,0.0,0.6,False,1,,,False,0,
Serie A,2025/26,2,2025-08-29T17:30:00+00:00,SerieA|2025|12,Bologna,Como,2025-08-30T17:30:00Z,1,0,True,0,U2.5,0.579827,0.579827,0.0,0.6,False,1,,,False,0,
Serie A,2025/26,2,2025-08-29T17:30:00+00:00,SerieA|2025|13,Parma,Atalanta,2025-08-30T17:30:00Z,1,1,True,0,2,0.665874,0.586124,0.199374,0.55,True,0,2,0.586124,True,1,0
Serie A,2025/26,2,2025-08-29T17:30:00+00:00,SerieA|2025|14,Napoli,Cagliari,2025-08-30T19:45:00Z,1,0,True,0,1,0.695152,0.711771,0.041548,0.55,True,1,1,0.711771,True,1,1
Serie A,2025/26,2,2025-08-29T17:30:00+00:00,SerieA|2025|15,Pisa,Roma,2025-08-30T19:45:00Z,0,1,True,0,2,0.62221,0.564286,0.14481,0.55,True,1,2,0.564286,True,1,1
Serie A,2025/26,2,2025-08-29T17:30:00+00:00,SerieA|2025|16,Genoa,Juventus,2025-08-31T17:30:00Z,0,1,True,0,2,0.588826,0.521656,0.167926,0.55,False,1,,,False,0,
Serie A,2025/26,2,2025-08-29T17:30:00+00:00,SerieA|2025|17,Torino,Fiorentina,2025-08-31T17:30:00Z,0,0,True,0,GG,0.562541,0.562541,0.0,0.6,False,0,,,False,0,
Serie A,2025/26,2,2025-08-29T17:30:00+00:00,SerieA|2025|18,Inter,Udinese,2025-08-31T19:45:00Z,1,2,True,0,1,0.7406,0.7702,0.074,0.55,True,0,1,0.7702,True,1,0
Serie A,2025/26,2,2025-08-29T17:30:00+00:00,SerieA|2025|19,Lazio,Verona,2025-08-31T19:45:00Z,4,0,True,0,U2.5,0.581849,0.581849,0.0,0.6,False,0,,,False,0,
Serie A,2025/26,3,2025-09-13T14:00:00+00:00,SerieA|2025|20,Cagliari,Parma,2025-09-13T14:00:00Z,2,0,True,0,GG,0.522269,0.522269,0.0,0.6,False,0,,,False,0,
Serie A,2025/26,3,2025-09-13T14:00:00+00:00,SerieA|2025|21,Juventus,Inter,2025-09-13T17:00:00Z,4,3,True,0,GG,0.556744,0.556744,0.0,0.6,False,1,,,False,0,
Serie A,2025/26,3,2025-09-13T14:00:00+00:00,SerieA|2025|22,Fiorentina,Napoli,2025-09-13T19:45:00Z,1,3,True,0,U2.5,0.56488,0.56488,0.0,0.6,False,0,,,False,0,
Serie A,2025/26,3,2025-09-13T14:00:00+00:00,SerieA|2025|23,Roma,Torino,2025-09-14T11:30:00Z,0,1,True,0,1,0.722612,0.675207,0.118512,0.55,True,0,1,0.675207,True,1,0
Serie A,2025/26,3,2025-09-13T14:00:00+00:00,SerieA|2025|24,Atalanta,Lecce,2025-09-14T14:00:00Z,4,1,True,0,1,0.596358,0.644335,0.119942,0.55,True,1,1,0.644335,True,1,1
Serie A,2025/26,3,2025-09-13T14:00:00+00:00,SerieA|2025|25,Pisa,Udinese,2025-09-14T14:00:00Z,0,1,True,0,U2.5,0.552803,0.552803,0.0,0.6,False,1,,,False,0,
Serie A,2025/26,3,2025-09-13T14:00:00+00:00,SerieA|2025|26,Sassuolo,Lazio,2025-09-14T17:00:00Z,1,0,True,0,2,0.726548,0.631689,0.237148,0.55,True,0,2,0.631689,True,1,0
Serie A,2025/26,3,2025-09-13T14:00:00+00:00,SerieA|2025|27,Milan,Bologna,2025-09-14T19:45:00Z,1,0,True,0,1,0.721712,0.584427,0.343212,0.55,False,1,,,False,0,
Serie A,2025/26,3,2025-09-13T14:00:00+00:00,SerieA|2025|28,Verona,Cremonese,2025-09-15T17:30:00Z,0,0,True,0,GG,0.598933,0.598933,0.0,0.6,False,0,,,False,0,
Serie A,2025/26,3,2025-09-13T14:00:00+00:00,SerieA|2025|29,Como,Genoa,2025-09-15T19:45:00Z,1,1,True,0,U2.5,0.630079,0.630079,0.0,0.6,True,1,U2.5,0.630079,True,1,1
Serie A,2025/26,4,2025-09-19T19:45:00+00:00,SerieA|2025|30,Lecce,Cagliari,2025-09-19T19:45:00Z,1,2,True,0,U2.5,0.541355,0.541355,0.0,0.6,False,0,,,False,0,
Serie A,2025/26,4,2025-09-19T19:45:00+00:00,SerieA|2025|31,Bologna,Genoa,2025-09-20T14:00:00Z,2,1,True,0,U2.5,0.614377,0.614377,0.0,0.6,True,0,U2.5,0.614377,True,1,0
Serie A,2025/26,4,2025-09-19T19:45:00+00:00,SerieA|2025|32,Verona,Juventus,2025-09-20T17:00:00Z,1,1,True,0,2,0.69502,0.646292,0.12182,0.55,True,0,2,0.646292,True,1,0
Serie A,2025/26,4,2025-09-19T19:45:00+00:00,SerieA|2025|33,Udinese,Milan,2025-09-20T19:45:00Z,0,3,True,0,2,0.632913,0.551628,0.203213,0.55,True,1,2,0.551628,True,1,1
Serie A,2025/26,4,2025-09-19T19:45:00+00:00,SerieA|2025|34,Lazio,Roma,2025-09-21T11:30:00Z,0,1,True,0,U2.5,0.593787,0.593787,0.0,0.6,False,1,,,False,0,
Serie A,2025/26,4,2025-09-19T19:45:00+00:00,SerieA|2025|35,Cremonese,Parma,2025-09-21T14:00:00Z,0,0,True,0,1,0.590526,0.499795,0.226826,0.55,False,0,,,False,0,
Serie A,2025/26,4,2025-09-19T19:45:00+00:00,SerieA|2025|36,Torino,Atalanta,2025-09-21T14:00:00Z,0,3,True,0,2,0.628925,0.537555,0.228425,0.55,False,1,,,False,0,
Serie A,2025/26,4,2025-09-19T19:45:00+00:00,SerieA|2025|37,Fiorentina,Como,2025-09-21T17:00:00Z,1,2,True,0,GG,0.554283,0.554283,0.0,0.6,False,1,,,False,0,
Serie A,2025/26,4,2025-09-19T19:45:00+00:00,SerieA|2025|38,Inter,Sassuolo,2025-09-21T19:45:00Z,2,1,True,0,1,0.795702,0.808181,0.031198,0.55,True,1,1,0.808181,True,1,1
Serie A,2025/26,4,2025-09-19T19:45:00+00:00,SerieA|2025|39,Napoli,Pisa,2025-09-22T19:45:00Z,3,2,True,0,1,0.749191,0.716195,0.082491,0.55,True,1,1,0.716195,True,1,1
Serie A,2025/26,5,2025-09-27T14:00:00+00:00,SerieA|2025|40,Como,Cremonese,2025-09-27T14:00:00Z,1,1,True,0,U2.5,0.529264,0.529264,0.0,0.6,False,1,,,False,0,
Serie A,2025/26,5,2025-09-27T14:00:00+00:00,SerieA|2025|41,Juventus,Atalanta,2025-09-27T17:00:00Z,1,1,True,0,U2.5,0.542272,0.542272,0.0,0.6,False,1,,,False,0,
Serie A,2025/26,5,2025-09-27T14:00:00+00:00,SerieA|2025|42,Cagliari,Inter,2025-09-27T19:45:00Z,0,2,True,0,2,0.576869,0.582962,0.015231,0.55,True,1,2,0.582962,True,1,1
Serie A,2025/26,5,2025-09-27T14:00:00+00:00,SerieA|2025|43,Sassuolo,Udinese,2025-09-28T11:30:00Z,3,1,True,0,GG,0.537863,0.537863,0.0,0.6,False,1,,,False,0,
Serie A,2025/26,5,2025-09-27T14:00:00+00:00,SerieA|2025|44,Pisa,Fiorentina,2025-09-28T14:00:00Z,0,0,True,0,GG,0.558825,0.558825,0.0,0.6,False,0,,,False,0,
Serie A,2025/26,5,2025-09-27T14:00:00+00:00,SerieA|2025|45,Roma,Verona,2025-09-28T14:00:00Z,2,0,True,0,U2.5,0.59898,0.59898,0.0,0.6,False,1,1,0.65361,True,1,1
Serie A,2025/26,5,2025-09-27T14:00:00+00:00,SerieA|2025|46,Lecce,Bologna,2025-09-28T17:00:00Z,2,2,True,0,U2.5,0.607904,0.607904,0.0,0.6,True,0,U2.5,0.607904,True,1,0
Serie A,2025/26,5,2025-09-27T14:00:00+00:00,SerieA|2025|47,Milan,Napoli,2025-09-28T19:45:00Z,2,1,True,0,U2.5,0.533851,0.533851,0.0,0.6,False,0,,,False,0,
Serie A,2025/26,5,2025-09-27T14:00:00+00:00,SerieA|2025|48,Parma,Torino,2025-09-29T17:30:00Z,2,1,True,0,U2.5,0.532684,0.532684,0.0,0.6,False,0,,,False,0,
Serie A,2025/26,5,2025-09-27T14:00:00+00:00,SerieA|2025|49,Genoa,Lazio,2025-09-29T19:45:00Z,0,3,True,0,U2.5,0.55506,0.55506,0.0,0.6,False,0,,,False,0,
Serie A,2025/26,6,2025-10-03T19:45:00+00:00,SerieA|2025|50,Verona,Sassuolo,2025-10-03T19:45:00Z,0,1,True,0,GG,0.547962,0.547962,0.0,0.6,False,0,,,False,0,
Serie A,2025/26,6,2025-10-03T19:45:00+00:00,SerieA|2025|51,Lazio,Torino,2025-10-04T14:00:00Z,3,3,True,0,1,0.740892,0.635375,0.263792,0.55,False,0,,,False,0,
Serie A,2025/26,6,2025-10-03T19:45:00+00:00,SerieA|2025|52,Parma,Lecce,2025-10-04T14:00:00Z,0,1,True,0,U2.5,0.540444,0.540444,0.0,0.6,False,1,,,False,0,
Serie A,2025/26,6,2025-10-03T19:45:00+00:00,SerieA|2025|53,Inter,Cremonese,2025-10-04T17:00:00Z,4,1,True,0,1,0.758209,0.759086,0.002191,0.55,True,1,1,0.759086,True,1,1
Serie A,2025/26,6,2025-10-03T19:45:00+00:00,SerieA|2025|54,Atalanta,Como,2025-10-04T19:45:00Z,1,1,True,0,1,0.591947,0.594808,0.007153,0.55,True,0,1,0.594808,True,1,0
Serie A,2025/26,6,2025-10-03T19:45:00+00:00,SerieA|2025|55,Udinese,Cagliari,2025-10-05T11:30:00Z,1,1,True,0,GG,0.557607,0.557607,0.0,0.6,False,1,,,False,0,
Serie A,2025/26,6,2025-10-03T19:45:00+00:00,SerieA|2025|56,Bologna,Pisa,2025-10-05T14:00:00Z,4,0,True,0,U2.5,0.586418,0.586418,0.0,0.6,False,0,,,False,0,
Serie A,2025/26,6,2025-10-03T19:45:00+00:00,SerieA|2025|57,Fiorentina,Roma,2025-10-05T14:00:00Z,1,2,True,0,U2.5,0.608288,0.608288,0.0,0.6,True,0,U2.5,0.608288,True,1,0
Serie A,2025/26,6,2025-10-03T19:45:00+00:00,SerieA|2025|58,Napoli,Genoa,2025-10-05T17:00:00Z,2,1,True,0,1,0.804344,0.744006,0.150844,0.55,True,1,1,0.744006,True,1,1
Serie A,2025/26,6,2025-10-03T19:45:00+00:00,SerieA|2025|59,Juventus,Milan,2025-10-05T19:45:00Z,0,0,True,0,U2.5,0.607944,0.607944,0.0,0.6,True,1,U2.5,0.607944,True,1,1
Serie A,2025/26,7,2025-10-18T14:00:00+00:00,SerieA|2025|60,Lecce,Sassuolo,2025-10-18T14:00:00Z,0,0,True,0,GG,0.527538,0.527538,0.0,0.6,False,0,,,False,0,
Serie A,2025/26,7,2025-10-18T14:00:00+00:00,SerieA|2025|61,Pisa,Verona,2025-10-18T14:00:00Z,0,0,True,0,U2.5,0.555231,0.555231,0.0,0.6,False,1,,,False,0,
Serie A,2025/26,7,2025-10-18T14:00:00+00:00,SerieA|2025|62,Torino,Napoli,2025-10-18T17:00:00Z,1,0,True,0,2,0.687161,0.606137,0.202561,0.55,True,0,2,0.606137,True,1,0
Serie A,2025/26,7,2025-10-18T14:00:00+00:00,SerieA|2025|63,Roma,Inter,2025-10-18T19:45:00Z,0,1,True,0,U2.5,0.552285,0.552285,0.0,0.6,False,1,,,False,0,
Serie A,2025/26,7,2025-10-18T14:00:00+00:00,SerieA|2025|64,Como,Juventus,2025-10-19T11:30:00Z,2,0,True,0,U2.5,0.603154,0.603154,0.0,0.6,True,1,U2.5,0.603154,True,1,1
Serie A,2025/26,7,2025-10-18T14:00:00+00:00,SerieA|2025|65,Cagliari,Bologna,2025-10-19T14:00:00Z,0,2,True,0,2,0.605637,0.519502,0.215337,0.55,False,1,,,False,0,
Serie A,2025/26,7,2025-10-18T14:00:00+00:00,SerieA|2025|66,Genoa,Parma,2025-10-19T14:00:00Z,0,0,True,0,U2.5,0.564364,0.564364,0.0,0.6,False,1,,,False,0,
Serie A,2025/26,7,2025-10-18T14:00:00+00:00,SerieA|2025|67,Atalanta,Lazio,2025-10-19T17:00:00Z,0,0,True,0,GG,0.544949,0.544949,0.0,0.6,False,0,,,False,0,
Serie A,2025/26,7,2025-10-18T14:00:00+00:00,SerieA|2025|68,Milan,Fiorentina,2025-10-19T19:45:00Z,2,1,True,0,1,0.757836,0.634302,0.308836,0.55,False,1,,,False,0,
Serie A,2025/26,7,2025-10-18T14:00:00+00:00,SerieA|2025|69,Cremonese,Udinese,2025-10-20T19:45:00Z,1,1,True,0,GG,0.53151,0.53151,0.0,0.6,False,1,,,False,0,
Serie A,2025/26,8,2025-10-24T19:45:00+00:00,SerieA|2025|70,Milan,Pisa,2025-10-24T19:45:00Z,2,2,True,0,1,0.852302,0.766021,0.215702,0.55,True,0,1,0.766021,True,1,0
Serie A,2025/26,8,2025-10-24T19:45:00+00:00,SerieA|2025|71,Parma,Como,2025-10-25T14:00:00Z,0,0,True,0,U2.5,0.610124,0.610124,0.0,0.6,True,1,U2.5,0.610124,True,1,1
Serie A,2025/26,8,2025-10-24T19:45:00+00:00,SerieA|2025|72,Udinese,Lecce,2025-10-25T14:00:00Z,3,2,True,0,U2.5,0.557288,0.557288,0.0,0.6,False,0,,,False,0,
Serie A,2025/26,8,2025-10-24T19:45:00+00:00,SerieA|2025|73,Napoli,Inter,2025-10-25T17:00:00Z,3,1,True,0,GG,0.617572,0.617572,0.0,0.6,True,1,GG,0.617572,True,1,1
Serie A,2025/26,8,2025-10-24T19:45:00+00:00,SerieA|2025|74,Cremonese,Atalanta,2025-10-25T19:45:00Z,1,1,True,0,2,0.733304,0.660103,0.183004,0.55,True,0,2,0.660103,True,1,0
Serie A,2025/26,8,2025-10-24T19:45:00+00:00,SerieA|2025|75,Torino,Genoa,2025-10-26T11:30:00Z,2,1,True,0,GG,0.538149,0.538149,0.0,0.6,False,1,,,False,0,
Serie A,2025/26,8,2025-10-24T19:45:00+00:00,SerieA|2025|76,Sassuolo,Roma,2025-10-26T14:00:00Z,0,1,True,0,U2.5,0.585649,0.585649,0.0,0.6,False,1,,,False,0,
Serie A,2025/26,8,2025-10-24T19:45:00+00:00,SerieA|2025|77,Verona,Cagliari,2025-10-26T14:00:00Z,2,2,True,0,GG,0.520383,0.520383,0.0,0.6,False,1,,,False,0,
Serie A,2025/26,8,2025-10-24T19:45:00+00:00,SerieA|2025|78,Fiorentina,Bologna,2025-10-26T17:00:00Z,2,2,True,0,2,0.636005,0.500723,0.338205,0.55,False,0,,,False,0,
Serie A,2025/26,8,2025-10-24T19:45:00+00:00,SerieA|2025|79,Lazio,Juventus,2025-10-26T19:45:00Z,1,0,True,0,U2.5,0.526805,0.526805,0.0,0.6,False,1,,,False,0,
Serie A,2025/26,9,2025-10-28T17:30:00+00:00,SerieA|2025|80,Lecce,Napoli,2025-10-28T17:30:00Z,0,1,True,0,2,0.676061,0.655637,0.051061,0.55,True,1,2,0.655637,True,1,1
Serie A,2025/26,9,2025-10-28T17:30:00+00:00,SerieA|2025|81,Atalanta,Milan,2025-10-28T19:45:00Z,1,1,True,0,U2.5,0.591393,0.591393,0.0,0.6,False,1,,,False,0,
Serie A,2025/26,9,2025-10-28T17:30:00+00:00,SerieA|2025|82,Como,Verona,2025-10-29T17:30:00Z,3,1,True,0,U2.5,0.595376,0.595376,0.0,0.6,False,0,,,False,0,
Serie A,2025/26,9,2025-10-28T17:30:00+00:00,SerieA|2025|83,Juventus,Udinese,2025-10-29T17:30:00Z,3,1,True,0,U2.5,0.59093,0.59093,0.0,0.6,False,0,1,0.611106,True,1,1
Serie A,2025/26,9,2025-10-28T17:30:00+00:00,SerieA|2025|84,Roma,Parma,2025-10-29T17:30:00Z,2,1,True,0,U2.5,0.636786,0.636786,0.0,0.6,True,0,U2.5,0.636786,True,2,0
Serie A,2025/26,9,2025-10-28T17:30:00+00:00,SerieA|2025|85,Bologna,Torino,2025-10-29T19:45:00Z,0,0,True,0,1,0.618576,0.579186,0.098476,0.55,True,0,1,0.579186,True,1,0
Serie A,2025/26,9,2025-10-28T17:30:00+00:00,SerieA|2025|86,Genoa,Cremonese,2025-10-29T19:45:00Z,0,2,True,0,1,0.550854,0.509192,0.104154,0.55,False,0,,,False,0,
Serie A,2025/26,9,2025-10-28T17:30:00+00:00,SerieA|2025|87,Inter,Fiorentina,2025-10-29T19:45:00Z,3,0,True,0,1,0.850675,0.737285,0.283475,0.55,False,1,O2.5,0.626365,True,1,1
Serie A,2025/26,9,2025-10-28T17:30:00+00:00,SerieA|2025|88,Cagliari,Sassuolo,2025-10-30T17:30:00Z,1,2,True,0,GG,0.557511,0.557511,0.0,0.6,False,1,,,False,0,
Serie A,2025/26,9,2025-10-28T17:30:00+00:00,SerieA|2025|89,Pisa,Lazio,2025-10-30T19:45:00Z,0,0,True,0,2,0.699175,0.599785,0.248475,0.55,True,0,2,0.599785,True,1,0
Serie A,2025/26,10,2025-11-01T14:00:00+00:00,SerieA|2025|90,Udinese,Atalanta,2025-11-01T14:00:00Z,1,0,True,0,2,0.549966,0.54562,0.010866,0.55,False,0,,,False,0,
Serie A,2025/26,10,2025-11-01T14:00:00+00:00,SerieA|2025|91,Napoli,Como,2025-11-01T17:00:00Z,0,0,True,0,1,0.595056,0.585794,0.023156,0.55,True,0,1,0.585794,True,1,0
Serie A,2025/26,10,2025-11-01T14:00:00+00:00,SerieA|2025|92,Cremonese,Juventus,2025-11-01T19:45:00Z,1,2,True,0,2,0.627074,0.574804,0.130674,0.55,True,1,2,0.574804,True,1,1
Serie A,2025/26,10,2025-11-01T14:00:00+00:00,SerieA|2025|93,Verona,Inter,2025-11-02T11:30:00Z,1,2,True,0,2,0.789113,0.751108,0.095013,0.55,True,1,2,0.751108,True,1,1
Serie A,2025/26,10,2025-11-01T14:00:00+00:00,SerieA|2025|94,Fiorentina,Lecce,2025-11-02T14:00:00Z,0,1,True,0,U2.5,0.548414,0.548414,0.0,0.6,False,1,,,False,0,
Serie A,2025/26,10,2025-11-01T14:00:00+00:00,SerieA|2025|95,Torino,Pisa,2025-11-02T14:00:00Z,2,2,True,0,1,0.627963,0.575578,0.130963,0.55,True,0,1,0.575578,True,1,0
Serie A,2025/26,10,2025-11-01T14:00:00+00:00,SerieA|2025|96,Parma,Bologna,2025-11-02T17:00:00Z,1,3,True,0,U2.5,0.619552,0.619552,0.0,0.6,True,0,U2.5,0.619552,True,1,0
Serie A,2025/26,10,2025-11-01T14:00:00+00:00,SerieA|2025|97,Milan,Roma,2025-11-02T19:45:00Z,1,0,True,0,U2.5,0.637635,0.637635,0.0,0.6,True,1,U2.5,0.637635,True,1,1
Serie A,2025/26,10,2025-11-01T14:00:00+00:00,SerieA|2025|98,Sassuolo,Genoa,2025-11-03T17:30:00Z,1,2,True,0,GG,0.547016,0.547016,0.0,0.6,False,1,,,False,0,
Serie A,2025/26,10,2025-11-01T14:00:00+00:00,SerieA|2025|99,Lazio,Cagliari,2025-11-03T19:45:00Z,2,0,True,0,1,0.76861,0.705246,0.15841,0.55,True,1,1,0.705246,True,1,1
Serie A,2025/26,11,2025-11-07T19:45:00+00:00,SerieA|2025|100,Pisa,Cremonese,2025-11-07T19:45:00Z,1,0,True,0,U2.5,0.535033,0.535033,0.0,0.6,False,1,,,False,0,
Serie A,2025/26,11,2025-11-07T19:45:00+00:00,SerieA|2025|101,Como,Cagliari,2025-11-08T14:00:00Z,0,0,True,0,1,0.605159,0.608575,0.008541,0.55,True,0,1,0.608575,True,1,0
Serie A,2025/26,11,2025-11-07T19:45:00+00:00,SerieA|2025|102,Lecce,Verona,2025-11-08T14:00:00Z,0,0,True,0,U2.5,0.617488,0.617488,0.0,0.6,True,1,U2.5,0.617488,True,1,1
Serie A,2025/26,11,2025-11-07T19:45:00+00:00,SerieA|2025|103,Juventus,Torino,2025-11-08T17:00:00Z,0,0,True,0,U2.5,0.519565,0.519565,0.0,0.6,False,1,,,False,0,
Serie A,2025/26,11,2025-11-07T19:45:00+00:00,SerieA|2025|104,Parma,Milan,2025-11-08T19:45:00Z,2,2,True,0,2,0.612185,0.574311,0.094685,0.55,True,0,2,0.574311,True,1,0
Serie A,2025/26,11,2025-11-07T19:45:00+00:00,SerieA|2025|105,Atalanta,Sassuolo,2025-11-09T11:30:00Z,0,3,True,0,1,0.599481,0.645929,0.116119,0.55,True,0,1,0.645929,True,1,0
Serie A,2025/26,11,2025-11-07T19:45:00+00:00,SerieA|2025|106,Bologna,Napoli,2025-11-09T14:00:00Z,2,0,True,0,GG,0.531913,0.531913,0.0,0.6,False,0,,,False,0,
Serie A,2025/26,11,2025-11-07T19:45:00+00:00,SerieA|2025|107,Genoa,Fiorentina,2025-11-09T14:00:00Z,2,2,True,0,GG,0.571771,0.571771,0.0,0.6,False,1,,,False,0,
Serie A,2025/26,11,2025-11-07T19:45:00+00:00,SerieA|2025|108,Roma,Udinese,2025-11-09T17:00:00Z,2,0,True,0,U2.5,0.553668,0.553668,0.0,0.6,False,1,1,0.612229,True,1,1
Serie A,2025/26,11,2025-11-07T19:45:00+00:00,SerieA|2025|109,Inter,Lazio,2025-11-09T19:45:00Z,2,0,True,0,1,0.706515,0.633989,0.181315,0.55,True,1,1,0.633989,True,1,1
Serie A,2025/26,12,2025-11-22T14:00:00+00:00,SerieA|2025|110,Cagliari,Genoa,2025-11-22T14:00:00Z,3,3,True,0,GG,0.546986,0.546986,0.0,0.6,False,1,,,False,0,
Serie A,2025/26,12,2025-11-22T14:00:00+00:00,SerieA|2025|111,Udinese,Bologna,2025-11-22T14:00:00Z,0,3,True,0,2,0.614797,0.565478,0.123297,0.55,True,1,2,0.565478,True,1,1
Serie A,2025/26,12,2025-11-22T14:00:00+00:00,SerieA|2025|112,Fiorentina,Juventus,2025-11-22T17:00:00Z,1,1,True,0,2,0.576589,0.496433,0.200389,0.55,False,0,,,False,0,
Serie A,2025/26,12,2025-11-22T14:00:00+00:00,SerieA|2025|113,Napoli,Atalanta,2025-11-22T19:45:00Z,3,1,True,0,U2.5,0.549521,0.549521,0.0,0.6,False,0,,,False,0,
Serie A,2025/26,12,2025-11-22T14:00:00+00:00,SerieA|2025|114,Verona,Parma,2025-11-23T11:30:00Z,1,2,True,0,U2.5,0.585827,0.585827,0.0,0.6,False,0,,,False,0,
Serie A,2025/26,12,2025-11-22T14:00:00+00:00,SerieA|2025|115,Cremonese,Roma,2025-11-23T14:00:00Z,1,3,True,0,2,0.545931,0.556638,0.026769,0.55,True,1,2,0.556638,True,1,1
Serie A,2025/26,12,2025-11-22T14:00:00+00:00,SerieA|2025|116,Lazio,Lecce,2025-11-23T17:00:00Z,2,0,True,0,U2.5,0.607242,0.607242,0.0,0.6,True,1,U2.5,0.607242,True,2,1
Serie A,2025/26,12,2025-11-22T14:00:00+00:00,SerieA|2025|117,Inter,Milan,2025-11-23T19:45:00Z,0,1,True,0,1,0.555741,0.541084,0.036641,0.55,False,0,,,False,0,
Serie A,2025/26,12,2025-11-22T14:00:00+00:00,SerieA|2025|118,Torino,Como,2025-11-24T17:30:00Z,1,5,True,0,U2.5,0.575741,0.575741,0.0,0.6,False,0,,,False,0,
Serie A,2025/26,12,2025-11-22T14:00:00+00:00,SerieA|2025|119,Sassuolo,Pisa,2025-11-24T19:45:00Z,2,2,True,0,U2.5,0.524321,0.524321,0.0,0.6,False,0,,,False,0,
Serie A,2025/26,13,2025-11-28T19:45:00+00:00,SerieA|2025|120,Como,Sassuolo,2025-11-28T19:45:00Z,2,0,True,0,U2.5,0.518701,0.518701,0.0,0.6,False,1,1,0.566314,True,1,1
Serie A,2025/26,13,2025-11-28T19:45:00+00:00,SerieA|2025|121,Genoa,Verona,2025-11-29T14:00:00Z,2,1,True,0,1,0.546689,0.538534,0.020389,0.55,False,1,,,False,0,
Serie A,2025/26,13,2025-11-28T19:45:00+00:00,SerieA|2025|122,Parma,Udinese,2025-11-29T14:00:00Z,0,2,True,0,U2.5,0.555295,0.555295,0.0,0.6,False,1,,,False,0,
Serie A,2025/26,13,2025-11-28T19:45:00+00:00,SerieA|2025|123,Juventus,Cagliari,2025-11-29T17:00:00Z,2,1,True,0,1,0.761802,0.714361,0.118602,0.55,True,1,1,0.714361,True,1,1
Serie A,2025/26,13,2025-11-28T19:45:00+00:00,SerieA|2025|124,Milan,Lazio,2025-11-29T19:45:00Z,1,0,True,0,1,0.597601,0.548281,0.123301,0.55,False,1,,,False,0,
Serie A,2025/26,13,2025-11-28T19:45:00+00:00,SerieA|2025|125,Lecce,Torino,2025-11-30T11:30:00Z,2,1,True,0,U2.5,0.598409,0.598409,0.0,0.6,False,0,,,False,0,
Serie A,2025/26,13,2025-11-28T19:45:00+00:00,SerieA|2025|126,Pisa,Inter,2025-11-30T14:00:00Z,0,2,True,0,2,0.777402,0.680721,0.241702,0.55,True,1,2,0.680721,True,1,1
Serie A,2025/26,13,2025-11-28T19:45:00+00:00,SerieA|2025|127,Atalanta,Fiorentina,2025-11-30T17:00:00Z,2,0,True,0,1,0.558665,0.524359,0.085765,0.55,False,1,,,False,0,
Serie A,2025/26,13,2025-11-28T19:45:00+00:00,SerieA|2025|128,Roma,Napoli,2025-11-30T19:45:00Z,0,1,True,0,U2.5,0.524978,0.524978,0.0,0.6,False,1,,,False,0,
Serie A,2025/26,13,2025-11-28T19:45:00+00:00,SerieA|2025|129,Bologna,Cremonese,2025-12-01T19:45:00Z,1,3,True,0,1,0.822604,0.761642,0.152404,0.55,True,0,1,0.761642,True,1,0
Serie A,2025/26,14,2025-12-06T14:00:00+00:00,SerieA|2025|130,Sassuolo,Fiorentina,2025-12-06T14:00:00Z,3,1,True,0,GG,0.559586,0.559586,0.0,0.6,False,1,,,False,0,
Serie A,2025/26,14,2025-12-06T14:00:00+00:00,SerieA|2025|131,Inter,Como,2025-12-06T17:00:00Z,4,0,True,0,1,0.688434,0.6321,0.140834,0.55,True,1,1,0.6321,True,1,1
Serie A,2025/26,14,2025-12-06T14:00:00+00:00,SerieA|2025|132,Verona,Atalanta,2025-12-06T19:45:00Z,3,1,True,0,U2.5,0.582335,0.582335,0.0,0.6,False,0,,,False,0,
Serie A,2025/26,14,2025-12-06T14:00:00+00:00,SerieA|2025|133,Cremonese,Lecce,2025-12-07T11:30:00Z,2,0,True,0,U2.5,0.597176,0.597176,0.0,0.6,False,1,,,False,0,
Serie A,2025/26,14,2025-12-06T14:00:00+00:00,SerieA|2025|134,Cagliari,Roma,2025-12-07T14:00:00Z,1,0,True,0,2,0.688947,0.643448,0.113747,0.55,True,0,2,0.643448,True,1,0
Serie A,2025/26,14,2025-12-06T14:00:00+00:00,SerieA|2025|135,Lazio,Bologna,2025-12-07T17:00:00Z,1,1,True,0,U2.5,0.544545,0.544545,0.0,0.6,False,1,,,False,0,
Serie A,2025/26,14,2025-12-06T14:00:00+00:00,SerieA|2025|136,Napoli,Juventus,2025-12-07T19:45:00Z,2,1,True,0,U2.5,0.578252,0.578252,0.0,0.6,False,0,,,False,0,
Serie A,2025/26,14,2025-12-06T14:00:00+00:00,SerieA|2025|137,Pisa,Parma,2025-12-08T14:00:00Z,0,1,True,0,U2.5,0.561933,0.561933,0.0,0.6,False,1,,,False,0,
Serie A,2025/26,14,2025-12-06T14:00:00+00:00,SerieA|2025|138,Udinese,Genoa,2025-12-08T17:00:00Z,1,2,True,0,GG,0.553733,0.553733,0.0,0.6,False,1,,,False,0,
Serie A,2025/26,14,2025-12-06T14:00:00+00:00,SerieA|2025|139,Torino,Milan,2025-12-08T19:45:00Z,2,3,True,0,2,0.641407,0.575884,0.163807,0.55,True,1,2,0.575884,True,1,1
Serie A,2025/26,15,2025-12-12T19:45:00+00:00,SerieA|2025|140,Lecce,Pisa,2025-12-12T19:45:00Z,1,0,True,0,U2.5,0.604097,0.604097,0.0,0.6,True,1,U2.5,0.604097,True,1,1
Serie A,2025/26,15,2025-12-12T19:45:00+00:00,SerieA|2025|141,Torino,Cremonese,2025-12-13T14:00:00Z,1,0,True,0,GG,0.55522,0.55522,0.0,0.6,False,0,,,False,0,
Serie A,2025/26,15,2025-12-12T19:45:00+00:00,SerieA|2025|142,Parma,Lazio,2025-12-13T17:00:00Z,0,1,True,0,U2.5,0.594149,0.594149,0.0,0.6,False,1,,,False,0,
Serie A,2025/26,15,2025-12-12T19:45:00+00:00,SerieA|2025|143,Atalanta,Cagliari,2025-12-13T19:45:00Z,2,1,True,0,1,0.617331,0.602519,0.037031,0.55,True,1,1,0.602519,True,1,1
Serie A,2025/26,15,2025-12-12T19:45:00+00:00,SerieA|2025|144,Milan,Sassuolo,2025-12-14T11:30:00Z,2,2,True,0,1,0.767193,0.747796,0.048493,0.55,True,0,1,0.747796,True,1,0
Serie A,2025/26,15,2025-12-12T19:45:00+00:00,SerieA|2025|145,Fiorentina,Verona,2025-12-14T14:00:00Z,1,2,True,0,GG,0.528767,0.528767,0.0,0.6,False,1,,,False,0,
Serie A,2025/26,15,2025-12-12T19:45:00+00:00,SerieA|2025|146,Udinese,Napoli,2025-12-14T14:00:00Z,1,0,True,0,2,0.588167,0.6015,0.033333,0.55,True,0,2,0.6015,True,1,0
Serie A,2025/26,15,2025-12-12T19:45:00+00:00,SerieA|2025|147,Genoa,Inter,2025-12-14T17:00:00Z,1,2,True,0,2,0.764779,0.693508,0.178179,0.55,True,1,2,0.693508,True,1,1
Serie A,2025/26,15,2025-12-12T19:45:00+00:00,SerieA|2025|148,Bologna,Juventus,2025-12-14T19:45:00Z,0,1,True,0,U2.5,0.560732,0.560732,0.0,0.6,False,1,,,False,0,
Serie A,2025/26,15,2025-12-12T19:45:00+00:00,SerieA|2025|149,Roma,Como,2025-12-15T19:45:00Z,1,0,True,0,U2.5,0.583309,0.583309,0.0,0.6,False,1,,,False,0,
Serie A,2025/26,16,2025-12-20T17:00:00+00:00,SerieA|2025|150,Lazio,Cremonese,2025-12-20T17:00:00Z,0,0,True,0,1,0.575098,0.587699,0.031502,0.55,True,0,1,0.587699,True,1,0
Serie A,2025/26,16,2025-12-20T17:00:00+00:00,SerieA|2025|151,Juventus,Roma,2025-12-20T19:45:00Z,2,1,True,0,U2.5,0.60556,0.60556,0.0,0.6,True,0,U2.5,0.60556,True,1,0
Serie A,2025/26,16,2025-12-20T17:00:00+00:00,SerieA|2025|152,Cagliari,Pisa,2025-12-21T11:30:00Z,2,2,True,0,U2.5,0.548115,0.548115,0.0,0.6,False,0,,,False,0,
Serie A,2025/26,16,2025-12-20T17:00:00+00:00,SerieA|2025|153,Sassuolo,Torino,2025-12-21T14:00:00Z,0,1,True,0,GG,0.538961,0.538961,0.0,0.6,False,0,,,False,0,
Serie A,2025/26,16,2025-12-20T17:00:00+00:00,SerieA|2025|154,Fiorentina,Udinese,2025-12-21T17:00:00Z,5,1,True,0,GG,0.554865,0.554865,0.0,0.6,False,1,,,False,0,
Serie A,2025/26,16,2025-12-20T17:00:00+00:00,SerieA|2025|155,Genoa,Atalanta,2025-12-21T19:45:00Z,0,1,True,0,GG,0.541749,0.541749,0.0,0.6,False,0,,,False,0,
Serie A,2025/26,17,2025-12-27T11:30:00+00:00,SerieA|2025|156,Parma,Fiorentina,2025-12-27T11:30:00Z,1,0,True,0,GG,0.537141,0.537141,0.0,0.6,False,0,,,False,0,
Serie A,2025/26,17,2025-12-27T11:30:00+00:00,SerieA|2025|158,Torino,Cagliari,2025-12-27T14:00:00Z,1,2,True,0,U2.5,0.521437,0.521437,0.0,0.6,False,0,,,False,0,
Serie A,2025/26,17,2025-12-27T11:30:00+00:00,SerieA|2025|159,Udinese,Lazio,2025-12-27T17:00:00Z,1,1,True,0,U2.5,0.573015,0.573015,0.0,0.6,False,1,,,False,0,
Serie A,2025/26,17,2025-12-27T11:30:00+00:00,SerieA|2025|160,Pisa,Juventus,2025-12-27T19:45:00Z,0,2,True,0,2,0.764979,0.665548,0.248579,0.55,True,1,2,0.665548,True,1,1
Serie A,2025/26,17,2025-12-27T11:30:00+00:00,SerieA|2025|162,Cremonese,Napoli,2025-12-28T14:00:00Z,0,2,True,0,2,0.563214,0.560408,0.007014,0.55,True,1,2,0.560408,True,1,1
Serie A,2025/26,17,2025-12-27T11:30:00+00:00,SerieA|2025|163,Bologna,Sassuolo,2025-12-28T17:00:00Z,1,1,True,0,1,0.69781,0.666646,0.07791,0.55,True,0,1,0.666646,True,1,0
Serie A,2025/26,17,2025-12-27T11:30:00+00:00,SerieA|2025|164,Atalanta,Inter,2025-12-28T19:45:00Z,0,1,True,0,2,0.567751,0.517811,0.124851,0.55,False,1,,,False,0,
Serie A,2025/26,17,2025-12-27T11:30:00+00:00,SerieA|2025|165,Roma,Genoa,2025-12-29T19:45:00Z,3,1,True,0,1,0.543962,0.602057,0.145238,0.55,True,1,1,0.602057,True,1,1
Serie A,2025/26,18,2026-01-02T19:45:00+00:00,SerieA|2025|166,Cagliari,Milan,2026-01-02T19:45:00Z,0,1,True,0,2,0.767147,0.662808,0.260847,0.55,False,1,,,False,0,
Serie A,2025/26,18,2026-01-02T19:45:00+00:00,SerieA|2025|167,Como,Udinese,2026-01-03T11:30:00Z,1,0,True,0,1,0.590768,0.602581,0.029532,0.55,True,1,1,0.602581,True,1,1
Serie A,2025/26,18,2026-01-02T19:45:00+00:00,SerieA|2025|168,Genoa,Pisa,2026-01-03T14:00:00Z,1,1,True,0,1,0.564626,0.516096,0.121326,0.55,False,0,,,False,0,
Serie A,2025/26,18,2026-01-02T19:45:00+00:00,SerieA|2025|169,Sassuolo,Parma,2026-01-03T14:00:00Z,1,1,True,0,U2.5,0.557025,0.557025,0.0,0.6,False,1,,,False,0,
Serie A,2025/26,18,2026-01-02T19:45:00+00:00,SerieA|2025|170,Juventus,Lecce,2026-01-03T17:00:00Z,1,1,True,0,1,0.804349,0.77513,0.073049,0.55,True,0,1,0.77513,True,1,0
Serie A,2025/26,18,2026-01-02T19:45:00+00:00,SerieA|2025|171,Atalanta,Roma,2026-01-03T19:45:00Z,1,0,True,0,U2.5,0.560121,0.560121,0.0,0.6,False,1,,,False,0,
Serie A,2025/26,18,2026-01-02T19:45:00+00:00,SerieA|2025|172,Lazio,Napoli,2026-01-04T11:30:00Z,0,2,True,0,U2.5,0.602732,0.602732,0.0,0.6,True,1,U2.5,0.602732,True,1,1
Serie A,2025/26,18,2026-01-02T19:45:00+00:00,SerieA|2025|173,Fiorentina,Cremonese,2026-01-04T14:00:00Z,1,0,True,0,1,0.613937,0.549362,0.161437,0.55,False,1,,,False,0,
Serie A,2025/26,18,2026-01-02T19:45:00+00:00,SerieA|2025|174,Verona,Torino,2026-01-04T17:00:00Z,0,3,True,0,GG,0.527132,0.527132,0.0,0.6,False,0,,,False,0,
Serie A,2025/26,18,2026-01-02T19:45:00+00:00,SerieA|2025|180,Napoli,Verona,2026-01-07T17:30:00Z,2,2,True,0,1,0.746298,0.764899,0.046502,0.55,True,0,1,0.764899,True,1,0
Serie A,2025/26,18,2026-01-02T19:45:00+00:00,SerieA|2025|182,Parma,Inter,2026-01-07T19:45:00Z,0,2,True,0,2,0.723164,0.681818,0.103364,0.55,True,1,2,0.681818,True,1,1
Serie A,2025/26,19,2026-01-08T17:30:00+00:00,SerieA|2025|184,Cremonese,Cagliari,2026-01-08T17:30:00Z,2,2,True,0,U2.5,0.563088,0.563088,0.0,0.6,False,0,,,False,0,
Serie A,2025/26,19,2026-01-08T17:30:00+00:00,SerieA|2025|185,Milan,Genoa,2026-01-08T19:45:00Z,1,1,True,0,1,0.824985,0.773191,0.129485,0.55,True,0,1,0.773191,True,1,0
Serie A,2025/26,19,2026-01-08T17:30:00+00:00,SerieA|2025|186,Como,Bologna,2026-01-10T14:00:00Z,1,1,True,0,1,0.553985,0.521871,0.080285,0.55,False,0,,,False,0,
Serie A,2025/26,19,2026-01-08T17:30:00+00:00,SerieA|2025|190,Lecce,Parma,2026-01-11T11:30:00Z,1,2,True,0,U2.5,0.624894,0.624894,0.0,0.6,True,0,U2.5,0.624894,True,1,0
Serie A,2025/26,19,2026-01-08T17:30:00+00:00,SerieA|2025|193,Inter,Napoli,2026-01-11T19:45:00Z,2,2,True,0,1,0.560638,0.522863,0.094438,0.55,False,0,,,False,0,
Serie A,2025/26,20,2026-01-12T17:30:00+00:00,SerieA|2025|194,Genoa,Cagliari,2026-01-12T17:30:00Z,3,0,True,0,U2.5,0.525527,0.525527,0.0,0.6,False,0,,,False,0,
Serie A,2025/26,20,2026-01-12T17:30:00+00:00,SerieA|2025|195,Juventus,Cremonese,2026-01-12T19:45:00Z,5,0,True,0,1,0.827271,0.757482,0.174471,0.55,True,1,1,0.757482,True,1,1
Serie A,2025/26,20,2026-01-12T17:30:00+00:00,SerieA|2025|196,Napoli,Parma,2026-01-14T17:30:00Z,0,0,True,0,1,0.698835,0.709781,0.027365,0.55,True,0,1,0.709781,True,1,0
Serie A,2025/26,20,2026-01-12T17:30:00+00:00,SerieA|2025|197,Inter,Lecce,2026-01-14T19:45:00Z,1,0,True,0,1,0.907604,0.871603,0.090004,0.55,True,1,1,0.871603,True,1,1
Serie A,2025/26,20,2026-01-12T17:30:00+00:00,SerieA|2025|198,Verona,Bologna,2026-01-15T17:30:00Z,2,3,True,0,U2.5,0.553731,0.553731,0.0,0.6,False,0,,,False,0,
Serie A,2025/26,20,2026-01-12T17:30:00+00:00,SerieA|2025|199,Como,Milan,2026-01-15T19:45:00Z,1,3,True,0,U2.5,0.560573,0.560573,0.0,0.6,False,0,,,False,0,
Serie A,2025/26,21,2026-01-16T19:45:00+00:00,SerieA|2025|200,Pisa,Atalanta,2026-01-16T19:45:00Z,1,1,True,0,2,0.69982,0.623532,0.19072,0.55,True,0,2,0.623532,True,1,0
Serie A,2025/26,21,2026-01-16T19:45:00+00:00,SerieA|2025|201,Udinese,Inter,2026-01-17T14:00:00Z,0,1,True,0,2,0.823598,0.744199,0.198498,0.55,True,1,2,0.744199,True,1,1
Serie A,2025/26,21,2026-01-16T19:45:00+00:00,SerieA|2025|202,Napoli,Sassuolo,2026-01-17T17:00:00Z,1,0,True,0,1,0.820463,0.792118,0.070863,0.55,True,1,1,0.792118,True,1,1
Serie A,2025/26,21,2026-01-16T19:45:00+00:00,SerieA|2025|203,Cagliari,Juventus,2026-01-17T19:45:00Z,1,0,True,0,2,0.807124,0.690354,0.291924,0.55,False,0,,,False,0,
Serie A,2025/26,21,2026-01-16T19:45:00+00:00,SerieA|2025|204,Parma,Genoa,2026-01-18T11:30:00Z,0,0,True,0,U2.5,0.571353,0.571353,0.0,0.6,False,1,,,False,0,
Serie A,2025/26,21,2026-01-16T19:45:00+00:00,SerieA|2025|205,Bologna,Fiorentina,2026-01-18T14:00:00Z,1,2,True,0,GG,0.578634,0.578634,0.0,0.6,False,1,,,False,0,
Serie A,2025/26,21,2026-01-16T19:45:00+00:00,SerieA|2025|206,Torino,Roma,2026-01-18T17:00:00Z,0,2,True,0,U2.5,0.528235,0.528235,0.0,0.6,False,1,,,False,0,
Serie A,2025/26,21,2026-01-16T19:45:00+00:00,SerieA|2025|207,Milan,Lecce,2026-01-18T19:45:00Z,1,0,True,0,1,0.847342,0.813405,0.084842,0.55,True,1,1,0.813405,True,1,1
Serie A,2025/26,21,2026-01-16T19:45:00+00:00,SerieA|2025|208,Cremonese,Verona,2026-01-19T17:30:00Z,0,0,True,0,U2.5,0.553046,0.553046,0.0,0.6,False,1,,,False,0,
Serie A,2025/26,21,2026-01-16T19:45:00+00:00,SerieA|2025|209,Lazio,Como,2026-01-19T19:45:00Z,0,3,True,0,U2.5,0.606704,0.606704,0.0,0.6,True,0,U2.5,0.606704,True,1,0
Serie A,2025/26,22,2026-01-23T19:45:00+00:00,SerieA|2025|210,Inter,Pisa,2026-01-23T19:45:00Z,6,2,True,0,1,0.919564,0.869339,0.125564,0.55,True,1,1,0.869339,True,1,1
Serie A,2025/26,22,2026-01-23T19:45:00+00:00,SerieA|2025|211,Como,Torino,2026-01-24T14:00:00Z,6,0,True,0,1,0.630399,0.6194,0.027499,0.55,True,1,1,0.6194,True,1,1
Serie A,2025/26,22,2026-01-23T19:45:00+00:00,SerieA|2025|212,Fiorentina,Cagliari,2026-01-24T17:00:00Z,1,2,True,0,1,0.683298,0.606619,0.191698,0.55,True,0,1,0.606619,True,1,0
Serie A,2025/26,22,2026-01-23T19:45:00+00:00,SerieA|2025|213,Lecce,Lazio,2026-01-24T19:45:00Z,0,0,True,0,U2.5,0.643973,0.643973,0.0,0.6,True,1,U2.5,0.643973,True,1,1
Serie A,2025/26,22,2026-01-23T19:45:00+00:00,SerieA|2025|214,Sassuolo,Cremonese,2026-01-25T11:30:00Z,1,0,True,0,U2.5,0.525137,0.525137,0.0,0.6,False,1,,,False,0,
Serie A,2025/26,22,2026-01-23T19:45:00+00:00,SerieA|2025|215,Atalanta,Parma,2026-01-25T14:00:00Z,4,0,True,0,1,0.633035,0.617101,0.039835,0.55,True,1,1,0.617101,True,1,1
Serie A,2025/26,22,2026-01-23T19:45:00+00:00,SerieA|2025|216,Genoa,Bologna,2026-01-25T14:00:00Z,3,2,True,0,GG,0.538534,0.538534,0.0,0.6,False,1,,,False,0,
Serie A,2025/26,22,2026-01-23T19:45:00+00:00,SerieA|2025|217,Juventus,Napoli,2026-01-25T17:00:00Z,3,0,True,0,U2.5,0.589089,0.589089,0.0,0.6,False,0,,,False,0,
Serie A,2025/26,22,2026-01-23T19:45:00+00:00,SerieA|2025|218,Roma,Milan,2026-01-25T19:45:00Z,1,1,True,0,U2.5,0.548125,0.548125,0.0,0.6,False,1,,,False,0,
Serie A,2025/26,22,2026-01-23T19:45:00+00:00,SerieA|2025|219,Verona,Udinese,2026-01-26T19:45:00Z,1,3,True,0,U2.5,0.572904,0.572904,0.0,0.6,False,0,,,False,0,
Serie A,2025/26,23,2026-01-30T19:45:00+00:00,SerieA|2025|220,Lazio,Genoa,2026-01-30T19:45:00Z,3,2,True,0,U2.5,0.606503,0.606503,0.0,0.6,True,0,U2.5,0.606503,True,1,0
Serie A,2025/26,23,2026-01-30T19:45:00+00:00,SerieA|2025|221,Pisa,Sassuolo,2026-01-31T14:00:00Z,1,3,True,0,GG,0.532969,0.532969,0.0,0.6,False,1,,,False,0,
Serie A,2025/26,23,2026-01-30T19:45:00+00:00,SerieA|2025|222,Napoli,Fiorentina,2026-01-31T17:00:00Z,2,1,True,0,GG,0.529933,0.529933,0.0,0.6,False,1,,,False,0,
Serie A,2025/26,23,2026-01-30T19:45:00+00:00,SerieA|2025|223,Cagliari,Verona,2026-01-31T19:45:00Z,4,0,True,0,U2.5,0.618293,0.618293,0.0,0.6,True,0,U2.5,0.618293,True,1,0
Serie A,2025/26,23,2026-01-30T19:45:00+00:00,SerieA|2025|224,Torino,Lecce,2026-02-01T11:30:00Z,1,0,True,0,U2.5,0.571504,0.571504,0.0,0.6,False,1,,,False,0,
Serie A,2025/26,23,2026-01-30T19:45:00+00:00,SerieA|2025|225,Como,Atalanta,2026-02-01T14:00:00Z,0,0,True,0,GG,0.532526,0.532526,0.0,0.6,False,0,,,False,0,
Serie A,2025/26,23,2026-01-30T19:45:00+00:00,SerieA|2025|226,Cremonese,Inter,2026-02-01T17:00:00Z,0,2,True,0,2,0.911297,0.806938,0.260897,0.55,False,1,,,False,0,
Serie A,2025/26,23,2026-01-30T19:45:00+00:00,SerieA|2025|227,Parma,Juventus,2026-02-01T19:45:00Z,1,4,True,0,2,0.793459,0.671435,0.305059,0.55,False,1,,,False,0,
Serie A,2025/26,23,2026-01-30T19:45:00+00:00,SerieA|2025|228,Udinese,Roma,2026-02-02T19:45:00Z,1,0,True,0,U2.5,0.547776,0.547776,0.0,0.6,False,1,,,False,0,
Serie A,2025/26,23,2026-01-30T19:45:00+00:00,SerieA|2025|229,Bologna,Milan,2026-02-03T19:45:00Z,0,3,True,0,2,0.609299,0.538539,0.176899,0.55,False,1,,,False,0,
Serie A,2025/26,24,2026-02-06T19:45:00+00:00,SerieA|2025|230,Verona,Pisa,2026-02-06T19:45:00Z,0,0,True,0,U2.5,0.561389,0.561389,0.0,0.6,False,1,,,False,0,
Serie A,2025/26,24,2026-02-06T19:45:00+00:00,SerieA|2025|231,Genoa,Napoli,2026-02-07T17:00:00Z,2,3,True,0,U2.5,0.563174,0.563174,0.0,0.6,False,0,,,False,0,
Serie A,2025/26,24,2026-02-06T19:45:00+00:00,SerieA|2025|232,Fiorentina,Torino,2026-02-07T19:45:00Z,2,2,True,0,1,0.586034,0.53646,0.123934,0.55,False,0,,,False,0,
Serie A,2025/26,24,2026-02-06T19:45:00+00:00,SerieA|2025|233,Bologna,Parma,2026-02-08T11:30:00Z,0,1,True,0,1,0.676283,0.61601,0.150683,0.55,True,0,1,0.61601,True,1,0
Serie A,2025/26,24,2026-02-06T19:45:00+00:00,SerieA|2025|234,Lecce,Udinese,2026-02-08T14:00:00Z,2,1,True,0,U2.5,0.621409,0.621409,0.0,0.6,True,0,U2.5,0.621409,True,1,0
Serie A,2025/26,24,2026-02-06T19:45:00+00:00,SerieA|2025|235,Sassuolo,Inter,2026-02-08T17:00:00Z,0,5,True,0,2,0.851692,0.764495,0.217992,0.55,True,1,2,0.764495,True,1,1
Serie A,2025/26,24,2026-02-06T19:45:00+00:00,SerieA|2025|236,Juventus,Lazio,2026-02-08T19:45:00Z,2,2,True,0,1,0.745756,0.654774,0.227456,0.55,True,0,1,0.654774,True,1,0
Serie A,2025/26,24,2026-02-06T19:45:00+00:00,SerieA|2025|237,Atalanta,Cremonese,2026-02-09T17:30:00Z,2,1,True,0,1,0.865508,0.789825,0.189208,0.55,True,1,1,0.789825,True,1,1
Serie A,2025/26,24,2026-02-06T19:45:00+00:00,SerieA|2025|238,Roma,Cagliari,2026-02-09T19:45:00Z,2,0,True,0,1,0.664044,0.646946,0.042744,0.55,True,1,1,0.646946,True,1,1
Serie A,2025/26,25,2026-02-13T19:45:00+00:00,SerieA|2025|239,Pisa,Milan,2026-02-13T19:45:00Z,1,2,True,0,2,0.825322,0.744673,0.201622,0.55,True,1,2,0.744673,True,1,1
Serie A,2025/26,25,2026-02-13T19:45:00+00:00,SerieA|2025|240,Como,Fiorentina,2026-02-14T14:00:00Z,1,2,True,0,1,0.590811,0.579487,0.028311,0.55,True,0,1,0.579487,True,1,0
Serie A,2025/26,25,2026-02-13T19:45:00+00:00,SerieA|2025|241,Lazio,Atalanta,2026-02-14T17:00:00Z,0,2,True,0,2,0.599205,0.500203,0.247505,0.55,False,1,,,False,0,
Serie A,2025/26,25,2026-02-13T19:45:00+00:00,SerieA|2025|242,Inter,Juventus,2026-02-14T19:45:00Z,3,2,True,0,U2.5,0.54157,0.54157,0.0,0.6,False,0,,,False,0,
Serie A,2025/26,25,2026-02-13T19:45:00+00:00,SerieA|2025|243,Udinese,Sassuolo,2026-02-15T11:30:00Z,1,2,True,0,1,0.587235,0.534181,0.132635,0.55,False,0,,,False,0,
Serie A,2025/26,25,2026-02-13T19:45:00+00:00,SerieA|2025|244,Cremonese,Genoa,2026-02-15T14:00:00Z,0,0,True,0,2,0.58991,0.494826,0.23771,0.55,False,0,,,False,0,
Serie A,2025/26,25,2026-02-13T19:45:00+00:00,SerieA|2025|245,Parma,Verona,2026-02-15T14:00:00Z,2,1,True,0,U2.5,0.637293,0.637293,0.0,0.6,True,0,U2.5,0.637293,True,1,0
Serie A,2025/26,25,2026-02-13T19:45:00+00:00,SerieA|2025|246,Torino,Bologna,2026-02-15T17:00:00Z,1,2,True,0,GG,0.524988,0.524988,0.0,0.6,False,1,,,False,0,
Serie A,2025/26,25,2026-02-13T19:45:00+00:00,SerieA|2025|247,Napoli,Roma,2026-02-15T19:45:00Z,2,2,True,0,U2.5,0.593589,0.593589,0.0,0.6,False,0,,,False,0,
Serie A,2025/26,25,2026-02-13T19:45:00+00:00,SerieA|2025|248,Cagliari,Lecce,2026-02-16T19:45:00Z,0,2,True,0,U2.5,0.634821,0.634821,0.0,0.6,True,1,U2.5,0.634821,True,1,1
Serie A,2025/26,25,2026-02-13T19:45:00+00:00,SerieA|2025|249,Milan,Como,2026-02-18T19:45:00Z,1,1,True,0,1,0.57672,0.557192,0.04882,0.55,True,0,1,0.557192,True,1,0
Serie A,2025/26,26,2026-02-20T19:45:00+00:00,SerieA|2025|250,Sassuolo,Verona,2026-02-20T19:45:00Z,3,0,True,0,U2.5,0.614939,0.614939,0.0,0.6,True,0,U2.5,0.614939,True,1,0
Serie A,2025/26,26,2026-02-20T19:45:00+00:00,SerieA|2025|251,Juventus,Como,2026-02-21T14:00:00Z,0,2,True,0,1,0.555355,0.524053,0.078255,0.55,False,0,,,False,0,
Serie A,2025/26,26,2026-02-20T19:45:00+00:00,SerieA|2025|252,Lecce,Inter,2026-02-21T17:00:00Z,0,2,True,0,2,0.807491,0.752094,0.138491,0.55,True,1,2,0.752094,True,1,1
Serie A,2025/26,26,2026-02-20T19:45:00+00:00,SerieA|2025|253,Cagliari,Lazio,2026-02-21T19:45:00Z,0,0,True,0,U2.5,0.613598,0.613598,0.0,0.6,True,1,U2.5,0.613598,True,1,1
Serie A,2025/26,26,2026-02-20T19:45:00+00:00,SerieA|2025|254,Genoa,Torino,2026-02-22T11:30:00Z,3,0,True,0,U2.5,0.525838,0.525838,0.0,0.6,False,0,,,False,0,
Serie A,2025/26,26,2026-02-20T19:45:00+00:00,SerieA|2025|255,Atalanta,Napoli,2026-02-22T14:00:00Z,2,1,True,0,GG,0.546292,0.546292,0.0,0.6,False,1,,,False,0,
Serie A,2025/26,26,2026-02-20T19:45:00+00:00,SerieA|2025|256,Milan,Parma,2026-02-22T17:00:00Z,0,1,True,0,1,0.8659,0.79142,0.1862,0.55,True,0,1,0.79142,True,1,0
Serie A,2025/26,26,2026-02-20T19:45:00+00:00,SerieA|2025|257,Roma,Cremonese,2026-02-22T19:45:00Z,3,0,True,0,1,0.733637,0.724382,0.023137,0.55,True,1,1,0.724382,True,1,1
Serie A,2025/26,26,2026-02-20T19:45:00+00:00,SerieA|2025|258,Fiorentina,Pisa,2026-02-23T17:30:00Z,1,0,True,0,1,0.767095,0.680937,0.215395,0.55,True,1,1,0.680937,True,1,1
Serie A,2025/26,26,2026-02-20T19:45:00+00:00,SerieA|2025|259,Bologna,Udinese,2026-02-23T19:45:00Z,1,0,True,0,U2.5,0.552545,0.552545,0.0,0.6,False,1,,,False,0,
Serie A,2025/26,27,2026-02-27T19:45:00+00:00,SerieA|2025|260,Parma,Cagliari,2026-02-27T19:45:00Z,1,1,True,0,U2.5,0.60018,0.60018,0.0,0.6,True,1,U2.5,0.60018,True,1,1
Serie A,2025/26,27,2026-02-27T19:45:00+00:00,SerieA|2025|261,Como,Lecce,2026-02-28T14:00:00Z,3,1,True,0,1,0.682893,0.671576,0.028293,0.55,True,1,1,0.671576,True,1,1
Serie A,2025/26,27,2026-02-27T19:45:00+00:00,SerieA|2025|262,Verona,Napoli,2026-02-28T17:00:00Z,1,2,True,0,2,0.653861,0.679596,0.064339,0.55,True,1,2,0.679596,True,2,1
Serie A,2025/26,27,2026-02-27T19:45:00+00:00,SerieA|2025|263,Inter,Genoa,2026-02-28T19:45:00Z,2,0,True,0,1,0.886345,0.835127,0.128045,0.55,True,1,1,0.835127,True,1,1
Serie A,2025/26,27,2026-02-27T19:45:00+00:00,SerieA|2025|264,Cremonese,Milan,2026-03-01T11:30:00Z,0,2,True,0,2,0.838405,0.734483,0.259805,0.55,False,1,,,False,0,
Serie A,2025/26,27,2026-02-27T19:45:00+00:00,SerieA|2025|265,Sassuolo,Atalanta,2026-03-01T14:00:00Z,2,1,True,0,2,0.66186,0.600836,0.15256,0.55,True,0,2,0.600836,True,1,0
Serie A,2025/26,27,2026-02-27T19:45:00+00:00,SerieA|2025|266,Torino,Lazio,2026-03-01T17:00:00Z,2,0,True,0,U2.5,0.580959,0.580959,0.0,0.6,False,1,,,False,0,
Serie A,2025/26,27,2026-02-27T19:45:00+00:00,SerieA|2025|267,Roma,Juventus,2026-03-01T19:45:00Z,3,3,True,0,U2.5,0.592601,0.592601,0.0,0.6,False,0,,,False,0,
Serie A,2025/26,27,2026-02-27T19:45:00+00:00,SerieA|2025|268,Pisa,Bologna,2026-03-02T17:30:00Z,0,1,True,0,2,0.538843,0.501866,0.092443,0.55,False,1,,,False,0,
Serie A,2025/26,27,2026-02-27T19:45:00+00:00,SerieA|2025|269,Udinese,Fiorentina,2026-03-02T19:45:00Z,3,0,True,0,GG,0.54373,0.54373,0.0,0.6,False,0,,,False,0,
Serie A,2025/26,28,2026-03-06T19:45:00+00:00,SerieA|2025|270,Napoli,Torino,2026-03-06T19:45:00Z,2,1,True,0,1,0.663946,0.678208,0.035654,0.55,True,1,1,0.678208,True,1,1
Serie A,2025/26,28,2026-03-06T19:45:00+00:00,SerieA|2025|271,Cagliari,Como,2026-03-07T14:00:00Z,1,2,True,0,2,0.562077,0.525366,0.091777,0.55,False,1,,,False,0,
Serie A,2025/26,28,2026-03-06T19:45:00+00:00,SerieA|2025|272,Atalanta,Udinese,2026-03-07T17:00:00Z,2,2,True,0,1,0.658593,0.648596,0.024993,0.55,True,0,1,0.648596,True,1,0
Serie A,2025/26,28,2026-03-06T19:45:00+00:00,SerieA|2025|273,Juventus,Pisa,2026-03-07T19:45:00Z,4,0,True,0,1,0.863501,0.802181,0.153301,0.55,True,1,1,0.802181,True,1,1
Serie A,2025/26,28,2026-03-06T19:45:00+00:00,SerieA|2025|274,Lecce,Cremonese,2026-03-08T11:30:00Z,2,1,True,0,U2.5,0.587566,0.587566,0.0,0.6,False,0,,,False,0,
Serie A,2025/26,28,2026-03-06T19:45:00+00:00,SerieA|2025|275,Bologna,Verona,2026-03-08T14:00:00Z,1,2,True,0,U2.5,0.615221,0.615221,0.0,0.6,True,0,1,0.629002,True,2,0
Serie A,2025/26,28,2026-03-06T19:45:00+00:00,SerieA|2025|276,Fiorentina,Parma,2026-03-08T14:00:00Z,0,0,True,0,1,0.548753,0.495692,0.132653,0.55,False,0,,,False,0,
Serie A,2025/26,28,2026-03-06T19:45:00+00:00,SerieA|2025|277,Genoa,Roma,2026-03-08T17:00:00Z,2,1,True,0,2,0.628688,0.570253,0.146088,0.55,True,0,2,0.570253,True,1,0
Serie A,2025/26,28,2026-03-06T19:45:00+00:00,SerieA|2025|278,Milan,Inter,2026-03-08T19:45:00Z,1,0,True,0,GG,0.53097,0.53097,0.0,0.6,False,0,,,False,0,
Serie A,2025/26,28,2026-03-06T19:45:00+00:00,SerieA|2025|279,Lazio,Sassuolo,2026-03-09T19:45:00Z,2,1,True,0,U2.5,0.588944,0.588944,0.0,0.6,False,0,,,False,0,
Serie A,2025/26,29,2026-03-13T19:45:00+00:00,SerieA|2025|280,Torino,Parma,2026-03-13T19:45:00Z,4,1,True,0,U2.5,0.56668,0.56668,0.0,0.6,False,0,,,False,0,
Serie A,2025/26,29,2026-03-13T19:45:00+00:00,SerieA|2025|281,Inter,Atalanta,2026-03-14T14:00:00Z,1,1,True,0,1,0.703606,0.649124,0.136206,0.55,True,0,1,0.649124,True,2,0
Serie A,2025/26,29,2026-03-13T19:45:00+00:00,SerieA|2025|282,Napoli,Lecce,2026-03-14T17:00:00Z,2,1,True,0,1,0.755826,0.745776,0.025126,0.55,True,1,1,0.745776,True,1,1
Serie A,2025/26,29,2026-03-13T19:45:00+00:00,SerieA|2025|283,Udinese,Juventus,2026-03-14T19:45:00Z,0,1,True,0,2,0.679581,0.588268,0.228281,0.55,True,1,2,0.588268,True,1,1
Serie A,2025/26,29,2026-03-13T19:45:00+00:00,SerieA|2025|284,Verona,Genoa,2026-03-15T11:30:00Z,0,2,True,0,U2.5,0.605575,0.605575,0.0,0.6,True,1,U2.5,0.605575,True,1,1
Serie A,2025/26,29,2026-03-13T19:45:00+00:00,SerieA|2025|285,Pisa,Cagliari,2026-03-15T14:00:00Z,3,1,True,0,U2.5,0.580788,0.580788,0.0,0.6,False,0,,,False,0,
Serie A,2025/26,29,2026-03-13T19:45:00+00:00,SerieA|2025|286,Sassuolo,Bologna,2026-03-15T14:00:00Z,0,1,True,0,U2.5,0.546197,0.546197,0.0,0.6,False,1,,,False,0,
Serie A,2025/26,29,2026-03-13T19:45:00+00:00,SerieA|2025|287,Como,Roma,2026-03-15T17:00:00Z,2,1,True,0,U2.5,0.549338,0.549338,0.0,0.6,False,0,,,False,0,
Serie A,2025/26,29,2026-03-13T19:45:00+00:00,SerieA|2025|288,Lazio,Milan,2026-03-15T19:45:00Z,1,0,True,0,2,0.583852,0.532871,0.127452,0.55,False,0,,,False,0,
Serie A,2025/26,29,2026-03-13T19:45:00+00:00,SerieA|2025|289,Cremonese,Fiorentina,2026-03-16T19:45:00Z,1,4,True,0,2,0.635494,0.535536,0.249894,0.55,False,1,,,False,0,
Serie A,2025/26,30,2026-03-20T17:30:00+00:00,SerieA|2025|290,Cagliari,Napoli,2026-03-20T17:30:00Z,0,1,True,0,2,0.711838,0.663143,0.121738,0.55,True,1,2,0.663143,True,1,1
Serie A,2025/26,30,2026-03-20T17:30:00+00:00,SerieA|2025|291,Genoa,Udinese,2026-03-20T19:45:00Z,0,2,True,0,U2.5,0.552411,0.552411,0.0,0.6,False,1,,,False,0,
Serie A,2025/26,30,2026-03-20T17:30:00+00:00,SerieA|2025|292,Parma,Cremonese,2026-03-21T14:00:00Z,0,2,True,0,U2.5,0.563729,0.563729,0.0,0.6,False,1,,,False,0,
Serie A,2025/26,30,2026-03-20T17:30:00+00:00,SerieA|2025|293,Milan,Torino,2026-03-21T17:00:00Z,3,2,True,0,1,0.664895,0.664177,0.001795,0.55,True,1,1,0.664177,True,1,1
Serie A,2025/26,30,2026-03-20T17:30:00+00:00,SerieA|2025|294,Juventus,Sassuolo,2026-03-21T19:45:00Z,1,1,True,0,1,0.708424,0.670975,0.093624,0.55,True,0,1,0.670975,True,1,0
Serie A,2025/26,30,2026-03-20T17:30:00+00:00,SerieA|2025|295,Como,Pisa,2026-03-22T11:30:00Z,5,0,True,0,1,0.835339,0.786763,0.121439,0.55,True,1,1,0.786763,True,1,1
Serie A,2025/26,30,2026-03-20T17:30:00+00:00,SerieA|2025|296,Atalanta,Verona,2026-03-22T14:00:00Z,1,0,True,0,1,0.789635,0.793701,0.010165,0.55,True,1,1,0.793701,True,1,1
Serie A,2025/26,30,2026-03-20T17:30:00+00:00,SerieA|2025|297,Bologna,Lazio,2026-03-22T14:00:00Z,0,2,True,0,U2.5,0.611368,0.611368,0.0,0.6,True,1,U2.5,0.611368,True,1,1
Serie A,2025/26,30,2026-03-20T17:30:00+00:00,SerieA|2025|298,Roma,Lecce,2026-03-22T17:00:00Z,1,0,True,0,1,0.773682,0.733769,0.099782,0.55,True,1,1,0.733769,True,1,1
Serie A,2025/26,30,2026-03-20T17:30:00+00:00,SerieA|2025|299,Fiorentina,Inter,2026-03-22T19:45:00Z,1,1,True,0,2,0.673603,0.627762,0.114603,0.55,True,0,2,0.627762,True,1,0
Serie A,2025/26,31,2026-04-04T14:00:00+00:00,SerieA|2025|300,Sassuolo,Cagliari,2026-04-04T14:00:00Z,2,1,True,0,1,0.592589,0.549073,0.108789,0.55,False,1,,,False,0,
Serie A,2025/26,31,2026-04-04T14:00:00+00:00,SerieA|2025|301,Verona,Fiorentina,2026-04-04T17:00:00Z,0,1,True,0,U2.5,0.573654,0.573654,0.0,0.6,False,1,,,False,0,
Serie A,2025/26,31,2026-04-04T14:00:00+00:00,SerieA|2025|302,Lazio,Parma,2026-04-04T19:45:00Z,1,1,True,0,U2.5,0.618455,0.618455,0.0,0.6,True,1,U2.5,0.618455,True,2,1
Serie A,2025/26,31,2026-04-04T14:00:00+00:00,SerieA|2025|303,Cremonese,Bologna,2026-04-05T14:00:00Z,1,2,True,0,2,0.602853,0.526192,0.191653,0.55,False,1,,,False,0,
Serie A,2025/26,31,2026-04-04T14:00:00+00:00,SerieA|2025|304,Pisa,Torino,2026-04-05T17:00:00Z,0,1,True,0,2,0.62206,0.524236,0.24456,0.55,False,1,,,False,0,
Serie A,2025/26,31,2026-04-04T14:00:00+00:00,SerieA|2025|305,Inter,Roma,2026-04-05T19:45:00Z,5,2,True,0,1,0.67002,0.616772,0.13312,0.55,True,1,1,0.616772,True,1,1
Serie A,2025/26,31,2026-04-04T14:00:00+00:00,SerieA|2025|306,Udinese,Como,2026-04-06T11:30:00Z,0,0,True,0,U2.5,0.534284,0.534284,0.0,0.6,False,1,,,False,0,
Serie A,2025/26,31,2026-04-04T14:00:00+00:00,SerieA|2025|307,Lecce,Atalanta,2026-04-06T14:00:00Z,0,3,True,0,2,0.764357,0.672294,0.230157,0.55,True,1,2,0.672294,True,1,1
Serie A,2025/26,31,2026-04-04T14:00:00+00:00,SerieA|2025|308,Juventus,Genoa,2026-04-06T17:00:00Z,2,0,True,0,1,0.685013,0.645248,0.099413,0.55,True,1,1,0.645248,True,1,1
Serie A,2025/26,31,2026-04-04T14:00:00+00:00,SerieA|2025|309,Napoli,Milan,2026-04-06T19:45:00Z,1,0,True,0,U2.5,0.559305,0.559305,0.0,0.6,False,1,,,False,0,
Serie A,2025/26,32,2026-04-10T19:45:00+00:00,SerieA|2025|310,Roma,Pisa,2026-04-10T19:45:00Z,3,0,True,0,1,0.815601,0.779241,0.090901,0.55,True,1,1,0.779241,True,1,1
Serie A,2025/26,32,2026-04-10T19:45:00+00:00,SerieA|2025|311,Cagliari,Cremonese,2026-04-11T14:00:00Z,1,0,True,0,U2.5,0.566554,0.566554,0.0,0.6,False,1,,,False,0,
Serie A,2025/26,32,2026-04-10T19:45:00+00:00,SerieA|2025|312,Torino,Verona,2026-04-11T14:00:00Z,2,1,True,0,1,0.625065,0.626799,0.004335,0.55,True,1,1,0.626799,True,2,1
Serie A,2025/26,32,2026-04-10T19:45:00+00:00,SerieA|2025|313,Milan,Udinese,2026-04-11T17:00:00Z,0,3,True,0,1,0.625057,0.626074,0.002543,0.55,True,0,1,0.626074,True,1,0
Serie A,2025/26,32,2026-04-10T19:45:00+00:00,SerieA|2025|314,Atalanta,Juventus,2026-04-11T19:45:00Z,0,1,True,0,GG,0.579055,0.579055,0.0,0.6,False,0,,,False,0,
Serie A,2025/26,32,2026-04-10T19:45:00+00:00,SerieA|2025|315,Genoa,Sassuolo,2026-04-12T11:30:00Z,2,1,True,0,U2.5,0.53415,0.53415,0.0,0.6,False,0,,,False,0,
Serie A,2025/26,32,2026-04-10T19:45:00+00:00,SerieA|2025|316,Parma,Napoli,2026-04-12T14:00:00Z,1,1,True,0,2,0.752787,0.680432,0.180887,0.55,True,0,2,0.680432,True,2,0
Serie A,2025/26,32,2026-04-10T19:45:00+00:00,SerieA|2025|317,Bologna,Lecce,2026-04-12T17:00:00Z,2,0,True,0,1,0.644515,0.607989,0.091315,0.55,True,1,1,0.607989,True,1,1
Serie A,2025/26,32,2026-04-10T19:45:00+00:00,SerieA|2025|318,Como,Inter,2026-04-12T19:45:00Z,3,4,True,0,2,0.604216,0.52561,0.196516,0.55,False,1,,,False,0,
Serie A,2025/26,32,2026-04-10T19:45:00+00:00,SerieA|2025|319,Fiorentina,Lazio,2026-04-13T19:45:00Z,1,0,True,0,U2.5,0.557669,0.557669,0.0,0.6,False,1,,,False,0,
Serie A,2025/26,33,2026-04-17T17:30:00+00:00,SerieA|2025|320,Sassuolo,Como,2026-04-17T17:30:00Z,2,1,True,0,2,0.672696,0.584738,0.219896,0.55,True,0,2,0.584738,True,1,0
Serie A,2025/26,33,2026-04-17T17:30:00+00:00,SerieA|2025|321,Inter,Cagliari,2026-04-17T19:45:00Z,3,0,True,0,1,0.904624,0.869654,0.087424,0.55,True,1,1,0.869654,True,1,1
Serie A,2025/26,33,2026-04-17T17:30:00+00:00,SerieA|2025|322,Udinese,Parma,2026-04-18T14:00:00Z,0,1,True,0,1,0.639435,0.587061,0.130935,0.55,True,0,U2.5,0.606374,True,2,1
Serie A,2025/26,33,2026-04-17T17:30:00+00:00,SerieA|2025|323,Napoli,Lazio,2026-04-18T17:00:00Z,0,2,True,0,U2.5,0.624722,0.624722,0.0,0.6,True,1,U2.5,0.624722,True,2,1
Serie A,2025/26,33,2026-04-17T17:30:00+00:00,SerieA|2025|324,Roma,Atalanta,2026-04-18T19:45:00Z,1,1,True,0,GG,0.566179,0.566179,0.0,0.6,False,1,,,False,0,
Serie A,2025/26,33,2026-04-17T17:30:00+00:00,SerieA|2025|325,Cremonese,Torino,2026-04-19T11:30:00Z,0,0,True,0,2,0.65659,0.553914,0.25669,0.55,False,0,,,False,0,
Serie A,2025/26,33,2026-04-17T17:30:00+00:00,SerieA|2025|326,Verona,Milan,2026-04-19T14:00:00Z,0,1,True,0,U2.5,0.589865,0.589865,0.0,0.6,False,1,2,0.621401,True,1,1
Serie A,2025/26,33,2026-04-17T17:30:00+00:00,SerieA|2025|327,Pisa,Genoa,2026-04-19T17:00:00Z,1,2,True,0,2,0.564398,0.503599,0.151998,0.55,False,1,,,False,0,
Serie A,2025/26,33,2026-04-17T17:30:00+00:00,SerieA|2025|328,Juventus,Bologna,2026-04-19T19:45:00Z,2,0,True,0,1,0.667248,0.622989,0.110648,0.55,True,1,1,0.622989,True,1,1
Serie A,2025/26,33,2026-04-17T17:30:00+00:00,SerieA|2025|329,Lecce,Fiorentina,2026-04-20T19:45:00Z,1,1,True,0,2,0.690439,0.585943,0.261239,0.55,False,0,,,False,0,
Serie A,2025/26,34,2026-04-24T19:45:00+00:00,SerieA|2025|330,Napoli,Cremonese,2026-04-24T19:45:00Z,4,0,True,0,1,0.742067,0.75096,0.022233,0.55,True,1,1,0.75096,True,1,1
Serie A,2025/26,34,2026-04-24T19:45:00+00:00,SerieA|2025|331,Parma,Pisa,2026-04-25T14:00:00Z,1,0,True,0,U2.5,0.584539,0.584539,0.0,0.6,False,1,,,False,0,
Serie A,2025/26,34,2026-04-24T19:45:00+00:00,SerieA|2025|332,Bologna,Roma,2026-04-25T17:00:00Z,0,2,True,0,U2.5,0.558334,0.558334,0.0,0.6,False,1,,,False,0,
Serie A,2025/26,34,2026-04-24T19:45:00+00:00,SerieA|2025|333,Verona,Lecce,2026-04-25T19:45:00Z,0,0,True,0,U2.5,0.650244,0.650244,0.0,0.6,True,1,U2.5,0.650244,True,1,1
Serie A,2025/26,34,2026-04-24T19:45:00+00:00,SerieA|2025|334,Fiorentina,Sassuolo,2026-04-26T11:30:00Z,0,0,True,0,1,0.644922,0.574193,0.176822,0.55,True,0,1,0.574193,True,1,0
Serie A,2025/26,34,2026-04-24T19:45:00+00:00,SerieA|2025|335,Genoa,Como,2026-04-26T14:00:00Z,0,2,True,0,U2.5,0.525977,0.525977,0.0,0.6,False,1,,,False,0,
Serie A,2025/26,34,2026-04-24T19:45:00+00:00,SerieA|2025|336,Torino,Inter,2026-04-26T17:00:00Z,2,2,True,0,2,0.628345,0.622447,0.014745,0.55,True,0,2,0.622447,True,1,0
Serie A,2025/26,34,2026-04-24T19:45:00+00:00,SerieA|2025|337,Milan,Juventus,2026-04-26T19:45:00Z,0,0,True,0,GG,0.528062,0.528062,0.0,0.6,False,0,,,False,0,
Serie A,2025/26,34,2026-04-24T19:45:00+00:00,SerieA|2025|338,Cagliari,Atalanta,2026-04-27T17:30:00Z,3,2,True,0,2,0.710091,0.639055,0.177591,0.55,True,0,2,0.639055,True,1,0
Serie A,2025/26,34,2026-04-24T19:45:00+00:00,SerieA|2025|339,Lazio,Udinese,2026-04-27T19:45:00Z,3,3,True,0,U2.5,0.593965,0.593965,0.0,0.6,False,0,,,False,0,
Serie A,2025/26,35,2026-05-01T19:45:00+00:00,SerieA|2025|340,Pisa,Lecce,2026-05-01T19:45:00Z,1,2,True,0,U2.5,0.569893,0.569893,0.0,0.6,False,0,,,False,0,
Serie A,2025/26,35,2026-05-01T19:45:00+00:00,SerieA|2025|341,Udinese,Torino,2026-05-02T14:00:00Z,2,0,True,0,U2.5,0.526126,0.526126,0.0,0.6,False,1,,,False,0,
Serie A,2025/26,35,2026-05-01T19:45:00+00:00,SerieA|2025|342,Como,Napoli,2026-05-02T17:00:00Z,0,0,True,0,U2.5,0.570215,0.570215,0.0,0.6,False,1,,,False,0,
Serie A,2025/26,35,2026-05-01T19:45:00+00:00,SerieA|2025|343,Atalanta,Genoa,2026-05-02T19:45:00Z,0,0,True,0,1,0.770203,0.697442,0.181903,0.55,True,0,1,0.697442,True,1,0
Serie A,2025/26,35,2026-05-01T19:45:00+00:00,SerieA|2025|344,Bologna,Cagliari,2026-05-03T11:30:00Z,0,0,True,0,1,0.571443,0.544546,0.067243,0.55,False,0,,,False,0,
Serie A,2025/26,35,2026-05-01T19:45:00+00:00,SerieA|2025|345,Sassuolo,Milan,2026-05-03T14:00:00Z,2,0,True,0,2,0.537024,0.498214,0.097024,0.55,False,0,,,False,0,
Serie A,2025/26,35,2026-05-01T19:45:00+00:00,SerieA|2025|346,Juventus,Verona,2026-05-03T17:00:00Z,1,1,True,0,1,0.666756,0.733253,0.166244,0.55,True,0,1,0.733253,True,1,0
Serie A,2025/26,35,2026-05-01T19:45:00+00:00,SerieA|2025|347,Inter,Parma,2026-05-03T19:45:00Z,2,0,True,0,1,0.828666,0.79396,0.086766,0.55,True,1,1,0.79396,True,1,1
Serie A,2025/26,35,2026-05-01T19:45:00+00:00,SerieA|2025|348,Cremonese,Lazio,2026-05-04T17:30:00Z,1,2,True,0,2,0.710765,0.629779,0.202465,0.55,True,1,2,0.629779,True,1,1
Serie A,2025/26,35,2026-05-01T19:45:00+00:00,SerieA|2025|349,Roma,Fiorentina,2026-05-04T19:45:00Z,4,0,True,0,1,0.549917,0.55883,0.022283,0.55,True,1,1,0.55883,True,1,1
Serie A,2025/26,36,2026-05-08T19:45:00+00:00,SerieA|2025|350,Torino,Sassuolo,2026-05-08T19:45:00Z,2,1,True,0,U2.5,0.522047,0.522047,0.0,0.6,False,0,,,False,0,
Serie A,2025/26,36,2026-05-08T19:45:00+00:00,SerieA|2025|351,Cagliari,Udinese,2026-05-09T14:00:00Z,0,2,True,0,U2.5,0.57633,0.57633,0.0,0.6,False,1,,,False,0,
Serie A,2025/26,36,2026-05-08T19:45:00+00:00,SerieA|2025|352,Lazio,Inter,2026-05-09T17:00:00Z,0,3,True,0,2,0.57557,0.538342,0.09307,0.55,False,1,,,False,0,
Serie A,2025/26,36,2026-05-08T19:45:00+00:00,SerieA|2025|353,Lecce,Juventus,2026-05-09T19:45:00Z,0,1,True,0,2,0.768661,0.676077,0.231461,0.55,True,1,2,0.676077,True,1,1
Serie A,2025/26,36,2026-05-08T19:45:00+00:00,SerieA|2025|354,Verona,Como,2026-05-10T11:30:00Z,0,1,True,0,U2.5,0.612915,0.612915,0.0,0.6,True,1,U2.5,0.612915,True,1,1
Serie A,2025/26,36,2026-05-08T19:45:00+00:00,SerieA|2025|355,Cremonese,Pisa,2026-05-10T14:00:00Z,3,0,True,0,U2.5,0.531869,0.531869,0.0,0.6,False,0,,,False,0,
Serie A,2025/26,36,2026-05-08T19:45:00+00:00,SerieA|2025|356,Fiorentina,Genoa,2026-05-10T14:00:00Z,0,0,True,0,GG,0.534461,0.534461,0.0,0.6,False,0,,,False,0,
Serie A,2025/26,36,2026-05-08T19:45:00+00:00,SerieA|2025|357,Parma,Roma,2026-05-10T17:00:00Z,2,3,True,0,2,0.626669,0.566122,0.151369,0.55,True,1,2,0.566122,True,1,1
Serie A,2025/26,36,2026-05-08T19:45:00+00:00,SerieA|2025|358,Milan,Atalanta,2026-05-10T19:45:00Z,2,3,True,0,GG,0.567919,0.567919,0.0,0.6,False,1,,,False,0,
Serie A,2025/26,36,2026-05-08T19:45:00+00:00,SerieA|2025|359,Napoli,Bologna,2026-05-11T19:45:00Z,2,3,True,0,U2.5,0.569986,0.569986,0.0,0.6,False,0,1,0.563539,True,1,0
Serie A,2025/26,37,2026-05-17T11:00:00+00:00,SerieA|2025|360,Como,Parma,2026-05-17T11:00:00Z,1,0,True,0,1,0.709301,0.664461,0.112101,0.55,True,1,1,0.664461,True,1,1
Serie A,2025/26,37,2026-05-17T11:00:00+00:00,SerieA|2025|361,Genoa,Milan,2026-05-17T11:00:00Z,1,2,True,0,U2.5,0.540307,0.540307,0.0,0.6,False,0,,,False,0,
Serie A,2025/26,37,2026-05-17T11:00:00+00:00,SerieA|2025|362,Juventus,Fiorentina,2026-05-17T11:00:00Z,0,2,True,0,1,0.59079,0.587114,0.00919,0.55,True,0,1,0.587114,True,1,0
Serie A,2025/26,37,2026-05-17T11:00:00+00:00,SerieA|2025|363,Pisa,Napoli,2026-05-17T11:00:00Z,0,3,True,0,2,0.768114,0.731029,0.092714,0.55,True,1,2,0.731029,True,1,1
Serie A,2025/26,37,2026-05-17T11:00:00+00:00,SerieA|2025|364,Roma,Lazio,2026-05-17T11:00:00Z,2,0,True,0,1,0.636425,0.591175,0.113125,0.55,True,1,1,0.591175,True,1,1
Serie A,2025/26,37,2026-05-17T11:00:00+00:00,SerieA|2025|365,Inter,Verona,2026-05-17T14:00:00Z,1,1,True,0,1,0.809926,0.838195,0.070674,0.55,True,0,1,0.838195,True,1,0
Serie A,2025/26,37,2026-05-17T11:00:00+00:00,SerieA|2025|366,Atalanta,Bologna,2026-05-17T17:00:00Z,0,1,True,0,GG,0.548021,0.548021,0.0,0.6,False,0,,,False,0,
Serie A,2025/26,37,2026-05-17T11:00:00+00:00,SerieA|2025|367,Cagliari,Torino,2026-05-17T19:45:00Z,2,1,True,0,U2.5,0.541833,0.541833,0.0,0.6,False,0,,,False,0,
Serie A,2025/26,37,2026-05-17T11:00:00+00:00,SerieA|2025|368,Sassuolo,Lecce,2026-05-17T19:45:00Z,2,3,True,0,U2.5,0.565884,0.565884,0.0,0.6,False,0,,,False,0,
Serie A,2025/26,37,2026-05-17T11:00:00+00:00,SerieA|2025|369,Udinese,Cremonese,2026-05-17T19:45:00Z,0,1,True,0,1,0.717558,0.677855,0.099258,0.55,True,0,1,0.677855,True,1,0
Serie A,2025/26,38,2026-05-22T19:45:00+00:00,SerieA|2025|370,Fiorentina,Atalanta,2026-05-22T19:45:00Z,1,1,True,0,GG,0.586537,0.586537,0.0,0.6,False,1,,,False,0,
Serie A,2025/26,38,2026-05-22T19:45:00+00:00,SerieA|2025|371,Bologna,Inter,2026-05-23T17:00:00Z,3,3,True,0,2,0.722635,0.646181,0.191135,0.55,True,0,2,0.646181,True,1,0
Serie A,2025/26,38,2026-05-22T19:45:00+00:00,SerieA|2025|372,Lazio,Pisa,2026-05-23T19:45:00Z,2,1,True,0,1,0.721995,0.723317,0.003305,0.55,True,1,1,0.723317,True,1,1
Serie A,2025/26,38,2026-05-22T19:45:00+00:00,SerieA|2025|373,Parma,Sassuolo,2026-05-24T14:00:00Z,1,0,True,0,U2.5,0.577851,0.577851,0.0,0.6,False,1,,,False,0,
Serie A,2025/26,38,2026-05-22T19:45:00+00:00,SerieA|2025|374,Napoli,Udinese,2026-05-24T17:00:00Z,1,0,True,0,1,0.62356,0.605896,0.04416,0.55,True,1,1,0.605896,True,1,1
Serie A,2025/26,38,2026-05-22T19:45:00+00:00,SerieA|2025|375,Cremonese,Como,2026-05-24T19:45:00Z,1,4,True,0,2,0.581539,0.564004,0.043839,0.55,True,1,2,0.564004,True,1,1
Serie A,2025/26,38,2026-05-22T19:45:00+00:00,SerieA|2025|376,Lecce,Genoa,2026-05-24T19:45:00Z,1,0,True,0,U2.5,0.583698,0.583698,0.0,0.6,False,1,,,False,0,
Serie A,2025/26,38,2026-05-22T19:45:00+00:00,SerieA|2025|377,Milan,Cagliari,2026-05-24T19:45:00Z,1,2,True,0,1,0.731513,0.690788,0.101813,0.55,True,0,1,0.690788,True,1,0
Serie A,2025/26,38,2026-05-22T19:45:00+00:00,SerieA|2025|378,Torino,Juventus,2026-05-24T19:45:00Z,2,2,True,0,2,0.642238,0.562783,0.198638,0.55,True,0,2,0.562783,True,1,0
Serie A,2025/26,38,2026-05-22T19:45:00+00:00,SerieA|2025|379,Verona,Roma,2026-05-24T19:45:00Z,0,2,True,0,U2.5,0.621613,0.621613,0.0,0.6,True,1,2,0.640955,True,2,1
Premier League,2024/25,1,2024-08-16T20:00:00+00:00,Premier|2024|0,Man United,Fulham,2024-08-16T20:00:00Z,1,0,True,0,1,0.582768,0.557341,0.063568,0.55,True,1,1,0.557341,True,1,1
Premier League,2024/25,1,2024-08-16T20:00:00+00:00,Premier|2024|1,Ipswich,Liverpool,2024-08-17T12:30:00Z,0,2,True,1,2,0.65741,0.607526,0.12471,0.55,True,1,GG,0.616586,True,3,0
Premier League,2024/25,1,2024-08-16T20:00:00+00:00,Premier|2024|2,Arsenal,Wolves,2024-08-17T15:00:00Z,2,0,True,0,1,0.934636,0.901382,0.083136,0.55,True,1,1,0.901382,True,2,1
Premier League,2024/25,1,2024-08-16T20:00:00+00:00,Premier|2024|3,Everton,Brighton,2024-08-17T15:00:00Z,0,3,True,0,U2.5,0.54754,0.54754,0.0,0.6,False,0,,,False,0,
Premier League,2024/25,1,2024-08-16T20:00:00+00:00,Premier|2024|4,Newcastle,Southampton,2024-08-17T15:00:00Z,1,0,True,0,1,0.890239,0.844863,0.113439,0.55,True,1,1,0.844863,True,2,1
Premier League,2024/25,1,2024-08-16T20:00:00+00:00,Premier|2024|5,Nott'm Forest,Bournemouth,2024-08-17T15:00:00Z,1,1,True,0,GG,0.556578,0.556578,0.0,0.6,False,1,,,False,0,
Premier League,2024/25,1,2024-08-16T20:00:00+00:00,Premier|2024|6,West Ham,Aston Villa,2024-08-17T17:30:00Z,1,2,True,0,GG,0.603135,0.603135,0.0,0.6,True,1,GG,0.603135,True,1,1
Premier League,2024/25,1,2024-08-16T20:00:00+00:00,Premier|2024|7,Brentford,Crystal Palace,2024-08-18T14:00:00Z,2,1,True,0,GG,0.523599,0.523599,0.0,0.6,False,1,,,False,0,
Premier League,2024/25,1,2024-08-16T20:00:00+00:00,Premier|2024|8,Chelsea,Man City,2024-08-18T16:30:00Z,0,2,True,0,2,0.610074,0.595725,0.035874,0.55,True,1,2,0.595725,True,1,1
Premier League,2024/25,1,2024-08-16T20:00:00+00:00,Premier|2024|9,Leicester,Tottenham,2024-08-19T20:00:00Z,1,1,True,0,GG,0.680541,0.680541,0.0,0.6,True,1,GG,0.680541,True,2,1
Premier League,2024/25,2,2024-08-24T12:30:00+00:00,Premier|2024|10,Brighton,Man United,2024-08-24T12:30:00Z,2,1,True,0,GG,0.572241,0.572241,0.0,0.6,False,1,,,False,0,
Premier League,2024/25,2,2024-08-24T12:30:00+00:00,Premier|2024|11,Crystal Palace,West Ham,2024-08-24T15:00:00Z,0,2,True,0,GG,0.656058,0.656058,0.0,0.6,True,0,GG,0.656058,True,3,0
Premier League,2024/25,2,2024-08-24T12:30:00+00:00,Premier|2024|12,Fulham,Leicester,2024-08-24T15:00:00Z,2,1,True,0,GG,0.581519,0.581519,0.0,0.6,False,1,,,False,0,
Premier League,2024/25,2,2024-08-24T12:30:00+00:00,Premier|2024|13,Man City,Ipswich,2024-08-24T15:00:00Z,4,1,True,0,1,0.775592,0.806915,0.078308,0.55,True,1,1,0.806915,True,2,1
Premier League,2024/25,2,2024-08-24T12:30:00+00:00,Premier|2024|14,Southampton,Nott'm Forest,2024-08-24T15:00:00Z,0,1,True,0,O2.5,0.587689,0.587689,0.0,0.6,False,0,,,False,0,
Premier League,2024/25,2,2024-08-24T12:30:00+00:00,Premier|2024|15,Tottenham,Everton,2024-08-24T15:00:00Z,4,0,True,0,GG,0.566053,0.566053,0.0,0.6,False,0,,,False,0,
Premier League,2024/25,2,2024-08-24T12:30:00+00:00,Premier|2024|16,Aston Villa,Arsenal,2024-08-24T17:30:00Z,0,2,True,0,GG,0.648853,0.648853,0.0,0.6,True,0,GG,0.648853,True,2,0
Premier League,2024/25,2,2024-08-24T12:30:00+00:00,Premier|2024|17,Bournemouth,Newcastle,2024-08-25T14:00:00Z,1,1,True,0,O2.5,0.587689,0.587689,0.0,0.6,False,0,,,False,0,
Premier League,2024/25,2,2024-08-24T12:30:00+00:00,Premier|2024|18,Wolves,Chelsea,2024-08-25T14:00:00Z,2,6,True,0,2,0.587601,0.524161,0.158601,0.55,False,1,,,False,0,
Premier League,2024/25,2,2024-08-24T12:30:00+00:00,Premier|2024|19,Liverpool,Brentford,2024-08-25T16:30:00Z,2,0,True,0,1,0.730071,0.695123,0.087371,0.55,True,1,1,0.695123,True,3,1
Premier League,2024/25,3,2024-08-31T12:30:00+00:00,Premier|2024|20,Arsenal,Brighton,2024-08-31T12:30:00Z,1,1,True,0,GG,0.561547,0.561547,0.0,0.6,False,1,,,False,0,
Premier League,2024/25,3,2024-08-31T12:30:00+00:00,Premier|2024|21,Brentford,Southampton,2024-08-31T15:00:00Z,3,1,True,0,GG,0.574945,0.574945,0.0,0.6,False,1,1,0.552677,True,1,1
Premier League,2024/25,3,2024-08-31T12:30:00+00:00,Premier|2024|22,Everton,Bournemouth,2024-08-31T15:00:00Z,2,3,True,0,GG,0.609903,0.609903,0.0,0.6,True,1,GG,0.609903,True,1,1
Premier League,2024/25,3,2024-08-31T12:30:00+00:00,Premier|2024|23,Ipswich,Fulham,2024-08-31T15:00:00Z,1,1,True,0,GG,0.601184,0.601184,0.0,0.6,True,1,GG,0.601184,True,1,1
Premier League,2024/25,3,2024-08-31T12:30:00+00:00,Premier|2024|24,Leicester,Aston Villa,2024-08-31T15:00:00Z,1,2,True,0,GG,0.622347,0.622347,0.0,0.6,True,1,GG,0.622347,True,2,1
Premier League,2024/25,3,2024-08-31T12:30:00+00:00,Premier|2024|25,Nott'm Forest,Wolves,2024-08-31T15:00:00Z,1,1,True,0,1,0.723292,0.590855,0.331092,0.55,False,0,O2.5,0.605063,True,2,0
Premier League,2024/25,3,2024-08-31T12:30:00+00:00,Premier|2024|26,West Ham,Man City,2024-08-31T17:30:00Z,1,3,True,0,GG,0.636095,0.636095,0.0,0.6,True,1,2,0.646683,True,3,1
Premier League,2024/25,3,2024-08-31T12:30:00+00:00,Premier|2024|27,Chelsea,Crystal Palace,2024-09-01T13:30:00Z,1,1,True,0,GG,0.595248,0.595248,0.0,0.6,False,1,,,False,0,
Premier League,2024/25,3,2024-08-31T12:30:00+00:00,Premier|2024|28,Newcastle,Tottenham,2024-09-01T13:30:00Z,2,1,True,0,GG,0.601442,0.601442,0.0,0.6,True,1,GG,0.601442,True,1,1
Premier League,2024/25,3,2024-08-31T12:30:00+00:00,Premier|2024|29,Man United,Liverpool,2024-09-01T16:00:00Z,0,3,True,0,GG,0.608433,0.608433,0.0,0.6,True,0,GG,0.608433,True,1,0
Premier League,2024/25,4,2024-09-14T12:30:00+00:00,Premier|2024|30,Southampton,Man United,2024-09-14T12:30:00Z,0,3,True,0,GG,0.614132,0.614132,0.0,0.6,True,0,GG,0.614132,True,1,0
Premier League,2024/25,4,2024-09-14T12:30:00+00:00,Premier|2024|31,Brighton,Ipswich,2024-09-14T15:00:00Z,0,0,True,0,1,0.765651,0.638031,0.319051,0.55,False,0,O2.5,0.608448,True,1,0
Premier League,2024/25,4,2024-09-14T12:30:00+00:00,Premier|2024|32,Crystal Palace,Leicester,2024-09-14T15:00:00Z,2,2,True,0,GG,0.548911,0.548911,0.0,0.6,False,1,1,0.562932,True,1,0
Premier League,2024/25,4,2024-09-14T12:30:00+00:00,Premier|2024|33,Fulham,West Ham,2024-09-14T15:00:00Z,1,1,True,0,GG,0.591902,0.591902,0.0,0.6,False,1,,,False,0,
Premier League,2024/25,4,2024-09-14T12:30:00+00:00,Premier|2024|34,Liverpool,Nott'm Forest,2024-09-14T15:00:00Z,0,1,True,0,1,0.660242,0.704425,0.110458,0.55,True,0,1,0.704425,True,1,0
Premier League,2024/25,4,2024-09-14T12:30:00+00:00,Premier|2024|35,Man City,Brentford,2024-09-14T15:00:00Z,2,1,True,0,1,0.779124,0.790235,0.027776,0.55,True,1,1,0.790235,True,3,1
Premier League,2024/25,4,2024-09-14T12:30:00+00:00,Premier|2024|36,Aston Villa,Everton,2024-09-14T17:30:00Z,3,2,True,0,1,0.656935,0.610961,0.114935,0.55,True,1,O2.5,0.649721,True,3,1
Premier League,2024/25,4,2024-09-14T12:30:00+00:00,Premier|2024|37,Bournemouth,Chelsea,2024-09-14T20:00:00Z,0,1,True,0,GG,0.657674,0.657674,0.0,0.6,True,0,GG,0.657674,True,2,0
Premier League,2024/25,4,2024-09-14T12:30:00+00:00,Premier|2024|38,Tottenham,Arsenal,2024-09-15T14:00:00Z,0,1,True,0,GG,0.568617,0.568617,0.0,0.6,False,0,,,False,0,
Premier League,2024/25,4,2024-09-14T12:30:00+00:00,Premier|2024|39,Wolves,Newcastle,2024-09-15T16:30:00Z,1,2,True,0,GG,0.585326,0.585326,0.0,0.6,False,1,,,False,0,
Premier League,2024/25,5,2024-09-21T12:30:00+00:00,Premier|2024|40,West Ham,Chelsea,2024-09-21T12:30:00Z,0,3,True,0,2,0.680106,0.552664,0.318606,0.55,False,1,GG,0.641568,True,2,0
Premier League,2024/25,5,2024-09-21T12:30:00+00:00,Premier|2024|41,Aston Villa,Wolves,2024-09-21T15:00:00Z,3,1,True,0,O2.5,0.617282,0.617282,0.0,0.6,True,1,O2.5,0.617282,True,3,1
Premier League,2024/25,5,2024-09-21T12:30:00+00:00,Premier|2024|42,Fulham,Newcastle,2024-09-21T15:00:00Z,3,1,True,0,GG,0.552064,0.552064,0.0,0.6,False,1,,,False,0,
Premier League,2024/25,5,2024-09-21T12:30:00+00:00,Premier|2024|43,Leicester,Everton,2024-09-21T15:00:00Z,1,1,True,0,GG,0.613358,0.613358,0.0,0.6,True,1,GG,0.613358,True,2,1
Premier League,2024/25,5,2024-09-21T12:30:00+00:00,Premier|2024|44,Liverpool,Bournemouth,2024-09-21T15:00:00Z,3,0,True,0,1,0.739047,0.715988,0.057647,0.55,True,1,1,0.715988,True,3,1
Premier League,2024/25,5,2024-09-21T12:30:00+00:00,Premier|2024|45,Southampton,Ipswich,2024-09-21T15:00:00Z,1,1,True,0,O2.5,0.598044,0.598044,0.0,0.6,False,0,,,False,0,
Premier League,2024/25,5,2024-09-21T12:30:00+00:00,Premier|2024|46,Tottenham,Brentford,2024-09-21T15:00:00Z,3,1,True,0,1,0.703127,0.613676,0.223627,0.55,True,1,1,0.613676,True,1,1
Premier League,2024/25,5,2024-09-21T12:30:00+00:00,Premier|2024|47,Crystal Palace,Man United,2024-09-21T17:30:00Z,0,0,True,0,GG,0.624666,0.624666,0.0,0.6,True,0,GG,0.624666,True,2,0
Premier League,2024/25,5,2024-09-21T12:30:00+00:00,Premier|2024|48,Brighton,Nott'm Forest,2024-09-22T14:00:00Z,2,2,True,0,GG,0.544315,0.544315,0.0,0.6,False,1,,,False,0,
Premier League,2024/25,5,2024-09-21T12:30:00+00:00,Premier|2024|49,Man City,Arsenal,2024-09-22T16:30:00Z,2,2,True,0,GG,0.548147,0.548147,0.0,0.6,False,1,,,False,0,
Premier League,2024/25,6,2024-09-28T12:30:00+00:00,Premier|2024|50,Newcastle,Man City,2024-09-28T12:30:00Z,1,1,True,0,2,0.599399,0.546599,0.131999,0.55,False,0,,,False,0,
Premier League,2024/25,6,2024-09-28T12:30:00+00:00,Premier|2024|51,Arsenal,Leicester,2024-09-28T15:00:00Z,4,2,True,0,1,0.730886,0.779571,0.121714,0.55,True,1,1,0.779571,True,1,1
Premier League,2024/25,6,2024-09-28T12:30:00+00:00,Premier|2024|52,Brentford,West Ham,2024-09-28T15:00:00Z,1,1,True,0,O2.5,0.655672,0.655672,0.0,0.6,True,0,O2.5,0.655672,True,2,0
Premier League,2024/25,6,2024-09-28T12:30:00+00:00,Premier|2024|53,Chelsea,Brighton,2024-09-28T15:00:00Z,4,2,True,0,GG,0.5632,0.5632,0.0,0.6,False,1,,,False,0,
Premier League,2024/25,6,2024-09-28T12:30:00+00:00,Premier|2024|54,Everton,Crystal Palace,2024-09-28T15:00:00Z,2,1,True,0,GG,0.627082,0.627082,0.0,0.6,True,1,GG,0.627082,True,2,1
Premier League,2024/25,6,2024-09-28T12:30:00+00:00,Premier|2024|55,Nott'm Forest,Fulham,2024-09-28T15:00:00Z,0,1,True,0,GG,0.524719,0.524719,0.0,0.6,False,0,,,False,0,
Premier League,2024/25,6,2024-09-28T12:30:00+00:00,Premier|2024|56,Wolves,Liverpool,2024-09-28T17:30:00Z,1,2,True,0,2,0.747131,0.672998,0.185331,0.55,True,1,2,0.672998,True,1,1
Premier League,2024/25,6,2024-09-28T12:30:00+00:00,Premier|2024|57,Ipswich,Aston Villa,2024-09-29T14:00:00Z,2,2,True,0,2,0.761578,0.603827,0.394378,0.55,False,0,O2.5,0.600215,True,1,1
Premier League,2024/25,6,2024-09-28T12:30:00+00:00,Premier|2024|58,Man United,Tottenham,2024-09-29T16:30:00Z,0,3,True,0,GG,0.598114,0.598114,0.0,0.6,False,0,,,False,0,
Premier League,2024/25,6,2024-09-28T12:30:00+00:00,Premier|2024|59,Bournemouth,Southampton,2024-09-30T20:00:00Z,3,1,True,0,O2.5,0.695645,0.695645,0.0,0.6,True,1,O2.5,0.695645,True,3,1
Premier League,2024/25,7,2024-10-05T12:30:00+00:00,Premier|2024|60,Crystal Palace,Liverpool,2024-10-05T12:30:00Z,0,1,True,0,2,0.665828,0.581177,0.211628,0.55,True,1,2,0.581177,True,1,1
Premier League,2024/25,7,2024-10-05T12:30:00+00:00,Premier|2024|61,Arsenal,Southampton,2024-10-05T15:00:00Z,3,1,True,0,1,0.875972,0.878663,0.006728,0.55,True,1,1,0.878663,True,3,1
Premier League,2024/25,7,2024-10-05T12:30:00+00:00,Premier|2024|62,Brentford,Wolves,2024-10-05T15:00:00Z,5,3,True,0,GG,0.561729,0.561729,0.0,0.6,False,1,,,False,0,
Premier League,2024/25,7,2024-10-05T12:30:00+00:00,Premier|2024|63,Leicester,Bournemouth,2024-10-05T15:00:00Z,1,0,True,0,O2.5,0.630921,0.630921,0.0,0.6,True,0,O2.5,0.630921,True,2,0
Premier League,2024/25,7,2024-10-05T12:30:00+00:00,Premier|2024|64,Man City,Fulham,2024-10-05T15:00:00Z,3,2,True,0,1,0.568687,0.666452,0.244413,0.55,True,1,1,0.666452,True,1,1
Premier League,2024/25,7,2024-10-05T12:30:00+00:00,Premier|2024|65,West Ham,Ipswich,2024-10-05T15:00:00Z,4,1,True,0,GG,0.582622,0.582622,0.0,0.6,False,1,,,False,0,
Premier League,2024/25,7,2024-10-05T12:30:00+00:00,Premier|2024|66,Everton,Newcastle,2024-10-05T17:30:00Z,0,0,True,0,GG,0.598088,0.598088,0.0,0.6,False,0,,,False,0,
Premier League,2024/25,7,2024-10-05T12:30:00+00:00,Premier|2024|67,Aston Villa,Man United,2024-10-06T14:00:00Z,0,0,True,0,1,0.676469,0.582241,0.235569,0.55,True,0,O2.5,0.675727,True,3,0
Premier League,2024/25,7,2024-10-05T12:30:00+00:00,Premier|2024|68,Chelsea,Nott'm Forest,2024-10-06T14:00:00Z,1,1,True,0,1,0.636868,0.634361,0.006268,0.55,True,0,1,0.634361,True,1,0
Premier League,2024/25,7,2024-10-05T12:30:00+00:00,Premier|2024|69,Brighton,Tottenham,2024-10-06T16:30:00Z,3,2,True,0,2,0.63984,0.513224,0.31654,0.55,False,0,GG,0.607914,True,1,1
Premier League,2024/25,8,2024-10-19T12:30:00+00:00,Premier|2024|70,Tottenham,West Ham,2024-10-19T12:30:00Z,4,1,True,0,1,0.811569,0.667741,0.359569,0.55,False,1,O2.5,0.661754,True,2,1
Premier League,2024/25,8,2024-10-19T12:30:00+00:00,Premier|2024|71,Fulham,Aston Villa,2024-10-19T15:00:00Z,1,3,True,0,GG,0.543478,0.543478,0.0,0.6,False,1,,,False,0,
Premier League,2024/25,8,2024-10-19T12:30:00+00:00,Premier|2024|72,Ipswich,Everton,2024-10-19T15:00:00Z,0,2,True,0,GG,0.594205,0.594205,0.0,0.6,False,0,,,False,0,
Premier League,2024/25,8,2024-10-19T12:30:00+00:00,Premier|2024|73,Man United,Brentford,2024-10-19T15:00:00Z,2,1,True,0,GG,0.63209,0.63209,0.0,0.6,True,1,GG,0.63209,True,2,1
Premier League,2024/25,8,2024-10-19T12:30:00+00:00,Premier|2024|74,Newcastle,Brighton,2024-10-19T15:00:00Z,0,1,True,0,GG,0.585471,0.585471,0.0,0.6,False,0,,,False,0,
Premier League,2024/25,8,2024-10-19T12:30:00+00:00,Premier|2024|75,Southampton,Leicester,2024-10-19T15:00:00Z,2,3,True,0,O2.5,0.636896,0.636896,0.0,0.6,True,1,O2.5,0.636896,True,2,1
Premier League,2024/25,8,2024-10-19T12:30:00+00:00,Premier|2024|76,Bournemouth,Arsenal,2024-10-19T17:30:00Z,2,0,True,0,2,0.63587,0.646202,0.02583,0.55,True,0,2,0.646202,True,3,0
Premier League,2024/25,8,2024-10-19T12:30:00+00:00,Premier|2024|77,Wolves,Man City,2024-10-20T14:00:00Z,1,2,True,0,2,0.729788,0.740233,0.026112,0.55,True,1,2,0.740233,True,1,1
Premier League,2024/25,8,2024-10-19T12:30:00+00:00,Premier|2024|78,Liverpool,Chelsea,2024-10-20T16:30:00Z,2,1,True,0,GG,0.566716,0.566716,0.0,0.6,False,1,,,False,0,
Premier League,2024/25,8,2024-10-19T12:30:00+00:00,Premier|2024|79,Nott'm Forest,Crystal Palace,2024-10-21T20:00:00Z,1,0,True,0,GG,0.526476,0.526476,0.0,0.6,False,0,,,False,0,
Premier League,2024/25,9,2024-10-25T20:00:00+00:00,Premier|2024|80,Leicester,Nott'm Forest,2024-10-25T20:00:00Z,1,3,True,0,GG,0.571651,0.571651,0.0,0.6,False,1,,,False,0,
Premier League,2024/25,9,2024-10-25T20:00:00+00:00,Premier|2024|81,Aston Villa,Bournemouth,2024-10-26T15:00:00Z,1,1,True,0,GG,0.598901,0.598901,0.0,0.6,False,1,1,0.573343,True,1,0
Premier League,2024/25,9,2024-10-25T20:00:00+00:00,Premier|2024|82,Brentford,Ipswich,2024-10-26T15:00:00Z,4,3,True,0,1,0.762474,0.640844,0.304074,0.55,False,1,O2.5,0.622708,True,1,1
Premier League,2024/25,9,2024-10-25T20:00:00+00:00,Premier|2024|83,Brighton,Wolves,2024-10-26T15:00:00Z,2,2,True,0,1,0.686273,0.634404,0.129673,0.55,True,0,1,0.634404,True,1,0
Premier League,2024/25,9,2024-10-25T20:00:00+00:00,Premier|2024|84,Man City,Southampton,2024-10-26T15:00:00Z,1,0,True,0,1,0.871621,0.883012,0.028479,0.55,True,1,1,0.883012,True,2,1
Premier League,2024/25,9,2024-10-25T20:00:00+00:00,Premier|2024|85,Everton,Fulham,2024-10-26T17:30:00Z,1,1,True,0,GG,0.555606,0.555606,0.0,0.6,False,1,,,False,0,
Premier League,2024/25,9,2024-10-25T20:00:00+00:00,Premier|2024|86,Chelsea,Newcastle,2024-10-27T14:00:00Z,2,1,True,0,1,0.665226,0.567696,0.243826,0.55,True,1,O2.5,0.609003,True,2,1
Premier League,2024/25,9,2024-10-25T20:00:00+00:00,Premier|2024|87,Crystal Palace,Tottenham,2024-10-27T14:00:00Z,1,0,True,0,2,0.614783,0.49695,0.294583,0.55,False,0,,,False,0,
Premier League,2024/25,9,2024-10-25T20:00:00+00:00,Premier|2024|88,West Ham,Man United,2024-10-27T14:00:00Z,2,1,True,0,GG,0.6284,0.6284,0.0,0.6,True,1,GG,0.6284,True,2,1
Premier League,2024/25,9,2024-10-25T20:00:00+00:00,Premier|2024|89,Arsenal,Liverpool,2024-10-27T16:30:00Z,2,2,True,0,GG,0.596284,0.596284,0.0,0.6,False,1,,,False,0,
Premier League,2024/25,10,2024-11-02T12:30:00+00:00,Premier|2024|90,Newcastle,Arsenal,2024-11-02T12:30:00Z,1,0,True,0,GG,0.60515,0.60515,0.0,0.6,True,0,GG,0.60515,True,1,0
Premier League,2024/25,10,2024-11-02T12:30:00+00:00,Premier|2024|91,Bournemouth,Man City,2024-11-02T15:00:00Z,2,1,True,0,GG,0.580191,0.580191,0.0,0.6,False,1,2,0.598574,True,1,0
Premier League,2024/25,10,2024-11-02T12:30:00+00:00,Premier|2024|92,Ipswich,Leicester,2024-11-02T15:00:00Z,1,1,True,0,GG,0.644335,0.644335,0.0,0.6,True,1,GG,0.644335,True,2,1
Premier League,2024/25,10,2024-11-02T12:30:00+00:00,Premier|2024|93,Liverpool,Brighton,2024-11-02T15:00:00Z,2,1,True,0,1,0.770816,0.718769,0.130116,0.55,True,1,1,0.718769,True,1,1
Premier League,2024/25,10,2024-11-02T12:30:00+00:00,Premier|2024|94,Nott'm Forest,West Ham,2024-11-02T15:00:00Z,3,0,True,0,GG,0.580094,0.580094,0.0,0.6,False,0,,,False,0,
Premier League,2024/25,10,2024-11-02T12:30:00+00:00,Premier|2024|95,Southampton,Everton,2024-11-02T15:00:00Z,1,0,True,0,GG,0.620583,0.620583,0.0,0.6,True,0,GG,0.620583,True,2,0
Premier League,2024/25,10,2024-11-02T12:30:00+00:00,Premier|2024|96,Wolves,Crystal Palace,2024-11-02T17:30:00Z,2,2,True,0,GG,0.531539,0.531539,0.0,0.6,False,1,,,False,0,
Premier League,2024/25,10,2024-11-02T12:30:00+00:00,Premier|2024|97,Tottenham,Aston Villa,2024-11-03T14:00:00Z,4,1,True,0,GG,0.553705,0.553705,0.0,0.6,False,1,,,False,0,
Premier League,2024/25,10,2024-11-02T12:30:00+00:00,Premier|2024|98,Man United,Chelsea,2024-11-03T16:30:00Z,1,1,True,0,GG,0.647402,0.647402,0.0,0.6,True,1,GG,0.647402,True,2,1
Premier League,2024/25,10,2024-11-02T12:30:00+00:00,Premier|2024|99,Fulham,Brentford,2024-11-04T20:00:00Z,2,1,True,0,O2.5,0.598449,0.598449,0.0,0.6,False,1,,,False,0,
Premier League,2024/25,11,2024-11-09T15:00:00+00:00,Premier|2024|100,Brentford,Bournemouth,2024-11-09T15:00:00Z,3,2,True,0,GG,0.632647,0.632647,0.0,0.6,True,1,GG,0.632647,True,2,1
Premier League,2024/25,11,2024-11-09T15:00:00+00:00,Premier|2024|101,Crystal Palace,Fulham,2024-11-09T15:00:00Z,0,2,True,0,GG,0.536152,0.536152,0.0,0.6,False,0,,,False,0,
Premier League,2024/25,11,2024-11-09T15:00:00+00:00,Premier|2024|102,West Ham,Everton,2024-11-09T15:00:00Z,0,0,True,0,GG,0.594722,0.594722,0.0,0.6,False,0,,,False,0,
Premier League,2024/25,11,2024-11-09T15:00:00+00:00,Premier|2024|103,Wolves,Southampton,2024-11-09T15:00:00Z,2,0,True,0,1,0.62382,0.598412,0.06352,0.55,True,1,GG,0.606382,True,2,0
Premier League,2024/25,11,2024-11-09T15:00:00+00:00,Premier|2024|104,Brighton,Man City,2024-11-09T17:30:00Z,2,1,True,0,GG,0.591592,0.591592,0.0,0.6,False,1,2,0.57869,True,1,0
Premier League,2024/25,11,2024-11-09T15:00:00+00:00,Premier|2024|105,Liverpool,Aston Villa,2024-11-09T20:00:00Z,2,0,True,0,1,0.718295,0.667857,0.126095,0.55,True,1,1,0.667857,True,1,1
Premier League,2024/25,11,2024-11-09T15:00:00+00:00,Premier|2024|106,Man United,Leicester,2024-11-10T14:00:00Z,3,0,True,0,1,0.685315,0.626669,0.146615,0.55,True,1,O2.5,0.68327,True,3,1
Premier League,2024/25,11,2024-11-09T15:00:00+00:00,Premier|2024|107,Nott'm Forest,Newcastle,2024-11-10T14:00:00Z,1,3,True,0,1,0.533245,0.440467,0.231945,0.55,False,0,,,False,0,
Premier League,2024/25,11,2024-11-09T15:00:00+00:00,Premier|2024|108,Tottenham,Ipswich,2024-11-10T14:00:00Z,1,2,True,0,1,0.917871,0.771283,0.366471,0.55,False,0,O2.5,0.696731,True,1,1
Premier League,2024/25,11,2024-11-09T15:00:00+00:00,Premier|2024|109,Chelsea,Arsenal,2024-11-10T16:30:00Z,1,1,True,0,GG,0.611563,0.611563,0.0,0.6,True,1,GG,0.611563,True,1,1
Premier League,2024/25,12,2024-11-23T12:30:00+00:00,Premier|2024|110,Leicester,Chelsea,2024-11-23T12:30:00Z,1,2,True,0,2,0.649988,0.584393,0.163988,0.55,True,1,GG,0.619434,True,3,1
Premier League,2024/25,12,2024-11-23T12:30:00+00:00,Premier|2024|111,Arsenal,Nott'm Forest,2024-11-23T15:00:00Z,3,0,True,0,GG,0.533742,0.533742,0.0,0.6,False,0,,,False,0,
Premier League,2024/25,12,2024-11-23T12:30:00+00:00,Premier|2024|112,Aston Villa,Crystal Palace,2024-11-23T15:00:00Z,2,2,True,0,O2.5,0.59225,0.59225,0.0,0.6,False,1,,,False,0,
Premier League,2024/25,12,2024-11-23T12:30:00+00:00,Premier|2024|113,Bournemouth,Brighton,2024-11-23T15:00:00Z,1,2,True,0,GG,0.622225,0.622225,0.0,0.6,True,1,GG,0.622225,True,2,1
Premier League,2024/25,12,2024-11-23T12:30:00+00:00,Premier|2024|114,Everton,Brentford,2024-11-23T15:00:00Z,0,0,True,0,GG,0.583013,0.583013,0.0,0.6,False,0,,,False,0,
Premier League,2024/25,12,2024-11-23T12:30:00+00:00,Premier|2024|115,Fulham,Wolves,2024-11-23T15:00:00Z,1,4,True,0,1,0.697461,0.615796,0.204161,0.55,True,0,1,0.615796,True,1,0
Premier League,2024/25,12,2024-11-23T12:30:00+00:00,Premier|2024|116,Man City,Tottenham,2024-11-23T17:30:00Z,0,4,True,0,GG,0.62017,0.62017,0.0,0.6,True,0,GG,0.62017,True,3,0
Premier League,2024/25,12,2024-11-23T12:30:00+00:00,Premier|2024|117,Southampton,Liverpool,2024-11-24T14:00:00Z,2,3,True,0,2,0.841124,0.803715,0.093524,0.55,True,1,2,0.803715,True,1,1
Premier League,2024/25,12,2024-11-23T12:30:00+00:00,Premier|2024|118,Ipswich,Man United,2024-11-24T16:30:00Z,1,1,True,0,2,0.663002,0.549721,0.283202,0.55,False,0,GG,0.639383,True,2,1
Premier League,2024/25,12,2024-11-23T12:30:00+00:00,Premier|2024|119,Newcastle,West Ham,2024-11-25T20:00:00Z,0,2,True,0,GG,0.589706,0.589706,0.0,0.6,False,0,1,0.574883,True,1,0
Premier League,2024/25,13,2024-11-29T20:00:00+00:00,Premier|2024|120,Brighton,Southampton,2024-11-29T20:00:00Z,1,1,True,0,1,0.787686,0.765732,0.054886,0.55,True,0,1,0.765732,True,3,0
Premier League,2024/25,13,2024-11-29T20:00:00+00:00,Premier|2024|121,Brentford,Leicester,2024-11-30T15:00:00Z,4,1,True,0,1,0.751787,0.645072,0.266787,0.55,False,1,O2.5,0.649658,True,2,1
Premier League,2024/25,13,2024-11-29T20:00:00+00:00,Premier|2024|122,Crystal Palace,Newcastle,2024-11-30T15:00:00Z,1,1,True,0,GG,0.571303,0.571303,0.0,0.6,False,1,,,False,0,
Premier League,2024/25,13,2024-11-29T20:00:00+00:00,Premier|2024|123,Nott'm Forest,Ipswich,2024-11-30T15:00:00Z,1,0,True,0,1,0.772188,0.631593,0.351488,0.55,False,1,,,False,0,
Premier League,2024/25,13,2024-11-29T20:00:00+00:00,Premier|2024|124,Wolves,Bournemouth,2024-11-30T15:00:00Z,2,4,True,0,GG,0.56284,0.56284,0.0,0.6,False,1,,,False,0,
Premier League,2024/25,13,2024-11-29T20:00:00+00:00,Premier|2024|125,West Ham,Arsenal,2024-11-30T17:30:00Z,2,5,True,0,GG,0.586028,0.586028,0.0,0.6,False,1,,,False,0,
Premier League,2024/25,13,2024-11-29T20:00:00+00:00,Premier|2024|126,Chelsea,Aston Villa,2024-12-01T13:30:00Z,3,0,True,0,GG,0.627855,0.627855,0.0,0.6,True,0,GG,0.627855,True,3,0
Premier League,2024/25,13,2024-11-29T20:00:00+00:00,Premier|2024|127,Man United,Everton,2024-12-01T13:30:00Z,4,0,True,0,1,0.600875,0.570365,0.076275,0.55,True,1,1,0.570365,True,1,1
Premier League,2024/25,13,2024-11-29T20:00:00+00:00,Premier|2024|128,Tottenham,Fulham,2024-12-01T13:30:00Z,1,1,True,0,1,0.681404,0.634242,0.117904,0.55,True,0,1,0.634242,True,1,0
Premier League,2024/25,13,2024-11-29T20:00:00+00:00,Premier|2024|129,Liverpool,Man City,2024-12-01T16:00:00Z,2,0,True,0,1,0.755159,0.606736,0.371059,0.55,False,1,O2.5,0.62297,True,2,0
Premier League,2024/25,14,2024-12-03T19:30:00+00:00,Premier|2024|130,Ipswich,Crystal Palace,2024-12-03T19:30:00Z,0,1,True,0,GG,0.611486,0.611486,0.0,0.6,True,0,GG,0.611486,True,1,0
Premier League,2024/25,14,2024-12-03T19:30:00+00:00,Premier|2024|131,Leicester,West Ham,2024-12-03T20:15:00Z,3,1,True,0,GG,0.630927,0.630927,0.0,0.6,True,1,GG,0.630927,True,2,1
Premier League,2024/25,14,2024-12-03T19:30:00+00:00,Premier|2024|132,Everton,Wolves,2024-12-04T19:30:00Z,4,0,True,0,U2.5,0.529778,0.529778,0.0,0.6,False,0,,,False,0,
Premier League,2024/25,14,2024-12-03T19:30:00+00:00,Premier|2024|133,Man City,Nott'm Forest,2024-12-04T19:30:00Z,3,0,True,0,GG,0.574664,0.574664,0.0,0.6,False,0,,,False,0,
Premier League,2024/25,14,2024-12-03T19:30:00+00:00,Premier|2024|134,Newcastle,Liverpool,2024-12-04T19:30:00Z,3,3,True,0,2,0.628743,0.545446,0.208243,0.55,False,0,,,False,0,
Premier League,2024/25,14,2024-12-03T19:30:00+00:00,Premier|2024|135,Southampton,Chelsea,2024-12-04T19:30:00Z,1,5,True,0,2,0.70986,0.686596,0.05816,0.55,True,1,2,0.686596,True,3,1
Premier League,2024/25,14,2024-12-03T19:30:00+00:00,Premier|2024|136,Arsenal,Man United,2024-12-04T20:15:00Z,2,0,True,0,O2.5,0.60645,0.60645,0.0,0.6,True,0,1,0.612988,True,2,1
Premier League,2024/25,14,2024-12-03T19:30:00+00:00,Premier|2024|137,Aston Villa,Brentford,2024-12-04T20:15:00Z,3,1,True,0,O2.5,0.624649,0.624649,0.0,0.6,True,1,O2.5,0.624649,True,2,1
Premier League,2024/25,14,2024-12-03T19:30:00+00:00,Premier|2024|138,Fulham,Brighton,2024-12-05T19:30:00Z,3,1,True,0,GG,0.548294,0.548294,0.0,0.6,False,1,,,False,0,
Premier League,2024/25,14,2024-12-03T19:30:00+00:00,Premier|2024|139,Bournemouth,Tottenham,2024-12-05T20:15:00Z,1,0,True,0,GG,0.632134,0.632134,0.0,0.6,True,0,GG,0.632134,True,2,0
Premier League,2024/25,15,2024-12-07T15:00:00+00:00,Premier|2024|140,Aston Villa,Southampton,2024-12-07T15:00:00Z,1,0,True,0,1,0.757978,0.738787,0.047978,0.55,True,1,1,0.738787,True,3,1
Premier League,2024/25,15,2024-12-07T15:00:00+00:00,Premier|2024|141,Brentford,Newcastle,2024-12-07T15:00:00Z,4,2,True,0,GG,0.581199,0.581199,0.0,0.6,False,1,,,False,0,
Premier League,2024/25,15,2024-12-07T15:00:00+00:00,Premier|2024|142,Crystal Palace,Man City,2024-12-07T15:00:00Z,2,2,True,0,GG,0.627541,0.627541,0.0,0.6,True,1,GG,0.627541,True,2,1
Premier League,2024/25,15,2024-12-07T15:00:00+00:00,Premier|2024|143,Man United,Nott'm Forest,2024-12-07T17:30:00Z,2,3,True,0,1,0.640591,0.603754,0.092091,0.55,True,0,1,0.603754,True,1,0
Premier League,2024/25,15,2024-12-07T15:00:00+00:00,Premier|2024|144,Fulham,Arsenal,2024-12-08T14:00:00Z,1,1,True,0,GG,0.531184,0.531184,0.0,0.6,False,1,,,False,0,
Premier League,2024/25,15,2024-12-07T15:00:00+00:00,Premier|2024|145,Ipswich,Bournemouth,2024-12-08T14:00:00Z,1,2,True,0,O2.5,0.618273,0.618273,0.0,0.6,True,1,O2.5,0.618273,True,2,1
Premier League,2024/25,15,2024-12-07T15:00:00+00:00,Premier|2024|146,Leicester,Brighton,2024-12-08T14:00:00Z,2,2,True,0,GG,0.608557,0.608557,0.0,0.6,True,1,GG,0.608557,True,1,1
Premier League,2024/25,15,2024-12-07T15:00:00+00:00,Premier|2024|147,Tottenham,Chelsea,2024-12-08T16:30:00Z,3,4,True,0,GG,0.65223,0.65223,0.0,0.6,True,1,GG,0.65223,True,2,1
Premier League,2024/25,15,2024-12-07T15:00:00+00:00,Premier|2024|148,West Ham,Wolves,2024-12-09T20:00:00Z,2,1,True,0,GG,0.573,0.573,0.0,0.6,False,1,,,False,0,
Premier League,2024/25,16,2024-12-14T15:00:00+00:00,Premier|2024|149,Arsenal,Everton,2024-12-14T15:00:00Z,0,0,True,0,1,0.758051,0.747631,0.026051,0.55,True,0,1,0.747631,True,1,0
Premier League,2024/25,16,2024-12-14T15:00:00+00:00,Premier|2024|150,Liverpool,Fulham,2024-12-14T15:00:00Z,2,2,True,0,1,0.681251,0.681551,0.000749,0.55,True,0,1,0.681551,True,1,0
Premier League,2024/25,16,2024-12-14T15:00:00+00:00,Premier|2024|151,Newcastle,Leicester,2024-12-14T15:00:00Z,4,0,True,0,1,0.720452,0.670111,0.125852,0.55,True,1,1,0.670111,True,1,1
Premier League,2024/25,16,2024-12-14T15:00:00+00:00,Premier|2024|152,Wolves,Ipswich,2024-12-14T15:00:00Z,1,2,True,0,GG,0.552332,0.552332,0.0,0.6,False,1,,,False,0,
Premier League,2024/25,16,2024-12-14T15:00:00+00:00,Premier|2024|153,Nott'm Forest,Aston Villa,2024-12-14T17:30:00Z,2,1,True,0,GG,0.541634,0.541634,0.0,0.6,False,1,,,False,0,
Premier League,2024/25,16,2024-12-14T15:00:00+00:00,Premier|2024|154,Brighton,Crystal Palace,2024-12-15T14:00:00Z,1,3,True,0,GG,0.558623,0.558623,0.0,0.6,False,1,,,False,0,
Premier League,2024/25,16,2024-12-14T15:00:00+00:00,Premier|2024|155,Man City,Man United,2024-12-15T16:30:00Z,1,2,True,0,O2.5,0.634513,0.634513,0.0,0.6,True,1,O2.5,0.634513,True,2,1
Premier League,2024/25,16,2024-12-14T15:00:00+00:00,Premier|2024|156,Chelsea,Brentford,2024-12-15T19:00:00Z,2,1,True,0,1,0.747422,0.687453,0.149922,0.55,True,1,O2.5,0.693596,True,3,1
Premier League,2024/25,16,2024-12-14T15:00:00+00:00,Premier|2024|157,Southampton,Tottenham,2024-12-15T19:00:00Z,0,5,True,0,2,0.78601,0.694206,0.22951,0.55,True,1,2,0.694206,True,3,1
Premier League,2024/25,16,2024-12-14T15:00:00+00:00,Premier|2024|158,Bournemouth,West Ham,2024-12-16T20:00:00Z,1,1,True,0,1,0.759827,0.630056,0.324427,0.55,False,0,O2.5,0.687986,True,2,0
Premier League,2024/25,17,2024-12-21T12:30:00+00:00,Premier|2024|159,Aston Villa,Man City,2024-12-21T12:30:00Z,2,1,True,0,GG,0.635313,0.635313,0.0,0.6,True,1,GG,0.635313,True,2,1
Premier League,2024/25,17,2024-12-21T12:30:00+00:00,Premier|2024|160,Brentford,Nott'm Forest,2024-12-21T15:00:00Z,0,2,True,0,GG,0.556237,0.556237,0.0,0.6,False,0,,,False,0,
Premier League,2024/25,17,2024-12-21T12:30:00+00:00,Premier|2024|161,Ipswich,Newcastle,2024-12-21T15:00:00Z,0,4,True,0,GG,0.586067,0.586067,0.0,0.6,False,0,,,False,0,
Premier League,2024/25,17,2024-12-21T12:30:00+00:00,Premier|2024|162,West Ham,Brighton,2024-12-21T15:00:00Z,1,1,True,0,GG,0.622449,0.622449,0.0,0.6,True,1,GG,0.622449,True,2,1
Premier League,2024/25,17,2024-12-21T12:30:00+00:00,Premier|2024|163,Crystal Palace,Arsenal,2024-12-21T17:30:00Z,1,5,True,0,GG,0.548747,0.548747,0.0,0.6,False,1,,,False,0,
Premier League,2024/25,17,2024-12-21T12:30:00+00:00,Premier|2024|164,Everton,Chelsea,2024-12-22T14:00:00Z,0,0,True,0,2,0.612725,0.555035,0.144225,0.55,True,0,2,0.555035,True,1,0
Premier League,2024/25,17,2024-12-21T12:30:00+00:00,Premier|2024|165,Fulham,Southampton,2024-12-22T14:00:00Z,0,0,True,0,1,0.788226,0.748335,0.099726,0.55,True,0,1,0.748335,True,2,0
Premier League,2024/25,17,2024-12-21T12:30:00+00:00,Premier|2024|166,Leicester,Wolves,2024-12-22T14:00:00Z,0,3,True,0,GG,0.563014,0.563014,0.0,0.6,False,0,,,False,0,
Premier League,2024/25,17,2024-12-21T12:30:00+00:00,Premier|2024|167,Man United,Bournemouth,2024-12-22T14:00:00Z,0,3,True,0,GG,0.617353,0.617353,0.0,0.6,True,0,GG,0.617353,True,1,0
Premier League,2024/25,17,2024-12-21T12:30:00+00:00,Premier|2024|168,Tottenham,Liverpool,2024-12-22T16:30:00Z,3,6,True,0,GG,0.633482,0.633482,0.0,0.6,True,1,GG,0.633482,True,2,1
Premier League,2024/25,18,2024-12-26T12:30:00+00:00,Premier|2024|169,Man City,Everton,2024-12-26T12:30:00Z,1,1,True,0,1,0.570057,0.624554,0.136243,0.55,True,0,1,0.624554,True,1,0
Premier League,2024/25,18,2024-12-26T12:30:00+00:00,Premier|2024|170,Bournemouth,Crystal Palace,2024-12-26T15:00:00Z,0,0,True,0,1,0.713885,0.605291,0.271485,0.55,False,0,O2.5,0.637328,True,2,0
Premier League,2024/25,18,2024-12-26T12:30:00+00:00,Premier|2024|171,Chelsea,Fulham,2024-12-26T15:00:00Z,1,2,True,0,1,0.595043,0.594986,0.000143,0.55,True,0,1,0.594986,True,1,0
Premier League,2024/25,18,2024-12-26T12:30:00+00:00,Premier|2024|172,Newcastle,Aston Villa,2024-12-26T15:00:00Z,3,0,True,0,GG,0.592081,0.592081,0.0,0.6,False,0,,,False,0,
Premier League,2024/25,18,2024-12-26T12:30:00+00:00,Premier|2024|173,Nott'm Forest,Tottenham,2024-12-26T15:00:00Z,1,0,True,0,GG,0.580695,0.580695,0.0,0.6,False,0,,,False,0,
Premier League,2024/25,18,2024-12-26T12:30:00+00:00,Premier|2024|174,Southampton,West Ham,2024-12-26T15:00:00Z,0,1,True,0,GG,0.651587,0.651587,0.0,0.6,True,0,GG,0.651587,True,2,0
Premier League,2024/25,18,2024-12-26T12:30:00+00:00,Premier|2024|175,Wolves,Man United,2024-12-26T17:30:00Z,2,0,True,0,GG,0.534381,0.534381,0.0,0.6,False,0,,,False,0,
Premier League,2024/25,18,2024-12-26T12:30:00+00:00,Premier|2024|176,Liverpool,Leicester,2024-12-26T20:00:00Z,3,1,True,0,1,0.934706,0.877424,0.143206,0.55,True,1,1,0.877424,True,2,1
Premier League,2024/25,18,2024-12-26T12:30:00+00:00,Premier|2024|177,Brighton,Brentford,2024-12-27T19:30:00Z,0,0,True,0,GG,0.601033,0.601033,0.0,0.6,True,0,GG,0.601033,True,1,0
Premier League,2024/25,18,2024-12-26T12:30:00+00:00,Premier|2024|178,Arsenal,Ipswich,2024-12-27T20:15:00Z,1,0,True,0,1,0.93348,0.869048,0.16108,0.55,True,1,1,0.869048,True,2,1
Premier League,2024/25,19,2024-12-29T14:30:00+00:00,Premier|2024|179,Leicester,Man City,2024-12-29T14:30:00Z,0,2,True,0,2,0.773166,0.7137,0.148666,0.55,True,1,2,0.7137,True,3,1
Premier League,2024/25,19,2024-12-29T14:30:00+00:00,Premier|2024|180,Crystal Palace,Southampton,2024-12-29T15:00:00Z,2,1,True,0,1,0.698889,0.694494,0.010989,0.55,True,1,1,0.694494,True,3,1
Premier League,2024/25,19,2024-12-29T14:30:00+00:00,Premier|2024|181,Everton,Nott'm Forest,2024-12-29T15:00:00Z,0,2,True,0,U2.5,0.610951,0.610951,0.0,0.6,True,1,U2.5,0.610951,True,1,1
Premier League,2024/25,19,2024-12-29T14:30:00+00:00,Premier|2024|182,Fulham,Bournemouth,2024-12-29T15:00:00Z,2,2,True,0,GG,0.566225,0.566225,0.0,0.6,False,1,,,False,0,
Premier League,2024/25,19,2024-12-29T14:30:00+00:00,Premier|2024|183,Tottenham,Wolves,2024-12-29T15:00:00Z,2,2,True,0,1,0.709215,0.646609,0.156515,0.55,True,0,1,0.646609,True,1,0
Premier League,2024/25,19,2024-12-29T14:30:00+00:00,Premier|2024|184,West Ham,Liverpool,2024-12-29T17:15:00Z,0,5,True,0,2,0.667458,0.611395,0.140158,0.55,True,1,O2.5,0.648527,True,3,1
Premier League,2024/25,19,2024-12-29T14:30:00+00:00,Premier|2024|185,Aston Villa,Brighton,2024-12-30T19:45:00Z,2,2,True,0,1,0.601522,0.555313,0.115522,0.55,True,0,1,0.555313,True,1,0
Premier League,2024/25,19,2024-12-29T14:30:00+00:00,Premier|2024|186,Ipswich,Chelsea,2024-12-30T19:45:00Z,2,0,True,0,2,0.844519,0.707231,0.343219,0.55,False,0,O2.5,0.675972,True,2,0
Premier League,2024/25,19,2024-12-29T14:30:00+00:00,Premier|2024|187,Man United,Newcastle,2024-12-30T20:00:00Z,0,2,True,0,GG,0.574418,0.574418,0.0,0.6,False,0,,,False,0,
Premier League,2024/25,19,2024-12-29T14:30:00+00:00,Premier|2024|188,Brentford,Arsenal,2025-01-01T17:30:00Z,1,3,True,0,2,0.773976,0.684025,0.224876,0.55,True,1,2,0.684025,True,1,1
Premier League,2024/25,20,2025-01-04T12:30:00+00:00,Premier|2024|189,Tottenham,Newcastle,2025-01-04T12:30:00Z,1,2,True,0,GG,0.642514,0.642514,0.0,0.6,True,1,GG,0.642514,True,2,1
Premier League,2024/25,20,2025-01-04T12:30:00+00:00,Premier|2024|190,Aston Villa,Leicester,2025-01-04T15:00:00Z,2,1,True,0,1,0.73338,0.681388,0.12998,0.55,True,1,1,0.681388,True,2,1
Premier League,2024/25,20,2025-01-04T12:30:00+00:00,Premier|2024|191,Bournemouth,Everton,2025-01-04T15:00:00Z,1,0,True,0,1,0.657897,0.582938,0.187397,0.55,True,1,1,0.582938,True,1,1
Premier League,2024/25,20,2025-01-04T12:30:00+00:00,Premier|2024|192,Crystal Palace,Chelsea,2025-01-04T15:00:00Z,1,1,True,0,GG,0.649841,0.649841,0.0,0.6,True,1,GG,0.649841,True,2,1
Premier League,2024/25,20,2025-01-04T12:30:00+00:00,Premier|2024|193,Man City,West Ham,2025-01-04T15:00:00Z,4,1,True,0,1,0.708283,0.70133,0.017383,0.55,True,1,1,0.70133,True,3,1
Premier League,2024/25,20,2025-01-04T12:30:00+00:00,Premier|2024|194,Southampton,Brentford,2025-01-04T15:00:00Z,0,5,True,0,GG,0.646118,0.646118,0.0,0.6,True,0,GG,0.646118,True,2,0
Premier League,2024/25,20,2025-01-04T12:30:00+00:00,Premier|2024|195,Brighton,Arsenal,2025-01-04T17:30:00Z,1,1,True,0,2,0.703219,0.635291,0.169819,0.55,True,0,2,0.635291,True,1,0
Premier League,2024/25,20,2025-01-04T12:30:00+00:00,Premier|2024|196,Fulham,Ipswich,2025-01-05T14:00:00Z,2,2,True,0,1,0.73018,0.642788,0.21848,0.55,True,0,1,0.642788,True,1,0
Premier League,2024/25,20,2025-01-04T12:30:00+00:00,Premier|2024|197,Liverpool,Man United,2025-01-05T16:30:00Z,2,2,True,0,1,0.821401,0.779561,0.104601,0.55,True,0,1,0.779561,True,2,0
Premier League,2024/25,20,2025-01-04T12:30:00+00:00,Premier|2024|198,Wolves,Nott'm Forest,2025-01-06T20:00:00Z,0,3,True,0,U2.5,0.608121,0.608121,0.0,0.6,True,0,U2.5,0.608121,True,1,0
Premier League,2024/25,21,2025-01-14T19:30:00+00:00,Premier|2024|199,Brentford,Man City,2025-01-14T19:30:00Z,2,2,True,0,GG,0.651841,0.651841,0.0,0.6,True,1,GG,0.651841,True,3,1
Premier League,2024/25,21,2025-01-14T19:30:00+00:00,Premier|2024|200,Chelsea,Bournemouth,2025-01-14T19:30:00Z,2,2,True,0,GG,0.657402,0.657402,0.0,0.6,True,1,GG,0.657402,True,2,1
Premier League,2024/25,21,2025-01-14T19:30:00+00:00,Premier|2024|201,West Ham,Fulham,2025-01-14T19:30:00Z,3,2,True,0,GG,0.573714,0.573714,0.0,0.6,False,1,,,False,0,
Premier League,2024/25,21,2025-01-14T19:30:00+00:00,Premier|2024|202,Nott'm Forest,Liverpool,2025-01-14T20:00:00Z,1,1,True,0,GG,0.525311,0.525311,0.0,0.6,False,1,,,False,0,
Premier League,2024/25,21,2025-01-14T19:30:00+00:00,Premier|2024|203,Everton,Aston Villa,2025-01-15T19:30:00Z,0,1,True,0,GG,0.522507,0.522507,0.0,0.6,False,0,,,False,0,
Premier League,2024/25,21,2025-01-14T19:30:00+00:00,Premier|2024|204,Leicester,Crystal Palace,2025-01-15T19:30:00Z,0,2,True,0,GG,0.588073,0.588073,0.0,0.6,False,0,,,False,0,
Premier League,2024/25,21,2025-01-14T19:30:00+00:00,Premier|2024|205,Newcastle,Wolves,2025-01-15T19:30:00Z,3,0,True,0,1,0.671539,0.662803,0.021839,0.55,True,1,1,0.662803,True,1,1
Premier League,2024/25,21,2025-01-14T19:30:00+00:00,Premier|2024|206,Arsenal,Tottenham,2025-01-15T20:00:00Z,2,1,True,0,1,0.752115,0.718229,0.084715,0.55,True,1,1,0.718229,True,2,1
Premier League,2024/25,21,2025-01-14T19:30:00+00:00,Premier|2024|207,Ipswich,Brighton,2025-01-16T19:30:00Z,0,2,True,0,GG,0.586489,0.586489,0.0,0.6,False,0,,,False,0,
Premier League,2024/25,21,2025-01-14T19:30:00+00:00,Premier|2024|208,Man United,Southampton,2025-01-16T20:00:00Z,3,1,True,0,1,0.726058,0.708115,0.044858,0.55,True,1,1,0.708115,True,2,1
Premier League,2024/25,22,2025-01-18T12:30:00+00:00,Premier|2024|209,Newcastle,Bournemouth,2025-01-18T12:30:00Z,1,4,True,0,GG,0.60636,0.60636,0.0,0.6,True,1,GG,0.60636,True,1,1
Premier League,2024/25,22,2025-01-18T12:30:00+00:00,Premier|2024|210,Brentford,Liverpool,2025-01-18T15:00:00Z,0,2,True,0,2,0.686234,0.62518,0.152634,0.55,True,1,O2.5,0.629968,True,3,0
Premier League,2024/25,22,2025-01-18T12:30:00+00:00,Premier|2024|211,Leicester,Fulham,2025-01-18T15:00:00Z,0,2,True,0,2,0.661617,0.56645,0.237917,0.55,True,1,2,0.56645,True,1,1
Premier League,2024/25,22,2025-01-18T12:30:00+00:00,Premier|2024|212,West Ham,Crystal Palace,2025-01-18T15:00:00Z,0,2,True,0,GG,0.629214,0.629214,0.0,0.6,True,0,GG,0.629214,True,2,0
Premier League,2024/25,22,2025-01-18T12:30:00+00:00,Premier|2024|213,Arsenal,Aston Villa,2025-01-18T17:30:00Z,2,2,True,0,1,0.679053,0.664392,0.036653,0.55,True,0,1,0.664392,True,1,0
Premier League,2024/25,22,2025-01-18T12:30:00+00:00,Premier|2024|214,Everton,Tottenham,2025-01-19T14:00:00Z,3,2,True,0,GG,0.568578,0.568578,0.0,0.6,False,1,,,False,0,
Premier League,2024/25,22,2025-01-18T12:30:00+00:00,Premier|2024|215,Man United,Brighton,2025-01-19T14:00:00Z,1,3,True,0,GG,0.568371,0.568371,0.0,0.6,False,1,,,False,0,
Premier League,2024/25,22,2025-01-18T12:30:00+00:00,Premier|2024|216,Nott'm Forest,Southampton,2025-01-19T14:00:00Z,3,2,True,0,1,0.853574,0.819065,0.086274,0.55,True,1,1,0.819065,True,2,1
Premier League,2024/25,22,2025-01-18T12:30:00+00:00,Premier|2024|217,Ipswich,Man City,2025-01-19T16:30:00Z,0,6,True,0,2,0.829963,0.729698,0.250663,0.55,False,1,O2.5,0.635664,True,2,1
Premier League,2024/25,22,2025-01-18T12:30:00+00:00,Premier|2024|218,Chelsea,Wolves,2025-01-20T20:00:00Z,3,1,True,0,1,0.687322,0.662673,0.061622,0.55,True,1,1,0.662673,True,2,1
Premier League,2024/25,23,2025-01-25T15:00:00+00:00,Premier|2024|219,Bournemouth,Nott'm Forest,2025-01-25T15:00:00Z,5,0,True,0,GG,0.542137,0.542137,0.0,0.6,False,0,,,False,0,
Premier League,2024/25,23,2025-01-25T15:00:00+00:00,Premier|2024|220,Brighton,Everton,2025-01-25T15:00:00Z,0,1,True,0,1,0.594594,0.561277,0.083294,0.55,True,0,1,0.561277,True,1,0
Premier League,2024/25,23,2025-01-25T15:00:00+00:00,Premier|2024|221,Liverpool,Ipswich,2025-01-25T15:00:00Z,4,1,True,0,1,0.962687,0.880452,0.205587,0.55,True,1,1,0.880452,True,2,1
Premier League,2024/25,23,2025-01-25T15:00:00+00:00,Premier|2024|222,Southampton,Newcastle,2025-01-25T15:00:00Z,1,3,True,0,2,0.822153,0.750572,0.178953,0.55,True,1,2,0.750572,True,3,1
Premier League,2024/25,23,2025-01-25T15:00:00+00:00,Premier|2024|223,Wolves,Arsenal,2025-01-25T15:00:00Z,0,1,True,0,2,0.810968,0.736221,0.186868,0.55,True,1,2,0.736221,True,1,1
Premier League,2024/25,23,2025-01-25T15:00:00+00:00,Premier|2024|224,Man City,Chelsea,2025-01-25T17:30:00Z,3,1,True,0,GG,0.680765,0.680765,0.0,0.6,True,1,GG,0.680765,True,3,1
Premier League,2024/25,23,2025-01-25T15:00:00+00:00,Premier|2024|225,Crystal Palace,Brentford,2025-01-26T14:00:00Z,1,2,True,0,GG,0.624134,0.624134,0.0,0.6,True,1,GG,0.624134,True,2,1
Premier League,2024/25,23,2025-01-25T15:00:00+00:00,Premier|2024|226,Tottenham,Leicester,2025-01-26T14:00:00Z,1,2,True,0,1,0.71674,0.676364,0.10094,0.55,True,0,O2.5,0.683873,True,3,1
Premier League,2024/25,23,2025-01-25T15:00:00+00:00,Premier|2024|227,Aston Villa,West Ham,2025-01-26T16:30:00Z,1,1,True,0,1,0.674051,0.61259,0.153651,0.55,True,0,O2.5,0.625342,True,2,0
Premier League,2024/25,23,2025-01-25T15:00:00+00:00,Premier|2024|228,Fulham,Man United,2025-01-26T19:00:00Z,0,1,True,0,1,0.610738,0.552323,0.146038,0.55,True,0,1,0.552323,True,1,0
Premier League,2024/25,24,2025-02-01T12:30:00+00:00,Premier|2024|229,Nott'm Forest,Brighton,2025-02-01T12:30:00Z,7,0,True,0,U2.5,0.537482,0.537482,0.0,0.6,False,0,,,False,0,
Premier League,2024/25,24,2025-02-01T12:30:00+00:00,Premier|2024|230,Bournemouth,Liverpool,2025-02-01T15:00:00Z,0,2,True,0,GG,0.623132,0.623132,0.0,0.6,True,0,GG,0.623132,True,2,0
Premier League,2024/25,24,2025-02-01T12:30:00+00:00,Premier|2024|231,Everton,Leicester,2025-02-01T15:00:00Z,4,0,True,0,1,0.56559,0.565074,0.00129,0.55,True,1,1,0.565074,True,1,1
Premier League,2024/25,24,2025-02-01T12:30:00+00:00,Premier|2024|232,Ipswich,Southampton,2025-02-01T15:00:00Z,1,2,True,0,GG,0.637607,0.637607,0.0,0.6,True,1,GG,0.637607,True,2,1
Premier League,2024/25,24,2025-02-01T12:30:00+00:00,Premier|2024|233,Newcastle,Fulham,2025-02-01T15:00:00Z,1,2,True,0,1,0.547247,0.550828,0.008953,0.55,True,0,1,0.550828,True,1,0
Premier League,2024/25,24,2025-02-01T12:30:00+00:00,Premier|2024|234,Wolves,Aston Villa,2025-02-01T17:30:00Z,2,0,True,0,2,0.653684,0.56713,0.216384,0.55,True,0,2,0.56713,True,1,0
Premier League,2024/25,24,2025-02-01T12:30:00+00:00,Premier|2024|235,Brentford,Tottenham,2025-02-02T14:00:00Z,0,2,True,0,GG,0.685947,0.685947,0.0,0.6,True,0,GG,0.685947,True,2,0
Premier League,2024/25,24,2025-02-01T12:30:00+00:00,Premier|2024|236,Man United,Crystal Palace,2025-02-02T14:00:00Z,0,2,True,0,GG,0.581016,0.581016,0.0,0.6,False,0,,,False,0,
Premier League,2024/25,24,2025-02-01T12:30:00+00:00,Premier|2024|237,Arsenal,Man City,2025-02-02T16:30:00Z,5,1,True,0,O2.5,0.592823,0.592823,0.0,0.6,False,1,,,False,0,
Premier League,2024/25,24,2025-02-01T12:30:00+00:00,Premier|2024|238,Chelsea,West Ham,2025-02-03T20:00:00Z,2,1,True,0,1,0.730283,0.65513,0.187883,0.55,True,1,O2.5,0.701709,True,3,1
Premier League,2024/25,24,2025-02-12T19:30:00+00:00,Premier|2024|239,Everton,Liverpool,2025-02-12T19:30:00Z,2,2,True,0,2,0.707103,0.643022,0.160203,0.55,True,0,2,0.643022,True,1,0
Premier League,2024/25,25,2025-02-14T20:00:00+00:00,Premier|2024|240,Brighton,Chelsea,2025-02-14T20:00:00Z,3,0,True,0,2,0.637938,0.531883,0.265138,0.55,False,0,GG,0.620799,True,2,0
Premier League,2024/25,25,2025-02-14T20:00:00+00:00,Premier|2024|241,Leicester,Arsenal,2025-02-15T12:30:00Z,0,2,True,0,2,0.870194,0.807356,0.157094,0.55,True,1,2,0.807356,True,1,1
Premier League,2024/25,25,2025-02-14T20:00:00+00:00,Premier|2024|242,Aston Villa,Ipswich,2025-02-15T15:00:00Z,1,1,True,0,1,0.767439,0.690863,0.191439,0.55,True,0,1,0.690863,True,2,0
Premier League,2024/25,25,2025-02-14T20:00:00+00:00,Premier|2024|243,Fulham,Nott'm Forest,2025-02-15T15:00:00Z,2,1,True,0,U2.5,0.556352,0.556352,0.0,0.6,False,0,,,False,0,
Premier League,2024/25,25,2025-02-14T20:00:00+00:00,Premier|2024|244,Man City,Newcastle,2025-02-15T15:00:00Z,4,0,True,0,GG,0.632293,0.632293,0.0,0.6,True,0,GG,0.632293,True,2,0
Premier League,2024/25,25,2025-02-14T20:00:00+00:00,Premier|2024|245,Southampton,Bournemouth,2025-02-15T15:00:00Z,1,3,True,0,2,0.853854,0.747712,0.265354,0.55,False,1,O2.5,0.711787,True,2,1
Premier League,2024/25,25,2025-02-14T20:00:00+00:00,Premier|2024|246,West Ham,Brentford,2025-02-15T15:00:00Z,0,1,True,0,GG,0.652342,0.652342,0.0,0.6,True,0,GG,0.652342,True,2,0
Premier League,2024/25,25,2025-02-14T20:00:00+00:00,Premier|2024|247,Crystal Palace,Everton,2025-02-15T17:30:00Z,1,2,True,0,GG,0.518287,0.518287,0.0,0.6,False,1,,,False,0,
Premier League,2024/25,25,2025-02-14T20:00:00+00:00,Premier|2024|248,Liverpool,Wolves,2025-02-16T14:00:00Z,2,1,True,0,1,0.916296,0.857378,0.147296,0.55,True,1,1,0.857378,True,2,1
Premier League,2024/25,25,2025-02-14T20:00:00+00:00,Premier|2024|249,Tottenham,Man United,2025-02-16T16:30:00Z,1,0,True,0,GG,0.632891,0.632891,0.0,0.6,True,0,GG,0.632891,True,2,0
Premier League,2024/25,26,2025-02-19T19:30:00+00:00,Premier|2024|250,Aston Villa,Liverpool,2025-02-19T19:30:00Z,2,2,True,0,2,0.617,0.57744,0.0989,0.55,True,0,2,0.57744,True,1,0
Premier League,2024/25,26,2025-02-19T19:30:00+00:00,Premier|2024|251,Leicester,Brentford,2025-02-21T20:00:00Z,0,4,True,0,O2.5,0.620654,0.620654,0.0,0.6,True,1,O2.5,0.620654,True,2,1
Premier League,2024/25,26,2025-02-19T19:30:00+00:00,Premier|2024|252,Everton,Man United,2025-02-22T12:30:00Z,2,2,True,0,GG,0.528841,0.528841,0.0,0.6,False,1,,,False,0,
Premier League,2024/25,26,2025-02-19T19:30:00+00:00,Premier|2024|253,Arsenal,West Ham,2025-02-22T15:00:00Z,0,1,True,0,1,0.862802,0.822361,0.101102,0.55,True,0,1,0.822361,True,2,0
Premier League,2024/25,26,2025-02-19T19:30:00+00:00,Premier|2024|254,Bournemouth,Wolves,2025-02-22T15:00:00Z,0,1,True,0,1,0.816701,0.727141,0.223901,0.55,True,0,1,0.727141,True,1,0
Premier League,2024/25,26,2025-02-19T19:30:00+00:00,Premier|2024|255,Fulham,Crystal Palace,2025-02-22T15:00:00Z,0,2,True,0,GG,0.526367,0.526367,0.0,0.6,False,0,,,False,0,
Premier League,2024/25,26,2025-02-19T19:30:00+00:00,Premier|2024|256,Ipswich,Tottenham,2025-02-22T15:00:00Z,1,4,True,0,2,0.708938,0.585843,0.307738,0.55,False,1,O2.5,0.644568,True,2,1
Premier League,2024/25,26,2025-02-19T19:30:00+00:00,Premier|2024|257,Southampton,Brighton,2025-02-22T15:00:00Z,0,4,True,0,2,0.648116,0.61191,0.090516,0.55,True,1,O2.5,0.615973,True,3,1
Premier League,2024/25,26,2025-02-19T19:30:00+00:00,Premier|2024|259,Newcastle,Nott'm Forest,2025-02-23T14:00:00Z,4,3,True,0,GG,0.545977,0.545977,0.0,0.6,False,1,,,False,0,
Premier League,2024/25,27,2025-02-23T16:30:00+00:00,Premier|2024|260,Man City,Liverpool,2025-02-23T16:30:00Z,0,2,True,0,O2.5,0.631574,0.631574,0.0,0.6,True,0,O2.5,0.631574,True,2,0
Premier League,2024/25,27,2025-02-23T16:30:00+00:00,Premier|2024|261,Brighton,Bournemouth,2025-02-25T19:30:00Z,2,1,True,0,GG,0.61637,0.61637,0.0,0.6,True,1,GG,0.61637,True,1,1
Premier League,2024/25,27,2025-02-23T16:30:00+00:00,Premier|2024|263,Wolves,Fulham,2025-02-25T19:30:00Z,1,2,True,0,U2.5,0.569825,0.569825,0.0,0.6,False,0,,,False,0,
Premier League,2024/25,27,2025-02-23T16:30:00+00:00,Premier|2024|264,Chelsea,Southampton,2025-02-25T20:15:00Z,4,0,True,0,1,0.869284,0.822091,0.117984,0.55,True,1,1,0.822091,True,3,1
Premier League,2024/25,27,2025-02-23T16:30:00+00:00,Premier|2024|265,Brentford,Everton,2025-02-26T19:30:00Z,1,1,True,0,GG,0.556918,0.556918,0.0,0.6,False,1,,,False,0,
Premier League,2024/25,27,2025-02-23T16:30:00+00:00,Premier|2024|266,Man United,Ipswich,2025-02-26T19:30:00Z,3,2,True,0,1,0.702573,0.627544,0.187573,0.55,True,1,1,0.627544,True,1,1
Premier League,2024/25,27,2025-02-23T16:30:00+00:00,Premier|2024|267,Nott'm Forest,Arsenal,2025-02-26T19:30:00Z,0,0,True,0,2,0.649898,0.578619,0.178198,0.55,True,0,2,0.578619,True,1,0
Premier League,2024/25,27,2025-02-23T16:30:00+00:00,Premier|2024|268,Tottenham,Man City,2025-02-26T19:30:00Z,0,1,True,0,GG,0.67817,0.67817,0.0,0.6,True,0,GG,0.67817,True,2,0
Premier League,2024/25,27,2025-02-23T16:30:00+00:00,Premier|2024|270,West Ham,Leicester,2025-02-27T20:00:00Z,2,0,True,0,1,0.637427,0.621856,0.038927,0.55,True,1,1,0.621856,True,1,1
Premier League,2024/25,28,2025-03-08T12:30:00+00:00,Premier|2024|271,Nott'm Forest,Man City,2025-03-08T12:30:00Z,1,0,True,0,GG,0.592697,0.592697,0.0,0.6,False,0,,,False,0,
Premier League,2024/25,28,2025-03-08T12:30:00+00:00,Premier|2024|272,Brighton,Fulham,2025-03-08T15:00:00Z,2,1,True,0,GG,0.525411,0.525411,0.0,0.6,False,1,,,False,0,
Premier League,2024/25,28,2025-03-08T12:30:00+00:00,Premier|2024|273,Crystal Palace,Ipswich,2025-03-08T15:00:00Z,1,0,True,0,1,0.857075,0.766005,0.227675,0.55,True,1,1,0.766005,True,2,1
Premier League,2024/25,28,2025-03-08T12:30:00+00:00,Premier|2024|276,Wolves,Everton,2025-03-08T20:00:00Z,1,1,True,0,U2.5,0.58279,0.58279,0.0,0.6,False,1,,,False,0,
Premier League,2024/25,28,2025-03-08T12:30:00+00:00,Premier|2024|277,Chelsea,Leicester,2025-03-09T14:00:00Z,1,0,True,0,1,0.86321,0.793566,0.17411,0.55,True,1,1,0.793566,True,2,1
Premier League,2024/25,28,2025-03-08T12:30:00+00:00,Premier|2024|278,Tottenham,Bournemouth,2025-03-09T14:00:00Z,2,2,True,0,GG,0.67639,0.67639,0.0,0.6,True,1,GG,0.67639,True,2,1
Premier League,2024/25,28,2025-03-08T12:30:00+00:00,Premier|2024|279,Man United,Arsenal,2025-03-09T16:30:00Z,1,1,True,0,2,0.597505,0.577743,0.049405,0.55,True,0,2,0.577743,True,1,0
Premier League,2024/25,28,2025-03-08T12:30:00+00:00,Premier|2024|280,West Ham,Newcastle,2025-03-10T20:00:00Z,0,1,True,0,GG,0.606739,0.606739,0.0,0.6,True,0,GG,0.606739,True,1,0
Premier League,2024/25,29,2025-03-15T15:00:00+00:00,Premier|2024|281,Everton,West Ham,2025-03-15T15:00:00Z,1,1,True,0,GG,0.529868,0.529868,0.0,0.6,False,1,,,False,0,
Premier League,2024/25,29,2025-03-15T15:00:00+00:00,Premier|2024|282,Ipswich,Nott'm Forest,2025-03-15T15:00:00Z,2,4,True,0,2,0.732379,0.635947,0.241079,0.55,True,1,2,0.635947,True,1,1
Premier League,2024/25,29,2025-03-15T15:00:00+00:00,Premier|2024|283,Man City,Brighton,2025-03-15T15:00:00Z,2,2,True,0,GG,0.606042,0.606042,0.0,0.6,True,1,GG,0.606042,True,1,1
Premier League,2024/25,29,2025-03-15T15:00:00+00:00,Premier|2024|284,Southampton,Wolves,2025-03-15T15:00:00Z,1,2,True,0,GG,0.583749,0.583749,0.0,0.6,False,1,,,False,0,
Premier League,2024/25,29,2025-03-15T15:00:00+00:00,Premier|2024|285,Bournemouth,Brentford,2025-03-15T17:30:00Z,1,2,True,0,O2.5,0.661286,0.661286,0.0,0.6,True,1,O2.5,0.661286,True,2,1
Premier League,2024/25,29,2025-03-15T15:00:00+00:00,Premier|2024|286,Arsenal,Chelsea,2025-03-16T13:30:00Z,1,0,True,0,O2.5,0.570215,0.570215,0.0,0.6,False,0,1,0.566874,True,1,1
Premier League,2024/25,29,2025-03-15T15:00:00+00:00,Premier|2024|287,Fulham,Tottenham,2025-03-16T13:30:00Z,2,0,True,0,GG,0.567327,0.567327,0.0,0.6,False,0,,,False,0,
Premier League,2024/25,29,2025-03-15T15:00:00+00:00,Premier|2024|288,Leicester,Man United,2025-03-16T19:00:00Z,0,3,True,0,2,0.578792,0.526795,0.129992,0.55,False,1,,,False,0,
Premier League,2024/25,30,2025-04-01T19:45:00+00:00,Premier|2024|289,Arsenal,Fulham,2025-04-01T19:45:00Z,2,1,True,0,U2.5,0.577682,0.577682,0.0,0.6,False,0,1,0.575278,True,1,1
Premier League,2024/25,30,2025-04-01T19:45:00+00:00,Premier|2024|290,Wolves,West Ham,2025-04-01T19:45:00Z,1,0,True,0,GG,0.533944,0.533944,0.0,0.6,False,0,,,False,0,
Premier League,2024/25,30,2025-04-01T19:45:00+00:00,Premier|2024|291,Nott'm Forest,Man United,2025-04-01T20:00:00Z,1,0,True,0,GG,0.540642,0.540642,0.0,0.6,False,0,,,False,0,
Premier League,2024/25,30,2025-04-01T19:45:00+00:00,Premier|2024|292,Bournemouth,Ipswich,2025-04-02T19:45:00Z,1,2,True,0,1,0.801012,0.723207,0.194512,0.55,True,0,1,0.723207,True,2,0
Premier League,2024/25,30,2025-04-01T19:45:00+00:00,Premier|2024|293,Brighton,Aston Villa,2025-04-02T19:45:00Z,0,3,True,0,GG,0.606945,0.606945,0.0,0.6,True,0,GG,0.606945,True,1,0
Premier League,2024/25,30,2025-04-01T19:45:00+00:00,Premier|2024|294,Man City,Leicester,2025-04-02T19:45:00Z,2,0,True,0,1,0.840941,0.840805,0.000341,0.55,True,1,1,0.840805,True,2,1
Premier League,2024/25,30,2025-04-01T19:45:00+00:00,Premier|2024|295,Newcastle,Brentford,2025-04-02T19:45:00Z,2,1,True,0,GG,0.624316,0.624316,0.0,0.6,True,1,GG,0.624316,True,2,1
Premier League,2024/25,30,2025-04-01T19:45:00+00:00,Premier|2024|296,Southampton,Crystal Palace,2025-04-02T19:45:00Z,1,1,True,0,2,0.842149,0.751289,0.227149,0.55,True,0,2,0.751289,True,3,0
Premier League,2024/25,30,2025-04-01T19:45:00+00:00,Premier|2024|297,Liverpool,Everton,2025-04-02T20:00:00Z,1,0,True,0,1,0.796611,0.765167,0.078611,0.55,True,1,1,0.765167,True,1,1
Premier League,2024/25,30,2025-04-01T19:45:00+00:00,Premier|2024|298,Chelsea,Tottenham,2025-04-03T20:00:00Z,1,0,True,0,O2.5,0.69012,0.69012,0.0,0.6,True,0,O2.5,0.69012,True,2,0
Premier League,2024/25,31,2025-04-05T12:30:00+00:00,Premier|2024|299,Everton,Arsenal,2025-04-05T12:30:00Z,1,1,True,0,U2.5,0.575255,0.575255,0.0,0.6,False,1,,,False,0,
Premier League,2024/25,31,2025-04-05T12:30:00+00:00,Premier|2024|300,Crystal Palace,Brighton,2025-04-05T15:00:00Z,2,1,True,0,GG,0.598932,0.598932,0.0,0.6,False,1,,,False,0,
Premier League,2024/25,31,2025-04-05T12:30:00+00:00,Premier|2024|301,Ipswich,Wolves,2025-04-05T15:00:00Z,1,2,True,0,GG,0.535483,0.535483,0.0,0.6,False,1,,,False,0,
Premier League,2024/25,31,2025-04-05T12:30:00+00:00,Premier|2024|302,West Ham,Bournemouth,2025-04-05T15:00:00Z,2,2,True,0,O2.5,0.630715,0.630715,0.0,0.6,True,1,O2.5,0.630715,True,2,1
Premier League,2024/25,31,2025-04-05T12:30:00+00:00,Premier|2024|303,Aston Villa,Nott'm Forest,2025-04-05T17:30:00Z,2,1,True,0,GG,0.553323,0.553323,0.0,0.6,False,1,,,False,0,
Premier League,2024/25,31,2025-04-05T12:30:00+00:00,Premier|2024|304,Brentford,Chelsea,2025-04-06T14:00:00Z,0,0,True,0,GG,0.666523,0.666523,0.0,0.6,True,0,GG,0.666523,True,2,0
Premier League,2024/25,31,2025-04-05T12:30:00+00:00,Premier|2024|305,Fulham,Liverpool,2025-04-06T14:00:00Z,3,2,True,0,2,0.65939,0.613954,0.11359,0.55,True,0,2,0.613954,True,1,0
Premier League,2024/25,31,2025-04-05T12:30:00+00:00,Premier|2024|306,Tottenham,Southampton,2025-04-06T14:00:00Z,3,1,True,0,1,0.824252,0.776151,0.120252,0.55,True,1,1,0.776151,True,3,1
Premier League,2024/25,31,2025-04-05T12:30:00+00:00,Premier|2024|307,Man United,Man City,2025-04-06T16:30:00Z,0,0,True,0,GG,0.61036,0.61036,0.0,0.6,True,0,GG,0.61036,True,1,0
Premier League,2024/25,31,2025-04-05T12:30:00+00:00,Premier|2024|308,Leicester,Newcastle,2025-04-07T20:00:00Z,0,3,True,0,2,0.655083,0.63017,0.062283,0.55,True,1,2,0.63017,True,1,1
Premier League,2024/25,32,2025-04-12T12:30:00+00:00,Premier|2024|309,Man City,Crystal Palace,2025-04-12T12:30:00Z,5,2,True,0,GG,0.611335,0.611335,0.0,0.6,True,1,GG,0.611335,True,2,1
Premier League,2024/25,32,2025-04-12T12:30:00+00:00,Premier|2024|310,Brighton,Leicester,2025-04-12T15:00:00Z,2,2,True,0,1,0.738443,0.714226,0.060543,0.55,True,0,1,0.714226,True,1,0
Premier League,2024/25,32,2025-04-12T12:30:00+00:00,Premier|2024|311,Nott'm Forest,Everton,2025-04-12T15:00:00Z,0,1,True,0,U2.5,0.5647,0.5647,0.0,0.6,False,1,,,False,0,
Premier League,2024/25,32,2025-04-12T12:30:00+00:00,Premier|2024|312,Southampton,Aston Villa,2025-04-12T15:00:00Z,0,3,True,0,2,0.850512,0.762987,0.218812,0.55,True,1,2,0.762987,True,3,1
Premier League,2024/25,32,2025-04-12T12:30:00+00:00,Premier|2024|313,Arsenal,Brentford,2025-04-12T17:30:00Z,1,1,True,0,1,0.630725,0.656235,0.063775,0.55,True,0,1,0.656235,True,1,0
Premier League,2024/25,32,2025-04-12T12:30:00+00:00,Premier|2024|314,Chelsea,Ipswich,2025-04-13T14:00:00Z,2,2,True,0,1,0.831912,0.754347,0.193912,0.55,True,0,1,0.754347,True,2,0
Premier League,2024/25,32,2025-04-12T12:30:00+00:00,Premier|2024|315,Liverpool,West Ham,2025-04-13T14:00:00Z,2,1,True,0,1,0.839746,0.799687,0.100146,0.55,True,1,1,0.799687,True,2,1
Premier League,2024/25,32,2025-04-12T12:30:00+00:00,Premier|2024|316,Wolves,Tottenham,2025-04-13T14:00:00Z,4,2,True,0,GG,0.586525,0.586525,0.0,0.6,False,1,,,False,0,
Premier League,2024/25,32,2025-04-12T12:30:00+00:00,Premier|2024|317,Newcastle,Man United,2025-04-13T16:30:00Z,4,1,True,0,GG,0.584495,0.584495,0.0,0.6,False,1,1,0.552003,True,1,1
Premier League,2024/25,32,2025-04-12T12:30:00+00:00,Premier|2024|318,Bournemouth,Fulham,2025-04-14T20:00:00Z,1,0,True,0,GG,0.573465,0.573465,0.0,0.6,False,0,,,False,0,
Premier League,2024/25,32,2025-04-12T12:30:00+00:00,Premier|2024|319,Newcastle,Crystal Palace,2025-04-16T19:30:00Z,5,0,True,0,GG,0.605805,0.605805,0.0,0.6,True,0,GG,0.605805,True,1,0
Premier League,2024/25,33,2025-04-19T15:00:00+00:00,Premier|2024|320,Brentford,Brighton,2025-04-19T15:00:00Z,4,2,True,0,GG,0.619757,0.619757,0.0,0.6,True,1,GG,0.619757,True,1,1
Premier League,2024/25,33,2025-04-19T15:00:00+00:00,Premier|2024|321,Crystal Palace,Bournemouth,2025-04-19T15:00:00Z,0,0,True,0,GG,0.649453,0.649453,0.0,0.6,True,0,GG,0.649453,True,2,0
Premier League,2024/25,33,2025-04-19T15:00:00+00:00,Premier|2024|322,Everton,Man City,2025-04-19T15:00:00Z,0,2,True,0,2,0.591345,0.537367,0.134945,0.55,False,1,,,False,0,
Premier League,2024/25,33,2025-04-19T15:00:00+00:00,Premier|2024|323,West Ham,Southampton,2025-04-19T15:00:00Z,1,1,True,0,1,0.713885,0.697891,0.039985,0.55,True,0,1,0.697891,True,2,0
Premier League,2024/25,33,2025-04-19T15:00:00+00:00,Premier|2024|324,Aston Villa,Newcastle,2025-04-19T17:30:00Z,4,1,True,0,GG,0.615918,0.615918,0.0,0.6,True,1,GG,0.615918,True,1,1
Premier League,2024/25,33,2025-04-19T15:00:00+00:00,Premier|2024|325,Fulham,Chelsea,2025-04-20T14:00:00Z,1,2,True,0,GG,0.576002,0.576002,0.0,0.6,False,1,,,False,0,
Premier League,2024/25,33,2025-04-19T15:00:00+00:00,Premier|2024|326,Ipswich,Arsenal,2025-04-20T14:00:00Z,0,4,True,0,2,0.78107,0.723762,0.14327,0.55,True,1,2,0.723762,True,1,1
Premier League,2024/25,33,2025-04-19T15:00:00+00:00,Premier|2024|327,Man United,Wolves,2025-04-20T14:00:00Z,0,1,True,0,GG,0.526964,0.526964,0.0,0.6,False,0,,,False,0,
Premier League,2024/25,33,2025-04-19T15:00:00+00:00,Premier|2024|328,Leicester,Liverpool,2025-04-20T16:30:00Z,0,1,True,0,2,0.921918,0.856871,0.162618,0.55,True,1,2,0.856871,True,2,1
Premier League,2024/25,33,2025-04-19T15:00:00+00:00,Premier|2024|329,Tottenham,Nott'm Forest,2025-04-21T20:00:00Z,1,2,True,0,GG,0.590205,0.590205,0.0,0.6,False,1,,,False,0,
Premier League,2024/25,34,2025-04-22T20:00:00+00:00,Premier|2024|330,Man City,Aston Villa,2025-04-22T20:00:00Z,2,1,True,0,GG,0.62723,0.62723,0.0,0.6,True,1,GG,0.62723,True,2,1
Premier League,2024/25,34,2025-04-22T20:00:00+00:00,Premier|2024|331,Arsenal,Crystal Palace,2025-04-23T20:00:00Z,2,2,True,0,1,0.817872,0.746403,0.178672,0.55,True,0,1,0.746403,True,1,0
Premier League,2024/25,34,2025-04-22T20:00:00+00:00,Premier|2024|332,Chelsea,Everton,2025-04-26T12:30:00Z,1,0,True,0,1,0.575445,0.540107,0.088345,0.55,False,1,,,False,0,
Premier League,2024/25,34,2025-04-22T20:00:00+00:00,Premier|2024|333,Brighton,West Ham,2025-04-26T15:00:00Z,3,2,True,0,O2.5,0.594354,0.594354,0.0,0.6,False,1,,,False,0,
Premier League,2024/25,34,2025-04-22T20:00:00+00:00,Premier|2024|334,Newcastle,Ipswich,2025-04-26T15:00:00Z,3,0,True,0,1,0.891312,0.808667,0.206612,0.55,True,1,1,0.808667,True,2,1
Premier League,2024/25,34,2025-04-22T20:00:00+00:00,Premier|2024|335,Southampton,Fulham,2025-04-26T15:00:00Z,1,2,True,0,2,0.716965,0.650899,0.165165,0.55,True,1,2,0.650899,True,1,1
Premier League,2024/25,34,2025-04-22T20:00:00+00:00,Premier|2024|336,Wolves,Leicester,2025-04-26T15:00:00Z,3,0,True,0,1,0.759081,0.714048,0.112581,0.55,True,1,1,0.714048,True,1,1
Premier League,2024/25,34,2025-04-22T20:00:00+00:00,Premier|2024|337,Bournemouth,Man United,2025-04-27T14:00:00Z,1,1,True,0,O2.5,0.602935,0.602935,0.0,0.6,True,0,O2.5,0.602935,True,1,0
Premier League,2024/25,34,2025-04-22T20:00:00+00:00,Premier|2024|338,Liverpool,Tottenham,2025-04-27T16:30:00Z,5,1,True,0,1,0.870077,0.820406,0.124177,0.55,True,1,1,0.820406,True,2,1
Premier League,2024/25,34,2025-05-01T19:30:00+00:00,Premier|2024|339,Nott'm Forest,Brentford,2025-05-01T19:30:00Z,0,2,True,0,GG,0.577655,0.577655,0.0,0.6,False,0,,,False,0,
Premier League,2024/25,35,2025-05-02T20:00:00+00:00,Premier|2024|340,Man City,Wolves,2025-05-02T20:00:00Z,1,0,True,0,1,0.667854,0.668592,0.001846,0.55,True,1,1,0.668592,True,1,1
Premier League,2024/25,35,2025-05-02T20:00:00+00:00,Premier|2024|341,Aston Villa,Fulham,2025-05-03T12:30:00Z,1,0,True,0,1,0.607363,0.570698,0.091663,0.55,True,1,1,0.570698,True,1,1
Premier League,2024/25,35,2025-05-02T20:00:00+00:00,Premier|2024|342,Everton,Ipswich,2025-05-03T15:00:00Z,2,2,True,0,1,0.664076,0.626726,0.093376,0.55,True,0,1,0.626726,True,1,0
Premier League,2024/25,35,2025-05-02T20:00:00+00:00,Premier|2024|343,Leicester,Southampton,2025-05-03T15:00:00Z,2,0,True,0,GG,0.614227,0.614227,0.0,0.6,True,0,GG,0.614227,True,2,0
Premier League,2024/25,35,2025-05-02T20:00:00+00:00,Premier|2024|344,Arsenal,Bournemouth,2025-05-03T17:30:00Z,1,2,True,0,1,0.668315,0.666389,0.004815,0.55,True,0,1,0.666389,True,1,0
Premier League,2024/25,35,2025-05-02T20:00:00+00:00,Premier|2024|345,Brentford,Man United,2025-05-04T14:00:00Z,4,3,True,0,GG,0.596474,0.596474,0.0,0.6,False,1,,,False,0,
Premier League,2024/25,35,2025-05-02T20:00:00+00:00,Premier|2024|346,Brighton,Newcastle,2025-05-04T14:00:00Z,1,1,True,0,GG,0.626833,0.626833,0.0,0.6,True,1,GG,0.626833,True,2,1
Premier League,2024/25,35,2025-05-02T20:00:00+00:00,Premier|2024|347,West Ham,Tottenham,2025-05-04T14:00:00Z,1,1,True,0,GG,0.63233,0.63233,0.0,0.6,True,1,GG,0.63233,True,2,1
Premier League,2024/25,35,2025-05-02T20:00:00+00:00,Premier|2024|348,Chelsea,Liverpool,2025-05-04T16:30:00Z,3,1,True,0,GG,0.610243,0.610243,0.0,0.6,True,1,GG,0.610243,True,2,1
Premier League,2024/25,35,2025-05-02T20:00:00+00:00,Premier|2024|349,Crystal Palace,Nott'm Forest,2025-05-05T20:00:00Z,1,1,True,0,GG,0.559135,0.559135,0.0,0.6,False,1,,,False,0,
Premier League,2024/25,36,2025-05-10T15:00:00+00:00,Premier|2024|350,Fulham,Everton,2025-05-10T15:00:00Z,1,3,True,0,U2.5,0.596904,0.596904,0.0,0.6,False,0,,,False,0,
Premier League,2024/25,36,2025-05-10T15:00:00+00:00,Premier|2024|351,Ipswich,Brentford,2025-05-10T15:00:00Z,0,1,True,0,2,0.778611,0.648006,0.326511,0.55,False,1,O2.5,0.629552,True,2,0
Premier League,2024/25,36,2025-05-10T15:00:00+00:00,Premier|2024|352,Southampton,Man City,2025-05-10T15:00:00Z,0,0,True,0,2,0.897009,0.859246,0.094409,0.55,True,0,2,0.859246,True,2,0
Premier League,2024/25,36,2025-05-10T15:00:00+00:00,Premier|2024|353,Wolves,Brighton,2025-05-10T15:00:00Z,0,2,True,0,GG,0.543389,0.543389,0.0,0.6,False,0,,,False,0,
Premier League,2024/25,36,2025-05-10T15:00:00+00:00,Premier|2024|354,Bournemouth,Aston Villa,2025-05-10T17:30:00Z,0,1,True,0,GG,0.628331,0.628331,0.0,0.6,True,0,GG,0.628331,True,2,0
Premier League,2024/25,36,2025-05-10T15:00:00+00:00,Premier|2024|355,Newcastle,Chelsea,2025-05-11T12:00:00Z,2,0,True,0,GG,0.64886,0.64886,0.0,0.6,True,0,GG,0.64886,True,2,0
Premier League,2024/25,36,2025-05-10T15:00:00+00:00,Premier|2024|356,Man United,West Ham,2025-05-11T14:15:00Z,0,2,True,0,GG,0.56716,0.56716,0.0,0.6,False,0,,,False,0,
Premier League,2024/25,36,2025-05-10T15:00:00+00:00,Premier|2024|357,Nott'm Forest,Leicester,2025-05-11T14:15:00Z,2,2,True,0,1,0.675596,0.692518,0.042304,0.55,True,0,1,0.692518,True,1,0
Premier League,2024/25,36,2025-05-10T15:00:00+00:00,Premier|2024|358,Tottenham,Crystal Palace,2025-05-11T14:15:00Z,0,2,True,0,GG,0.652467,0.652467,0.0,0.6,True,0,GG,0.652467,True,2,0
Premier League,2024/25,36,2025-05-10T15:00:00+00:00,Premier|2024|359,Liverpool,Arsenal,2025-05-11T16:30:00Z,2,2,True,0,GG,0.542507,0.542507,0.0,0.6,False,1,,,False,0,
Premier League,2024/25,37,2025-05-16T19:30:00+00:00,Premier|2024|360,Aston Villa,Tottenham,2025-05-16T19:30:00Z,2,0,True,0,1,0.71245,0.67539,0.09265,0.55,True,1,1,0.67539,True,3,1
Premier League,2024/25,37,2025-05-16T19:30:00+00:00,Premier|2024|361,Chelsea,Man United,2025-05-16T20:15:00Z,1,0,True,0,1,0.731792,0.681075,0.126792,0.55,True,1,1,0.681075,True,3,1
Premier League,2024/25,37,2025-05-16T19:30:00+00:00,Premier|2024|362,Everton,Southampton,2025-05-18T12:00:00Z,2,0,True,0,1,0.664363,0.693938,0.073937,0.55,True,1,1,0.693938,True,1,1
Premier League,2024/25,37,2025-05-16T19:30:00+00:00,Premier|2024|363,West Ham,Nott'm Forest,2025-05-18T14:15:00Z,1,2,True,0,GG,0.544802,0.544802,0.0,0.6,False,1,,,False,0,
Premier League,2024/25,37,2025-05-16T19:30:00+00:00,Premier|2024|364,Brentford,Fulham,2025-05-18T15:00:00Z,2,3,True,0,1,0.554977,0.538346,0.041577,0.55,False,0,,,False,0,
Premier League,2024/25,37,2025-05-16T19:30:00+00:00,Premier|2024|365,Leicester,Ipswich,2025-05-18T15:00:00Z,2,0,True,0,GG,0.580396,0.580396,0.0,0.6,False,0,,,False,0,
Premier League,2024/25,37,2025-05-16T19:30:00+00:00,Premier|2024|366,Arsenal,Newcastle,2025-05-18T16:30:00Z,1,0,True,0,GG,0.555836,0.555836,0.0,0.6,False,0,,,False,0,
Premier League,2024/25,37,2025-05-16T19:30:00+00:00,Premier|2024|367,Brighton,Liverpool,2025-05-19T20:00:00Z,3,2,True,0,2,0.704091,0.618775,0.213291,0.55,True,0,2,0.618775,True,3,0
Premier League,2024/25,37,2025-05-16T19:30:00+00:00,Premier|2024|368,Crystal Palace,Wolves,2025-05-20T20:00:00Z,4,2,True,0,O2.5,0.546833,0.546833,0.0,0.6,False,1,,,False,0,
Premier League,2024/25,37,2025-05-16T19:30:00+00:00,Premier|2024|369,Man City,Bournemouth,2025-05-20T20:00:00Z,3,1,True,0,GG,0.628965,0.628965,0.0,0.6,True,1,1,0.63137,True,3,1
Premier League,2024/25,38,2025-05-25T16:00:00+00:00,Premier|2024|370,Bournemouth,Leicester,2025-05-25T16:00:00Z,2,0,True,0,1,0.679299,0.656099,0.057999,0.55,True,1,O2.5,0.669825,True,2,0
Premier League,2024/25,38,2025-05-25T16:00:00+00:00,Premier|2024|371,Fulham,Man City,2025-05-25T16:00:00Z,0,2,True,0,2,0.577364,0.549779,0.068964,0.55,False,1,,,False,0,
Premier League,2024/25,38,2025-05-25T16:00:00+00:00,Premier|2024|372,Ipswich,West Ham,2025-05-25T16:00:00Z,1,3,True,0,GG,0.58215,0.58215,0.0,0.6,False,1,,,False,0,
Premier League,2024/25,38,2025-05-25T16:00:00+00:00,Premier|2024|373,Liverpool,Crystal Palace,2025-05-25T16:00:00Z,1,1,True,0,O2.5,0.671696,0.671696,0.0,0.6,True,0,O2.5,0.671696,True,3,0
Premier League,2024/25,38,2025-05-25T16:00:00+00:00,Premier|2024|374,Man United,Aston Villa,2025-05-25T16:00:00Z,2,0,True,0,2,0.591369,0.550621,0.101869,0.55,True,0,2,0.550621,True,1,0
Premier League,2024/25,38,2025-05-25T16:00:00+00:00,Premier|2024|375,Newcastle,Everton,2025-05-25T16:00:00Z,0,1,True,0,1,0.551382,0.540669,0.026782,0.55,False,0,,,False,0,
Premier League,2024/25,38,2025-05-25T16:00:00+00:00,Premier|2024|376,Nott'm Forest,Chelsea,2025-05-25T16:00:00Z,0,1,True,0,GG,0.572236,0.572236,0.0,0.6,False,0,,,False,0,
Premier League,2024/25,38,2025-05-25T16:00:00+00:00,Premier|2024|377,Southampton,Arsenal,2025-05-25T16:00:00Z,1,2,True,0,2,0.855946,0.827327,0.071546,0.55,True,1,2,0.827327,True,2,1
Premier League,2024/25,38,2025-05-25T16:00:00+00:00,Premier|2024|378,Tottenham,Brighton,2025-05-25T16:00:00Z,1,4,True,0,GG,0.645648,0.645648,0.0,0.6,True,1,GG,0.645648,True,2,1
Premier League,2024/25,38,2025-05-25T16:00:00+00:00,Premier|2024|379,Wolves,Brentford,2025-05-25T16:00:00Z,1,1,True,0,GG,0.566006,0.566006,0.0,0.6,False,1,,,False,0,
Premier League,2025/26,1,2025-08-15T20:00:00+00:00,Premier|2025|0,Liverpool,Bournemouth,2025-08-15T20:00:00Z,4,2,True,0,1,0.776455,0.742993,0.083655,0.55,True,1,1,0.742993,True,2,1
Premier League,2025/26,1,2025-08-15T20:00:00+00:00,Premier|2025|1,Aston Villa,Newcastle,2025-08-16T12:30:00Z,0,0,True,0,GG,0.615488,0.615488,0.0,0.6,True,0,GG,0.615488,True,1,0
Premier League,2025/26,1,2025-08-15T20:00:00+00:00,Premier|2025|2,Brighton,Fulham,2025-08-16T15:00:00Z,1,1,True,0,1,0.706347,0.628328,0.195047,0.55,True,0,1,0.628328,True,3,0
Premier League,2025/26,1,2025-08-15T20:00:00+00:00,Premier|2025|3,Sunderland,West Ham,2025-08-16T15:00:00Z,3,0,True,1,GG,0.582803,0.582803,0.0,0.6,False,0,,,False,0,
Premier League,2025/26,1,2025-08-15T20:00:00+00:00,Premier|2025|4,Tottenham,Burnley,2025-08-16T15:00:00Z,3,0,True,0,O2.5,0.717071,0.717071,0.0,0.6,True,1,O2.5,0.717071,True,3,1
Premier League,2025/26,1,2025-08-15T20:00:00+00:00,Premier|2025|5,Wolves,Man City,2025-08-16T17:30:00Z,0,4,True,0,2,0.828282,0.751009,0.193182,0.55,True,1,2,0.751009,True,2,1
Premier League,2025/26,1,2025-08-15T20:00:00+00:00,Premier|2025|6,Chelsea,Crystal Palace,2025-08-17T14:00:00Z,0,0,True,0,GG,0.51921,0.51921,0.0,0.6,False,0,,,False,0,
Premier League,2025/26,1,2025-08-15T20:00:00+00:00,Premier|2025|7,Nott'm Forest,Brentford,2025-08-17T14:00:00Z,3,1,True,0,GG,0.579246,0.579246,0.0,0.6,False,1,,,False,0,
Premier League,2025/26,1,2025-08-15T20:00:00+00:00,Premier|2025|8,Man United,Arsenal,2025-08-17T16:30:00Z,0,1,True,0,2,0.673658,0.656515,0.042858,0.55,True,1,2,0.656515,True,1,1
Premier League,2025/26,1,2025-08-15T20:00:00+00:00,Premier|2025|9,Leeds,Everton,2025-08-18T20:00:00Z,1,0,True,0,U2.5,0.544445,0.544445,0.0,0.6,False,1,,,False,0,
Premier League,2025/26,2,2025-08-22T20:00:00+00:00,Premier|2025|10,West Ham,Chelsea,2025-08-22T20:00:00Z,1,5,True,0,GG,0.558239,0.558239,0.0,0.6,False,1,,,False,0,
Premier League,2025/26,2,2025-08-22T20:00:00+00:00,Premier|2025|11,Man City,Tottenham,2025-08-23T12:30:00Z,0,2,True,0,1,0.694632,0.734059,0.098568,0.55,True,0,1,0.734059,True,2,0
Premier League,2025/26,2,2025-08-22T20:00:00+00:00,Premier|2025|12,Bournemouth,Wolves,2025-08-23T15:00:00Z,1,0,True,0,GG,0.637188,0.637188,0.0,0.6,True,0,GG,0.637188,True,2,0
Premier League,2025/26,2,2025-08-22T20:00:00+00:00,Premier|2025|13,Brentford,Aston Villa,2025-08-23T15:00:00Z,1,0,True,0,GG,0.58655,0.58655,0.0,0.6,False,0,,,False,0,
Premier League,2025/26,2,2025-08-22T20:00:00+00:00,Premier|2025|14,Burnley,Sunderland,2025-08-23T15:00:00Z,2,0,True,0,GG,0.566882,0.566882,0.0,0.6,False,0,,,False,0,
Premier League,2025/26,2,2025-08-22T20:00:00+00:00,Premier|2025|15,Arsenal,Leeds,2025-08-23T17:30:00Z,5,0,True,0,GG,0.617679,0.617679,0.0,0.6,True,0,GG,0.617679,True,1,0
Premier League,2025/26,2,2025-08-22T20:00:00+00:00,Premier|2025|16,Crystal Palace,Nott'm Forest,2025-08-24T14:00:00Z,1,1,True,0,GG,0.610997,0.610997,0.0,0.6,True,1,GG,0.610997,True,1,1
Premier League,2025/26,2,2025-08-22T20:00:00+00:00,Premier|2025|17,Everton,Brighton,2025-08-24T14:00:00Z,2,0,True,0,GG,0.606827,0.606827,0.0,0.6,True,0,GG,0.606827,True,1,0
Premier League,2025/26,2,2025-08-22T20:00:00+00:00,Premier|2025|18,Fulham,Man United,2025-08-24T16:30:00Z,1,1,True,0,GG,0.598553,0.598553,0.0,0.6,False,1,,,False,0,
Premier League,2025/26,2,2025-08-22T20:00:00+00:00,Premier|2025|19,Newcastle,Liverpool,2025-08-25T20:00:00Z,2,3,True,0,GG,0.609434,0.609434,0.0,0.6,True,1,GG,0.609434,True,1,1
Premier League,2025/26,3,2025-08-30T12:30:00+00:00,Premier|2025|20,Chelsea,Fulham,2025-08-30T12:30:00Z,2,0,True,0,1,0.734277,0.637286,0.242477,0.55,True,1,O2.5,0.647036,True,3,0
Premier League,2025/26,3,2025-08-30T12:30:00+00:00,Premier|2025|21,Man United,Burnley,2025-08-30T15:00:00Z,3,2,True,0,1,0.633802,0.587761,0.115102,0.55,True,1,1,0.587761,True,1,1
Premier League,2025/26,3,2025-08-30T12:30:00+00:00,Premier|2025|22,Sunderland,Brentford,2025-08-30T15:00:00Z,2,1,True,0,GG,0.541649,0.541649,0.0,0.6,False,1,,,False,0,
Premier League,2025/26,3,2025-08-30T12:30:00+00:00,Premier|2025|23,Tottenham,Bournemouth,2025-08-30T15:00:00Z,0,1,True,0,GG,0.606442,0.606442,0.0,0.6,True,0,GG,0.606442,True,1,0
Premier League,2025/26,3,2025-08-30T12:30:00+00:00,Premier|2025|24,Wolves,Everton,2025-08-30T15:00:00Z,2,3,True,0,GG,0.616892,0.616892,0.0,0.6,True,1,GG,0.616892,True,1,1
Premier League,2025/26,3,2025-08-30T12:30:00+00:00,Premier|2025|25,Leeds,Newcastle,2025-08-30T17:30:00Z,0,0,True,0,GG,0.581631,0.581631,0.0,0.6,False,0,,,False,0,
Premier League,2025/26,3,2025-08-30T12:30:00+00:00,Premier|2025|26,Brighton,Man City,2025-08-31T14:00:00Z,2,1,True,0,GG,0.614993,0.614993,0.0,0.6,True,1,GG,0.614993,True,1,1
Premier League,2025/26,3,2025-08-30T12:30:00+00:00,Premier|2025|27,Nott'm Forest,West Ham,2025-08-31T14:00:00Z,0,3,True,0,1,0.688169,0.614821,0.183369,0.55,True,0,O2.5,0.615705,True,2,1
Premier League,2025/26,3,2025-08-30T12:30:00+00:00,Premier|2025|28,Liverpool,Arsenal,2025-08-31T16:30:00Z,1,0,True,0,GG,0.625945,0.625945,0.0,0.6,True,0,GG,0.625945,True,2,0
Premier League,2025/26,3,2025-08-30T12:30:00+00:00,Premier|2025|29,Aston Villa,Crystal Palace,2025-08-31T19:00:00Z,0,3,True,0,GG,0.545211,0.545211,0.0,0.6,False,0,,,False,0,
Premier League,2025/26,4,2025-09-13T12:30:00+00:00,Premier|2025|30,Arsenal,Nott'm Forest,2025-09-13T12:30:00Z,3,0,True,0,1,0.689946,0.662608,0.068346,0.55,True,1,1,0.662608,True,1,1
Premier League,2025/26,4,2025-09-13T12:30:00+00:00,Premier|2025|31,Bournemouth,Brighton,2025-09-13T15:00:00Z,2,1,True,0,GG,0.631957,0.631957,0.0,0.6,True,1,GG,0.631957,True,2,1
Premier League,2025/26,4,2025-09-13T12:30:00+00:00,Premier|2025|32,Crystal Palace,Sunderland,2025-09-13T15:00:00Z,0,0,True,0,GG,0.559978,0.559978,0.0,0.6,False,0,,,False,0,
Premier League,2025/26,4,2025-09-13T12:30:00+00:00,Premier|2025|33,Everton,Aston Villa,2025-09-13T15:00:00Z,0,0,True,0,GG,0.604456,0.604456,0.0,0.6,True,0,GG,0.604456,True,1,0
Premier League,2025/26,4,2025-09-13T12:30:00+00:00,Premier|2025|34,Fulham,Leeds,2025-09-13T15:00:00Z,1,0,True,0,GG,0.573362,0.573362,0.0,0.6,False,0,,,False,0,
Premier League,2025/26,4,2025-09-13T12:30:00+00:00,Premier|2025|35,Newcastle,Wolves,2025-09-13T15:00:00Z,1,0,True,0,1,0.67055,0.61137,0.14795,0.55,True,1,1,0.61137,True,1,1
Premier League,2025/26,4,2025-09-13T12:30:00+00:00,Premier|2025|36,West Ham,Tottenham,2025-09-13T17:30:00Z,0,3,True,0,GG,0.595518,0.595518,0.0,0.6,False,0,,,False,0,
Premier League,2025/26,4,2025-09-13T12:30:00+00:00,Premier|2025|37,Brentford,Chelsea,2025-09-13T20:00:00Z,2,2,True,0,2,0.733667,0.57632,0.393367,0.55,False,0,GG,0.625624,True,2,1
Premier League,2025/26,4,2025-09-13T12:30:00+00:00,Premier|2025|38,Burnley,Liverpool,2025-09-14T14:00:00Z,0,1,True,0,2,0.664406,0.703764,0.098394,0.55,True,1,2,0.703764,True,2,1
Premier League,2025/26,4,2025-09-13T12:30:00+00:00,Premier|2025|39,Man City,Man United,2025-09-14T16:30:00Z,3,0,True,0,GG,0.676317,0.676317,0.0,0.6,True,0,GG,0.676317,True,3,0
Premier League,2025/26,5,2025-09-20T12:30:00+00:00,Premier|2025|40,Liverpool,Everton,2025-09-20T12:30:00Z,2,1,True,0,1,0.642935,0.670361,0.068565,0.55,True,1,1,0.670361,True,3,1
Premier League,2025/26,5,2025-09-20T12:30:00+00:00,Premier|2025|41,Brighton,Tottenham,2025-09-20T15:00:00Z,2,2,True,0,GG,0.61248,0.61248,0.0,0.6,True,1,GG,0.61248,True,1,1
Premier League,2025/26,5,2025-09-20T12:30:00+00:00,Premier|2025|42,Burnley,Nott'm Forest,2025-09-20T15:00:00Z,1,1,True,0,GG,0.640405,0.640405,0.0,0.6,True,1,GG,0.640405,True,2,1
Premier League,2025/26,5,2025-09-20T12:30:00+00:00,Premier|2025|43,West Ham,Crystal Palace,2025-09-20T15:00:00Z,1,2,True,0,GG,0.606021,0.606021,0.0,0.6,True,1,GG,0.606021,True,1,1
Premier League,2025/26,5,2025-09-20T12:30:00+00:00,Premier|2025|44,Wolves,Leeds,2025-09-20T15:00:00Z,1,3,True,0,GG,0.524733,0.524733,0.0,0.6,False,1,,,False,0,
Premier League,2025/26,5,2025-09-20T12:30:00+00:00,Premier|2025|45,Man United,Chelsea,2025-09-20T17:30:00Z,2,1,True,0,GG,0.69148,0.69148,0.0,0.6,True,1,GG,0.69148,True,2,1
Premier League,2025/26,5,2025-09-20T12:30:00+00:00,Premier|2025|46,Fulham,Brentford,2025-09-20T20:00:00Z,3,1,True,0,GG,0.582702,0.582702,0.0,0.6,False,1,,,False,0,
Premier League,2025/26,5,2025-09-20T12:30:00+00:00,Premier|2025|47,Bournemouth,Newcastle,2025-09-21T14:00:00Z,0,0,True,0,U2.5,0.548496,0.548496,0.0,0.6,False,1,,,False,0,
Premier League,2025/26,5,2025-09-20T12:30:00+00:00,Premier|2025|48,Sunderland,Aston Villa,2025-09-21T14:00:00Z,1,1,True,0,GG,0.519814,0.519814,0.0,0.6,False,1,,,False,0,
Premier League,2025/26,5,2025-09-20T12:30:00+00:00,Premier|2025|49,Arsenal,Man City,2025-09-21T16:30:00Z,1,1,True,0,O2.5,0.602668,0.602668,0.0,0.6,True,0,O2.5,0.602668,True,1,0
Premier League,2025/26,6,2025-09-27T12:30:00+00:00,Premier|2025|50,Brentford,Man United,2025-09-27T12:30:00Z,3,1,True,0,GG,0.656461,0.656461,0.0,0.6,True,1,GG,0.656461,True,2,1
Premier League,2025/26,6,2025-09-27T12:30:00+00:00,Premier|2025|51,Chelsea,Brighton,2025-09-27T15:00:00Z,1,3,True,0,1,0.757244,0.646906,0.275844,0.55,False,0,O2.5,0.669473,True,2,1
Premier League,2025/26,6,2025-09-27T12:30:00+00:00,Premier|2025|52,Crystal Palace,Liverpool,2025-09-27T15:00:00Z,2,1,True,0,GG,0.590324,0.590324,0.0,0.6,False,1,,,False,0,
Premier League,2025/26,6,2025-09-27T12:30:00+00:00,Premier|2025|53,Leeds,Bournemouth,2025-09-27T15:00:00Z,2,2,True,0,GG,0.52237,0.52237,0.0,0.6,False,1,,,False,0,
Premier League,2025/26,6,2025-09-27T12:30:00+00:00,Premier|2025|54,Man City,Burnley,2025-09-27T15:00:00Z,5,1,True,0,1,0.872606,0.836403,0.090506,0.55,True,1,1,0.836403,True,3,1
Premier League,2025/26,6,2025-09-27T12:30:00+00:00,Premier|2025|55,Nott'm Forest,Sunderland,2025-09-27T17:30:00Z,0,1,True,0,GG,0.563756,0.563756,0.0,0.6,False,0,,,False,0,
Premier League,2025/26,6,2025-09-27T12:30:00+00:00,Premier|2025|56,Tottenham,Wolves,2025-09-27T20:00:00Z,1,1,True,0,1,0.747332,0.650999,0.240832,0.55,True,0,1,0.650999,True,1,0
Premier League,2025/26,6,2025-09-27T12:30:00+00:00,Premier|2025|57,Aston Villa,Fulham,2025-09-28T14:00:00Z,3,1,True,0,GG,0.577657,0.577657,0.0,0.6,False,1,,,False,0,
Premier League,2025/26,6,2025-09-27T12:30:00+00:00,Premier|2025|58,Newcastle,Arsenal,2025-09-28T16:30:00Z,1,2,True,0,U2.5,0.602694,0.602694,0.0,0.6,True,0,U2.5,0.602694,True,1,0
Premier League,2025/26,6,2025-09-27T12:30:00+00:00,Premier|2025|59,Everton,West Ham,2025-09-29T20:00:00Z,1,1,True,0,O2.5,0.64591,0.64591,0.0,0.6,True,0,O2.5,0.64591,True,3,0
Premier League,2025/26,7,2025-10-03T20:00:00+00:00,Premier|2025|60,Bournemouth,Fulham,2025-10-03T20:00:00Z,3,1,True,0,GG,0.536244,0.536244,0.0,0.6,False,1,,,False,0,
Premier League,2025/26,7,2025-10-03T20:00:00+00:00,Premier|2025|61,Leeds,Tottenham,2025-10-04T12:30:00Z,1,2,True,0,2,0.547272,0.493043,0.135572,0.55,False,1,,,False,0,
Premier League,2025/26,7,2025-10-03T20:00:00+00:00,Premier|2025|62,Arsenal,West Ham,2025-10-04T15:00:00Z,2,0,True,0,1,0.842256,0.796354,0.114756,0.55,True,1,1,0.796354,True,1,1
Premier League,2025/26,7,2025-10-03T20:00:00+00:00,Premier|2025|63,Man United,Sunderland,2025-10-04T15:00:00Z,2,0,True,0,O2.5,0.627757,0.627757,0.0,0.6,True,0,O2.5,0.627757,True,2,0
Premier League,2025/26,7,2025-10-03T20:00:00+00:00,Premier|2025|64,Chelsea,Liverpool,2025-10-04T17:30:00Z,2,1,True,0,O2.5,0.672138,0.672138,0.0,0.6,True,1,O2.5,0.672138,True,2,1
Premier League,2025/26,7,2025-10-03T20:00:00+00:00,Premier|2025|65,Aston Villa,Burnley,2025-10-05T14:00:00Z,2,1,True,0,1,0.653095,0.674137,0.052605,0.55,True,1,1,0.674137,True,1,1
Premier League,2025/26,7,2025-10-03T20:00:00+00:00,Premier|2025|66,Everton,Crystal Palace,2025-10-05T14:00:00Z,2,1,True,0,GG,0.643414,0.643414,0.0,0.6,True,1,GG,0.643414,True,2,1
Premier League,2025/26,7,2025-10-03T20:00:00+00:00,Premier|2025|67,Newcastle,Nott'm Forest,2025-10-05T14:00:00Z,2,0,True,0,1,0.620136,0.564961,0.137936,0.55,True,1,1,0.564961,True,1,1
Premier League,2025/26,7,2025-10-03T20:00:00+00:00,Premier|2025|68,Wolves,Brighton,2025-10-05T14:00:00Z,1,1,True,0,GG,0.601177,0.601177,0.0,0.6,True,1,GG,0.601177,True,1,1
Premier League,2025/26,7,2025-10-03T20:00:00+00:00,Premier|2025|69,Brentford,Man City,2025-10-05T16:30:00Z,0,1,True,0,GG,0.649659,0.649659,0.0,0.6,True,0,GG,0.649659,True,3,0
Premier League,2025/26,8,2025-10-18T12:30:00+00:00,Premier|2025|70,Nott'm Forest,Chelsea,2025-10-18T12:30:00Z,0,3,True,0,2,0.703467,0.56316,0.350767,0.55,False,1,O2.5,0.653986,True,2,1
Premier League,2025/26,8,2025-10-18T12:30:00+00:00,Premier|2025|71,Brighton,Newcastle,2025-10-18T15:00:00Z,2,1,True,0,GG,0.553884,0.553884,0.0,0.6,False,1,,,False,0,
Premier League,2025/26,8,2025-10-18T12:30:00+00:00,Premier|2025|72,Burnley,Leeds,2025-10-18T15:00:00Z,2,0,True,0,2,0.565216,0.45077,0.286116,0.55,False,0,,,False,0,
Premier League,2025/26,8,2025-10-18T12:30:00+00:00,Premier|2025|73,Crystal Palace,Bournemouth,2025-10-18T15:00:00Z,3,3,True,0,GG,0.621478,0.621478,0.0,0.6,True,1,GG,0.621478,True,2,1
Premier League,2025/26,8,2025-10-18T12:30:00+00:00,Premier|2025|74,Man City,Everton,2025-10-18T15:00:00Z,2,0,True,0,1,0.681463,0.649158,0.080763,0.55,True,1,1,0.649158,True,3,1
Premier League,2025/26,8,2025-10-18T12:30:00+00:00,Premier|2025|75,Sunderland,Wolves,2025-10-18T15:00:00Z,2,0,True,0,U2.5,0.551078,0.551078,0.0,0.6,False,1,,,False,0,
Premier League,2025/26,8,2025-10-18T12:30:00+00:00,Premier|2025|76,Fulham,Arsenal,2025-10-18T17:30:00Z,0,1,True,0,2,0.726328,0.636437,0.224728,0.55,True,1,2,0.636437,True,1,1
Premier League,2025/26,8,2025-10-18T12:30:00+00:00,Premier|2025|77,Tottenham,Aston Villa,2025-10-19T14:00:00Z,1,2,True,0,U2.5,0.530392,0.530392,0.0,0.6,False,0,,,False,0,
Premier League,2025/26,8,2025-10-18T12:30:00+00:00,Premier|2025|78,Liverpool,Man United,2025-10-19T16:30:00Z,1,2,True,0,O2.5,0.711699,0.711699,0.0,0.6,True,1,O2.5,0.711699,True,2,1
Premier League,2025/26,8,2025-10-18T12:30:00+00:00,Premier|2025|79,West Ham,Brentford,2025-10-20T20:00:00Z,0,2,True,0,GG,0.601992,0.601992,0.0,0.6,True,0,GG,0.601992,True,1,0
Premier League,2025/26,9,2025-10-24T20:00:00+00:00,Premier|2025|80,Leeds,West Ham,2025-10-24T20:00:00Z,2,1,True,0,1,0.593785,0.477631,0.290385,0.55,False,1,,,False,0,
Premier League,2025/26,9,2025-10-24T20:00:00+00:00,Premier|2025|81,Chelsea,Sunderland,2025-10-25T15:00:00Z,1,2,True,0,1,0.654474,0.620445,0.085074,0.55,True,0,1,0.620445,True,1,0
Premier League,2025/26,9,2025-10-24T20:00:00+00:00,Premier|2025|82,Newcastle,Fulham,2025-10-25T15:00:00Z,2,1,True,0,1,0.624941,0.568684,0.140641,0.55,True,1,1,0.568684,True,1,1
Premier League,2025/26,9,2025-10-24T20:00:00+00:00,Premier|2025|83,Man United,Brighton,2025-10-25T17:30:00Z,4,2,True,0,O2.5,0.697869,0.697869,0.0,0.6,True,1,O2.5,0.697869,True,2,1
Premier League,2025/26,9,2025-10-24T20:00:00+00:00,Premier|2025|84,Brentford,Liverpool,2025-10-25T20:00:00Z,3,2,True,0,GG,0.657624,0.657624,0.0,0.6,True,1,GG,0.657624,True,2,1
Premier League,2025/26,9,2025-10-24T20:00:00+00:00,Premier|2025|85,Arsenal,Crystal Palace,2025-10-26T14:00:00Z,1,0,True,0,1,0.669435,0.643701,0.064335,0.55,True,1,O2.5,0.655562,True,3,0
Premier League,2025/26,9,2025-10-24T20:00:00+00:00,Premier|2025|86,Aston Villa,Man City,2025-10-26T14:00:00Z,1,0,True,0,2,0.552918,0.474231,0.196718,0.55,False,0,,,False,0,
Premier League,2025/26,9,2025-10-24T20:00:00+00:00,Premier|2025|87,Bournemouth,Nott'm Forest,2025-10-26T14:00:00Z,2,0,True,0,1,0.766979,0.656108,0.277179,0.55,False,1,O2.5,0.64748,True,2,0
Premier League,2025/26,9,2025-10-24T20:00:00+00:00,Premier|2025|88,Wolves,Burnley,2025-10-26T14:00:00Z,2,3,True,0,1,0.567355,0.515253,0.130255,0.55,False,0,,,False,0,
Premier League,2025/26,9,2025-10-24T20:00:00+00:00,Premier|2025|89,Everton,Tottenham,2025-10-26T16:30:00Z,0,3,True,0,GG,0.5482,0.5482,0.0,0.6,False,0,,,False,0,
Premier League,2025/26,10,2025-11-01T15:00:00+00:00,Premier|2025|90,Brighton,Leeds,2025-11-01T15:00:00Z,3,0,True,0,GG,0.55944,0.55944,0.0,0.6,False,0,,,False,0,
Premier League,2025/26,10,2025-11-01T15:00:00+00:00,Premier|2025|91,Burnley,Arsenal,2025-11-01T15:00:00Z,0,2,True,0,2,0.792334,0.723281,0.172634,0.55,True,1,2,0.723281,True,1,1
Premier League,2025/26,10,2025-11-01T15:00:00+00:00,Premier|2025|92,Crystal Palace,Brentford,2025-11-01T15:00:00Z,2,0,True,0,O2.5,0.707895,0.707895,0.0,0.6,True,0,O2.5,0.707895,True,2,0
Premier League,2025/26,10,2025-11-01T15:00:00+00:00,Premier|2025|93,Fulham,Wolves,2025-11-01T15:00:00Z,3,0,True,0,U2.5,0.527407,0.527407,0.0,0.6,False,0,,,False,0,
Premier League,2025/26,10,2025-11-01T15:00:00+00:00,Premier|2025|94,Nott'm Forest,Man United,2025-11-01T15:00:00Z,2,2,True,0,2,0.769335,0.575801,0.483835,0.55,False,0,O2.5,0.682914,True,2,1
Premier League,2025/26,10,2025-11-01T15:00:00+00:00,Premier|2025|95,Tottenham,Chelsea,2025-11-01T17:30:00Z,0,1,True,0,GG,0.595521,0.595521,0.0,0.6,False,0,,,False,0,
Premier League,2025/26,10,2025-11-01T15:00:00+00:00,Premier|2025|96,Liverpool,Aston Villa,2025-11-01T20:00:00Z,2,0,True,0,O2.5,0.601426,0.601426,0.0,0.6,True,0,O2.5,0.601426,True,1,0
Premier League,2025/26,10,2025-11-01T15:00:00+00:00,Premier|2025|97,West Ham,Newcastle,2025-11-02T14:00:00Z,3,1,True,0,2,0.658449,0.557869,0.251449,0.55,False,0,,,False,0,
Premier League,2025/26,10,2025-11-01T15:00:00+00:00,Premier|2025|98,Man City,Bournemouth,2025-11-02T16:30:00Z,3,1,True,0,1,0.623297,0.588018,0.088197,0.55,True,1,1,0.588018,True,1,1
Premier League,2025/26,10,2025-11-01T15:00:00+00:00,Premier|2025|99,Sunderland,Everton,2025-11-03T20:00:00Z,1,1,True,0,GG,0.549526,0.549526,0.0,0.6,False,1,,,False,0,
Premier League,2025/26,11,2025-11-08T12:30:00+00:00,Premier|2025|100,Tottenham,Man United,2025-11-08T12:30:00Z,2,2,True,0,GG,0.636076,0.636076,0.0,0.6,True,1,GG,0.636076,True,2,1
Premier League,2025/26,11,2025-11-08T12:30:00+00:00,Premier|2025|101,Everton,Fulham,2025-11-08T15:00:00Z,2,0,True,0,GG,0.583334,0.583334,0.0,0.6,False,0,,,False,0,
Premier League,2025/26,11,2025-11-08T12:30:00+00:00,Premier|2025|102,West Ham,Burnley,2025-11-08T15:00:00Z,3,2,True,0,GG,0.58632,0.58632,0.0,0.6,False,1,,,False,0,
Premier League,2025/26,11,2025-11-08T12:30:00+00:00,Premier|2025|103,Sunderland,Arsenal,2025-11-08T17:30:00Z,2,2,True,0,2,0.631199,0.58164,0.123899,0.55,True,0,2,0.58164,True,1,0
Premier League,2025/26,11,2025-11-08T12:30:00+00:00,Premier|2025|104,Chelsea,Wolves,2025-11-08T20:00:00Z,3,0,True,0,1,0.803319,0.760392,0.107319,0.55,True,1,1,0.760392,True,1,1
Premier League,2025/26,11,2025-11-08T12:30:00+00:00,Premier|2025|105,Aston Villa,Bournemouth,2025-11-09T14:00:00Z,4,0,True,0,U2.5,0.538137,0.538137,0.0,0.6,False,0,,,False,0,
Premier League,2025/26,11,2025-11-08T12:30:00+00:00,Premier|2025|106,Brentford,Newcastle,2025-11-09T14:00:00Z,3,1,True,0,GG,0.548488,0.548488,0.0,0.6,False,1,,,False,0,
Premier League,2025/26,11,2025-11-08T12:30:00+00:00,Premier|2025|107,Crystal Palace,Brighton,2025-11-09T14:00:00Z,0,0,True,0,O2.5,0.674076,0.674076,0.0,0.6,True,0,O2.5,0.674076,True,2,0
Premier League,2025/26,11,2025-11-08T12:30:00+00:00,Premier|2025|108,Nott'm Forest,Leeds,2025-11-09T14:00:00Z,3,1,True,0,GG,0.559711,0.559711,0.0,0.6,False,1,,,False,0,
Premier League,2025/26,11,2025-11-08T12:30:00+00:00,Premier|2025|109,Man City,Liverpool,2025-11-09T16:30:00Z,3,0,True,0,1,0.750676,0.607446,0.358076,0.55,False,1,O2.5,0.684178,True,2,1
Premier League,2025/26,12,2025-11-22T12:30:00+00:00,Premier|2025|110,Burnley,Chelsea,2025-11-22T12:30:00Z,0,2,True,0,2,0.870455,0.713353,0.392755,0.55,False,1,O2.5,0.714562,True,2,0
Premier League,2025/26,12,2025-11-22T12:30:00+00:00,Premier|2025|111,Bournemouth,West Ham,2025-11-22T15:00:00Z,2,2,True,0,1,0.654426,0.610856,0.108926,0.55,True,0,1,0.610856,True,2,0
Premier League,2025/26,12,2025-11-22T12:30:00+00:00,Premier|2025|112,Brighton,Brentford,2025-11-22T15:00:00Z,2,1,True,0,GG,0.611195,0.611195,0.0,0.6,True,1,GG,0.611195,True,1,1
Premier League,2025/26,12,2025-11-22T12:30:00+00:00,Premier|2025|113,Fulham,Sunderland,2025-11-22T15:00:00Z,1,0,True,0,U2.5,0.527516,0.527516,0.0,0.6,False,1,,,False,0,
Premier League,2025/26,12,2025-11-22T12:30:00+00:00,Premier|2025|114,Liverpool,Nott'm Forest,2025-11-22T15:00:00Z,0,3,True,0,O2.5,0.676148,0.676148,0.0,0.6,True,1,O2.5,0.676148,True,3,1
Premier League,2025/26,12,2025-11-22T12:30:00+00:00,Premier|2025|115,Wolves,Crystal Palace,2025-11-22T15:00:00Z,0,2,True,0,2,0.605491,0.562175,0.108291,0.55,True,1,2,0.562175,True,1,1
Premier League,2025/26,12,2025-11-22T12:30:00+00:00,Premier|2025|116,Newcastle,Man City,2025-11-22T17:30:00Z,2,1,True,0,2,0.597932,0.543359,0.136432,0.55,False,0,,,False,0,
Premier League,2025/26,12,2025-11-22T12:30:00+00:00,Premier|2025|117,Leeds,Aston Villa,2025-11-23T14:00:00Z,1,2,True,0,U2.5,0.545264,0.545264,0.0,0.6,False,0,2,0.55135,True,1,1
Premier League,2025/26,12,2025-11-22T12:30:00+00:00,Premier|2025|118,Arsenal,Tottenham,2025-11-23T16:30:00Z,4,1,True,0,1,0.64684,0.658224,0.02846,0.55,True,1,1,0.658224,True,1,1
Premier League,2025/26,12,2025-11-22T12:30:00+00:00,Premier|2025|119,Man United,Everton,2025-11-24T20:00:00Z,0,1,True,0,1,0.672903,0.564622,0.270703,0.55,False,0,O2.5,0.659337,True,2,0
Premier League,2025/26,13,2025-11-29T15:00:00+00:00,Premier|2025|120,Brentford,Burnley,2025-11-29T15:00:00Z,3,1,True,0,1,0.884989,0.754473,0.326289,0.55,False,1,O2.5,0.702768,True,1,1
Premier League,2025/26,13,2025-11-29T15:00:00+00:00,Premier|2025|121,Man City,Leeds,2025-11-29T15:00:00Z,3,2,True,0,1,0.821483,0.83065,0.022917,0.55,True,1,1,0.83065,True,1,1
Premier League,2025/26,13,2025-11-29T15:00:00+00:00,Premier|2025|122,Sunderland,Bournemouth,2025-11-29T15:00:00Z,3,2,True,0,GG,0.553263,0.553263,0.0,0.6,False,1,,,False,0,
Premier League,2025/26,13,2025-11-29T15:00:00+00:00,Premier|2025|123,Everton,Newcastle,2025-11-29T17:30:00Z,1,4,True,0,GG,0.557445,0.557445,0.0,0.6,False,1,,,False,0,
Premier League,2025/26,13,2025-11-29T15:00:00+00:00,Premier|2025|124,Tottenham,Fulham,2025-11-29T20:00:00Z,1,2,True,0,GG,0.526561,0.526561,0.0,0.6,False,1,,,False,0,
Premier League,2025/26,13,2025-11-29T15:00:00+00:00,Premier|2025|125,Crystal Palace,Man United,2025-11-30T12:00:00Z,1,2,True,0,O2.5,0.679863,0.679863,0.0,0.6,True,1,O2.5,0.679863,True,2,1
Premier League,2025/26,13,2025-11-29T15:00:00+00:00,Premier|2025|126,Aston Villa,Wolves,2025-11-30T14:05:00Z,1,0,True,0,1,0.670369,0.710462,0.100231,0.55,True,1,1,0.710462,True,1,1
Premier League,2025/26,13,2025-11-29T15:00:00+00:00,Premier|2025|127,Nott'm Forest,Brighton,2025-11-30T14:05:00Z,0,2,True,0,GG,0.598411,0.598411,0.0,0.6,False,0,,,False,0,
Premier League,2025/26,13,2025-11-29T15:00:00+00:00,Premier|2025|128,West Ham,Liverpool,2025-11-30T14:05:00Z,0,2,True,0,O2.5,0.666118,0.666118,0.0,0.6,True,0,O2.5,0.666118,True,2,0
Premier League,2025/26,13,2025-11-29T15:00:00+00:00,Premier|2025|129,Chelsea,Arsenal,2025-11-30T16:30:00Z,1,1,True,0,GG,0.574299,0.574299,0.0,0.6,False,1,,,False,0,
Premier League,2025/26,14,2025-12-02T19:30:00+00:00,Premier|2025|130,Bournemouth,Everton,2025-12-02T19:30:00Z,0,1,True,0,O2.5,0.596604,0.596604,0.0,0.6,False,0,,,False,0,
Premier League,2025/26,14,2025-12-02T19:30:00+00:00,Premier|2025|131,Fulham,Man City,2025-12-02T19:30:00Z,4,5,True,0,2,0.613508,0.557105,0.141008,0.55,True,1,2,0.557105,True,1,1
Premier League,2025/26,14,2025-12-02T19:30:00+00:00,Premier|2025|132,Newcastle,Tottenham,2025-12-02T20:15:00Z,2,2,True,0,1,0.621256,0.584994,0.090656,0.55,True,0,1,0.584994,True,1,0
Premier League,2025/26,14,2025-12-02T19:30:00+00:00,Premier|2025|133,Arsenal,Brentford,2025-12-03T19:30:00Z,2,0,True,0,1,0.704282,0.696089,0.020482,0.55,True,1,1,0.696089,True,1,1
Premier League,2025/26,14,2025-12-02T19:30:00+00:00,Premier|2025|134,Brighton,Aston Villa,2025-12-03T19:30:00Z,3,4,True,0,1,0.522108,0.460545,0.153908,0.55,False,0,,,False,0,
Premier League,2025/26,14,2025-12-02T19:30:00+00:00,Premier|2025|135,Burnley,Crystal Palace,2025-12-03T19:30:00Z,0,1,True,0,2,0.739788,0.637513,0.255688,0.55,False,1,O2.5,0.692248,True,2,0
Premier League,2025/26,14,2025-12-02T19:30:00+00:00,Premier|2025|136,Wolves,Nott'm Forest,2025-12-03T19:30:00Z,0,1,True,0,GG,0.539596,0.539596,0.0,0.6,False,0,,,False,0,
Premier League,2025/26,14,2025-12-02T19:30:00+00:00,Premier|2025|137,Leeds,Chelsea,2025-12-03T20:15:00Z,3,1,True,0,2,0.709643,0.669066,0.101443,0.55,True,0,2,0.669066,True,2,0
Premier League,2025/26,14,2025-12-02T19:30:00+00:00,Premier|2025|138,Liverpool,Sunderland,2025-12-03T20:15:00Z,1,1,True,0,O2.5,0.586157,0.586157,0.0,0.6,False,0,1,0.57465,True,1,0
Premier League,2025/26,14,2025-12-02T19:30:00+00:00,Premier|2025|139,Man United,West Ham,2025-12-04T20:00:00Z,1,1,True,0,1,0.793717,0.66031,0.333517,0.55,False,0,O2.5,0.691614,True,2,0
Premier League,2025/26,15,2025-12-06T12:30:00+00:00,Premier|2025|140,Aston Villa,Arsenal,2025-12-06T12:30:00Z,2,1,True,0,2,0.601347,0.500728,0.251547,0.55,False,0,,,False,0,
Premier League,2025/26,15,2025-12-06T12:30:00+00:00,Premier|2025|141,Bournemouth,Chelsea,2025-12-06T15:00:00Z,0,0,True,0,2,0.636339,0.527804,0.271339,0.55,False,0,GG,0.627327,True,2,0
Premier League,2025/26,15,2025-12-06T12:30:00+00:00,Premier|2025|142,Everton,Nott'm Forest,2025-12-06T15:00:00Z,3,0,True,0,GG,0.578778,0.578778,0.0,0.6,False,0,,,False,0,
Premier League,2025/26,15,2025-12-06T12:30:00+00:00,Premier|2025|143,Man City,Sunderland,2025-12-06T15:00:00Z,3,0,True,0,1,0.77517,0.710502,0.16167,0.55,True,1,1,0.710502,True,1,1
Premier League,2025/26,15,2025-12-06T12:30:00+00:00,Premier|2025|144,Newcastle,Burnley,2025-12-06T15:00:00Z,2,1,True,0,1,0.868584,0.78235,0.215584,0.55,True,1,1,0.78235,True,2,1
Premier League,2025/26,15,2025-12-06T12:30:00+00:00,Premier|2025|145,Tottenham,Brentford,2025-12-06T15:00:00Z,2,0,True,0,GG,0.566543,0.566543,0.0,0.6,False,0,,,False,0,
Premier League,2025/26,15,2025-12-06T12:30:00+00:00,Premier|2025|146,Leeds,Liverpool,2025-12-06T17:30:00Z,3,3,True,0,GG,0.617417,0.617417,0.0,0.6,True,1,GG,0.617417,True,2,1
Premier League,2025/26,15,2025-12-06T12:30:00+00:00,Premier|2025|147,Brighton,West Ham,2025-12-07T14:00:00Z,1,1,True,0,1,0.724206,0.658124,0.165206,0.55,True,0,1,0.658124,True,2,0
Premier League,2025/26,15,2025-12-06T12:30:00+00:00,Premier|2025|148,Fulham,Crystal Palace,2025-12-07T16:30:00Z,1,2,True,0,GG,0.594676,0.594676,0.0,0.6,False,1,,,False,0,
Premier League,2025/26,15,2025-12-06T12:30:00+00:00,Premier|2025|149,Wolves,Man United,2025-12-08T20:00:00Z,1,4,True,0,2,0.638349,0.554729,0.209049,0.55,True,1,2,0.554729,True,1,1
Premier League,2025/26,16,2025-12-13T15:00:00+00:00,Premier|2025|150,Chelsea,Everton,2025-12-13T15:00:00Z,2,0,True,0,O2.5,0.594695,0.594695,0.0,0.6,False,0,,,False,0,
Premier League,2025/26,16,2025-12-13T15:00:00+00:00,Premier|2025|151,Liverpool,Brighton,2025-12-13T15:00:00Z,2,0,True,0,O2.5,0.653933,0.653933,0.0,0.6,True,0,O2.5,0.653933,True,2,0
Premier League,2025/26,16,2025-12-13T15:00:00+00:00,Premier|2025|152,Burnley,Fulham,2025-12-13T17:30:00Z,2,3,True,0,2,0.576923,0.513674,0.158123,0.55,False,1,,,False,0,
Premier League,2025/26,16,2025-12-13T15:00:00+00:00,Premier|2025|153,Arsenal,Wolves,2025-12-13T20:00:00Z,2,1,True,0,1,0.902671,0.876163,0.066271,0.55,True,1,1,0.876163,True,1,1
Premier League,2025/26,16,2025-12-13T15:00:00+00:00,Premier|2025|154,Crystal Palace,Man City,2025-12-14T14:00:00Z,0,3,True,0,GG,0.643252,0.643252,0.0,0.6,True,0,GG,0.643252,True,2,0
Premier League,2025/26,16,2025-12-13T15:00:00+00:00,Premier|2025|155,Nott'm Forest,Tottenham,2025-12-14T14:00:00Z,3,0,True,0,U2.5,0.525953,0.525953,0.0,0.6,False,0,,,False,0,
Premier League,2025/26,16,2025-12-13T15:00:00+00:00,Premier|2025|156,Sunderland,Newcastle,2025-12-14T14:00:00Z,1,0,True,0,2,0.686058,0.546635,0.348558,0.55,False,0,,,False,0,
Premier League,2025/26,16,2025-12-13T15:00:00+00:00,Premier|2025|157,West Ham,Aston Villa,2025-12-14T14:00:00Z,2,3,True,0,2,0.596823,0.558254,0.096423,0.55,True,1,2,0.558254,True,1,1
Premier League,2025/26,16,2025-12-13T15:00:00+00:00,Premier|2025|158,Brentford,Leeds,2025-12-14T16:30:00Z,1,1,True,0,O2.5,0.609227,0.609227,0.0,0.6,True,0,O2.5,0.609227,True,2,0
Premier League,2025/26,16,2025-12-13T15:00:00+00:00,Premier|2025|159,Man United,Bournemouth,2025-12-15T20:00:00Z,4,4,True,0,1,0.764636,0.623021,0.354036,0.55,False,0,O2.5,0.636341,True,2,1
Premier League,2025/26,17,2025-12-20T12:30:00+00:00,Premier|2025|160,Newcastle,Chelsea,2025-12-20T12:30:00Z,2,2,True,0,GG,0.583638,0.583638,0.0,0.6,False,1,,,False,0,
Premier League,2025/26,17,2025-12-20T12:30:00+00:00,Premier|2025|161,Bournemouth,Burnley,2025-12-20T15:00:00Z,1,1,True,0,1,0.78827,0.717642,0.17657,0.55,True,0,1,0.717642,True,2,0
Premier League,2025/26,17,2025-12-20T12:30:00+00:00,Premier|2025|162,Brighton,Sunderland,2025-12-20T15:00:00Z,0,0,True,0,1,0.623477,0.555406,0.170177,0.55,True,0,1,0.555406,True,1,0
Premier League,2025/26,17,2025-12-20T12:30:00+00:00,Premier|2025|163,Man City,West Ham,2025-12-20T15:00:00Z,3,0,True,0,1,0.887283,0.82525,0.155083,0.55,True,1,1,0.82525,True,2,1
Premier League,2025/26,17,2025-12-20T12:30:00+00:00,Premier|2025|164,Wolves,Brentford,2025-12-20T15:00:00Z,0,2,True,0,GG,0.54527,0.54527,0.0,0.6,False,0,,,False,0,
Premier League,2025/26,17,2025-12-20T12:30:00+00:00,Premier|2025|165,Tottenham,Liverpool,2025-12-20T17:30:00Z,1,2,True,0,2,0.597707,0.543784,0.134807,0.55,False,1,,,False,0,
Premier League,2025/26,17,2025-12-20T12:30:00+00:00,Premier|2025|166,Everton,Arsenal,2025-12-20T20:00:00Z,0,1,True,0,2,0.672972,0.588423,0.211372,0.55,True,1,2,0.588423,True,1,1
Premier League,2025/26,17,2025-12-20T12:30:00+00:00,Premier|2025|167,Leeds,Crystal Palace,2025-12-20T20:00:00Z,4,1,True,0,GG,0.605764,0.605764,0.0,0.6,True,1,GG,0.605764,True,1,1
Premier League,2025/26,17,2025-12-20T12:30:00+00:00,Premier|2025|168,Aston Villa,Man United,2025-12-21T16:30:00Z,2,1,True,0,GG,0.636091,0.636091,0.0,0.6,True,1,GG,0.636091,True,2,1
Premier League,2025/26,17,2025-12-20T12:30:00+00:00,Premier|2025|169,Fulham,Nott'm Forest,2025-12-22T20:00:00Z,1,0,True,0,GG,0.546754,0.546754,0.0,0.6,False,0,,,False,0,
Premier League,2025/26,18,2025-12-26T20:00:00+00:00,Premier|2025|170,Man United,Newcastle,2025-12-26T20:00:00Z,1,0,True,0,GG,0.630031,0.630031,0.0,0.6,True,0,GG,0.630031,True,2,0
Premier League,2025/26,18,2025-12-26T20:00:00+00:00,Premier|2025|171,Nott'm Forest,Man City,2025-12-27T12:30:00Z,1,2,True,0,2,0.687561,0.617616,0.174861,0.55,True,1,2,0.617616,True,1,1
Premier League,2025/26,18,2025-12-26T20:00:00+00:00,Premier|2025|172,Arsenal,Brighton,2025-12-27T15:00:00Z,2,1,True,0,1,0.700442,0.665305,0.087842,0.55,True,1,1,0.665305,True,1,1
Premier League,2025/26,18,2025-12-26T20:00:00+00:00,Premier|2025|173,Brentford,Bournemouth,2025-12-27T15:00:00Z,4,1,True,0,GG,0.616464,0.616464,0.0,0.6,True,1,GG,0.616464,True,2,1
Premier League,2025/26,18,2025-12-26T20:00:00+00:00,Premier|2025|174,Burnley,Everton,2025-12-27T15:00:00Z,0,0,True,0,GG,0.589429,0.589429,0.0,0.6,False,0,,,False,0,
Premier League,2025/26,18,2025-12-26T20:00:00+00:00,Premier|2025|175,Liverpool,Wolves,2025-12-27T15:00:00Z,2,1,True,0,1,0.857055,0.841393,0.039155,0.55,True,1,1,0.841393,True,1,1
Premier League,2025/26,18,2025-12-26T20:00:00+00:00,Premier|2025|176,West Ham,Fulham,2025-12-27T15:00:00Z,0,1,True,0,GG,0.571282,0.571282,0.0,0.6,False,0,,,False,0,
Premier League,2025/26,18,2025-12-26T20:00:00+00:00,Premier|2025|177,Chelsea,Aston Villa,2025-12-27T17:30:00Z,1,2,True,0,O2.5,0.601361,0.601361,0.0,0.6,True,1,O2.5,0.601361,True,1,1
Premier League,2025/26,18,2025-12-26T20:00:00+00:00,Premier|2025|178,Sunderland,Leeds,2025-12-28T14:00:00Z,1,1,True,0,U2.5,0.526465,0.526465,0.0,0.6,False,1,,,False,0,
Premier League,2025/26,18,2025-12-26T20:00:00+00:00,Premier|2025|179,Crystal Palace,Tottenham,2025-12-28T16:30:00Z,0,1,True,0,O2.5,0.558231,0.558231,0.0,0.6,False,0,,,False,0,
Premier League,2025/26,19,2025-12-30T19:30:00+00:00,Premier|2025|180,Burnley,Newcastle,2025-12-30T19:30:00Z,1,3,True,0,2,0.595569,0.543222,0.130869,0.55,False,1,,,False,0,
Premier League,2025/26,19,2025-12-30T19:30:00+00:00,Premier|2025|181,Chelsea,Bournemouth,2025-12-30T19:30:00Z,2,2,True,0,O2.5,0.65624,0.65624,0.0,0.6,True,1,O2.5,0.65624,True,3,1
Premier League,2025/26,19,2025-12-30T19:30:00+00:00,Premier|2025|182,Nott'm Forest,Everton,2025-12-30T19:30:00Z,0,2,True,0,GG,0.541594,0.541594,0.0,0.6,False,0,,,False,0,
Premier League,2025/26,19,2025-12-30T19:30:00+00:00,Premier|2025|183,West Ham,Brighton,2025-12-30T19:30:00Z,2,2,True,0,GG,0.623503,0.623503,0.0,0.6,True,1,GG,0.623503,True,2,1
Premier League,2025/26,19,2025-12-30T19:30:00+00:00,Premier|2025|184,Arsenal,Aston Villa,2025-12-30T20:15:00Z,4,1,True,0,1,0.762114,0.636509,0.314014,0.55,False,1,,,False,0,
Premier League,2025/26,19,2025-12-30T19:30:00+00:00,Premier|2025|185,Man United,Wolves,2025-12-30T20:15:00Z,1,1,True,0,1,0.849959,0.761936,0.220059,0.55,True,0,1,0.761936,True,2,0
Premier League,2025/26,19,2025-12-30T19:30:00+00:00,Premier|2025|186,Crystal Palace,Fulham,2026-01-01T17:30:00Z,1,1,True,0,O2.5,0.566768,0.566768,0.0,0.6,False,0,,,False,0,
Premier League,2025/26,19,2025-12-30T19:30:00+00:00,Premier|2025|187,Liverpool,Leeds,2026-01-01T17:30:00Z,0,0,True,0,GG,0.626814,0.626814,0.0,0.6,True,0,1,0.681181,True,3,0
Premier League,2025/26,19,2025-12-30T19:30:00+00:00,Premier|2025|188,Brentford,Tottenham,2026-01-01T20:00:00Z,0,0,True,0,GG,0.555124,0.555124,0.0,0.6,False,0,,,False,0,
Premier League,2025/26,19,2025-12-30T19:30:00+00:00,Premier|2025|189,Sunderland,Man City,2026-01-01T20:00:00Z,0,0,True,0,2,0.719888,0.624453,0.238588,0.55,True,0,2,0.624453,True,1,0
Premier League,2025/26,20,2026-01-03T12:30:00+00:00,Premier|2025|190,Aston Villa,Nott'm Forest,2026-01-03T12:30:00Z,3,1,True,0,1,0.606404,0.637322,0.077296,0.55,True,1,1,0.637322,True,1,1
Premier League,2025/26,20,2026-01-03T12:30:00+00:00,Premier|2025|191,Brighton,Burnley,2026-01-03T15:00:00Z,2,0,True,0,1,0.726448,0.701189,0.063148,0.55,True,1,1,0.701189,True,3,1
Premier League,2025/26,20,2026-01-03T12:30:00+00:00,Premier|2025|192,Wolves,West Ham,2026-01-03T15:00:00Z,3,0,True,0,GG,0.538189,0.538189,0.0,0.6,False,0,,,False,0,
Premier League,2025/26,20,2026-01-03T12:30:00+00:00,Premier|2025|193,Bournemouth,Arsenal,2026-01-03T17:30:00Z,2,3,True,0,2,0.714808,0.652045,0.156908,0.55,True,1,2,0.652045,True,1,1
Premier League,2025/26,20,2026-01-03T12:30:00+00:00,Premier|2025|194,Leeds,Man United,2026-01-04T12:30:00Z,1,1,True,0,GG,0.633749,0.633749,0.0,0.6,True,1,GG,0.633749,True,2,1
Premier League,2025/26,20,2026-01-03T12:30:00+00:00,Premier|2025|195,Everton,Brentford,2026-01-04T15:00:00Z,2,4,True,0,GG,0.586747,0.586747,0.0,0.6,False,1,,,False,0,
Premier League,2025/26,20,2026-01-03T12:30:00+00:00,Premier|2025|196,Newcastle,Crystal Palace,2026-01-04T15:00:00Z,2,0,True,0,1,0.604991,0.546875,0.145291,0.55,False,1,,,False,0,
Premier League,2025/26,20,2026-01-03T12:30:00+00:00,Premier|2025|197,Tottenham,Sunderland,2026-01-04T15:00:00Z,1,1,True,0,U2.5,0.61061,0.61061,0.0,0.6,True,1,U2.5,0.61061,True,1,1
Premier League,2025/26,20,2026-01-03T12:30:00+00:00,Premier|2025|198,Fulham,Liverpool,2026-01-04T15:15:00Z,2,2,True,0,GG,0.575889,0.575889,0.0,0.6,False,1,,,False,0,
Premier League,2025/26,20,2026-01-03T12:30:00+00:00,Premier|2025|199,Man City,Chelsea,2026-01-04T17:30:00Z,1,1,True,0,O2.5,0.673444,0.673444,0.0,0.6,True,0,O2.5,0.673444,True,3,0
Premier League,2025/26,21,2026-01-06T20:00:00+00:00,Premier|2025|200,West Ham,Nott'm Forest,2026-01-06T20:00:00Z,1,2,True,0,GG,0.572274,0.572274,0.0,0.6,False,1,,,False,0,
Premier League,2025/26,21,2026-01-06T20:00:00+00:00,Premier|2025|201,Bournemouth,Tottenham,2026-01-07T19:30:00Z,3,2,True,0,GG,0.530828,0.530828,0.0,0.6,False,1,,,False,0,
Premier League,2025/26,21,2026-01-06T20:00:00+00:00,Premier|2025|202,Brentford,Sunderland,2026-01-07T19:30:00Z,3,0,True,0,1,0.701467,0.5876,0.284667,0.55,False,1,,,False,0,
Premier League,2025/26,21,2026-01-06T20:00:00+00:00,Premier|2025|203,Crystal Palace,Aston Villa,2026-01-07T19:30:00Z,0,0,True,0,O2.5,0.629444,0.629444,0.0,0.6,True,0,O2.5,0.629444,True,2,0
Premier League,2025/26,21,2026-01-06T20:00:00+00:00,Premier|2025|204,Everton,Wolves,2026-01-07T19:30:00Z,1,1,True,0,U2.5,0.52482,0.52482,0.0,0.6,False,1,,,False,0,
Premier League,2025/26,21,2026-01-06T20:00:00+00:00,Premier|2025|205,Fulham,Chelsea,2026-01-07T19:30:00Z,2,1,True,0,GG,0.611174,0.611174,0.0,0.6,True,1,GG,0.611174,True,1,1
Premier League,2025/26,21,2026-01-06T20:00:00+00:00,Premier|2025|206,Man City,Brighton,2026-01-07T19:30:00Z,1,1,True,0,1,0.725227,0.681576,0.109127,0.55,True,0,1,0.681576,True,3,0
Premier League,2025/26,21,2026-01-06T20:00:00+00:00,Premier|2025|207,Burnley,Man United,2026-01-07T20:15:00Z,2,2,True,0,2,0.799684,0.64921,0.376184,0.55,False,0,O2.5,0.668049,True,2,1
Premier League,2025/26,21,2026-01-06T20:00:00+00:00,Premier|2025|208,Newcastle,Leeds,2026-01-07T20:15:00Z,4,3,True,0,GG,0.546927,0.546927,0.0,0.6,False,1,1,0.568957,True,1,1
Premier League,2025/26,21,2026-01-06T20:00:00+00:00,Premier|2025|209,Arsenal,Liverpool,2026-01-08T20:00:00Z,0,0,True,0,1,0.588028,0.566497,0.053828,0.55,True,0,1,0.566497,True,1,0
Premier League,2025/26,22,2026-01-17T12:30:00+00:00,Premier|2025|210,Man United,Man City,2026-01-17T12:30:00Z,2,0,True,0,GG,0.658053,0.658053,0.0,0.6,True,0,GG,0.658053,True,2,0
Premier League,2025/26,22,2026-01-17T12:30:00+00:00,Premier|2025|211,Chelsea,Brentford,2026-01-17T15:00:00Z,2,0,True,0,GG,0.67873,0.67873,0.0,0.6,True,0,GG,0.67873,True,2,0
Premier League,2025/26,22,2026-01-17T12:30:00+00:00,Premier|2025|212,Leeds,Fulham,2026-01-17T15:00:00Z,1,0,True,0,GG,0.551995,0.551995,0.0,0.6,False,0,,,False,0,
Premier League,2025/26,22,2026-01-17T12:30:00+00:00,Premier|2025|213,Liverpool,Burnley,2026-01-17T15:00:00Z,1,1,True,0,1,0.803144,0.792446,0.026744,0.55,True,0,1,0.792446,True,2,0
Premier League,2025/26,22,2026-01-17T12:30:00+00:00,Premier|2025|214,Sunderland,Crystal Palace,2026-01-17T15:00:00Z,2,1,True,0,GG,0.563213,0.563213,0.0,0.6,False,1,,,False,0,
Premier League,2025/26,22,2026-01-17T12:30:00+00:00,Premier|2025|215,Tottenham,West Ham,2026-01-17T15:00:00Z,1,2,True,0,1,0.630875,0.585525,0.113375,0.55,True,0,1,0.585525,True,1,0
Premier League,2025/26,22,2026-01-17T12:30:00+00:00,Premier|2025|216,Nott'm Forest,Arsenal,2026-01-17T17:30:00Z,0,0,True,0,2,0.803608,0.705805,0.244508,0.55,True,0,2,0.705805,True,1,0
Premier League,2025/26,22,2026-01-17T12:30:00+00:00,Premier|2025|217,Wolves,Newcastle,2026-01-18T14:00:00Z,0,0,True,0,2,0.583285,0.554171,0.072785,0.55,True,0,2,0.554171,True,1,0
Premier League,2025/26,22,2026-01-17T12:30:00+00:00,Premier|2025|218,Aston Villa,Everton,2026-01-18T16:30:00Z,0,1,True,0,GG,0.576262,0.576262,0.0,0.6,False,0,1,0.572457,True,1,0
Premier League,2025/26,22,2026-01-17T12:30:00+00:00,Premier|2025|219,Brighton,Bournemouth,2026-01-19T20:00:00Z,1,1,True,0,GG,0.650872,0.650872,0.0,0.6,True,1,GG,0.650872,True,2,1
Premier League,2025/26,23,2026-01-24T12:30:00+00:00,Premier|2025|220,West Ham,Sunderland,2026-01-24T12:30:00Z,3,1,True,0,GG,0.559819,0.559819,0.0,0.6,False,1,,,False,0,
Premier League,2025/26,23,2026-01-24T12:30:00+00:00,Premier|2025|221,Burnley,Tottenham,2026-01-24T15:00:00Z,2,2,True,0,2,0.584021,0.505453,0.196421,0.55,False,0,,,False,0,
Premier League,2025/26,23,2026-01-24T12:30:00+00:00,Premier|2025|222,Fulham,Brighton,2026-01-24T15:00:00Z,2,1,True,0,GG,0.584664,0.584664,0.0,0.6,False,1,,,False,0,
Premier League,2025/26,23,2026-01-24T12:30:00+00:00,Premier|2025|223,Man City,Wolves,2026-01-24T15:00:00Z,2,0,True,0,1,0.667282,0.719569,0.130718,0.55,True,1,1,0.719569,True,1,1
Premier League,2025/26,23,2026-01-24T12:30:00+00:00,Premier|2025|224,Bournemouth,Liverpool,2026-01-24T17:30:00Z,3,2,True,0,GG,0.618836,0.618836,0.0,0.6,True,1,GG,0.618836,True,1,1
Premier League,2025/26,23,2026-01-24T12:30:00+00:00,Premier|2025|225,Brentford,Nott'm Forest,2026-01-25T14:00:00Z,0,2,True,0,1,0.77124,0.650624,0.30154,0.55,False,0,O2.5,0.608696,True,1,0
Premier League,2025/26,23,2026-01-24T12:30:00+00:00,Premier|2025|226,Crystal Palace,Chelsea,2026-01-25T14:00:00Z,1,3,True,0,GG,0.673613,0.673613,0.0,0.6,True,1,GG,0.673613,True,2,1
Premier League,2025/26,23,2026-01-24T12:30:00+00:00,Premier|2025|227,Newcastle,Aston Villa,2026-01-25T14:00:00Z,0,2,True,0,1,0.661184,0.52803,0.332884,0.55,False,0,,,False,0,
Premier League,2025/26,23,2026-01-24T12:30:00+00:00,Premier|2025|228,Arsenal,Man United,2026-01-25T16:30:00Z,2,3,True,0,1,0.62044,0.651904,0.07866,0.55,True,0,1,0.651904,True,1,0
Premier League,2025/26,23,2026-01-24T12:30:00+00:00,Premier|2025|229,Everton,Leeds,2026-01-26T20:00:00Z,1,1,True,0,GG,0.562531,0.562531,0.0,0.6,False,1,,,False,0,
Premier League,2025/26,24,2026-01-31T15:00:00+00:00,Premier|2025|230,Brighton,Everton,2026-01-31T15:00:00Z,1,1,True,0,GG,0.581736,0.581736,0.0,0.6,False,1,,,False,0,
Premier League,2025/26,24,2026-01-31T15:00:00+00:00,Premier|2025|231,Leeds,Arsenal,2026-01-31T15:00:00Z,0,4,True,0,2,0.644598,0.629519,0.037698,0.55,True,1,2,0.629519,True,1,1
Premier League,2025/26,24,2026-01-31T15:00:00+00:00,Premier|2025|232,Wolves,Bournemouth,2026-01-31T15:00:00Z,0,2,True,0,GG,0.522054,0.522054,0.0,0.6,False,0,,,False,0,
Premier League,2025/26,24,2026-01-31T15:00:00+00:00,Premier|2025|233,Chelsea,West Ham,2026-01-31T17:30:00Z,3,2,True,0,1,0.839182,0.754309,0.212182,0.55,True,1,1,0.754309,True,3,1
Premier League,2025/26,24,2026-01-31T15:00:00+00:00,Premier|2025|234,Liverpool,Newcastle,2026-01-31T20:00:00Z,4,1,True,0,GG,0.575968,0.575968,0.0,0.6,False,1,,,False,0,
Premier League,2025/26,24,2026-01-31T15:00:00+00:00,Premier|2025|235,Aston Villa,Brentford,2026-02-01T14:00:00Z,0,1,True,0,GG,0.623927,0.623927,0.0,0.6,True,0,GG,0.623927,True,2,0
Premier League,2025/26,24,2026-01-31T15:00:00+00:00,Premier|2025|236,Man United,Fulham,2026-02-01T14:00:00Z,3,2,True,0,1,0.72188,0.592768,0.32278,0.55,False,1,O2.5,0.607586,True,1,1
Premier League,2025/26,24,2026-01-31T15:00:00+00:00,Premier|2025|237,Nott'm Forest,Crystal Palace,2026-02-01T14:00:00Z,1,1,True,0,GG,0.60127,0.60127,0.0,0.6,True,1,GG,0.60127,True,1,1
Premier League,2025/26,24,2026-01-31T15:00:00+00:00,Premier|2025|238,Tottenham,Man City,2026-02-01T16:30:00Z,2,2,True,0,GG,0.544464,0.544464,0.0,0.6,False,1,,,False,0,
Premier League,2025/26,24,2026-01-31T15:00:00+00:00,Premier|2025|239,Sunderland,Burnley,2026-02-02T20:00:00Z,3,0,True,0,GG,0.528191,0.528191,0.0,0.6,False,0,,,False,0,
Premier League,2025/26,25,2026-02-06T20:00:00+00:00,Premier|2025|240,Leeds,Nott'm Forest,2026-02-06T20:00:00Z,3,1,True,0,GG,0.541764,0.541764,0.0,0.6,False,1,,,False,0,
Premier League,2025/26,25,2026-02-06T20:00:00+00:00,Premier|2025|241,Man United,Tottenham,2026-02-07T12:30:00Z,2,0,True,0,1,0.699842,0.622145,0.194242,0.55,True,1,1,0.622145,True,1,1
Premier League,2025/26,25,2026-02-06T20:00:00+00:00,Premier|2025|242,Arsenal,Sunderland,2026-02-07T15:00:00Z,3,0,True,0,1,0.886151,0.785491,0.251651,0.55,False,1,,,False,0,
Premier League,2025/26,25,2026-02-06T20:00:00+00:00,Premier|2025|243,Bournemouth,Aston Villa,2026-02-07T15:00:00Z,1,1,True,0,GG,0.607629,0.607629,0.0,0.6,True,1,GG,0.607629,True,2,1
Premier League,2025/26,25,2026-02-06T20:00:00+00:00,Premier|2025|244,Burnley,West Ham,2026-02-07T15:00:00Z,0,2,True,0,GG,0.611733,0.611733,0.0,0.6,True,0,GG,0.611733,True,1,0
Premier League,2025/26,25,2026-02-06T20:00:00+00:00,Premier|2025|245,Fulham,Everton,2026-02-07T15:00:00Z,1,2,True,0,GG,0.52582,0.52582,0.0,0.6,False,1,,,False,0,
Premier League,2025/26,25,2026-02-06T20:00:00+00:00,Premier|2025|246,Wolves,Chelsea,2026-02-07T15:00:00Z,1,3,True,0,2,0.634312,0.613867,0.051112,0.55,True,1,2,0.613867,True,1,1
Premier League,2025/26,25,2026-02-06T20:00:00+00:00,Premier|2025|247,Newcastle,Brentford,2026-02-07T17:30:00Z,2,3,True,0,GG,0.598395,0.598395,0.0,0.6,False,1,,,False,0,
Premier League,2025/26,25,2026-02-06T20:00:00+00:00,Premier|2025|248,Brighton,Crystal Palace,2026-02-08T14:00:00Z,0,1,True,0,GG,0.653941,0.653941,0.0,0.6,True,0,GG,0.653941,True,2,0
Premier League,2025/26,25,2026-02-06T20:00:00+00:00,Premier|2025|249,Liverpool,Man City,2026-02-08T16:30:00Z,1,2,True,0,GG,0.620407,0.620407,0.0,0.6,True,1,GG,0.620407,True,1,1
Premier League,2025/26,26,2026-02-10T19:30:00+00:00,Premier|2025|250,Chelsea,Leeds,2026-02-10T19:30:00Z,2,2,True,0,1,0.770938,0.723083,0.119638,0.55,True,0,1,0.723083,True,3,0
Premier League,2025/26,26,2026-02-10T19:30:00+00:00,Premier|2025|251,Everton,Bournemouth,2026-02-10T19:30:00Z,1,2,True,0,GG,0.586779,0.586779,0.0,0.6,False,1,,,False,0,
Premier League,2025/26,26,2026-02-10T19:30:00+00:00,Premier|2025|252,Tottenham,Newcastle,2026-02-10T19:30:00Z,1,2,True,0,U2.5,0.526466,0.526466,0.0,0.6,False,0,,,False,0,
Premier League,2025/26,26,2026-02-10T19:30:00+00:00,Premier|2025|253,West Ham,Man United,2026-02-10T20:15:00Z,1,1,True,0,O2.5,0.653326,0.653326,0.0,0.6,True,0,O2.5,0.653326,True,2,0
Premier League,2025/26,26,2026-02-10T19:30:00+00:00,Premier|2025|254,Aston Villa,Brighton,2026-02-11T19:30:00Z,1,0,True,0,GG,0.594654,0.594654,0.0,0.6,False,0,,,False,0,
Premier League,2025/26,26,2026-02-10T19:30:00+00:00,Premier|2025|255,Crystal Palace,Burnley,2026-02-11T19:30:00Z,2,3,True,0,1,0.773282,0.712849,0.151082,0.55,True,0,1,0.712849,True,2,0
Premier League,2025/26,26,2026-02-10T19:30:00+00:00,Premier|2025|256,Man City,Fulham,2026-02-11T19:30:00Z,3,0,True,0,1,0.757774,0.706385,0.128474,0.55,True,1,1,0.706385,True,2,1
Premier League,2025/26,26,2026-02-10T19:30:00+00:00,Premier|2025|257,Nott'm Forest,Wolves,2026-02-11T19:30:00Z,0,0,True,0,U2.5,0.552127,0.552127,0.0,0.6,False,1,,,False,0,
Premier League,2025/26,26,2026-02-10T19:30:00+00:00,Premier|2025|258,Sunderland,Liverpool,2026-02-11T20:15:00Z,0,1,True,0,2,0.737692,0.601615,0.340192,0.55,False,1,,,False,0,
Premier League,2025/26,26,2026-02-10T19:30:00+00:00,Premier|2025|259,Brentford,Arsenal,2026-02-12T20:00:00Z,1,1,True,0,2,0.632057,0.561754,0.175757,0.55,True,0,2,0.561754,True,1,0
Premier League,2025/26,27,2026-02-18T20:00:00+00:00,Premier|2025|260,Wolves,Arsenal,2026-02-18T20:00:00Z,2,2,True,0,2,0.774438,0.741143,0.083238,0.55,True,0,2,0.741143,True,1,0
Premier League,2025/26,27,2026-02-18T20:00:00+00:00,Premier|2025|261,Aston Villa,Leeds,2026-02-21T15:00:00Z,1,1,True,0,GG,0.583047,0.583047,0.0,0.6,False,1,1,0.581873,True,1,0
Premier League,2025/26,27,2026-02-18T20:00:00+00:00,Premier|2025|262,Brentford,Brighton,2026-02-21T15:00:00Z,0,2,True,0,O2.5,0.62008,0.62008,0.0,0.6,True,0,O2.5,0.62008,True,2,0
Premier League,2025/26,27,2026-02-18T20:00:00+00:00,Premier|2025|263,Chelsea,Burnley,2026-02-21T15:00:00Z,1,1,True,0,1,0.936337,0.844082,0.230637,0.55,True,0,1,0.844082,True,2,0
Premier League,2025/26,27,2026-02-18T20:00:00+00:00,Premier|2025|264,West Ham,Bournemouth,2026-02-21T17:30:00Z,0,0,True,0,GG,0.628643,0.628643,0.0,0.6,True,0,GG,0.628643,True,2,0
Premier League,2025/26,27,2026-02-18T20:00:00+00:00,Premier|2025|265,Man City,Newcastle,2026-02-21T20:00:00Z,2,1,True,0,1,0.731091,0.696095,0.087491,0.55,True,1,1,0.696095,True,1,1
Premier League,2025/26,27,2026-02-18T20:00:00+00:00,Premier|2025|267,Nott'm Forest,Liverpool,2026-02-22T14:00:00Z,0,1,True,0,2,0.612523,0.542354,0.175423,0.55,False,1,,,False,0,
Premier League,2025/26,27,2026-02-18T20:00:00+00:00,Premier|2025|268,Sunderland,Fulham,2026-02-22T14:00:00Z,1,3,True,0,U2.5,0.555407,0.555407,0.0,0.6,False,0,,,False,0,
Premier League,2025/26,27,2026-02-18T20:00:00+00:00,Premier|2025|270,Everton,Man United,2026-02-23T20:00:00Z,0,1,True,0,2,0.608726,0.488156,0.301426,0.55,False,1,,,False,0,
Premier League,2025/26,29,2026-02-27T20:00:00+00:00,Premier|2025|271,Wolves,Aston Villa,2026-02-27T20:00:00Z,2,0,True,0,U2.5,0.548327,0.548327,0.0,0.6,False,1,2,0.554843,True,1,0
Premier League,2025/26,29,2026-02-27T20:00:00+00:00,Premier|2025|280,Arsenal,Chelsea,2026-03-01T16:30:00Z,2,1,True,0,1,0.64735,0.61525,0.08025,0.55,True,1,1,0.61525,True,2,1
Premier League,2025/26,29,2026-02-27T20:00:00+00:00,Premier|2025|281,Bournemouth,Brentford,2026-03-03T19:30:00Z,0,0,True,0,GG,0.647302,0.647302,0.0,0.6,True,0,GG,0.647302,True,2,0
Premier League,2025/26,29,2026-02-27T20:00:00+00:00,Premier|2025|282,Everton,Burnley,2026-03-03T19:30:00Z,2,0,True,0,1,0.669517,0.64367,0.064617,0.55,True,1,1,0.64367,True,1,1
Premier League,2025/26,29,2026-02-27T20:00:00+00:00,Premier|2025|283,Leeds,Sunderland,2026-03-03T19:30:00Z,0,1,True,0,1,0.62541,0.530366,0.23761,0.55,False,0,,,False,0,
Premier League,2025/26,29,2026-02-27T20:00:00+00:00,Premier|2025|285,Aston Villa,Chelsea,2026-03-04T19:30:00Z,1,4,True,0,GG,0.636603,0.636603,0.0,0.6,True,1,GG,0.636603,True,2,1
Premier League,2025/26,29,2026-02-27T20:00:00+00:00,Premier|2025|287,Fulham,West Ham,2026-03-04T19:30:00Z,0,1,True,0,GG,0.580235,0.580235,0.0,0.6,False,0,,,False,0,
Premier League,2025/26,29,2026-02-27T20:00:00+00:00,Premier|2025|288,Man City,Nott'm Forest,2026-03-04T19:30:00Z,2,2,True,0,1,0.775541,0.742325,0.083041,0.55,True,0,1,0.742325,True,2,0
Premier League,2025/26,29,2026-03-04T20:15:00+00:00,Premier|2025|289,Newcastle,Man United,2026-03-04T20:15:00Z,2,1,True,0,GG,0.603263,0.603263,0.0,0.6,True,1,GG,0.603263,True,1,1
Premier League,2025/26,29,2026-03-04T20:15:00+00:00,Premier|2025|290,Tottenham,Crystal Palace,2026-03-05T20:00:00Z,1,3,True,0,GG,0.573101,0.573101,0.0,0.6,False,1,,,False,0,
Premier League,2025/26,30,2026-03-14T15:00:00+00:00,Premier|2025|291,Burnley,Bournemouth,2026-03-14T15:00:00Z,0,0,True,0,2,0.65763,0.579498,0.19533,0.55,True,0,O2.5,0.605803,True,2,0
Premier League,2025/26,30,2026-03-14T15:00:00+00:00,Premier|2025|292,Sunderland,Brighton,2026-03-14T15:00:00Z,0,1,True,0,2,0.530282,0.452169,0.195282,0.55,False,1,,,False,0,
Premier League,2025/26,30,2026-03-14T15:00:00+00:00,Premier|2025|294,Chelsea,Newcastle,2026-03-14T17:30:00Z,0,1,True,0,O2.5,0.666047,0.666047,0.0,0.6,True,0,O2.5,0.666047,True,3,0
Premier League,2025/26,30,2026-03-14T15:00:00+00:00,Premier|2025|295,West Ham,Man City,2026-03-14T20:00:00Z,1,1,True,0,2,0.692908,0.633745,0.147908,0.55,True,0,2,0.633745,True,3,0
Premier League,2025/26,30,2026-03-14T15:00:00+00:00,Premier|2025|296,Crystal Palace,Leeds,2026-03-15T14:00:00Z,0,0,True,0,GG,0.620307,0.620307,0.0,0.6,True,0,GG,0.620307,True,2,0
Premier League,2025/26,30,2026-03-14T15:00:00+00:00,Premier|2025|297,Man United,Aston Villa,2026-03-15T14:00:00Z,3,1,True,0,1,0.690138,0.563403,0.316838,0.55,False,1,,,False,0,
Premier League,2025/26,30,2026-03-14T15:00:00+00:00,Premier|2025|298,Nott'm Forest,Fulham,2026-03-15T14:00:00Z,0,0,True,0,GG,0.552925,0.552925,0.0,0.6,False,0,,,False,0,
Premier League,2025/26,30,2026-03-14T15:00:00+00:00,Premier|2025|299,Liverpool,Tottenham,2026-03-15T16:30:00Z,1,1,True,0,1,0.806017,0.75245,0.133917,0.55,True,0,1,0.75245,True,1,0
Premier League,2025/26,31,2026-03-16T20:00:00+00:00,Premier|2025|300,Brentford,Wolves,2026-03-16T20:00:00Z,2,2,True,0,1,0.618817,0.60233,0.041217,0.55,True,0,1,0.60233,True,1,0
Premier League,2025/26,31,2026-03-16T20:00:00+00:00,Premier|2025|301,Bournemouth,Man United,2026-03-20T20:00:00Z,2,2,True,0,GG,0.637717,0.637717,0.0,0.6,True,1,GG,0.637717,True,2,1
Premier League,2025/26,31,2026-03-16T20:00:00+00:00,Premier|2025|302,Brighton,Liverpool,2026-03-21T12:30:00Z,2,1,True,0,GG,0.587389,0.587389,0.0,0.6,False,1,,,False,0,
Premier League,2025/26,31,2026-03-16T20:00:00+00:00,Premier|2025|303,Fulham,Burnley,2026-03-21T15:00:00Z,3,1,True,0,1,0.649443,0.635666,0.034443,0.55,True,1,1,0.635666,True,1,1
Premier League,2025/26,31,2026-03-16T20:00:00+00:00,Premier|2025|304,Everton,Chelsea,2026-03-21T17:30:00Z,3,0,True,0,GG,0.632873,0.632873,0.0,0.6,True,0,GG,0.632873,True,2,0
Premier League,2025/26,31,2026-03-16T20:00:00+00:00,Premier|2025|305,Leeds,Brentford,2026-03-21T20:00:00Z,0,0,True,0,GG,0.628067,0.628067,0.0,0.6,True,0,GG,0.628067,True,2,0
Premier League,2025/26,31,2026-03-22T12:00:00+00:00,Premier|2025|306,Newcastle,Sunderland,2026-03-22T12:00:00Z,1,2,True,0,1,0.676397,0.598238,0.195397,0.55,True,0,1,0.598238,True,1,0
Premier League,2025/26,31,2026-03-22T12:00:00+00:00,Premier|2025|307,Aston Villa,West Ham,2026-03-22T14:15:00Z,2,0,True,0,GG,0.577057,0.577057,0.0,0.6,False,0,,,False,0,
Premier League,2025/26,31,2026-03-22T12:00:00+00:00,Premier|2025|308,Tottenham,Nott'm Forest,2026-03-22T14:15:00Z,0,3,True,0,GG,0.524576,0.524576,0.0,0.6,False,0,,,False,0,
Premier League,2025/26,32,2026-04-10T20:00:00+00:00,Premier|2025|309,West Ham,Wolves,2026-04-10T20:00:00Z,4,0,True,0,GG,0.538108,0.538108,0.0,0.6,False,0,,,False,0,
Premier League,2025/26,32,2026-04-10T20:00:00+00:00,Premier|2025|310,Arsenal,Bournemouth,2026-04-11T12:30:00Z,1,2,True,0,1,0.731404,0.710362,0.052604,0.55,True,0,1,0.710362,True,1,0
Premier League,2025/26,32,2026-04-10T20:00:00+00:00,Premier|2025|311,Brentford,Everton,2026-04-11T15:00:00Z,2,2,True,0,O2.5,0.577661,0.577661,0.0,0.6,False,1,,,False,0,
Premier League,2025/26,32,2026-04-10T20:00:00+00:00,Premier|2025|312,Burnley,Brighton,2026-04-11T15:00:00Z,0,2,True,0,2,0.695566,0.622259,0.183266,0.55,True,1,2,0.622259,True,1,1
Premier League,2025/26,32,2026-04-10T20:00:00+00:00,Premier|2025|313,Liverpool,Fulham,2026-04-11T17:30:00Z,2,0,True,0,1,0.645067,0.5948,0.125667,0.55,True,1,1,0.5948,True,1,1
Premier League,2025/26,32,2026-04-10T20:00:00+00:00,Premier|2025|314,Crystal Palace,Newcastle,2026-04-12T14:00:00Z,2,1,True,0,GG,0.610513,0.610513,0.0,0.6,True,1,GG,0.610513,True,1,1
Premier League,2025/26,32,2026-04-10T20:00:00+00:00,Premier|2025|315,Nott'm Forest,Aston Villa,2026-04-12T14:00:00Z,1,1,True,0,GG,0.556575,0.556575,0.0,0.6,False,1,,,False,0,
Premier League,2025/26,32,2026-04-10T20:00:00+00:00,Premier|2025|316,Sunderland,Tottenham,2026-04-12T14:00:00Z,1,0,True,0,U2.5,0.565136,0.565136,0.0,0.6,False,1,,,False,0,
Premier League,2025/26,32,2026-04-10T20:00:00+00:00,Premier|2025|317,Chelsea,Man City,2026-04-12T16:30:00Z,0,3,True,0,GG,0.67034,0.67034,0.0,0.6,True,0,GG,0.67034,True,2,0
Premier League,2025/26,32,2026-04-10T20:00:00+00:00,Premier|2025|318,Man United,Leeds,2026-04-13T20:00:00Z,1,2,True,0,1,0.689576,0.648106,0.103676,0.55,True,0,1,0.648106,True,1,0
Premier League,2025/26,33,2026-04-18T12:30:00+00:00,Premier|2025|319,Brentford,Fulham,2026-04-18T12:30:00Z,0,0,True,0,O2.5,0.595389,0.595389,0.0,0.6,False,0,,,False,0,
Premier League,2025/26,33,2026-04-18T12:30:00+00:00,Premier|2025|320,Leeds,Wolves,2026-04-18T15:00:00Z,3,0,True,0,1,0.60853,0.558478,0.12513,0.55,True,1,1,0.558478,True,1,1
Premier League,2025/26,33,2026-04-18T12:30:00+00:00,Premier|2025|321,Newcastle,Bournemouth,2026-04-18T15:00:00Z,1,2,True,0,GG,0.628843,0.628843,0.0,0.6,True,1,GG,0.628843,True,2,1
Premier League,2025/26,33,2026-04-18T12:30:00+00:00,Premier|2025|322,Tottenham,Brighton,2026-04-18T17:30:00Z,2,2,True,0,GG,0.529854,0.529854,0.0,0.6,False,1,,,False,0,
Premier League,2025/26,33,2026-04-18T12:30:00+00:00,Premier|2025|323,Chelsea,Man United,2026-04-18T20:00:00Z,0,1,True,0,O2.5,0.679,0.679,0.0,0.6,True,0,O2.5,0.679,True,2,0
Premier League,2025/26,33,2026-04-18T12:30:00+00:00,Premier|2025|324,Aston Villa,Sunderland,2026-04-19T14:00:00Z,4,3,True,0,U2.5,0.527181,0.527181,0.0,0.6,False,0,,,False,0,
Premier League,2025/26,33,2026-04-18T12:30:00+00:00,Premier|2025|325,Everton,Liverpool,2026-04-19T14:00:00Z,1,2,True,0,GG,0.579615,0.579615,0.0,0.6,False,1,,,False,0,
Premier League,2025/26,33,2026-04-18T12:30:00+00:00,Premier|2025|326,Nott'm Forest,Burnley,2026-04-19T14:00:00Z,4,1,True,0,1,0.684722,0.659753,0.062422,0.55,True,1,1,0.659753,True,1,1
Premier League,2025/26,33,2026-04-18T12:30:00+00:00,Premier|2025|327,Man City,Arsenal,2026-04-19T16:30:00Z,2,1,True,0,GG,0.540988,0.540988,0.0,0.6,False,1,,,False,0,
Premier League,2025/26,33,2026-04-18T12:30:00+00:00,Premier|2025|328,Crystal Palace,West Ham,2026-04-20T20:00:00Z,0,0,True,0,O2.5,0.628947,0.628947,0.0,0.6,True,0,O2.5,0.628947,True,2,0
Premier League,2025/26,34,2026-04-21T20:00:00+00:00,Premier|2025|329,Brighton,Chelsea,2026-04-21T20:00:00Z,3,0,True,0,GG,0.630134,0.630134,0.0,0.6,True,0,GG,0.630134,True,2,0
Premier League,2025/26,34,2026-04-21T20:00:00+00:00,Premier|2025|330,Bournemouth,Leeds,2026-04-22T20:00:00Z,2,2,True,0,GG,0.622002,0.622002,0.0,0.6,True,1,GG,0.622002,True,2,1
Premier League,2025/26,34,2026-04-21T20:00:00+00:00,Premier|2025|331,Burnley,Man City,2026-04-22T20:00:00Z,0,1,True,0,2,0.893159,0.823056,0.175259,0.55,True,1,2,0.823056,True,2,1
Premier League,2025/26,34,2026-04-21T20:00:00+00:00,Premier|2025|332,Sunderland,Nott'm Forest,2026-04-24T20:00:00Z,0,5,True,0,U2.5,0.536108,0.536108,0.0,0.6,False,0,,,False,0,
Premier League,2025/26,34,2026-04-21T20:00:00+00:00,Premier|2025|333,Fulham,Aston Villa,2026-04-25T12:30:00Z,1,0,True,0,GG,0.563116,0.563116,0.0,0.6,False,0,,,False,0,
Premier League,2025/26,34,2026-04-21T20:00:00+00:00,Premier|2025|334,Liverpool,Crystal Palace,2026-04-25T15:00:00Z,3,1,True,0,GG,0.611344,0.611344,0.0,0.6,True,1,GG,0.611344,True,3,1
Premier League,2025/26,34,2026-04-21T20:00:00+00:00,Premier|2025|335,West Ham,Everton,2026-04-25T15:00:00Z,2,1,True,0,GG,0.56454,0.56454,0.0,0.6,False,1,,,False,0,
Premier League,2025/26,34,2026-04-21T20:00:00+00:00,Premier|2025|336,Wolves,Tottenham,2026-04-25T15:00:00Z,0,1,True,0,U2.5,0.564572,0.564572,0.0,0.6,False,1,,,False,0,
Premier League,2025/26,34,2026-04-21T20:00:00+00:00,Premier|2025|337,Arsenal,Newcastle,2026-04-25T17:30:00Z,1,0,True,0,1,0.688331,0.674559,0.034431,0.55,True,1,1,0.674559,True,1,1
Premier League,2025/26,34,2026-04-27T20:00:00+00:00,Premier|2025|338,Man United,Brentford,2026-04-27T20:00:00Z,2,1,True,0,GG,0.630036,0.630036,0.0,0.6,True,1,GG,0.630036,True,2,1
Premier League,2025/26,35,2026-05-01T20:00:00+00:00,Premier|2025|339,Leeds,Burnley,2026-05-01T20:00:00Z,3,1,True,0,1,0.778587,0.699432,0.197887,0.55,True,1,1,0.699432,True,2,1
Premier League,2025/26,35,2026-05-01T20:00:00+00:00,Premier|2025|340,Brentford,West Ham,2026-05-02T15:00:00Z,3,0,True,0,O2.5,0.629889,0.629889,0.0,0.6,True,1,O2.5,0.629889,True,1,1
Premier League,2025/26,35,2026-05-01T20:00:00+00:00,Premier|2025|341,Newcastle,Brighton,2026-05-02T15:00:00Z,3,1,True,0,GG,0.579406,0.579406,0.0,0.6,False,1,,,False,0,
Premier League,2025/26,35,2026-05-01T20:00:00+00:00,Premier|2025|342,Wolves,Sunderland,2026-05-02T15:00:00Z,1,1,True,0,U2.5,0.577005,0.577005,0.0,0.6,False,1,,,False,0,
Premier League,2025/26,35,2026-05-01T20:00:00+00:00,Premier|2025|343,Arsenal,Fulham,2026-05-02T17:30:00Z,3,0,True,0,1,0.666794,0.650797,0.039994,0.55,True,1,1,0.650797,True,1,1
Premier League,2025/26,35,2026-05-01T20:00:00+00:00,Premier|2025|344,Bournemouth,Crystal Palace,2026-05-03T14:00:00Z,3,0,True,0,GG,0.641121,0.641121,0.0,0.6,True,0,GG,0.641121,True,2,0
Premier League,2025/26,35,2026-05-01T20:00:00+00:00,Premier|2025|345,Man United,Liverpool,2026-05-03T15:30:00Z,3,2,True,0,GG,0.623161,0.623161,0.0,0.6,True,1,GG,0.623161,True,2,1
Premier League,2025/26,35,2026-05-01T20:00:00+00:00,Premier|2025|346,Aston Villa,Tottenham,2026-05-03T19:00:00Z,1,2,True,0,GG,0.523228,0.523228,0.0,0.6,False,1,1,0.552204,True,1,0
Premier League,2025/26,35,2026-05-01T20:00:00+00:00,Premier|2025|347,Chelsea,Nott'm Forest,2026-05-04T15:00:00Z,1,3,True,0,O2.5,0.633972,0.633972,0.0,0.6,True,1,O2.5,0.633972,True,1,1
Premier League,2025/26,35,2026-05-01T20:00:00+00:00,Premier|2025|348,Everton,Man City,2026-05-04T20:00:00Z,3,3,True,0,2,0.743806,0.637204,0.266506,0.55,False,0,,,False,0,
Premier League,2025/26,36,2026-05-09T12:30:00+00:00,Premier|2025|349,Liverpool,Chelsea,2026-05-09T12:30:00Z,1,1,True,0,GG,0.670065,0.670065,0.0,0.6,True,1,GG,0.670065,True,3,1
Premier League,2025/26,36,2026-05-09T12:30:00+00:00,Premier|2025|350,Brighton,Wolves,2026-05-09T15:00:00Z,3,0,True,0,1,0.784675,0.734885,0.124475,0.55,True,1,1,0.734885,True,1,1
Premier League,2025/26,36,2026-05-09T12:30:00+00:00,Premier|2025|351,Fulham,Bournemouth,2026-05-09T15:00:00Z,0,1,True,0,GG,0.608876,0.608876,0.0,0.6,True,0,GG,0.608876,True,1,0
Premier League,2025/26,36,2026-05-09T12:30:00+00:00,Premier|2025|352,Sunderland,Man United,2026-05-09T15:00:00Z,0,0,True,0,2,0.761822,0.616653,0.362922,0.55,False,0,,,False,0,
Premier League,2025/26,36,2026-05-09T12:30:00+00:00,Premier|2025|353,Man City,Brentford,2026-05-09T17:30:00Z,3,0,True,0,1,0.693312,0.679747,0.033912,0.55,True,1,1,0.679747,True,3,1
Premier League,2025/26,36,2026-05-09T12:30:00+00:00,Premier|2025|354,Burnley,Aston Villa,2026-05-10T14:00:00Z,2,2,True,0,2,0.719273,0.646444,0.182073,0.55,True,0,2,0.646444,True,1,0
Premier League,2025/26,36,2026-05-09T12:30:00+00:00,Premier|2025|355,Crystal Palace,Everton,2026-05-10T14:00:00Z,2,2,True,0,GG,0.56968,0.56968,0.0,0.6,False,1,,,False,0,
Premier League,2025/26,36,2026-05-09T12:30:00+00:00,Premier|2025|356,Nott'm Forest,Newcastle,2026-05-10T14:00:00Z,1,1,True,0,GG,0.581168,0.581168,0.0,0.6,False,1,,,False,0,
Premier League,2025/26,36,2026-05-09T12:30:00+00:00,Premier|2025|357,West Ham,Arsenal,2026-05-10T16:30:00Z,0,1,True,0,2,0.698324,0.633114,0.163024,0.55,True,1,2,0.633114,True,1,1
Premier League,2025/26,36,2026-05-09T12:30:00+00:00,Premier|2025|358,Tottenham,Leeds,2026-05-11T20:00:00Z,1,1,True,0,GG,0.531829,0.531829,0.0,0.6,False,1,,,False,0,
Premier League,2025/26,36,2026-05-09T12:30:00+00:00,Premier|2025|359,Man City,Crystal Palace,2026-05-13T20:00:00Z,3,0,True,0,1,0.748579,0.734548,0.035079,0.55,True,1,1,0.734548,True,3,1
Premier League,2025/26,37,2026-05-15T20:00:00+00:00,Premier|2025|360,Aston Villa,Liverpool,2026-05-15T20:00:00Z,4,2,True,0,GG,0.585106,0.585106,0.0,0.6,False,1,,,False,0,
Premier League,2025/26,37,2026-05-15T20:00:00+00:00,Premier|2025|361,Man United,Nott'm Forest,2026-05-17T12:30:00Z,3,2,True,0,O2.5,0.584798,0.584798,0.0,0.6,False,1,,,False,0,
Premier League,2025/26,37,2026-05-15T20:00:00+00:00,Premier|2025|362,Brentford,Crystal Palace,2026-05-17T15:00:00Z,2,2,True,0,GG,0.639072,0.639072,0.0,0.6,True,1,GG,0.639072,True,2,1
Premier League,2025/26,37,2026-05-15T20:00:00+00:00,Premier|2025|363,Everton,Sunderland,2026-05-17T15:00:00Z,1,3,True,0,1,0.653302,0.593701,0.149002,0.55,True,0,1,0.593701,True,1,0
Premier League,2025/26,37,2026-05-15T20:00:00+00:00,Premier|2025|364,Leeds,Brighton,2026-05-17T15:00:00Z,1,0,True,0,GG,0.572696,0.572696,0.0,0.6,False,0,,,False,0,
Premier League,2025/26,37,2026-05-15T20:00:00+00:00,Premier|2025|365,Wolves,Fulham,2026-05-17T15:00:00Z,1,1,True,0,U2.5,0.535954,0.535954,0.0,0.6,False,1,,,False,0,
Premier League,2025/26,37,2026-05-15T20:00:00+00:00,Premier|2025|366,Newcastle,West Ham,2026-05-17T17:30:00Z,3,1,True,0,O2.5,0.600965,0.600965,0.0,0.6,True,1,O2.5,0.600965,True,1,1
Premier League,2025/26,37,2026-05-15T20:00:00+00:00,Premier|2025|367,Arsenal,Burnley,2026-05-18T20:00:00Z,1,0,True,0,1,0.914453,0.887352,0.067753,0.55,True,1,1,0.887352,True,2,1
Premier League,2025/26,37,2026-05-15T20:00:00+00:00,Premier|2025|368,Bournemouth,Man City,2026-05-19T19:30:00Z,1,1,True,0,GG,0.641864,0.641864,0.0,0.6,True,1,GG,0.641864,True,2,1
Premier League,2025/26,37,2026-05-15T20:00:00+00:00,Premier|2025|369,Chelsea,Tottenham,2026-05-19T20:15:00Z,2,1,True,0,O2.5,0.593263,0.593263,0.0,0.6,False,1,,,False,0,
Premier League,2025/26,38,2026-05-24T16:00:00+00:00,Premier|2025|370,Brighton,Man United,2026-05-24T16:00:00Z,0,3,True,0,GG,0.599078,0.599078,0.0,0.6,False,0,,,False,0,
Premier League,2025/26,38,2026-05-24T16:00:00+00:00,Premier|2025|371,Burnley,Wolves,2026-05-24T16:00:00Z,1,1,True,0,U2.5,0.536621,0.536621,0.0,0.6,False,1,,,False,0,
Premier League,2025/26,38,2026-05-24T16:00:00+00:00,Premier|2025|372,Crystal Palace,Arsenal,2026-05-24T16:00:00Z,1,2,True,0,2,0.678427,0.626896,0.128827,0.55,True,1,2,0.626896,True,1,1
Premier League,2025/26,38,2026-05-24T16:00:00+00:00,Premier|2025|373,Fulham,Newcastle,2026-05-24T16:00:00Z,2,0,True,0,GG,0.585848,0.585848,0.0,0.6,False,0,,,False,0,
Premier League,2025/26,38,2026-05-24T16:00:00+00:00,Premier|2025|374,Liverpool,Brentford,2026-05-24T16:00:00Z,1,1,True,0,GG,0.633751,0.633751,0.0,0.6,True,1,GG,0.633751,True,3,1
Premier League,2025/26,38,2026-05-24T16:00:00+00:00,Premier|2025|375,Man City,Aston Villa,2026-05-24T16:00:00Z,1,2,True,0,1,0.780208,0.711045,0.172908,0.55,True,0,1,0.711045,True,2,0
Premier League,2025/26,38,2026-05-24T16:00:00+00:00,Premier|2025|376,Nott'm Forest,Bournemouth,2026-05-24T16:00:00Z,1,1,True,0,GG,0.604084,0.604084,0.0,0.6,True,1,GG,0.604084,True,1,1
Premier League,2025/26,38,2026-05-24T16:00:00+00:00,Premier|2025|377,Sunderland,Chelsea,2026-05-24T16:00:00Z,2,1,True,0,2,0.60126,0.481876,0.29846,0.55,False,0,,,False,0,
Premier League,2025/26,38,2026-05-24T16:00:00+00:00,Premier|2025|378,Tottenham,Everton,2026-05-24T16:00:00Z,1,0,True,0,1,0.533028,0.454737,0.195728,0.55,False,1,,,False,0,
Premier League,2025/26,38,2026-05-24T16:00:00+00:00,Premier|2025|379,West Ham,Leeds,2026-05-24T16:00:00Z,3,0,True,0,GG,0.582526,0.582526,0.0,0.6,False,0,,,False,0,
La Liga,2024/25,1,2024-08-15T18:00:00+00:00,LaLiga|2024|0,Ath Bilbao,Getafe,2024-08-15T18:00:00Z,1,1,True,0,1,0.796338,0.743603,0.131838,0.55,True,0,1,0.743603,True,1,0
La Liga,2024/25,1,2024-08-15T18:00:00+00:00,LaLiga|2024|1,Betis,Girona,2024-08-15T20:30:00Z,1,1,True,0,GG,0.577771,0.577771,0.0,0.6,False,1,,,False,0,
La Liga,2024/25,1,2024-08-15T18:00:00+00:00,LaLiga|2024|2,Celta,Alaves,2024-08-16T18:00:00Z,2,1,True,0,U2.5,0.615847,0.615847,0.0,0.6,True,0,U2.5,0.615847,True,1,0
La Liga,2024/25,1,2024-08-15T18:00:00+00:00,LaLiga|2024|3,Las Palmas,Sevilla,2024-08-16T20:30:00Z,2,2,True,0,U2.5,0.624104,0.624104,0.0,0.6,True,0,U2.5,0.624104,True,1,0
La Liga,2024/25,1,2024-08-15T18:00:00+00:00,LaLiga|2024|4,Osasuna,Leganes,2024-08-17T18:00:00Z,1,1,True,1,U2.5,0.581101,0.581101,0.0,0.6,False,1,,,False,0,
La Liga,2024/25,1,2024-08-15T18:00:00+00:00,LaLiga|2024|5,Valencia,Barcelona,2024-08-17T20:30:00Z,1,2,True,0,2,0.73688,0.686408,0.12618,0.55,True,1,2,0.686408,True,1,1
La Liga,2024/25,1,2024-08-15T18:00:00+00:00,LaLiga|2024|6,Sociedad,Vallecano,2024-08-18T18:00:00Z,1,2,True,0,NG,0.616354,0.616354,0.0,0.6,True,0,NG,0.616354,True,3,0
La Liga,2024/25,1,2024-08-15T18:00:00+00:00,LaLiga|2024|7,Mallorca,Real Madrid,2024-08-18T20:30:00Z,1,1,True,0,2,0.696589,0.700233,0.009111,0.55,True,0,2,0.700233,True,1,0
La Liga,2024/25,1,2024-08-15T18:00:00+00:00,LaLiga|2024|8,Valladolid,Espanol,2024-08-19T18:00:00Z,1,0,True,0,GG,0.582824,0.582824,0.0,0.6,False,0,,,False,0,
La Liga,2024/25,1,2024-08-15T18:00:00+00:00,LaLiga|2024|9,Villarreal,Ath Madrid,2024-08-19T20:30:00Z,2,2,True,0,GG,0.618809,0.618809,0.0,0.6,True,1,GG,0.618809,True,1,1
La Liga,2024/25,2,2024-08-23T18:00:00+00:00,LaLiga|2024|10,Celta,Valencia,2024-08-23T18:00:00Z,3,1,True,0,1,0.641774,0.554624,0.217874,0.55,True,1,1,0.554624,True,1,1
La Liga,2024/25,2,2024-08-23T18:00:00+00:00,LaLiga|2024|11,Sevilla,Villarreal,2024-08-23T20:30:00Z,1,2,True,0,U2.5,0.52425,0.52425,0.0,0.6,False,0,,,False,0,
La Liga,2024/25,2,2024-08-23T18:00:00+00:00,LaLiga|2024|12,Osasuna,Mallorca,2024-08-24T16:00:00Z,1,0,True,0,U2.5,0.540029,0.540029,0.0,0.6,False,1,,,False,0,
La Liga,2024/25,2,2024-08-23T18:00:00+00:00,LaLiga|2024|13,Barcelona,Ath Bilbao,2024-08-24T18:00:00Z,2,1,True,0,1,0.586648,0.550589,0.090148,0.55,True,1,1,0.550589,True,1,1
La Liga,2024/25,2,2024-08-23T18:00:00+00:00,LaLiga|2024|14,Espanol,Sociedad,2024-08-24T20:30:00Z,0,1,True,0,U2.5,0.546847,0.546847,0.0,0.6,False,1,,,False,0,
La Liga,2024/25,2,2024-08-23T18:00:00+00:00,LaLiga|2024|15,Getafe,Vallecano,2024-08-24T20:30:00Z,0,0,True,0,U2.5,0.573929,0.573929,0.0,0.6,False,1,,,False,0,
La Liga,2024/25,2,2024-08-23T18:00:00+00:00,LaLiga|2024|16,Real Madrid,Valladolid,2024-08-25T16:00:00Z,3,0,True,0,1,0.600672,0.712803,0.280328,0.55,False,1,,,False,0,
La Liga,2024/25,2,2024-08-23T18:00:00+00:00,LaLiga|2024|17,Leganes,Las Palmas,2024-08-25T18:00:00Z,2,1,True,0,GG,0.544056,0.544056,0.0,0.6,False,1,,,False,0,
La Liga,2024/25,2,2024-08-23T18:00:00+00:00,LaLiga|2024|18,Alaves,Betis,2024-08-25T18:15:00Z,0,0,True,0,GG,0.529994,0.529994,0.0,0.6,False,0,,,False,0,
La Liga,2024/25,2,2024-08-23T18:00:00+00:00,LaLiga|2024|19,Ath Madrid,Girona,2024-08-25T20:30:00Z,3,0,True,0,U2.5,0.529215,0.529215,0.0,0.6,False,0,,,False,0,
La Liga,2024/25,3,2024-08-26T20:30:00+00:00,LaLiga|2024|20,Villarreal,Celta,2024-08-26T20:30:00Z,4,3,True,0,U2.5,0.52888,0.52888,0.0,0.6,False,0,,,False,0,
La Liga,2024/25,3,2024-08-26T20:30:00+00:00,LaLiga|2024|21,Mallorca,Sevilla,2024-08-27T18:00:00Z,0,0,True,0,U2.5,0.548784,0.548784,0.0,0.6,False,1,,,False,0,
La Liga,2024/25,3,2024-08-26T20:30:00+00:00,LaLiga|2024|22,Vallecano,Barcelona,2024-08-27T20:30:00Z,1,2,True,0,2,0.622794,0.599076,0.059294,0.55,True,1,2,0.599076,True,1,1
La Liga,2024/25,3,2024-08-26T20:30:00+00:00,LaLiga|2024|23,Ath Bilbao,Valencia,2024-08-28T18:00:00Z,1,0,True,0,1,0.606422,0.603413,0.007522,0.55,True,1,1,0.603413,True,1,1
La Liga,2024/25,3,2024-08-26T20:30:00+00:00,LaLiga|2024|24,Valladolid,Leganes,2024-08-28T18:00:00Z,0,0,True,0,GG,0.524193,0.524193,0.0,0.6,False,0,,,False,0,
La Liga,2024/25,3,2024-08-26T20:30:00+00:00,LaLiga|2024|25,Ath Madrid,Espanol,2024-08-28T20:30:00Z,0,0,True,0,1,0.692886,0.713172,0.050714,0.55,True,0,1,0.713172,True,1,0
La Liga,2024/25,3,2024-08-26T20:30:00+00:00,LaLiga|2024|26,Sociedad,Alaves,2024-08-28T20:30:00Z,1,2,True,0,1,0.563537,0.568282,0.011863,0.55,True,0,1,0.568282,True,1,0
La Liga,2024/25,3,2024-08-26T20:30:00+00:00,LaLiga|2024|27,Girona,Osasuna,2024-08-29T18:00:00Z,4,0,True,0,U2.5,0.534784,0.534784,0.0,0.6,False,0,,,False,0,
La Liga,2024/25,3,2024-08-26T20:30:00+00:00,LaLiga|2024|28,Las Palmas,Real Madrid,2024-08-29T20:30:00Z,1,1,True,0,2,0.63945,0.66359,0.06035,0.55,True,0,2,0.66359,True,1,0
La Liga,2024/25,4,2024-08-31T16:00:00+00:00,LaLiga|2024|29,Barcelona,Valladolid,2024-08-31T16:00:00Z,7,0,True,0,1,0.737552,0.748571,0.027548,0.55,True,1,1,0.748571,True,1,1
La Liga,2024/25,4,2024-08-31T16:00:00+00:00,LaLiga|2024|30,Ath Bilbao,Ath Madrid,2024-08-31T18:00:00Z,0,1,True,0,U2.5,0.583731,0.583731,0.0,0.6,False,1,,,False,0,
La Liga,2024/25,4,2024-08-31T16:00:00+00:00,LaLiga|2024|31,Espanol,Vallecano,2024-08-31T18:15:00Z,2,1,True,0,U2.5,0.570381,0.570381,0.0,0.6,False,0,,,False,0,
La Liga,2024/25,4,2024-08-31T16:00:00+00:00,LaLiga|2024|32,Leganes,Mallorca,2024-08-31T20:30:00Z,0,1,True,0,U2.5,0.648243,0.648243,0.0,0.6,True,1,U2.5,0.648243,True,1,1
La Liga,2024/25,4,2024-08-31T16:00:00+00:00,LaLiga|2024|33,Valencia,Villarreal,2024-08-31T20:30:00Z,1,1,True,0,GG,0.627922,0.627922,0.0,0.6,True,1,GG,0.627922,True,2,1
La Liga,2024/25,4,2024-08-31T16:00:00+00:00,LaLiga|2024|34,Alaves,Las Palmas,2024-09-01T16:00:00Z,2,0,True,0,1,0.582765,0.528059,0.136765,0.55,False,1,,,False,0,
La Liga,2024/25,4,2024-08-31T16:00:00+00:00,LaLiga|2024|35,Osasuna,Celta,2024-09-01T16:00:00Z,3,2,True,0,GG,0.595561,0.595561,0.0,0.6,False,1,,,False,0,
La Liga,2024/25,4,2024-08-31T16:00:00+00:00,LaLiga|2024|36,Sevilla,Girona,2024-09-01T18:00:00Z,0,2,True,0,U2.5,0.542581,0.542581,0.0,0.6,False,1,,,False,0,
La Liga,2024/25,4,2024-08-31T16:00:00+00:00,LaLiga|2024|37,Getafe,Sociedad,2024-09-01T18:15:00Z,0,0,True,0,U2.5,0.601623,0.601623,0.0,0.6,True,1,U2.5,0.601623,True,1,1
La Liga,2024/25,4,2024-08-31T16:00:00+00:00,LaLiga|2024|38,Real Madrid,Betis,2024-09-01T20:30:00Z,2,0,True,0,1,0.611815,0.650089,0.095685,0.55,True,1,1,0.650089,True,1,1
La Liga,2024/25,5,2024-09-13T20:00:00+00:00,LaLiga|2024|39,Betis,Leganes,2024-09-13T20:00:00Z,2,0,True,0,U2.5,0.56083,0.56083,0.0,0.6,False,1,,,False,0,
La Liga,2024/25,5,2024-09-13T20:00:00+00:00,LaLiga|2024|40,Mallorca,Villarreal,2024-09-14T13:00:00Z,1,2,True,0,U2.5,0.529693,0.529693,0.0,0.6,False,0,,,False,0,
La Liga,2024/25,5,2024-09-13T20:00:00+00:00,LaLiga|2024|41,Espanol,Alaves,2024-09-14T15:15:00Z,3,2,True,0,GG,0.531808,0.531808,0.0,0.6,False,1,,,False,0,
La Liga,2024/25,5,2024-09-13T20:00:00+00:00,LaLiga|2024|42,Sevilla,Getafe,2024-09-14T17:30:00Z,1,0,True,0,U2.5,0.698209,0.698209,0.0,0.6,True,1,U2.5,0.698209,True,2,1
La Liga,2024/25,5,2024-09-13T20:00:00+00:00,LaLiga|2024|43,Sociedad,Real Madrid,2024-09-14T20:00:00Z,0,2,True,0,2,0.603487,0.543612,0.149687,0.55,False,1,,,False,0,
La Liga,2024/25,5,2024-09-13T20:00:00+00:00,LaLiga|2024|44,Celta,Valladolid,2024-09-15T13:00:00Z,3,1,True,0,1,0.777217,0.65189,0.313317,0.55,False,1,O2.5,0.60615,True,1,1
La Liga,2024/25,5,2024-09-13T20:00:00+00:00,LaLiga|2024|45,Girona,Barcelona,2024-09-15T15:15:00Z,1,4,True,0,GG,0.596044,0.596044,0.0,0.6,False,1,,,False,0,
La Liga,2024/25,5,2024-09-13T20:00:00+00:00,LaLiga|2024|46,Las Palmas,Ath Bilbao,2024-09-15T17:30:00Z,2,3,True,0,U2.5,0.563601,0.563601,0.0,0.6,False,0,,,False,0,
La Liga,2024/25,5,2024-09-13T20:00:00+00:00,LaLiga|2024|47,Ath Madrid,Valencia,2024-09-15T20:00:00Z,3,0,True,0,1,0.851083,0.74577,0.263283,0.55,False,1,,,False,0,
La Liga,2024/25,5,2024-09-13T20:00:00+00:00,LaLiga|2024|48,Vallecano,Osasuna,2024-09-16T20:00:00Z,3,1,True,0,U2.5,0.606988,0.606988,0.0,0.6,True,0,U2.5,0.606988,True,1,0
La Liga,2024/25,5,2024-09-13T20:00:00+00:00,LaLiga|2024|50,Betis,Getafe,2024-09-18T18:00:00Z,2,1,True,0,U2.5,0.696822,0.696822,0.0,0.6,True,0,U2.5,0.696822,True,2,0
La Liga,2024/25,6,2024-09-19T18:00:00+00:00,LaLiga|2024|51,Leganes,Ath Bilbao,2024-09-19T18:00:00Z,0,2,True,0,U2.5,0.656498,0.656498,0.0,0.6,True,1,U2.5,0.656498,True,1,1
La Liga,2024/25,6,2024-09-19T18:00:00+00:00,LaLiga|2024|52,Alaves,Sevilla,2024-09-20T20:00:00Z,2,1,True,0,1,0.548132,0.503039,0.112732,0.55,False,1,,,False,0,
La Liga,2024/25,6,2024-09-19T18:00:00+00:00,LaLiga|2024|54,Osasuna,Las Palmas,2024-09-21T15:15:00Z,2,1,True,0,U2.5,0.535565,0.535565,0.0,0.6,False,0,,,False,0,
La Liga,2024/25,6,2024-09-19T18:00:00+00:00,LaLiga|2024|55,Valencia,Girona,2024-09-21T17:30:00Z,2,0,True,0,2,0.550857,0.510634,0.100557,0.55,False,0,,,False,0,
La Liga,2024/25,6,2024-09-19T18:00:00+00:00,LaLiga|2024|56,Real Madrid,Espanol,2024-09-21T20:00:00Z,4,1,True,0,1,0.79306,0.797156,0.01024,0.55,True,1,1,0.797156,True,1,1
La Liga,2024/25,6,2024-09-19T18:00:00+00:00,LaLiga|2024|59,Villarreal,Barcelona,2024-09-22T17:30:00Z,1,5,True,0,2,0.650156,0.557934,0.230556,0.55,True,1,GG,0.640268,True,3,1
La Liga,2024/25,6,2024-09-19T18:00:00+00:00,LaLiga|2024|60,Vallecano,Ath Madrid,2024-09-22T20:00:00Z,1,1,True,0,U2.5,0.615757,0.615757,0.0,0.6,True,1,U2.5,0.615757,True,2,1
La Liga,2024/25,7,2024-09-23T20:00:00+00:00,LaLiga|2024|61,Betis,Mallorca,2024-09-23T20:00:00Z,1,2,True,0,U2.5,0.620333,0.620333,0.0,0.6,True,0,U2.5,0.620333,True,1,0
La Liga,2024/25,7,2024-09-23T20:00:00+00:00,LaLiga|2024|62,Sevilla,Valladolid,2024-09-24T18:00:00Z,2,1,True,0,1,0.658873,0.576444,0.206073,0.55,True,1,1,0.576444,True,1,1
La Liga,2024/25,7,2024-09-23T20:00:00+00:00,LaLiga|2024|63,Valencia,Osasuna,2024-09-24T18:00:00Z,0,0,True,0,U2.5,0.607661,0.607661,0.0,0.6,True,1,U2.5,0.607661,True,1,1
La Liga,2024/25,7,2024-09-23T20:00:00+00:00,LaLiga|2024|64,Real Madrid,Alaves,2024-09-24T20:00:00Z,3,2,True,0,1,0.693486,0.718092,0.061514,0.55,True,1,1,0.718092,True,1,1
La Liga,2024/25,7,2024-09-23T20:00:00+00:00,LaLiga|2024|65,Girona,Vallecano,2024-09-25T18:00:00Z,0,0,True,0,U2.5,0.6156,0.6156,0.0,0.6,True,1,U2.5,0.6156,True,2,1
La Liga,2024/25,7,2024-09-23T20:00:00+00:00,LaLiga|2024|66,Barcelona,Getafe,2024-09-25T20:00:00Z,1,0,True,0,1,0.79725,0.79551,0.00435,0.55,True,1,1,0.79551,True,1,1
La Liga,2024/25,7,2024-09-23T20:00:00+00:00,LaLiga|2024|67,Espanol,Villarreal,2024-09-26T18:00:00Z,1,2,True,0,GG,0.68149,0.68149,0.0,0.6,True,1,GG,0.68149,True,3,1
La Liga,2024/25,7,2024-09-23T20:00:00+00:00,LaLiga|2024|68,Las Palmas,Betis,2024-09-26T18:00:00Z,1,1,True,0,2,0.598353,0.519332,0.197553,0.55,False,0,,,False,0,
La Liga,2024/25,7,2024-09-23T20:00:00+00:00,LaLiga|2024|69,Celta,Ath Madrid,2024-09-26T20:00:00Z,0,1,True,0,2,0.618478,0.556127,0.155878,0.55,True,1,2,0.556127,True,1,1
La Liga,2024/25,8,2024-09-27T20:00:00+00:00,LaLiga|2024|70,Valladolid,Mallorca,2024-09-27T20:00:00Z,1,2,True,0,U2.5,0.665776,0.665776,0.0,0.6,True,0,U2.5,0.665776,True,1,0
La Liga,2024/25,8,2024-09-27T20:00:00+00:00,LaLiga|2024|71,Getafe,Alaves,2024-09-28T13:00:00Z,2,0,True,0,U2.5,0.635593,0.635593,0.0,0.6,True,1,U2.5,0.635593,True,1,1
La Liga,2024/25,8,2024-09-27T20:00:00+00:00,LaLiga|2024|72,Vallecano,Leganes,2024-09-28T15:15:00Z,1,1,True,0,U2.5,0.673259,0.673259,0.0,0.6,True,1,U2.5,0.673259,True,2,1
La Liga,2024/25,8,2024-09-27T20:00:00+00:00,LaLiga|2024|73,Sociedad,Valencia,2024-09-28T17:30:00Z,3,0,True,0,U2.5,0.602551,0.602551,0.0,0.6,True,0,U2.5,0.602551,True,1,0
La Liga,2024/25,8,2024-09-27T20:00:00+00:00,LaLiga|2024|74,Osasuna,Barcelona,2024-09-28T20:00:00Z,4,2,True,0,2,0.8141,0.71066,0.2586,0.55,False,0,,,False,0,
La Liga,2024/25,8,2024-09-27T20:00:00+00:00,LaLiga|2024|75,Celta,Girona,2024-09-29T13:00:00Z,1,1,True,0,GG,0.546679,0.546679,0.0,0.6,False,1,,,False,0,
La Liga,2024/25,8,2024-09-27T20:00:00+00:00,LaLiga|2024|76,Ath Bilbao,Sevilla,2024-09-29T15:15:00Z,1,1,True,0,U2.5,0.632499,0.632499,0.0,0.6,True,1,U2.5,0.632499,True,2,1
La Liga,2024/25,8,2024-09-27T20:00:00+00:00,LaLiga|2024|77,Betis,Espanol,2024-09-29T17:30:00Z,1,0,True,0,1,0.787416,0.66353,0.309716,0.55,False,1,O2.5,0.626621,True,1,0
La Liga,2024/25,8,2024-09-27T20:00:00+00:00,LaLiga|2024|78,Ath Madrid,Real Madrid,2024-09-29T20:00:00Z,1,1,True,0,GG,0.533587,0.533587,0.0,0.6,False,1,,,False,0,
La Liga,2024/25,8,2024-09-27T20:00:00+00:00,LaLiga|2024|79,Villarreal,Las Palmas,2024-09-30T20:00:00Z,3,1,True,0,1,0.842718,0.754391,0.220818,0.55,True,1,1,0.754391,True,3,1
La Liga,2024/25,9,2024-10-04T20:00:00+00:00,LaLiga|2024|80,Leganes,Valencia,2024-10-04T20:00:00Z,0,0,True,0,U2.5,0.646215,0.646215,0.0,0.6,True,1,U2.5,0.646215,True,1,1
La Liga,2024/25,9,2024-10-04T20:00:00+00:00,LaLiga|2024|81,Espanol,Mallorca,2024-10-05T13:00:00Z,2,1,True,0,2,0.585008,0.486045,0.247408,0.55,False,0,,,False,0,
La Liga,2024/25,9,2024-10-04T20:00:00+00:00,LaLiga|2024|82,Getafe,Osasuna,2024-10-05T15:15:00Z,1,1,True,0,U2.5,0.658384,0.658384,0.0,0.6,True,1,U2.5,0.658384,True,1,1
La Liga,2024/25,9,2024-10-04T20:00:00+00:00,LaLiga|2024|83,Las Palmas,Celta,2024-10-05T17:30:00Z,0,1,True,0,2,0.618106,0.501784,0.290806,0.55,False,1,GG,0.602555,True,1,0
La Liga,2024/25,9,2024-10-04T20:00:00+00:00,LaLiga|2024|84,Valladolid,Vallecano,2024-10-05T17:30:00Z,1,2,True,0,U2.5,0.650952,0.650952,0.0,0.6,True,0,U2.5,0.650952,True,1,0
La Liga,2024/25,9,2024-10-04T20:00:00+00:00,LaLiga|2024|85,Real Madrid,Villarreal,2024-10-05T20:00:00Z,2,0,True,0,1,0.787467,0.72996,0.143767,0.55,True,1,1,0.72996,True,3,1
La Liga,2024/25,9,2024-10-04T20:00:00+00:00,LaLiga|2024|86,Girona,Ath Bilbao,2024-10-06T13:00:00Z,2,1,True,0,U2.5,0.618182,0.618182,0.0,0.6,True,0,U2.5,0.618182,True,1,0
La Liga,2024/25,9,2024-10-04T20:00:00+00:00,LaLiga|2024|87,Alaves,Barcelona,2024-10-06T15:15:00Z,0,3,True,0,2,0.684837,0.631702,0.132837,0.55,True,1,2,0.631702,True,3,1
La Liga,2024/25,9,2024-10-04T20:00:00+00:00,LaLiga|2024|88,Sevilla,Betis,2024-10-06T17:30:00Z,1,0,True,0,U2.5,0.558316,0.558316,0.0,0.6,False,1,,,False,0,
La Liga,2024/25,9,2024-10-04T20:00:00+00:00,LaLiga|2024|89,Sociedad,Ath Madrid,2024-10-06T20:00:00Z,1,1,True,0,U2.5,0.570976,0.570976,0.0,0.6,False,1,,,False,0,
La Liga,2024/25,10,2024-10-18T20:00:00+00:00,LaLiga|2024|90,Alaves,Valladolid,2024-10-18T20:00:00Z,2,3,True,0,1,0.660743,0.599286,0.153643,0.55,True,0,1,0.599286,True,1,0
La Liga,2024/25,10,2024-10-18T20:00:00+00:00,LaLiga|2024|91,Ath Bilbao,Espanol,2024-10-19T13:00:00Z,4,1,True,0,1,0.807262,0.718837,0.221062,0.55,True,1,1,0.718837,True,1,1
La Liga,2024/25,10,2024-10-18T20:00:00+00:00,LaLiga|2024|92,Osasuna,Betis,2024-10-19T15:15:00Z,1,2,True,0,U2.5,0.591226,0.591226,0.0,0.6,False,0,,,False,0,
La Liga,2024/25,10,2024-10-18T20:00:00+00:00,LaLiga|2024|93,Girona,Sociedad,2024-10-19T17:30:00Z,0,1,True,0,U2.5,0.517251,0.517251,0.0,0.6,False,1,,,False,0,
La Liga,2024/25,10,2024-10-18T20:00:00+00:00,LaLiga|2024|94,Celta,Real Madrid,2024-10-19T20:00:00Z,1,2,True,0,2,0.601229,0.615417,0.035471,0.55,True,1,2,0.615417,True,1,1
La Liga,2024/25,10,2024-10-18T20:00:00+00:00,LaLiga|2024|95,Mallorca,Vallecano,2024-10-20T13:00:00Z,1,0,True,0,U2.5,0.639929,0.639929,0.0,0.6,True,1,U2.5,0.639929,True,1,1
La Liga,2024/25,10,2024-10-18T20:00:00+00:00,LaLiga|2024|96,Ath Madrid,Leganes,2024-10-20T15:15:00Z,3,1,True,0,1,0.724514,0.697788,0.066814,0.55,True,1,1,0.697788,True,3,1
La Liga,2024/25,10,2024-10-18T20:00:00+00:00,LaLiga|2024|97,Villarreal,Getafe,2024-10-20T17:30:00Z,1,1,True,0,1,0.596206,0.599284,0.007694,0.55,True,0,1,0.599284,True,1,0
La Liga,2024/25,10,2024-10-18T20:00:00+00:00,LaLiga|2024|98,Barcelona,Sevilla,2024-10-20T20:00:00Z,5,1,True,0,1,0.731643,0.727826,0.009543,0.55,True,1,1,0.727826,True,2,1
La Liga,2024/25,10,2024-10-18T20:00:00+00:00,LaLiga|2024|99,Valencia,Las Palmas,2024-10-21T20:00:00Z,2,3,True,0,1,0.571989,0.551953,0.050089,0.55,True,0,1,0.551953,True,1,0
La Liga,2024/25,11,2024-10-25T20:00:00+00:00,LaLiga|2024|100,Espanol,Sevilla,2024-10-25T20:00:00Z,0,2,True,0,U2.5,0.526405,0.526405,0.0,0.6,False,1,,,False,0,
La Liga,2024/25,11,2024-10-25T20:00:00+00:00,LaLiga|2024|101,Valladolid,Villarreal,2024-10-26T13:00:00Z,1,2,True,0,2,0.652359,0.574936,0.193559,0.55,True,1,2,0.574936,True,1,1
La Liga,2024/25,11,2024-10-25T20:00:00+00:00,LaLiga|2024|102,Vallecano,Alaves,2024-10-26T15:15:00Z,1,0,True,0,U2.5,0.595414,0.595414,0.0,0.6,False,1,,,False,0,
La Liga,2024/25,11,2024-10-25T20:00:00+00:00,LaLiga|2024|103,Las Palmas,Girona,2024-10-26T17:30:00Z,1,0,True,0,2,0.555428,0.520817,0.086528,0.55,False,0,,,False,0,
La Liga,2024/25,11,2024-10-25T20:00:00+00:00,LaLiga|2024|104,Real Madrid,Barcelona,2024-10-26T20:00:00Z,0,4,True,0,GG,0.625269,0.625269,0.0,0.6,True,0,GG,0.625269,True,2,0
La Liga,2024/25,11,2024-10-25T20:00:00+00:00,LaLiga|2024|105,Leganes,Celta,2024-10-27T13:00:00Z,3,0,True,0,U2.5,0.59242,0.59242,0.0,0.6,False,0,,,False,0,
La Liga,2024/25,11,2024-10-25T20:00:00+00:00,LaLiga|2024|106,Getafe,Valencia,2024-10-27T15:15:00Z,1,1,True,0,U2.5,0.626922,0.626922,0.0,0.6,True,1,U2.5,0.626922,True,2,1
La Liga,2024/25,11,2024-10-25T20:00:00+00:00,LaLiga|2024|107,Betis,Ath Madrid,2024-10-27T17:30:00Z,1,0,True,0,U2.5,0.543797,0.543797,0.0,0.6,False,1,,,False,0,
La Liga,2024/25,11,2024-10-25T20:00:00+00:00,LaLiga|2024|108,Sociedad,Osasuna,2024-10-27T20:00:00Z,0,2,True,0,U2.5,0.574107,0.574107,0.0,0.6,False,1,,,False,0,
La Liga,2024/25,11,2024-10-25T20:00:00+00:00,LaLiga|2024|109,Mallorca,Ath Bilbao,2024-10-28T20:00:00Z,0,0,True,0,U2.5,0.619815,0.619815,0.0,0.6,True,1,U2.5,0.619815,True,1,1
La Liga,2024/25,12,2024-11-01T20:00:00+00:00,LaLiga|2024|110,Alaves,Mallorca,2024-11-01T20:00:00Z,1,0,True,0,U2.5,0.603682,0.603682,0.0,0.6,True,1,U2.5,0.603682,True,1,1
La Liga,2024/25,12,2024-11-01T20:00:00+00:00,LaLiga|2024|111,Osasuna,Valladolid,2024-11-02T13:00:00Z,1,0,True,0,1,0.680644,0.637707,0.107344,0.55,True,1,1,0.637707,True,1,1
La Liga,2024/25,12,2024-11-01T20:00:00+00:00,LaLiga|2024|112,Girona,Leganes,2024-11-02T15:15:00Z,4,3,True,0,U2.5,0.586295,0.586295,0.0,0.6,False,0,,,False,0,
La Liga,2024/25,12,2024-11-01T20:00:00+00:00,LaLiga|2024|113,Ath Madrid,Las Palmas,2024-11-03T13:00:00Z,2,0,True,0,1,0.830283,0.75925,0.177583,0.55,True,1,1,0.75925,True,1,1
La Liga,2024/25,12,2024-11-01T20:00:00+00:00,LaLiga|2024|114,Barcelona,Espanol,2024-11-03T15:15:00Z,3,1,True,0,1,0.960366,0.89294,0.168566,0.55,True,1,1,0.89294,True,2,1
La Liga,2024/25,12,2024-11-01T20:00:00+00:00,LaLiga|2024|115,Sevilla,Sociedad,2024-11-03T17:30:00Z,0,2,True,0,U2.5,0.58328,0.58328,0.0,0.6,False,1,,,False,0,
La Liga,2024/25,12,2024-11-01T20:00:00+00:00,LaLiga|2024|116,Ath Bilbao,Betis,2024-11-03T20:00:00Z,1,1,True,0,U2.5,0.575946,0.575946,0.0,0.6,False,1,,,False,0,
La Liga,2024/25,12,2024-11-01T20:00:00+00:00,LaLiga|2024|117,Celta,Getafe,2024-11-04T20:00:00Z,1,0,True,0,U2.5,0.608249,0.608249,0.0,0.6,True,1,U2.5,0.608249,True,1,1
La Liga,2024/25,13,2024-11-08T20:00:00+00:00,LaLiga|2024|118,Vallecano,Las Palmas,2024-11-08T20:00:00Z,1,3,True,0,1,0.637982,0.566149,0.179582,0.55,True,0,1,0.566149,True,1,0
La Liga,2024/25,13,2024-11-08T20:00:00+00:00,LaLiga|2024|119,Real Madrid,Osasuna,2024-11-09T13:00:00Z,4,0,True,0,1,0.63277,0.668622,0.08963,0.55,True,1,1,0.668622,True,1,1
La Liga,2024/25,13,2024-11-08T20:00:00+00:00,LaLiga|2024|120,Villarreal,Alaves,2024-11-09T15:15:00Z,3,0,True,0,1,0.824433,0.71394,0.276233,0.55,False,1,O2.5,0.613864,True,1,1
La Liga,2024/25,13,2024-11-08T20:00:00+00:00,LaLiga|2024|121,Leganes,Sevilla,2024-11-09T20:00:00Z,1,0,True,0,U2.5,0.656111,0.656111,0.0,0.6,True,1,U2.5,0.656111,True,1,1
La Liga,2024/25,13,2024-11-08T20:00:00+00:00,LaLiga|2024|122,Betis,Celta,2024-11-10T13:00:00Z,2,2,True,0,GG,0.558698,0.558698,0.0,0.6,False,1,,,False,0,
La Liga,2024/25,13,2024-11-08T20:00:00+00:00,LaLiga|2024|123,Mallorca,Ath Madrid,2024-11-10T15:15:00Z,0,1,True,0,U2.5,0.657859,0.657859,0.0,0.6,True,1,U2.5,0.657859,True,1,1
La Liga,2024/25,13,2024-11-08T20:00:00+00:00,LaLiga|2024|124,Getafe,Girona,2024-11-10T17:30:00Z,0,1,True,0,U2.5,0.634219,0.634219,0.0,0.6,True,1,U2.5,0.634219,True,1,1
La Liga,2024/25,13,2024-11-08T20:00:00+00:00,LaLiga|2024|125,Valladolid,Ath Bilbao,2024-11-10T17:30:00Z,1,1,True,0,2,0.712219,0.620412,0.229519,0.55,True,0,2,0.620412,True,1,0
La Liga,2024/25,13,2024-11-08T20:00:00+00:00,LaLiga|2024|126,Sociedad,Barcelona,2024-11-10T20:00:00Z,1,0,True,0,GG,0.57663,0.57663,0.0,0.6,False,0,,,False,0,
La Liga,2024/25,14,2024-11-22T20:00:00+00:00,LaLiga|2024|127,Getafe,Valladolid,2024-11-22T20:00:00Z,2,0,True,0,1,0.651222,0.556613,0.236522,0.55,True,1,NG,0.602105,True,2,1
La Liga,2024/25,14,2024-11-22T20:00:00+00:00,LaLiga|2024|128,Valencia,Betis,2024-11-23T13:00:00Z,4,2,True,0,2,0.575234,0.48766,0.218934,0.55,False,0,,,False,0,
La Liga,2024/25,14,2024-11-22T20:00:00+00:00,LaLiga|2024|129,Ath Madrid,Alaves,2024-11-23T15:15:00Z,2,1,True,0,1,0.83617,0.764102,0.18017,0.55,True,1,1,0.764102,True,1,1
La Liga,2024/25,14,2024-11-22T20:00:00+00:00,LaLiga|2024|130,Girona,Espanol,2024-11-23T17:30:00Z,4,1,True,0,1,0.80479,0.728474,0.19079,0.55,True,1,1,0.728474,True,1,1
La Liga,2024/25,14,2024-11-22T20:00:00+00:00,LaLiga|2024|131,Las Palmas,Mallorca,2024-11-23T17:30:00Z,2,3,True,0,U2.5,0.577465,0.577465,0.0,0.6,False,0,,,False,0,
La Liga,2024/25,14,2024-11-22T20:00:00+00:00,LaLiga|2024|132,Celta,Barcelona,2024-11-23T20:00:00Z,2,2,True,0,2,0.72356,0.678336,0.11306,0.55,True,0,2,0.678336,True,2,0
La Liga,2024/25,14,2024-11-22T20:00:00+00:00,LaLiga|2024|133,Osasuna,Villarreal,2024-11-24T13:00:00Z,2,2,True,0,2,0.66085,0.53703,0.30955,0.55,False,0,,,False,0,
La Liga,2024/25,14,2024-11-22T20:00:00+00:00,LaLiga|2024|134,Sevilla,Vallecano,2024-11-24T15:15:00Z,1,0,True,0,U2.5,0.60244,0.60244,0.0,0.6,True,1,U2.5,0.60244,True,1,1
La Liga,2024/25,14,2024-11-22T20:00:00+00:00,LaLiga|2024|135,Leganes,Real Madrid,2024-11-24T17:30:00Z,0,3,True,0,2,0.739457,0.681394,0.145157,0.55,True,1,2,0.681394,True,1,1
La Liga,2024/25,14,2024-11-22T20:00:00+00:00,LaLiga|2024|136,Ath Bilbao,Sociedad,2024-11-24T20:00:00Z,1,0,True,0,U2.5,0.578399,0.578399,0.0,0.6,False,1,,,False,0,
La Liga,2024/25,15,2024-11-29T20:00:00+00:00,LaLiga|2024|137,Mallorca,Valencia,2024-11-29T20:00:00Z,2,1,True,0,NG,0.599515,0.599515,0.0,0.6,False,0,,,False,0,
La Liga,2024/25,15,2024-11-29T20:00:00+00:00,LaLiga|2024|138,Barcelona,Las Palmas,2024-11-30T13:00:00Z,1,2,True,0,1,0.946752,0.873251,0.183752,0.55,True,0,1,0.873251,True,2,0
La Liga,2024/25,15,2024-11-29T20:00:00+00:00,LaLiga|2024|139,Alaves,Leganes,2024-11-30T15:15:00Z,1,1,True,0,U2.5,0.606827,0.606827,0.0,0.6,True,1,U2.5,0.606827,True,1,1
La Liga,2024/25,15,2024-11-29T20:00:00+00:00,LaLiga|2024|140,Espanol,Celta,2024-11-30T17:30:00Z,3,1,True,0,2,0.570195,0.476037,0.235395,0.55,False,0,,,False,0,
La Liga,2024/25,15,2024-11-29T20:00:00+00:00,LaLiga|2024|141,Valladolid,Ath Madrid,2024-11-30T20:00:00Z,0,5,True,0,2,0.808093,0.714016,0.235193,0.55,True,1,2,0.714016,True,1,1
La Liga,2024/25,15,2024-11-29T20:00:00+00:00,LaLiga|2024|142,Villarreal,Girona,2024-12-01T13:00:00Z,2,2,True,0,GG,0.562598,0.562598,0.0,0.6,False,1,,,False,0,
La Liga,2024/25,15,2024-11-29T20:00:00+00:00,LaLiga|2024|143,Real Madrid,Getafe,2024-12-01T15:15:00Z,2,0,True,0,1,0.704744,0.753646,0.122256,0.55,True,1,1,0.753646,True,1,1
La Liga,2024/25,15,2024-11-29T20:00:00+00:00,LaLiga|2024|144,Vallecano,Ath Bilbao,2024-12-01T17:30:00Z,1,2,True,0,U2.5,0.587828,0.587828,0.0,0.6,False,0,,,False,0,
La Liga,2024/25,15,2024-11-29T20:00:00+00:00,LaLiga|2024|145,Sociedad,Betis,2024-12-01T20:00:00Z,2,0,True,0,GG,0.524158,0.524158,0.0,0.6,False,0,,,False,0,
La Liga,2024/25,15,2024-11-29T20:00:00+00:00,LaLiga|2024|146,Sevilla,Osasuna,2024-12-02T20:00:00Z,1,1,True,0,U2.5,0.568682,0.568682,0.0,0.6,False,1,,,False,0,
La Liga,2024/25,16,2024-12-03T18:00:00+00:00,LaLiga|2024|147,Mallorca,Barcelona,2024-12-03T18:00:00Z,1,5,True,0,2,0.568648,0.558429,0.025548,0.55,True,1,2,0.558429,True,1,1
La Liga,2024/25,16,2024-12-03T18:00:00+00:00,LaLiga|2024|148,Ath Bilbao,Real Madrid,2024-12-04T20:00:00Z,2,1,True,0,U2.5,0.545528,0.545528,0.0,0.6,False,0,,,False,0,
La Liga,2024/25,16,2024-12-03T18:00:00+00:00,LaLiga|2024|150,Las Palmas,Valladolid,2024-12-07T13:00:00Z,2,1,True,0,1,0.631911,0.593187,0.096811,0.55,True,1,1,0.593187,True,1,1
La Liga,2024/25,16,2024-12-03T18:00:00+00:00,LaLiga|2024|153,Girona,Real Madrid,2024-12-07T20:00:00Z,0,3,True,0,2,0.587966,0.539179,0.121966,0.55,False,1,,,False,0,
La Liga,2024/25,16,2024-12-03T18:00:00+00:00,LaLiga|2024|154,Leganes,Sociedad,2024-12-08T13:00:00Z,0,3,True,0,U2.5,0.662894,0.662894,0.0,0.6,True,0,U2.5,0.662894,True,1,0
La Liga,2024/25,16,2024-12-03T18:00:00+00:00,LaLiga|2024|156,Osasuna,Alaves,2024-12-08T17:30:00Z,2,2,True,0,U2.5,0.528369,0.528369,0.0,0.6,False,0,,,False,0,
La Liga,2024/25,16,2024-12-08T20:00:00+00:00,LaLiga|2024|157,Ath Madrid,Sevilla,2024-12-08T20:00:00Z,4,3,True,0,1,0.721611,0.688327,0.083211,0.55,True,1,1,0.688327,True,1,1
La Liga,2024/25,16,2024-12-08T20:00:00+00:00,LaLiga|2024|158,Getafe,Espanol,2024-12-09T20:00:00Z,1,0,True,0,1,0.624529,0.535477,0.222629,0.55,False,1,,,False,0,
La Liga,2024/25,17,2024-12-13T20:00:00+00:00,LaLiga|2024|159,Valladolid,Valencia,2024-12-13T20:00:00Z,1,0,True,0,U2.5,0.587445,0.587445,0.0,0.6,False,1,,,False,0,
La Liga,2024/25,17,2024-12-13T20:00:00+00:00,LaLiga|2024|160,Espanol,Osasuna,2024-12-14T13:00:00Z,0,0,True,0,GG,0.53026,0.53026,0.0,0.6,False,0,,,False,0,
La Liga,2024/25,17,2024-12-13T20:00:00+00:00,LaLiga|2024|162,Sevilla,Celta,2024-12-14T17:30:00Z,1,0,True,0,U2.5,0.554572,0.554572,0.0,0.6,False,1,,,False,0,
La Liga,2024/25,17,2024-12-13T20:00:00+00:00,LaLiga|2024|163,Vallecano,Real Madrid,2024-12-14T20:00:00Z,3,3,True,0,2,0.66182,0.663932,0.00528,0.55,True,0,2,0.663932,True,1,0
La Liga,2024/25,17,2024-12-13T20:00:00+00:00,LaLiga|2024|164,Ath Madrid,Getafe,2024-12-15T13:00:00Z,1,0,True,0,1,0.722494,0.710496,0.029994,0.55,True,1,1,0.710496,True,3,1
La Liga,2024/25,17,2024-12-13T20:00:00+00:00,LaLiga|2024|166,Sociedad,Las Palmas,2024-12-15T17:30:00Z,0,0,True,0,1,0.810772,0.704903,0.264672,0.55,False,0,,,False,0,
La Liga,2024/25,17,2024-12-13T20:00:00+00:00,LaLiga|2024|167,Villarreal,Betis,2024-12-15T17:30:00Z,1,2,True,0,O2.5,0.617902,0.617902,0.0,0.6,True,1,O2.5,0.617902,True,3,1
La Liga,2024/25,18,2024-12-15T20:00:00+00:00,LaLiga|2024|168,Barcelona,Leganes,2024-12-15T20:00:00Z,0,1,True,0,1,0.93699,0.851354,0.21409,0.55,True,0,1,0.851354,True,2,0
La Liga,2024/25,18,2024-12-15T20:00:00+00:00,LaLiga|2024|171,Girona,Valladolid,2024-12-20T20:00:00Z,3,0,True,0,1,0.798288,0.736373,0.154788,0.55,True,1,1,0.736373,True,1,1
La Liga,2024/25,19,2024-12-21T13:00:00+00:00,LaLiga|2024|172,Getafe,Mallorca,2024-12-21T13:00:00Z,0,1,True,0,U2.5,0.673221,0.673221,0.0,0.6,True,1,U2.5,0.673221,True,2,1
La Liga,2024/25,19,2024-12-21T13:00:00+00:00,LaLiga|2024|174,Osasuna,Ath Bilbao,2024-12-21T17:30:00Z,1,2,True,0,2,0.630958,0.541295,0.224158,0.55,False,1,,,False,0,
La Liga,2024/25,19,2024-12-21T13:00:00+00:00,LaLiga|2024|175,Barcelona,Ath Madrid,2024-12-21T20:00:00Z,1,2,True,0,GG,0.600773,0.600773,0.0,0.6,True,1,GG,0.600773,True,1,1
La Liga,2024/25,18,2024-12-22T13:00:00+00:00,LaLiga|2024|176,Valencia,Alaves,2024-12-22T13:00:00Z,2,2,True,0,U2.5,0.562104,0.562104,0.0,0.6,False,0,,,False,0,
La Liga,2024/25,18,2024-12-22T13:00:00+00:00,LaLiga|2024|177,Real Madrid,Sevilla,2024-12-22T15:15:00Z,4,2,True,0,1,0.78254,0.767764,0.03694,0.55,True,1,1,0.767764,True,1,1
La Liga,2024/25,18,2024-12-22T13:00:00+00:00,LaLiga|2024|178,Las Palmas,Espanol,2024-12-22T17:30:00Z,1,0,True,0,1,0.599607,0.560604,0.097507,0.55,True,1,1,0.560604,True,1,1
La Liga,2024/25,18,2024-12-22T13:00:00+00:00,LaLiga|2024|179,Leganes,Villarreal,2024-12-22T17:30:00Z,2,5,True,0,2,0.643613,0.522968,0.301613,0.55,False,1,,,False,0,
La Liga,2024/25,18,2024-12-22T13:00:00+00:00,LaLiga|2024|180,Betis,Vallecano,2024-12-22T20:00:00Z,1,1,True,0,1,0.66158,0.605108,0.14118,0.55,True,0,1,0.605108,True,1,0
La Liga,2024/25,19,2025-01-03T20:00:00+00:00,LaLiga|2024|181,Valencia,Real Madrid,2025-01-03T20:00:00Z,1,2,True,0,2,0.726582,0.696669,0.074782,0.55,True,1,2,0.696669,True,1,1
La Liga,2024/25,19,2025-01-10T20:00:00+00:00,LaLiga|2024|182,Vallecano,Celta,2025-01-10T20:00:00Z,2,1,True,0,U2.5,0.560132,0.560132,0.0,0.6,False,0,,,False,0,
La Liga,2024/25,19,2025-01-10T20:00:00+00:00,LaLiga|2024|183,Alaves,Girona,2025-01-11T13:00:00Z,0,1,True,0,U2.5,0.57814,0.57814,0.0,0.6,False,1,,,False,0,
La Liga,2024/25,19,2025-01-10T20:00:00+00:00,LaLiga|2024|184,Valladolid,Betis,2025-01-11T15:15:00Z,1,0,True,0,2,0.704558,0.594815,0.274358,0.55,False,0,,,False,0,
La Liga,2024/25,19,2025-01-10T20:00:00+00:00,LaLiga|2024|185,Espanol,Leganes,2025-01-11T17:30:00Z,1,1,True,0,U2.5,0.596397,0.596397,0.0,0.6,False,1,,,False,0,
La Liga,2024/25,19,2025-01-10T20:00:00+00:00,LaLiga|2024|186,Sevilla,Valencia,2025-01-11T20:00:00Z,1,1,True,0,U2.5,0.582463,0.582463,0.0,0.6,False,1,,,False,0,
La Liga,2024/25,19,2025-01-10T20:00:00+00:00,LaLiga|2024|187,Las Palmas,Getafe,2025-01-12T13:00:00Z,1,2,True,0,U2.5,0.620911,0.620911,0.0,0.6,True,0,U2.5,0.620911,True,1,0
La Liga,2024/25,19,2025-01-10T20:00:00+00:00,LaLiga|2024|188,Ath Madrid,Osasuna,2025-01-12T15:15:00Z,1,0,True,0,1,0.831331,0.753079,0.195631,0.55,True,1,1,0.753079,True,1,1
La Liga,2024/25,19,2025-01-10T20:00:00+00:00,LaLiga|2024|189,Sociedad,Villarreal,2025-01-13T20:00:00Z,1,0,True,0,GG,0.550638,0.550638,0.0,0.6,False,0,,,False,0,
La Liga,2024/25,20,2025-01-17T20:00:00+00:00,LaLiga|2024|190,Espanol,Valladolid,2025-01-17T20:00:00Z,2,1,True,0,U2.5,0.578587,0.578587,0.0,0.6,False,0,,,False,0,
La Liga,2024/25,20,2025-01-17T20:00:00+00:00,LaLiga|2024|191,Girona,Sevilla,2025-01-18T13:00:00Z,1,2,True,0,U2.5,0.598825,0.598825,0.0,0.6,False,0,1,0.564242,True,1,0
La Liga,2024/25,20,2025-01-17T20:00:00+00:00,LaLiga|2024|192,Leganes,Ath Madrid,2025-01-18T15:15:00Z,1,0,True,0,2,0.824286,0.702531,0.304386,0.55,False,0,,,False,0,
La Liga,2024/25,20,2025-01-17T20:00:00+00:00,LaLiga|2024|193,Betis,Alaves,2025-01-18T17:30:00Z,1,3,True,0,1,0.594445,0.553587,0.102145,0.55,True,0,1,0.553587,True,1,0
La Liga,2024/25,20,2025-01-17T20:00:00+00:00,LaLiga|2024|194,Getafe,Barcelona,2025-01-18T20:00:00Z,1,1,True,0,2,0.660789,0.612074,0.121789,0.55,True,0,2,0.612074,True,1,0
La Liga,2024/25,20,2025-01-17T20:00:00+00:00,LaLiga|2024|195,Celta,Ath Bilbao,2025-01-19T13:00:00Z,1,2,True,0,U2.5,0.566781,0.566781,0.0,0.6,False,0,,,False,0,
La Liga,2024/25,20,2025-01-17T20:00:00+00:00,LaLiga|2024|196,Real Madrid,Las Palmas,2025-01-19T15:15:00Z,4,1,True,0,1,0.842699,0.81014,0.081399,0.55,True,1,1,0.81014,True,2,1
La Liga,2024/25,20,2025-01-17T20:00:00+00:00,LaLiga|2024|197,Osasuna,Vallecano,2025-01-19T17:30:00Z,1,1,True,0,U2.5,0.569911,0.569911,0.0,0.6,False,1,,,False,0,
La Liga,2024/25,20,2025-01-17T20:00:00+00:00,LaLiga|2024|198,Valencia,Sociedad,2025-01-19T20:00:00Z,1,0,True,0,U2.5,0.633477,0.633477,0.0,0.6,True,1,U2.5,0.633477,True,1,1
La Liga,2024/25,20,2025-01-17T20:00:00+00:00,LaLiga|2024|199,Villarreal,Mallorca,2025-01-20T20:00:00Z,4,0,True,0,1,0.697665,0.609439,0.220565,0.55,True,1,1,0.609439,True,1,1
La Liga,2024/25,21,2025-01-24T20:00:00+00:00,LaLiga|2024|200,Las Palmas,Osasuna,2025-01-24T20:00:00Z,1,1,True,0,U2.5,0.535867,0.535867,0.0,0.6,False,1,,,False,0,
La Liga,2024/25,21,2025-01-24T20:00:00+00:00,LaLiga|2024|201,Mallorca,Betis,2025-01-25T13:00:00Z,0,1,True,0,U2.5,0.5473,0.5473,0.0,0.6,False,1,,,False,0,
La Liga,2024/25,21,2025-01-24T20:00:00+00:00,LaLiga|2024|202,Ath Madrid,Villarreal,2025-01-25T15:15:00Z,1,1,True,0,1,0.616731,0.594278,0.056131,0.55,True,0,1,0.594278,True,1,0
La Liga,2024/25,21,2025-01-24T20:00:00+00:00,LaLiga|2024|203,Sevilla,Espanol,2025-01-25T17:30:00Z,1,1,True,0,1,0.588164,0.557218,0.077364,0.55,True,0,1,0.557218,True,1,0
La Liga,2024/25,21,2025-01-24T20:00:00+00:00,LaLiga|2024|204,Valladolid,Real Madrid,2025-01-25T20:00:00Z,0,3,True,0,2,0.846198,0.792319,0.134698,0.55,True,1,2,0.792319,True,1,1
La Liga,2024/25,21,2025-01-24T20:00:00+00:00,LaLiga|2024|205,Vallecano,Girona,2025-01-26T13:00:00Z,2,1,True,0,U2.5,0.60109,0.60109,0.0,0.6,True,0,U2.5,0.60109,True,1,0
La Liga,2024/25,21,2025-01-24T20:00:00+00:00,LaLiga|2024|206,Sociedad,Getafe,2025-01-26T15:15:00Z,0,3,True,0,U2.5,0.665597,0.665597,0.0,0.6,True,0,U2.5,0.665597,True,2,0
La Liga,2024/25,21,2025-01-24T20:00:00+00:00,LaLiga|2024|207,Ath Bilbao,Leganes,2025-01-26T17:30:00Z,0,0,True,0,1,0.859728,0.756077,0.259128,0.55,False,0,NG,0.610627,True,1,1
La Liga,2024/25,21,2025-01-24T20:00:00+00:00,LaLiga|2024|208,Barcelona,Valencia,2025-01-26T20:00:00Z,7,1,True,0,1,0.840075,0.773525,0.166375,0.55,True,1,1,0.773525,True,2,1
La Liga,2024/25,21,2025-01-24T20:00:00+00:00,LaLiga|2024|209,Alaves,Celta,2025-01-27T20:00:00Z,1,1,True,0,U2.5,0.539524,0.539524,0.0,0.6,False,1,,,False,0,
La Liga,2024/25,22,2025-01-31T20:00:00+00:00,LaLiga|2024|210,Leganes,Vallecano,2025-01-31T20:00:00Z,0,1,True,0,U2.5,0.592299,0.592299,0.0,0.6,False,1,,,False,0,
La Liga,2024/25,22,2025-01-31T20:00:00+00:00,LaLiga|2024|211,Getafe,Sevilla,2025-02-01T13:00:00Z,0,0,True,0,U2.5,0.644063,0.644063,0.0,0.6,True,1,U2.5,0.644063,True,1,1
La Liga,2024/25,22,2025-01-31T20:00:00+00:00,LaLiga|2024|212,Villarreal,Valladolid,2025-02-01T15:15:00Z,5,1,True,0,1,0.912891,0.800975,0.279791,0.55,False,1,O2.5,0.615415,True,1,1
La Liga,2024/25,22,2025-01-31T20:00:00+00:00,LaLiga|2024|213,Ath Madrid,Mallorca,2025-02-01T17:30:00Z,2,0,True,0,1,0.716086,0.692131,0.059886,0.55,True,1,1,0.692131,True,1,1
La Liga,2024/25,22,2025-01-31T20:00:00+00:00,LaLiga|2024|214,Espanol,Real Madrid,2025-02-01T20:00:00Z,1,0,True,0,2,0.755018,0.719411,0.089018,0.55,True,0,2,0.719411,True,1,0
La Liga,2024/25,22,2025-01-31T20:00:00+00:00,LaLiga|2024|215,Barcelona,Alaves,2025-02-02T13:00:00Z,1,0,True,0,1,0.823976,0.759466,0.161276,0.55,True,1,1,0.759466,True,2,1
La Liga,2024/25,22,2025-01-31T20:00:00+00:00,LaLiga|2024|216,Valencia,Celta,2025-02-02T15:15:00Z,2,1,True,0,U2.5,0.555696,0.555696,0.0,0.6,False,0,,,False,0,
La Liga,2024/25,22,2025-01-31T20:00:00+00:00,LaLiga|2024|217,Osasuna,Sociedad,2025-02-02T17:30:00Z,2,1,True,0,U2.5,0.641597,0.641597,0.0,0.6,True,0,U2.5,0.641597,True,1,0
La Liga,2024/25,22,2025-01-31T20:00:00+00:00,LaLiga|2024|218,Betis,Ath Bilbao,2025-02-02T20:00:00Z,2,2,True,0,U2.5,0.559175,0.559175,0.0,0.6,False,0,,,False,0,
La Liga,2024/25,22,2025-01-31T20:00:00+00:00,LaLiga|2024|219,Girona,Las Palmas,2025-02-03T20:00:00Z,2,1,True,0,1,0.786235,0.678701,0.268835,0.55,False,1,,,False,0,
La Liga,2024/25,23,2025-02-07T20:00:00+00:00,LaLiga|2024|220,Vallecano,Valladolid,2025-02-07T20:00:00Z,1,0,True,0,1,0.77725,0.69279,0.21115,0.55,True,1,1,0.69279,True,1,1
La Liga,2024/25,23,2025-02-07T20:00:00+00:00,LaLiga|2024|221,Celta,Betis,2025-02-08T13:00:00Z,3,2,True,0,GG,0.521916,0.521916,0.0,0.6,False,1,,,False,0,
La Liga,2024/25,23,2025-02-07T20:00:00+00:00,LaLiga|2024|222,Ath Bilbao,Girona,2025-02-08T15:15:00Z,3,0,True,0,U2.5,0.571527,0.571527,0.0,0.6,False,0,,,False,0,
La Liga,2024/25,23,2025-02-07T20:00:00+00:00,LaLiga|2024|223,Las Palmas,Villarreal,2025-02-08T17:30:00Z,1,2,True,0,2,0.851206,0.661524,0.474206,0.55,False,1,O2.5,0.646302,True,1,1
La Liga,2024/25,23,2025-02-07T20:00:00+00:00,LaLiga|2024|224,Real Madrid,Ath Madrid,2025-02-08T20:00:00Z,1,1,True,0,1,0.550568,0.535381,0.037968,0.55,False,0,,,False,0,
La Liga,2024/25,23,2025-02-07T20:00:00+00:00,LaLiga|2024|225,Alaves,Getafe,2025-02-09T13:00:00Z,0,1,True,0,U2.5,0.645897,0.645897,0.0,0.6,True,1,U2.5,0.645897,True,1,1
La Liga,2024/25,23,2025-02-07T20:00:00+00:00,LaLiga|2024|226,Valencia,Leganes,2025-02-09T15:15:00Z,2,0,True,0,1,0.606636,0.523662,0.207436,0.55,False,1,,,False,0,
La Liga,2024/25,23,2025-02-07T20:00:00+00:00,LaLiga|2024|227,Sociedad,Espanol,2025-02-09T17:30:00Z,2,1,True,0,U2.5,0.581397,0.581397,0.0,0.6,False,0,,,False,0,
La Liga,2024/25,23,2025-02-07T20:00:00+00:00,LaLiga|2024|228,Sevilla,Barcelona,2025-02-09T20:00:00Z,1,4,True,0,2,0.76649,0.650614,0.28969,0.55,False,1,,,False,0,
La Liga,2024/25,23,2025-02-07T20:00:00+00:00,LaLiga|2024|229,Mallorca,Osasuna,2025-02-10T20:00:00Z,1,1,True,0,U2.5,0.616934,0.616934,0.0,0.6,True,1,U2.5,0.616934,True,1,1
La Liga,2024/25,24,2025-02-14T20:00:00+00:00,LaLiga|2024|230,Girona,Getafe,2025-02-14T20:00:00Z,1,2,True,0,U2.5,0.615897,0.615897,0.0,0.6,True,0,U2.5,0.615897,True,1,0
La Liga,2024/25,24,2025-02-14T20:00:00+00:00,LaLiga|2024|231,Leganes,Alaves,2025-02-15T13:00:00Z,3,3,True,0,U2.5,0.624488,0.624488,0.0,0.6,True,0,U2.5,0.624488,True,1,0
La Liga,2024/25,24,2025-02-14T20:00:00+00:00,LaLiga|2024|232,Osasuna,Real Madrid,2025-02-15T15:15:00Z,1,1,True,0,2,0.70151,0.631666,0.17461,0.55,True,0,2,0.631666,True,1,0
La Liga,2024/25,24,2025-02-14T20:00:00+00:00,LaLiga|2024|233,Ath Madrid,Celta,2025-02-15T17:30:00Z,1,1,True,0,1,0.669453,0.677512,0.020147,0.55,True,0,1,0.677512,True,1,0
La Liga,2024/25,24,2025-02-14T20:00:00+00:00,LaLiga|2024|234,Villarreal,Valencia,2025-02-15T20:00:00Z,1,1,True,0,1,0.812835,0.704941,0.269735,0.55,False,0,O2.5,0.610882,True,1,0
La Liga,2024/25,24,2025-02-14T20:00:00+00:00,LaLiga|2024|235,Espanol,Ath Bilbao,2025-02-16T13:00:00Z,1,1,True,0,2,0.63116,0.576536,0.13656,0.55,True,0,2,0.576536,True,1,0
La Liga,2024/25,24,2025-02-14T20:00:00+00:00,LaLiga|2024|236,Valladolid,Sevilla,2025-02-16T15:15:00Z,0,4,True,0,U2.5,0.616535,0.616535,0.0,0.6,True,0,U2.5,0.616535,True,1,0
La Liga,2024/25,24,2025-02-14T20:00:00+00:00,LaLiga|2024|237,Mallorca,Las Palmas,2025-02-16T17:30:00Z,3,1,True,0,1,0.609237,0.536462,0.181937,0.55,False,1,,,False,0,
La Liga,2024/25,24,2025-02-14T20:00:00+00:00,LaLiga|2024|238,Betis,Sociedad,2025-02-16T20:00:00Z,3,0,True,0,U2.5,0.573597,0.573597,0.0,0.6,False,0,,,False,0,
La Liga,2024/25,24,2025-02-14T20:00:00+00:00,LaLiga|2024|239,Barcelona,Vallecano,2025-02-17T20:00:00Z,1,0,True,0,1,0.79972,0.737632,0.15522,0.55,True,1,1,0.737632,True,2,1
La Liga,2024/25,25,2025-02-21T20:00:00+00:00,LaLiga|2024|240,Celta,Osasuna,2025-02-21T20:00:00Z,1,0,True,0,U2.5,0.540857,0.540857,0.0,0.6,False,1,,,False,0,
La Liga,2024/25,25,2025-02-21T20:00:00+00:00,LaLiga|2024|241,Alaves,Espanol,2025-02-22T13:00:00Z,0,1,True,0,U2.5,0.584934,0.584934,0.0,0.6,False,1,,,False,0,
La Liga,2024/25,25,2025-02-21T20:00:00+00:00,LaLiga|2024|242,Vallecano,Villarreal,2025-02-22T15:15:00Z,0,1,True,0,GG,0.587618,0.587618,0.0,0.6,False,0,,,False,0,
La Liga,2024/25,25,2025-02-21T20:00:00+00:00,LaLiga|2024|243,Valencia,Ath Madrid,2025-02-22T17:30:00Z,0,3,True,0,2,0.566407,0.536764,0.074107,0.55,False,1,,,False,0,
La Liga,2024/25,25,2025-02-21T20:00:00+00:00,LaLiga|2024|244,Las Palmas,Barcelona,2025-02-22T20:00:00Z,0,2,True,0,2,0.923646,0.770787,0.382146,0.55,False,1,O2.5,0.715207,True,2,0
La Liga,2024/25,25,2025-02-21T20:00:00+00:00,LaLiga|2024|245,Ath Bilbao,Valladolid,2025-02-23T13:00:00Z,7,1,True,0,1,0.892935,0.836041,0.142235,0.55,True,1,1,0.836041,True,2,1
La Liga,2024/25,25,2025-02-21T20:00:00+00:00,LaLiga|2024|246,Real Madrid,Girona,2025-02-23T15:15:00Z,2,0,True,0,1,0.878217,0.78433,0.234717,0.55,True,1,1,0.78433,True,1,1
La Liga,2024/25,25,2025-02-21T20:00:00+00:00,LaLiga|2024|247,Getafe,Betis,2025-02-23T17:30:00Z,1,2,True,0,U2.5,0.601911,0.601911,0.0,0.6,True,0,U2.5,0.601911,True,1,0
La Liga,2024/25,25,2025-02-21T20:00:00+00:00,LaLiga|2024|248,Sociedad,Leganes,2025-02-23T20:00:00Z,3,0,True,0,NG,0.592457,0.592457,0.0,0.6,False,1,,,False,0,
La Liga,2024/25,25,2025-02-21T20:00:00+00:00,LaLiga|2024|249,Sevilla,Mallorca,2025-02-24T20:00:00Z,1,1,True,0,U2.5,0.639525,0.639525,0.0,0.6,True,1,U2.5,0.639525,True,1,1
La Liga,2024/25,26,2025-02-28T20:00:00+00:00,LaLiga|2024|250,Valladolid,Las Palmas,2025-02-28T20:00:00Z,1,1,True,0,U2.5,0.524903,0.524903,0.0,0.6,False,1,,,False,0,
La Liga,2024/25,26,2025-02-28T20:00:00+00:00,LaLiga|2024|251,Girona,Celta,2025-03-01T13:00:00Z,2,2,True,0,U2.5,0.559868,0.559868,0.0,0.6,False,0,,,False,0,
La Liga,2024/25,26,2025-02-28T20:00:00+00:00,LaLiga|2024|252,Vallecano,Sevilla,2025-03-01T15:15:00Z,1,1,True,0,U2.5,0.578173,0.578173,0.0,0.6,False,1,,,False,0,
La Liga,2024/25,26,2025-02-28T20:00:00+00:00,LaLiga|2024|253,Betis,Real Madrid,2025-03-01T17:30:00Z,2,1,True,0,GG,0.574112,0.574112,0.0,0.6,False,1,,,False,0,
La Liga,2024/25,26,2025-02-28T20:00:00+00:00,LaLiga|2024|254,Ath Madrid,Ath Bilbao,2025-03-01T20:00:00Z,1,0,True,0,U2.5,0.561743,0.561743,0.0,0.6,False,1,,,False,0,
La Liga,2024/25,26,2025-02-28T20:00:00+00:00,LaLiga|2024|255,Leganes,Getafe,2025-03-02T13:00:00Z,1,0,True,0,U2.5,0.663281,0.663281,0.0,0.6,True,1,U2.5,0.663281,True,1,1
La Liga,2024/25,26,2025-02-28T20:00:00+00:00,LaLiga|2024|256,Barcelona,Sociedad,2025-03-02T15:15:00Z,4,0,True,0,1,0.848209,0.765085,0.207809,0.55,True,1,1,0.765085,True,1,1
La Liga,2024/25,26,2025-02-28T20:00:00+00:00,LaLiga|2024|257,Mallorca,Alaves,2025-03-02T17:30:00Z,1,1,True,0,U2.5,0.624578,0.624578,0.0,0.6,True,1,U2.5,0.624578,True,1,1
La Liga,2024/25,26,2025-02-28T20:00:00+00:00,LaLiga|2024|258,Osasuna,Valencia,2025-03-02T20:00:00Z,3,3,True,0,U2.5,0.558432,0.558432,0.0,0.6,False,0,,,False,0,
La Liga,2024/25,27,2025-03-08T13:00:00+00:00,LaLiga|2024|259,Celta,Leganes,2025-03-08T13:00:00Z,2,1,True,0,1,0.799938,0.653723,0.365538,0.55,False,1,,,False,0,
La Liga,2024/25,27,2025-03-08T13:00:00+00:00,LaLiga|2024|260,Alaves,Villarreal,2025-03-08T15:15:00Z,1,0,True,0,2,0.661663,0.573838,0.219563,0.55,True,0,2,0.573838,True,1,0
La Liga,2024/25,27,2025-03-08T13:00:00+00:00,LaLiga|2024|261,Valencia,Valladolid,2025-03-08T17:30:00Z,2,1,True,0,1,0.756421,0.679933,0.191221,0.55,True,1,1,0.679933,True,1,1
La Liga,2024/25,27,2025-03-08T13:00:00+00:00,LaLiga|2024|262,Getafe,Ath Madrid,2025-03-09T13:00:00Z,2,1,True,0,U2.5,0.621742,0.621742,0.0,0.6,True,0,U2.5,0.621742,True,2,0
La Liga,2024/25,27,2025-03-08T13:00:00+00:00,LaLiga|2024|263,Real Madrid,Vallecano,2025-03-09T15:15:00Z,2,1,True,0,1,0.690949,0.697329,0.015951,0.55,True,1,1,0.697329,True,1,1
La Liga,2024/25,27,2025-03-08T13:00:00+00:00,LaLiga|2024|264,Ath Bilbao,Mallorca,2025-03-09T17:30:00Z,1,1,True,0,1,0.691357,0.656334,0.087557,0.55,True,0,1,0.656334,True,1,0
La Liga,2024/25,27,2025-03-08T13:00:00+00:00,LaLiga|2024|265,Betis,Las Palmas,2025-03-09T17:30:00Z,1,0,True,0,1,0.867696,0.732857,0.337096,0.55,False,1,O2.5,0.606848,True,1,0
La Liga,2024/25,27,2025-03-08T13:00:00+00:00,LaLiga|2024|266,Sociedad,Sevilla,2025-03-09T20:00:00Z,0,1,True,0,U2.5,0.630762,0.630762,0.0,0.6,True,1,U2.5,0.630762,True,1,1
La Liga,2024/25,27,2025-03-08T13:00:00+00:00,LaLiga|2024|267,Espanol,Girona,2025-03-10T20:00:00Z,1,1,True,0,U2.5,0.591021,0.591021,0.0,0.6,False,1,,,False,0,
La Liga,2024/25,28,2025-03-14T20:00:00+00:00,LaLiga|2024|268,Las Palmas,Alaves,2025-03-14T20:00:00Z,2,2,True,0,U2.5,0.539388,0.539388,0.0,0.6,False,0,,,False,0,
La Liga,2024/25,28,2025-03-14T20:00:00+00:00,LaLiga|2024|269,Valladolid,Celta,2025-03-15T13:00:00Z,0,1,True,0,2,0.725285,0.608291,0.292485,0.55,False,1,,,False,0,
La Liga,2024/25,28,2025-03-14T20:00:00+00:00,LaLiga|2024|270,Mallorca,Espanol,2025-03-15T15:15:00Z,2,1,True,0,1,0.612136,0.543242,0.172236,0.55,False,1,,,False,0,
La Liga,2024/25,28,2025-03-14T20:00:00+00:00,LaLiga|2024|271,Villarreal,Real Madrid,2025-03-15T17:30:00Z,1,2,True,0,GG,0.624243,0.624243,0.0,0.6,True,1,GG,0.624243,True,2,1
La Liga,2024/25,28,2025-03-14T20:00:00+00:00,LaLiga|2024|272,Girona,Valencia,2025-03-15T20:00:00Z,1,1,True,0,U2.5,0.554732,0.554732,0.0,0.6,False,1,,,False,0,
La Liga,2024/25,28,2025-03-14T20:00:00+00:00,LaLiga|2024|273,Leganes,Betis,2025-03-16T13:00:00Z,2,3,True,0,2,0.748224,0.598574,0.374124,0.55,False,1,,,False,0,
La Liga,2024/25,28,2025-03-14T20:00:00+00:00,LaLiga|2024|274,Sevilla,Ath Bilbao,2025-03-16T15:15:00Z,0,1,True,0,U2.5,0.595371,0.595371,0.0,0.6,False,1,,,False,0,
La Liga,2024/25,28,2025-03-14T20:00:00+00:00,LaLiga|2024|275,Osasuna,Getafe,2025-03-16T17:30:00Z,1,2,True,0,U2.5,0.63288,0.63288,0.0,0.6,True,0,U2.5,0.63288,True,1,0
La Liga,2024/25,28,2025-03-14T20:00:00+00:00,LaLiga|2024|276,Vallecano,Sociedad,2025-03-16T17:30:00Z,2,2,True,0,U2.5,0.599148,0.599148,0.0,0.6,False,0,,,False,0,
La Liga,2024/25,28,2025-03-14T20:00:00+00:00,LaLiga|2024|277,Ath Madrid,Barcelona,2025-03-16T20:00:00Z,2,4,True,0,GG,0.606816,0.606816,0.0,0.6,True,1,GG,0.606816,True,1,1
La Liga,2024/25,28,2025-03-27T20:00:00+00:00,LaLiga|2024|278,Barcelona,Osasuna,2025-03-27T20:00:00Z,3,0,True,0,1,0.929912,0.836787,0.232812,0.55,True,1,1,0.836787,True,2,1
La Liga,2024/25,29,2025-03-29T13:00:00+00:00,LaLiga|2024|279,Sociedad,Valladolid,2025-03-29T13:00:00Z,2,1,True,0,1,0.687458,0.659435,0.070058,0.55,True,1,1,0.659435,True,1,1
La Liga,2024/25,29,2025-03-29T13:00:00+00:00,LaLiga|2024|280,Espanol,Ath Madrid,2025-03-29T15:15:00Z,1,1,True,0,2,0.703108,0.620625,0.206208,0.55,True,0,2,0.620625,True,1,0
La Liga,2024/25,29,2025-03-29T13:00:00+00:00,LaLiga|2024|281,Alaves,Vallecano,2025-03-29T17:30:00Z,0,2,True,0,U2.5,0.572308,0.572308,0.0,0.6,False,1,,,False,0,
La Liga,2024/25,29,2025-03-29T13:00:00+00:00,LaLiga|2024|282,Real Madrid,Leganes,2025-03-29T20:00:00Z,3,2,True,0,1,0.934967,0.8649,0.175167,0.55,True,1,1,0.8649,True,2,1
La Liga,2024/25,29,2025-03-29T13:00:00+00:00,LaLiga|2024|283,Getafe,Villarreal,2025-03-30T13:00:00Z,1,2,True,0,U2.5,0.542081,0.542081,0.0,0.6,False,0,,,False,0,
La Liga,2024/25,29,2025-03-29T13:00:00+00:00,LaLiga|2024|284,Barcelona,Girona,2025-03-30T15:15:00Z,4,1,True,0,1,0.91304,0.809424,0.25904,0.55,False,1,O2.5,0.661949,True,1,1
La Liga,2024/25,29,2025-03-29T13:00:00+00:00,LaLiga|2024|285,Ath Bilbao,Osasuna,2025-03-30T17:30:00Z,0,0,True,0,1,0.845734,0.73988,0.264634,0.55,False,0,,,False,0,
La Liga,2024/25,29,2025-03-29T13:00:00+00:00,LaLiga|2024|286,Valencia,Mallorca,2025-03-30T17:30:00Z,1,0,True,0,U2.5,0.59889,0.59889,0.0,0.6,False,1,,,False,0,
La Liga,2024/25,29,2025-03-29T13:00:00+00:00,LaLiga|2024|287,Betis,Sevilla,2025-03-30T20:00:00Z,2,1,True,0,1,0.599649,0.547629,0.130049,0.55,False,1,,,False,0,
La Liga,2024/25,29,2025-03-29T13:00:00+00:00,LaLiga|2024|288,Celta,Las Palmas,2025-03-31T20:00:00Z,1,1,True,0,1,0.833216,0.694609,0.346516,0.55,False,0,,,False,0,
La Liga,2024/25,30,2025-04-04T20:00:00+00:00,LaLiga|2024|289,Vallecano,Espanol,2025-04-04T20:00:00Z,0,4,True,0,NG,0.558231,0.558231,0.0,0.6,False,1,,,False,0,
La Liga,2024/25,30,2025-04-04T20:00:00+00:00,LaLiga|2024|290,Girona,Alaves,2025-04-05T13:00:00Z,0,1,True,0,U2.5,0.575031,0.575031,0.0,0.6,False,1,,,False,0,
La Liga,2024/25,30,2025-04-04T20:00:00+00:00,LaLiga|2024|291,Real Madrid,Valencia,2025-04-05T15:15:00Z,1,2,True,0,1,0.862417,0.80609,0.140817,0.55,True,0,1,0.80609,True,2,0
La Liga,2024/25,30,2025-04-04T20:00:00+00:00,LaLiga|2024|292,Mallorca,Celta,2025-04-05T17:30:00Z,1,2,True,0,U2.5,0.611772,0.611772,0.0,0.6,True,0,U2.5,0.611772,True,1,0
La Liga,2024/25,30,2025-04-04T20:00:00+00:00,LaLiga|2024|293,Barcelona,Betis,2025-04-05T20:00:00Z,1,1,True,0,1,0.731391,0.691515,0.099691,0.55,True,0,1,0.691515,True,2,0
La Liga,2024/25,30,2025-04-04T20:00:00+00:00,LaLiga|2024|294,Las Palmas,Sociedad,2025-04-06T13:00:00Z,1,3,True,0,U2.5,0.583919,0.583919,0.0,0.6,False,0,,,False,0,
La Liga,2024/25,30,2025-04-04T20:00:00+00:00,LaLiga|2024|295,Sevilla,Ath Madrid,2025-04-06T15:15:00Z,1,2,True,0,U2.5,0.588447,0.588447,0.0,0.6,False,0,,,False,0,
La Liga,2024/25,30,2025-04-04T20:00:00+00:00,LaLiga|2024|296,Valladolid,Getafe,2025-04-06T17:30:00Z,0,4,True,0,U2.5,0.642421,0.642421,0.0,0.6,True,0,U2.5,0.642421,True,1,0
La Liga,2024/25,30,2025-04-04T20:00:00+00:00,LaLiga|2024|297,Villarreal,Ath Bilbao,2025-04-06T20:00:00Z,0,0,True,0,GG,0.543941,0.543941,0.0,0.6,False,0,,,False,0,
La Liga,2024/25,30,2025-04-04T20:00:00+00:00,LaLiga|2024|298,Leganes,Osasuna,2025-04-07T20:00:00Z,1,1,True,0,U2.5,0.567626,0.567626,0.0,0.6,False,1,,,False,0,
La Liga,2024/25,31,2025-04-11T20:00:00+00:00,LaLiga|2024|299,Valencia,Sevilla,2025-04-11T20:00:00Z,1,0,True,0,U2.5,0.604355,0.604355,0.0,0.6,True,1,U2.5,0.604355,True,1,1
La Liga,2024/25,31,2025-04-11T20:00:00+00:00,LaLiga|2024|300,Sociedad,Mallorca,2025-04-12T13:00:00Z,0,2,True,0,U2.5,0.652202,0.652202,0.0,0.6,True,1,U2.5,0.652202,True,1,1
La Liga,2024/25,31,2025-04-11T20:00:00+00:00,LaLiga|2024|301,Getafe,Las Palmas,2025-04-12T15:15:00Z,1,3,True,0,1,0.734984,0.65739,0.193984,0.55,True,0,1,0.65739,True,1,0
La Liga,2024/25,31,2025-04-11T20:00:00+00:00,LaLiga|2024|302,Celta,Espanol,2025-04-12T17:30:00Z,0,2,True,0,1,0.637869,0.554882,0.207469,0.55,True,0,1,0.554882,True,1,0
La Liga,2024/25,31,2025-04-11T20:00:00+00:00,LaLiga|2024|303,Leganes,Barcelona,2025-04-12T20:00:00Z,0,1,True,0,2,0.909989,0.781514,0.321189,0.55,False,1,O2.5,0.642303,True,1,0
La Liga,2024/25,31,2025-04-11T20:00:00+00:00,LaLiga|2024|304,Osasuna,Girona,2025-04-13T13:00:00Z,2,1,True,0,U2.5,0.551496,0.551496,0.0,0.6,False,0,,,False,0,
La Liga,2024/25,31,2025-04-11T20:00:00+00:00,LaLiga|2024|305,Alaves,Real Madrid,2025-04-13T15:15:00Z,0,1,True,0,2,0.649174,0.619464,0.074274,0.55,True,1,2,0.619464,True,1,1
La Liga,2024/25,31,2025-04-11T20:00:00+00:00,LaLiga|2024|306,Betis,Villarreal,2025-04-13T17:30:00Z,1,2,True,0,GG,0.584549,0.584549,0.0,0.6,False,1,,,False,0,
La Liga,2024/25,31,2025-04-11T20:00:00+00:00,LaLiga|2024|307,Ath Bilbao,Vallecano,2025-04-13T20:00:00Z,3,1,True,0,1,0.679856,0.648953,0.077256,0.55,True,1,1,0.648953,True,1,1
La Liga,2024/25,31,2025-04-11T20:00:00+00:00,LaLiga|2024|308,Ath Madrid,Valladolid,2025-04-14T20:00:00Z,4,2,True,0,1,0.898574,0.865545,0.082574,0.55,True,1,1,0.865545,True,1,1
La Liga,2024/25,32,2025-04-18T20:00:00+00:00,LaLiga|2024|309,Espanol,Getafe,2025-04-18T20:00:00Z,1,0,True,0,U2.5,0.652312,0.652312,0.0,0.6,True,1,U2.5,0.652312,True,1,1
La Liga,2024/25,32,2025-04-18T20:00:00+00:00,LaLiga|2024|310,Vallecano,Valencia,2025-04-19T13:00:00Z,1,1,True,0,U2.5,0.537047,0.537047,0.0,0.6,False,1,,,False,0,
La Liga,2024/25,32,2025-04-18T20:00:00+00:00,LaLiga|2024|311,Barcelona,Celta,2025-04-19T15:15:00Z,4,3,True,0,1,0.77296,0.754216,0.04686,0.55,True,1,1,0.754216,True,1,1
La Liga,2024/25,32,2025-04-18T20:00:00+00:00,LaLiga|2024|312,Mallorca,Leganes,2025-04-19T17:30:00Z,0,0,True,0,1,0.685042,0.601225,0.209542,0.55,True,0,1,0.601225,True,1,0
La Liga,2024/25,32,2025-04-18T20:00:00+00:00,LaLiga|2024|313,Las Palmas,Ath Madrid,2025-04-19T20:00:00Z,1,0,True,0,2,0.790436,0.677741,0.281736,0.55,False,0,,,False,0,
La Liga,2024/25,32,2025-04-18T20:00:00+00:00,LaLiga|2024|314,Valladolid,Osasuna,2025-04-20T13:00:00Z,2,3,True,0,U2.5,0.542427,0.542427,0.0,0.6,False,0,,,False,0,
La Liga,2024/25,32,2025-04-18T20:00:00+00:00,LaLiga|2024|315,Villarreal,Sociedad,2025-04-20T15:15:00Z,2,2,True,0,1,0.555031,0.544179,0.027131,0.55,False,0,,,False,0,
La Liga,2024/25,32,2025-04-18T20:00:00+00:00,LaLiga|2024|316,Sevilla,Alaves,2025-04-20T17:30:00Z,1,1,True,0,U2.5,0.62691,0.62691,0.0,0.6,True,1,U2.5,0.62691,True,1,1
La Liga,2024/25,32,2025-04-18T20:00:00+00:00,LaLiga|2024|317,Real Madrid,Ath Bilbao,2025-04-20T20:00:00Z,1,0,True,0,1,0.624437,0.585622,0.097037,0.55,True,1,1,0.585622,True,1,1
La Liga,2024/25,32,2025-04-18T20:00:00+00:00,LaLiga|2024|318,Girona,Betis,2025-04-21T20:00:00Z,1,3,True,0,2,0.569736,0.483522,0.215536,0.55,False,1,,,False,0,
La Liga,2024/25,33,2025-04-22T18:00:00+00:00,LaLiga|2024|319,Valencia,Espanol,2025-04-22T18:00:00Z,1,1,True,0,U2.5,0.585242,0.585242,0.0,0.6,False,1,,,False,0,
La Liga,2024/25,33,2025-04-22T18:00:00+00:00,LaLiga|2024|320,Barcelona,Mallorca,2025-04-22T20:30:00Z,1,0,True,0,1,0.801068,0.769721,0.078368,0.55,True,1,1,0.769721,True,1,1
La Liga,2024/25,33,2025-04-22T18:00:00+00:00,LaLiga|2024|321,Ath Bilbao,Las Palmas,2025-04-23T18:00:00Z,1,0,True,0,1,0.751331,0.693158,0.145431,0.55,True,1,1,0.693158,True,1,1
La Liga,2024/25,33,2025-04-22T18:00:00+00:00,LaLiga|2024|322,Celta,Villarreal,2025-04-23T18:00:00Z,3,0,True,0,GG,0.559374,0.559374,0.0,0.6,False,0,,,False,0,
La Liga,2024/25,33,2025-04-22T18:00:00+00:00,LaLiga|2024|323,Alaves,Sociedad,2025-04-23T20:30:00Z,1,0,True,0,U2.5,0.622167,0.622167,0.0,0.6,True,1,U2.5,0.622167,True,1,1
La Liga,2024/25,33,2025-04-22T18:00:00+00:00,LaLiga|2024|324,Getafe,Real Madrid,2025-04-23T20:30:00Z,0,1,True,0,2,0.735848,0.662669,0.182948,0.55,True,1,2,0.662669,True,1,1
La Liga,2024/25,33,2025-04-22T18:00:00+00:00,LaLiga|2024|325,Leganes,Girona,2025-04-24T18:00:00Z,1,1,True,0,U2.5,0.581384,0.581384,0.0,0.6,False,1,,,False,0,
La Liga,2024/25,33,2025-04-22T18:00:00+00:00,LaLiga|2024|326,Osasuna,Sevilla,2025-04-24T18:00:00Z,1,0,True,0,U2.5,0.581402,0.581402,0.0,0.6,False,1,,,False,0,
La Liga,2024/25,33,2025-04-22T18:00:00+00:00,LaLiga|2024|327,Ath Madrid,Vallecano,2025-04-24T20:30:00Z,3,0,True,0,1,0.801045,0.734587,0.166145,0.55,True,1,1,0.734587,True,1,1
La Liga,2024/25,33,2025-04-22T18:00:00+00:00,LaLiga|2024|328,Betis,Valladolid,2025-04-24T20:30:00Z,5,1,True,0,1,0.88952,0.826552,0.15742,0.55,True,1,1,0.826552,True,1,1
La Liga,2024/25,33,2025-04-22T18:00:00+00:00,LaLiga|2024|329,Villarreal,Espanol,2025-04-27T15:15:00Z,1,0,True,0,1,0.716555,0.619453,0.242755,0.55,True,1,1,0.619453,True,1,1
La Liga,2024/25,34,2025-05-02T20:00:00+00:00,LaLiga|2024|330,Vallecano,Getafe,2025-05-02T20:00:00Z,1,0,True,0,U2.5,0.598331,0.598331,0.0,0.6,False,1,,,False,0,
La Liga,2024/25,34,2025-05-02T20:00:00+00:00,LaLiga|2024|331,Alaves,Ath Madrid,2025-05-03T13:00:00Z,0,0,True,0,2,0.616345,0.563807,0.131345,0.55,True,0,2,0.563807,True,1,0
La Liga,2024/25,34,2025-05-02T20:00:00+00:00,LaLiga|2024|332,Villarreal,Osasuna,2025-05-03T15:15:00Z,4,2,True,0,O2.5,0.594107,0.594107,0.0,0.6,False,1,,,False,0,
La Liga,2024/25,34,2025-05-02T20:00:00+00:00,LaLiga|2024|333,Las Palmas,Valencia,2025-05-03T17:30:00Z,2,3,True,0,U2.5,0.529154,0.529154,0.0,0.6,False,0,,,False,0,
La Liga,2024/25,34,2025-05-02T20:00:00+00:00,LaLiga|2024|334,Valladolid,Barcelona,2025-05-03T20:00:00Z,1,2,True,0,2,0.941627,0.871136,0.176227,0.55,True,1,2,0.871136,True,2,1
La Liga,2024/25,34,2025-05-02T20:00:00+00:00,LaLiga|2024|335,Real Madrid,Celta,2025-05-04T13:00:00Z,3,2,True,0,1,0.77448,0.748568,0.06478,0.55,True,1,1,0.748568,True,1,1
La Liga,2024/25,34,2025-05-02T20:00:00+00:00,LaLiga|2024|336,Sevilla,Leganes,2025-05-04T15:15:00Z,2,2,True,0,U2.5,0.611202,0.611202,0.0,0.6,True,0,U2.5,0.611202,True,1,0
La Liga,2024/25,34,2025-05-02T20:00:00+00:00,LaLiga|2024|337,Espanol,Betis,2025-05-04T17:30:00Z,1,2,True,0,U2.5,0.562709,0.562709,0.0,0.6,False,0,,,False,0,
La Liga,2024/25,34,2025-05-02T20:00:00+00:00,LaLiga|2024|338,Sociedad,Ath Bilbao,2025-05-04T20:00:00Z,0,0,True,0,U2.5,0.619851,0.619851,0.0,0.6,True,1,U2.5,0.619851,True,1,1
La Liga,2024/25,34,2025-05-02T20:00:00+00:00,LaLiga|2024|339,Girona,Mallorca,2025-05-05T20:00:00Z,1,0,True,0,U2.5,0.625666,0.625666,0.0,0.6,True,1,U2.5,0.625666,True,1,1
La Liga,2024/25,35,2025-05-09T20:00:00+00:00,LaLiga|2024|340,Las Palmas,Vallecano,2025-05-09T20:00:00Z,0,1,True,0,GG,0.543523,0.543523,0.0,0.6,False,0,,,False,0,
La Liga,2024/25,35,2025-05-09T20:00:00+00:00,LaLiga|2024|341,Valencia,Getafe,2025-05-10T13:00:00Z,3,0,True,0,U2.5,0.623566,0.623566,0.0,0.6,True,0,U2.5,0.623566,True,1,0
La Liga,2024/25,35,2025-05-09T20:00:00+00:00,LaLiga|2024|342,Celta,Sevilla,2025-05-10T15:15:00Z,3,2,True,0,1,0.59674,0.544924,0.12954,0.55,False,1,,,False,0,
La Liga,2024/25,35,2025-05-09T20:00:00+00:00,LaLiga|2024|343,Girona,Villarreal,2025-05-10T17:30:00Z,0,1,True,0,GG,0.557671,0.557671,0.0,0.6,False,0,,,False,0,
La Liga,2024/25,35,2025-05-09T20:00:00+00:00,LaLiga|2024|344,Mallorca,Valladolid,2025-05-10T17:30:00Z,2,1,True,0,1,0.692505,0.665863,0.066605,0.55,True,1,1,0.665863,True,1,1
La Liga,2024/25,35,2025-05-09T20:00:00+00:00,LaLiga|2024|345,Ath Madrid,Sociedad,2025-05-10T20:00:00Z,4,0,True,0,1,0.681604,0.652602,0.072504,0.55,True,1,1,0.652602,True,1,1
La Liga,2024/25,35,2025-05-09T20:00:00+00:00,LaLiga|2024|346,Leganes,Espanol,2025-05-11T13:00:00Z,3,2,True,0,U2.5,0.632167,0.632167,0.0,0.6,True,0,U2.5,0.632167,True,1,0
La Liga,2024/25,35,2025-05-09T20:00:00+00:00,LaLiga|2024|347,Barcelona,Real Madrid,2025-05-11T15:15:00Z,4,3,True,0,O2.5,0.678949,0.678949,0.0,0.6,True,1,O2.5,0.678949,True,2,1
La Liga,2024/25,35,2025-05-09T20:00:00+00:00,LaLiga|2024|348,Ath Bilbao,Alaves,2025-05-11T17:30:00Z,1,0,True,0,U2.5,0.572779,0.572779,0.0,0.6,False,1,1,0.58417,True,1,1
La Liga,2024/25,35,2025-05-09T20:00:00+00:00,LaLiga|2024|349,Betis,Osasuna,2025-05-11T20:00:00Z,1,1,True,0,1,0.74978,0.653468,0.24078,0.55,True,0,1,0.653468,True,1,0
La Liga,2024/25,36,2025-05-13T18:00:00+00:00,LaLiga|2024|350,Valladolid,Girona,2025-05-13T18:00:00Z,0,1,True,0,U2.5,0.560576,0.560576,0.0,0.6,False,1,,,False,0,
La Liga,2024/25,36,2025-05-13T18:00:00+00:00,LaLiga|2024|351,Sociedad,Celta,2025-05-13T19:00:00Z,0,1,True,0,U2.5,0.613264,0.613264,0.0,0.6,True,1,U2.5,0.613264,True,1,1
La Liga,2024/25,36,2025-05-13T18:00:00+00:00,LaLiga|2024|352,Sevilla,Las Palmas,2025-05-13T20:30:00Z,1,0,True,0,NG,0.533025,0.533025,0.0,0.6,False,1,,,False,0,
La Liga,2024/25,36,2025-05-13T18:00:00+00:00,LaLiga|2024|353,Alaves,Valencia,2025-05-14T18:00:00Z,1,0,True,0,U2.5,0.596793,0.596793,0.0,0.6,False,1,,,False,0,
La Liga,2024/25,36,2025-05-13T18:00:00+00:00,LaLiga|2024|354,Villarreal,Leganes,2025-05-14T18:00:00Z,3,0,True,0,1,0.811818,0.713651,0.245418,0.55,True,1,1,0.713651,True,2,1
La Liga,2024/25,36,2025-05-13T18:00:00+00:00,LaLiga|2024|355,Real Madrid,Mallorca,2025-05-14T20:30:00Z,2,1,True,0,1,0.772976,0.752826,0.050376,0.55,True,1,1,0.752826,True,1,1
La Liga,2024/25,36,2025-05-13T18:00:00+00:00,LaLiga|2024|356,Vallecano,Betis,2025-05-15T18:00:00Z,2,2,True,0,2,0.589046,0.511548,0.193746,0.55,False,0,,,False,0,
La Liga,2024/25,36,2025-05-13T18:00:00+00:00,LaLiga|2024|357,Osasuna,Ath Madrid,2025-05-15T18:00:00Z,2,0,True,0,2,0.698817,0.59209,0.266817,0.55,False,0,,,False,0,
La Liga,2024/25,36,2025-05-13T18:00:00+00:00,LaLiga|2024|358,Espanol,Barcelona,2025-05-15T20:30:00Z,0,2,True,0,2,0.857157,0.735254,0.304757,0.55,False,1,,,False,0,
La Liga,2024/25,36,2025-05-13T18:00:00+00:00,LaLiga|2024|359,Getafe,Ath Bilbao,2025-05-15T20:30:00Z,0,2,True,0,U2.5,0.636435,0.636435,0.0,0.6,True,1,U2.5,0.636435,True,1,1
La Liga,2024/25,37,2025-05-18T18:00:00+00:00,LaLiga|2024|360,Ath Madrid,Betis,2025-05-18T18:00:00Z,4,1,True,0,1,0.588716,0.544069,0.111616,0.55,False,1,,,False,0,
La Liga,2024/25,37,2025-05-18T18:00:00+00:00,LaLiga|2024|361,Barcelona,Villarreal,2025-05-18T18:00:00Z,2,3,True,0,O2.5,0.699717,0.699717,0.0,0.6,True,1,O2.5,0.699717,True,3,1
La Liga,2024/25,37,2025-05-18T18:00:00+00:00,LaLiga|2024|362,Celta,Vallecano,2025-05-18T18:00:00Z,1,2,True,0,1,0.574696,0.532698,0.104996,0.55,False,0,,,False,0,
La Liga,2024/25,37,2025-05-18T18:00:00+00:00,LaLiga|2024|363,Las Palmas,Leganes,2025-05-18T18:00:00Z,0,1,True,0,U2.5,0.546407,0.546407,0.0,0.6,False,1,,,False,0,
La Liga,2024/25,37,2025-05-18T18:00:00+00:00,LaLiga|2024|364,Mallorca,Getafe,2025-05-18T18:00:00Z,1,2,True,0,U2.5,0.651093,0.651093,0.0,0.6,True,0,U2.5,0.651093,True,1,0
La Liga,2024/25,37,2025-05-18T18:00:00+00:00,LaLiga|2024|365,Osasuna,Espanol,2025-05-18T18:00:00Z,2,0,True,0,1,0.646262,0.583517,0.156862,0.55,True,1,1,0.583517,True,1,1
La Liga,2024/25,37,2025-05-18T18:00:00+00:00,LaLiga|2024|366,Sevilla,Real Madrid,2025-05-18T18:00:00Z,0,2,True,0,2,0.665252,0.636911,0.070852,0.55,True,1,2,0.636911,True,1,1
La Liga,2024/25,37,2025-05-18T18:00:00+00:00,LaLiga|2024|367,Sociedad,Girona,2025-05-18T18:00:00Z,3,2,True,0,U2.5,0.622185,0.622185,0.0,0.6,True,0,U2.5,0.622185,True,1,0
La Liga,2024/25,37,2025-05-18T18:00:00+00:00,LaLiga|2024|368,Valencia,Ath Bilbao,2025-05-18T18:00:00Z,0,1,True,0,U2.5,0.585158,0.585158,0.0,0.6,False,1,,,False,0,
La Liga,2024/25,37,2025-05-18T18:00:00+00:00,LaLiga|2024|369,Valladolid,Alaves,2025-05-18T18:00:00Z,0,1,True,0,U2.5,0.579121,0.579121,0.0,0.6,False,1,,,False,0,
La Liga,2024/25,38,2025-05-23T20:00:00+00:00,LaLiga|2024|370,Betis,Valencia,2025-05-23T20:00:00Z,1,1,True,0,GG,0.508593,0.508593,0.0,0.6,False,1,,,False,0,
La Liga,2024/25,38,2025-05-23T20:00:00+00:00,LaLiga|2024|371,Real Madrid,Sociedad,2025-05-24T15:15:00Z,2,0,True,0,1,0.809122,0.779593,0.073822,0.55,True,1,1,0.779593,True,1,1
La Liga,2024/25,38,2025-05-23T20:00:00+00:00,LaLiga|2024|372,Espanol,Las Palmas,2025-05-24T17:30:00Z,2,0,True,0,U2.5,0.577061,0.577061,0.0,0.6,False,1,,,False,0,
La Liga,2024/25,38,2025-05-23T20:00:00+00:00,LaLiga|2024|373,Leganes,Valladolid,2025-05-24T17:30:00Z,3,0,True,0,1,0.58945,0.61515,0.06425,0.55,True,1,1,0.61515,True,1,1
La Liga,2024/25,38,2025-05-23T20:00:00+00:00,LaLiga|2024|374,Alaves,Osasuna,2025-05-24T20:00:00Z,1,1,True,0,U2.5,0.584933,0.584933,0.0,0.6,False,1,,,False,0,
La Liga,2024/25,38,2025-05-23T20:00:00+00:00,LaLiga|2024|375,Getafe,Celta,2025-05-24T20:00:00Z,1,2,True,0,U2.5,0.601023,0.601023,0.0,0.6,True,0,U2.5,0.601023,True,1,0
La Liga,2024/25,38,2025-05-23T20:00:00+00:00,LaLiga|2024|376,Vallecano,Mallorca,2025-05-24T20:00:00Z,0,0,True,0,U2.5,0.584879,0.584879,0.0,0.6,False,1,,,False,0,
La Liga,2024/25,38,2025-05-23T20:00:00+00:00,LaLiga|2024|377,Girona,Ath Madrid,2025-05-25T13:00:00Z,0,4,True,0,2,0.592635,0.539301,0.133335,0.55,False,1,,,False,0,
La Liga,2024/25,38,2025-05-23T20:00:00+00:00,LaLiga|2024|378,Villarreal,Sevilla,2025-05-25T15:15:00Z,4,2,True,0,1,0.777729,0.716757,0.152429,0.55,True,1,1,0.716757,True,1,1
La Liga,2024/25,38,2025-05-23T20:00:00+00:00,LaLiga|2024|379,Ath Bilbao,Barcelona,2025-05-25T20:00:00Z,0,3,True,0,GG,0.57172,0.57172,0.0,0.6,False,0,,,False,0,
La Liga,2025/26,1,2025-08-15T18:00:00+00:00,LaLiga|2025|0,Girona,Vallecano,2025-08-15T18:00:00Z,1,3,True,0,O2.5,0.525592,0.525592,0.0,0.6,False,1,,,False,0,
La Liga,2025/26,1,2025-08-15T18:00:00+00:00,LaLiga|2025|1,Villarreal,Oviedo,2025-08-15T20:30:00Z,2,0,True,1,1,0.688222,0.664173,0.060122,0.55,True,1,1,0.664173,True,1,1
La Liga,2025/26,1,2025-08-15T18:00:00+00:00,LaLiga|2025|2,Mallorca,Barcelona,2025-08-16T18:30:00Z,0,3,True,0,2,0.722276,0.723166,0.002224,0.55,True,1,2,0.723166,True,1,1
La Liga,2025/26,1,2025-08-15T18:00:00+00:00,LaLiga|2025|3,Alaves,Levante,2025-08-16T20:30:00Z,2,1,True,1,U2.5,0.620882,0.620882,0.0,0.6,True,0,U2.5,0.620882,True,1,0
La Liga,2025/26,1,2025-08-15T18:00:00+00:00,LaLiga|2025|4,Valencia,Sociedad,2025-08-16T20:30:00Z,1,1,True,0,U2.5,0.660609,0.660609,0.0,0.6,True,1,U2.5,0.660609,True,1,1
La Liga,2025/26,1,2025-08-15T18:00:00+00:00,LaLiga|2025|5,Celta,Getafe,2025-08-17T16:00:00Z,0,2,True,0,1,0.615396,0.588718,0.066696,0.55,True,0,1,0.588718,True,1,0
La Liga,2025/26,1,2025-08-15T18:00:00+00:00,LaLiga|2025|6,Ath Bilbao,Sevilla,2025-08-17T18:30:00Z,3,2,True,0,1,0.634091,0.665934,0.079609,0.55,True,1,1,0.665934,True,1,1
La Liga,2025/26,1,2025-08-15T18:00:00+00:00,LaLiga|2025|7,Espanol,Ath Madrid,2025-08-17T20:30:00Z,2,1,True,0,2,0.835728,0.725437,0.275728,0.55,False,0,,,False,0,
La Liga,2025/26,1,2025-08-15T18:00:00+00:00,LaLiga|2025|8,Elche,Betis,2025-08-18T20:00:00Z,1,1,True,0,2,0.581315,0.559669,0.054115,0.55,True,0,2,0.559669,True,1,0
La Liga,2025/26,1,2025-08-15T18:00:00+00:00,LaLiga|2025|9,Real Madrid,Osasuna,2025-08-19T20:00:00Z,1,0,True,0,1,0.819937,0.788842,0.077737,0.55,True,1,1,0.788842,True,1,1
La Liga,2025/26,2,2025-08-22T20:30:00+00:00,LaLiga|2025|10,Betis,Alaves,2025-08-22T20:30:00Z,1,0,True,0,U2.5,0.540817,0.540817,0.0,0.6,False,1,,,False,0,
La Liga,2025/26,2,2025-08-22T20:30:00+00:00,LaLiga|2025|11,Mallorca,Celta,2025-08-23T16:00:00Z,1,1,True,0,U2.5,0.551444,0.551444,0.0,0.6,False,1,,,False,0,
La Liga,2025/26,2,2025-08-22T20:30:00+00:00,LaLiga|2025|12,Ath Madrid,Elche,2025-08-23T18:30:00Z,1,1,True,0,1,0.657376,0.706986,0.124024,0.55,True,0,1,0.706986,True,1,0
La Liga,2025/26,2,2025-08-22T20:30:00+00:00,LaLiga|2025|13,Levante,Barcelona,2025-08-23T20:30:00Z,2,3,True,0,2,0.600874,0.614764,0.034726,0.55,True,1,2,0.614764,True,1,1
La Liga,2025/26,2,2025-08-22T20:30:00+00:00,LaLiga|2025|14,Osasuna,Valencia,2025-08-24T16:00:00Z,1,0,True,0,U2.5,0.571072,0.571072,0.0,0.6,False,1,,,False,0,
La Liga,2025/26,2,2025-08-22T20:30:00+00:00,LaLiga|2025|15,Sociedad,Espanol,2025-08-24T18:30:00Z,2,2,True,0,U2.5,0.53083,0.53083,0.0,0.6,False,0,,,False,0,
La Liga,2025/26,2,2025-08-22T20:30:00+00:00,LaLiga|2025|16,Villarreal,Girona,2025-08-24T18:30:00Z,5,0,True,0,1,0.789923,0.695714,0.235523,0.55,True,1,1,0.695714,True,1,1
La Liga,2025/26,2,2025-08-22T20:30:00+00:00,LaLiga|2025|17,Oviedo,Real Madrid,2025-08-24T20:30:00Z,0,3,True,0,2,0.652334,0.633601,0.046834,0.55,True,1,2,0.633601,True,1,1
La Liga,2025/26,2,2025-08-22T20:30:00+00:00,LaLiga|2025|18,Ath Bilbao,Vallecano,2025-08-25T18:30:00Z,1,0,True,0,GG,0.568635,0.568635,0.0,0.6,False,0,1,0.553421,True,1,1
La Liga,2025/26,2,2025-08-22T20:30:00+00:00,LaLiga|2025|19,Sevilla,Getafe,2025-08-25T20:30:00Z,1,2,True,0,GG,0.526967,0.526967,0.0,0.6,False,1,,,False,0,
La Liga,2025/26,3,2025-08-27T20:00:00+00:00,LaLiga|2025|20,Celta,Betis,2025-08-27T20:00:00Z,1,1,True,0,U2.5,0.556196,0.556196,0.0,0.6,False,1,,,False,0,
La Liga,2025/26,3,2025-08-27T20:00:00+00:00,LaLiga|2025|21,Elche,Levante,2025-08-29T18:30:00Z,2,0,True,0,GG,0.547366,0.547366,0.0,0.6,False,0,,,False,0,
La Liga,2025/26,3,2025-08-27T20:00:00+00:00,LaLiga|2025|22,Valencia,Getafe,2025-08-29T20:30:00Z,3,0,True,0,U2.5,0.594631,0.594631,0.0,0.6,False,0,,,False,0,
La Liga,2025/26,3,2025-08-27T20:00:00+00:00,LaLiga|2025|23,Alaves,Ath Madrid,2025-08-30T16:00:00Z,1,1,True,0,U2.5,0.530649,0.530649,0.0,0.6,False,1,,,False,0,
La Liga,2025/26,3,2025-08-27T20:00:00+00:00,LaLiga|2025|24,Oviedo,Sociedad,2025-08-30T18:00:00Z,1,0,True,0,GG,0.532099,0.532099,0.0,0.6,False,0,,,False,0,
La Liga,2025/26,3,2025-08-27T20:00:00+00:00,LaLiga|2025|25,Girona,Sevilla,2025-08-30T18:30:00Z,0,2,True,0,GG,0.552632,0.552632,0.0,0.6,False,0,,,False,0,
La Liga,2025/26,3,2025-08-27T20:00:00+00:00,LaLiga|2025|26,Real Madrid,Mallorca,2025-08-30T20:30:00Z,2,1,True,0,1,0.793723,0.774434,0.048223,0.55,True,1,1,0.774434,True,1,1
La Liga,2025/26,3,2025-08-27T20:00:00+00:00,LaLiga|2025|29,Espanol,Osasuna,2025-08-31T18:30:00Z,1,0,True,0,U2.5,0.569057,0.569057,0.0,0.6,False,1,,,False,0,
La Liga,2025/26,3,2025-08-27T20:00:00+00:00,LaLiga|2025|30,Vallecano,Barcelona,2025-08-31T20:30:00Z,1,1,True,0,GG,0.586806,0.586806,0.0,0.6,False,1,,,False,0,
La Liga,2025/26,4,2025-09-12T20:00:00+00:00,LaLiga|2025|31,Sevilla,Elche,2025-09-12T20:00:00Z,2,2,True,0,GG,0.528772,0.528772,0.0,0.6,False,1,,,False,0,
La Liga,2025/26,4,2025-09-12T20:00:00+00:00,LaLiga|2025|32,Getafe,Oviedo,2025-09-13T13:00:00Z,2,0,True,0,1,0.696403,0.571922,0.311203,0.55,False,1,,,False,0,
La Liga,2025/26,4,2025-09-12T20:00:00+00:00,LaLiga|2025|33,Sociedad,Real Madrid,2025-09-13T15:15:00Z,1,2,True,0,2,0.618691,0.615775,0.007291,0.55,True,1,2,0.615775,True,1,1
La Liga,2025/26,4,2025-09-12T20:00:00+00:00,LaLiga|2025|34,Ath Bilbao,Alaves,2025-09-13T17:30:00Z,0,1,True,0,1,0.620353,0.617932,0.006053,0.55,True,0,1,0.617932,True,1,0
La Liga,2025/26,4,2025-09-12T20:00:00+00:00,LaLiga|2025|35,Ath Madrid,Villarreal,2025-09-13T20:00:00Z,2,0,True,0,U2.5,0.563171,0.563171,0.0,0.6,False,1,,,False,0,
La Liga,2025/26,4,2025-09-12T20:00:00+00:00,LaLiga|2025|38,Osasuna,Vallecano,2025-09-14T17:30:00Z,2,0,True,0,GG,0.530172,0.530172,0.0,0.6,False,0,,,False,0,
La Liga,2025/26,4,2025-09-12T20:00:00+00:00,LaLiga|2025|39,Barcelona,Valencia,2025-09-14T20:00:00Z,6,0,True,0,1,0.604739,0.678124,0.183461,0.55,True,1,1,0.678124,True,1,1
La Liga,2025/26,4,2025-09-12T20:00:00+00:00,LaLiga|2025|40,Espanol,Mallorca,2025-09-15T20:00:00Z,3,2,True,0,1,0.675068,0.572001,0.257668,0.55,False,1,,,False,0,
La Liga,2025/26,6,2025-09-19T20:00:00+00:00,LaLiga|2025|41,Betis,Sociedad,2025-09-19T20:00:00Z,3,1,True,0,1,0.568319,0.556952,0.028419,0.55,True,1,1,0.556952,True,1,1
La Liga,2025/26,6,2025-09-19T20:00:00+00:00,LaLiga|2025|47,Vallecano,Celta,2025-09-21T13:00:00Z,1,1,True,0,U2.5,0.535228,0.535228,0.0,0.6,False,1,,,False,0,
La Liga,2025/26,6,2025-09-19T20:00:00+00:00,LaLiga|2025|51,Ath Bilbao,Girona,2025-09-23T18:00:00Z,1,1,True,0,1,0.736656,0.684074,0.131456,0.55,True,0,1,0.684074,True,1,0
La Liga,2025/26,6,2025-09-19T20:00:00+00:00,LaLiga|2025|52,Espanol,Valencia,2025-09-23T18:00:00Z,2,2,True,0,1,0.674599,0.553919,0.301699,0.55,False,0,,,False,0,
La Liga,2025/26,6,2025-09-19T20:00:00+00:00,LaLiga|2025|53,Levante,Real Madrid,2025-09-23T20:30:00Z,1,4,True,0,2,0.746711,0.708947,0.094411,0.55,True,1,2,0.708947,True,1,1
La Liga,2025/26,6,2025-09-19T20:00:00+00:00,LaLiga|2025|54,Sevilla,Villarreal,2025-09-23T20:30:00Z,1,2,True,0,2,0.582244,0.522306,0.149844,0.55,False,1,,,False,0,
La Liga,2025/26,6,2025-09-19T20:00:00+00:00,LaLiga|2025|55,Getafe,Alaves,2025-09-24T18:00:00Z,1,1,True,0,U2.5,0.624523,0.624523,0.0,0.6,True,1,U2.5,0.624523,True,1,1
La Liga,2025/26,6,2025-09-24T20:30:00+00:00,LaLiga|2025|56,Ath Madrid,Vallecano,2025-09-24T20:30:00Z,3,2,True,0,1,0.610832,0.609619,0.003032,0.55,True,1,1,0.609619,True,1,1
La Liga,2025/26,6,2025-09-24T20:30:00+00:00,LaLiga|2025|57,Sociedad,Mallorca,2025-09-24T20:30:00Z,1,0,True,0,1,0.583833,0.5103,0.183833,0.55,False,1,,,False,0,
La Liga,2025/26,6,2025-09-24T20:30:00+00:00,LaLiga|2025|58,Osasuna,Elche,2025-09-25T18:30:00Z,1,1,True,0,U2.5,0.60572,0.60572,0.0,0.6,True,1,U2.5,0.60572,True,1,1
La Liga,2025/26,6,2025-09-24T20:30:00+00:00,LaLiga|2025|59,Oviedo,Barcelona,2025-09-25T20:30:00Z,1,3,True,0,2,0.82648,0.753848,0.18158,0.55,True,1,2,0.753848,True,1,1
La Liga,2025/26,7,2025-09-26T20:00:00+00:00,LaLiga|2025|60,Girona,Espanol,2025-09-26T20:00:00Z,0,0,True,0,O2.5,0.601131,0.601131,0.0,0.6,True,0,O2.5,0.601131,True,2,0
La Liga,2025/26,7,2025-09-26T20:00:00+00:00,LaLiga|2025|61,Getafe,Levante,2025-09-27T13:00:00Z,1,1,True,0,GG,0.537926,0.537926,0.0,0.6,False,1,,,False,0,
La Liga,2025/26,7,2025-09-26T20:00:00+00:00,LaLiga|2025|62,Ath Madrid,Real Madrid,2025-09-27T15:15:00Z,5,2,True,0,GG,0.550566,0.550566,0.0,0.6,False,1,,,False,0,
La Liga,2025/26,7,2025-09-26T20:00:00+00:00,LaLiga|2025|63,Mallorca,Alaves,2025-09-27T17:30:00Z,1,0,True,0,U2.5,0.636979,0.636979,0.0,0.6,True,1,U2.5,0.636979,True,1,1
La Liga,2025/26,7,2025-09-26T20:00:00+00:00,LaLiga|2025|64,Villarreal,Ath Bilbao,2025-09-27T20:00:00Z,1,0,True,0,U2.5,0.563914,0.563914,0.0,0.6,False,1,,,False,0,
La Liga,2025/26,7,2025-09-26T20:00:00+00:00,LaLiga|2025|65,Vallecano,Sevilla,2025-09-28T13:00:00Z,0,1,True,0,GG,0.541991,0.541991,0.0,0.6,False,0,,,False,0,
La Liga,2025/26,7,2025-09-26T20:00:00+00:00,LaLiga|2025|66,Elche,Celta,2025-09-28T15:15:00Z,2,1,True,0,U2.5,0.683719,0.683719,0.0,0.6,True,0,U2.5,0.683719,True,2,0
La Liga,2025/26,7,2025-09-26T20:00:00+00:00,LaLiga|2025|67,Barcelona,Sociedad,2025-09-28T17:30:00Z,2,1,True,0,1,0.830339,0.824123,0.015539,0.55,True,1,1,0.824123,True,2,1
La Liga,2025/26,7,2025-09-26T20:00:00+00:00,LaLiga|2025|68,Betis,Osasuna,2025-09-28T20:00:00Z,2,0,True,0,1,0.622886,0.543492,0.198486,0.55,False,1,,,False,0,
La Liga,2025/26,7,2025-09-26T20:00:00+00:00,LaLiga|2025|69,Valencia,Oviedo,2025-09-30T19:00:00Z,1,2,True,0,1,0.668425,0.623775,0.111625,0.55,True,0,1,0.623775,True,1,0
La Liga,2025/26,8,2025-10-03T20:00:00+00:00,LaLiga|2025|70,Osasuna,Getafe,2025-10-03T20:00:00Z,2,1,True,0,U2.5,0.657009,0.657009,0.0,0.6,True,0,U2.5,0.657009,True,1,0
La Liga,2025/26,8,2025-10-03T20:00:00+00:00,LaLiga|2025|71,Oviedo,Levante,2025-10-04T13:00:00Z,0,2,True,0,GG,0.542851,0.542851,0.0,0.6,False,0,,,False,0,
La Liga,2025/26,8,2025-10-03T20:00:00+00:00,LaLiga|2025|72,Girona,Valencia,2025-10-04T15:15:00Z,2,1,True,0,GG,0.539396,0.539396,0.0,0.6,False,1,,,False,0,
La Liga,2025/26,8,2025-10-03T20:00:00+00:00,LaLiga|2025|73,Ath Bilbao,Mallorca,2025-10-04T17:30:00Z,2,1,True,0,1,0.660681,0.617049,0.109081,0.55,True,1,1,0.617049,True,1,1
La Liga,2025/26,8,2025-10-03T20:00:00+00:00,LaLiga|2025|74,Real Madrid,Villarreal,2025-10-04T20:00:00Z,3,1,True,0,GG,0.595401,0.595401,0.0,0.6,False,1,,,False,0,
La Liga,2025/26,8,2025-10-03T20:00:00+00:00,LaLiga|2025|75,Alaves,Elche,2025-10-05T13:00:00Z,3,1,True,0,U2.5,0.678019,0.678019,0.0,0.6,True,0,U2.5,0.678019,True,2,0
La Liga,2025/26,8,2025-10-03T20:00:00+00:00,LaLiga|2025|76,Sevilla,Barcelona,2025-10-05T15:15:00Z,4,1,True,0,2,0.630769,0.620701,0.025169,0.55,True,0,2,0.620701,True,1,0
La Liga,2025/26,8,2025-10-03T20:00:00+00:00,LaLiga|2025|77,Espanol,Betis,2025-10-05T17:30:00Z,1,2,True,0,U2.5,0.536503,0.536503,0.0,0.6,False,0,,,False,0,
La Liga,2025/26,8,2025-10-03T20:00:00+00:00,LaLiga|2025|78,Sociedad,Vallecano,2025-10-05T17:30:00Z,0,1,True,0,GG,0.614368,0.614368,0.0,0.6,True,0,GG,0.614368,True,2,0
La Liga,2025/26,8,2025-10-03T20:00:00+00:00,LaLiga|2025|79,Celta,Ath Madrid,2025-10-05T20:00:00Z,1,1,True,0,2,0.631452,0.552191,0.198152,0.55,True,0,2,0.552191,True,1,0
La Liga,2025/26,9,2025-10-17T20:00:00+00:00,LaLiga|2025|80,Oviedo,Espanol,2025-10-17T20:00:00Z,0,2,True,0,U2.5,0.548669,0.548669,0.0,0.6,False,1,,,False,0,
La Liga,2025/26,9,2025-10-17T20:00:00+00:00,LaLiga|2025|81,Sevilla,Mallorca,2025-10-18T13:00:00Z,1,3,True,0,1,0.656647,0.585628,0.177547,0.55,True,0,1,0.585628,True,1,0
La Liga,2025/26,9,2025-10-17T20:00:00+00:00,LaLiga|2025|82,Barcelona,Girona,2025-10-18T15:15:00Z,2,1,True,0,1,0.919867,0.85396,0.164767,0.55,True,1,1,0.85396,True,2,1
La Liga,2025/26,9,2025-10-17T20:00:00+00:00,LaLiga|2025|83,Villarreal,Betis,2025-10-18T17:30:00Z,2,2,True,0,GG,0.540888,0.540888,0.0,0.6,False,1,,,False,0,
La Liga,2025/26,9,2025-10-17T20:00:00+00:00,LaLiga|2025|84,Ath Madrid,Osasuna,2025-10-18T20:00:00Z,1,0,True,0,1,0.721638,0.655783,0.164638,0.55,True,1,1,0.655783,True,1,1
La Liga,2025/26,9,2025-10-17T20:00:00+00:00,LaLiga|2025|85,Elche,Ath Bilbao,2025-10-19T13:00:00Z,0,0,True,0,U2.5,0.631227,0.631227,0.0,0.6,True,1,U2.5,0.631227,True,1,1
La Liga,2025/26,9,2025-10-17T20:00:00+00:00,LaLiga|2025|86,Celta,Sociedad,2025-10-19T15:15:00Z,1,1,True,0,U2.5,0.5399,0.5399,0.0,0.6,False,1,,,False,0,
La Liga,2025/26,9,2025-10-17T20:00:00+00:00,LaLiga|2025|87,Levante,Vallecano,2025-10-19T17:30:00Z,0,3,True,0,GG,0.607228,0.607228,0.0,0.6,True,0,GG,0.607228,True,2,0
La Liga,2025/26,9,2025-10-17T20:00:00+00:00,LaLiga|2025|88,Getafe,Real Madrid,2025-10-19T20:00:00Z,0,1,True,0,2,0.663397,0.646998,0.040997,0.55,True,1,2,0.646998,True,1,1
La Liga,2025/26,9,2025-10-17T20:00:00+00:00,LaLiga|2025|89,Alaves,Valencia,2025-10-20T20:00:00Z,0,0,True,0,U2.5,0.618322,0.618322,0.0,0.6,True,1,U2.5,0.618322,True,1,1
La Liga,2025/26,10,2025-10-24T20:00:00+00:00,LaLiga|2025|90,Sociedad,Sevilla,2025-10-24T20:00:00Z,2,1,True,0,GG,0.520923,0.520923,0.0,0.6,False,1,,,False,0,
La Liga,2025/26,10,2025-10-24T20:00:00+00:00,LaLiga|2025|91,Girona,Oviedo,2025-10-25T13:00:00Z,3,3,True,0,1,0.542831,0.510459,0.080931,0.55,False,0,,,False,0,
La Liga,2025/26,10,2025-10-24T20:00:00+00:00,LaLiga|2025|92,Espanol,Elche,2025-10-25T15:15:00Z,1,0,True,0,GG,0.519744,0.519744,0.0,0.6,False,0,,,False,0,
La Liga,2025/26,10,2025-10-24T20:00:00+00:00,LaLiga|2025|93,Ath Bilbao,Getafe,2025-10-25T17:30:00Z,0,1,True,0,U2.5,0.689961,0.689961,0.0,0.6,True,1,U2.5,0.689961,True,3,1
La Liga,2025/26,10,2025-10-24T20:00:00+00:00,LaLiga|2025|94,Valencia,Villarreal,2025-10-25T20:00:00Z,0,2,True,0,GG,0.534215,0.534215,0.0,0.6,False,0,,,False,0,
La Liga,2025/26,10,2025-10-24T20:00:00+00:00,LaLiga|2025|95,Mallorca,Levante,2025-10-26T13:00:00Z,1,1,True,0,GG,0.54813,0.54813,0.0,0.6,False,1,,,False,0,
La Liga,2025/26,10,2025-10-24T20:00:00+00:00,LaLiga|2025|96,Real Madrid,Barcelona,2025-10-26T15:15:00Z,2,1,True,0,O2.5,0.661679,0.661679,0.0,0.6,True,1,O2.5,0.661679,True,2,1
La Liga,2025/26,10,2025-10-24T20:00:00+00:00,LaLiga|2025|97,Osasuna,Celta,2025-10-26T17:30:00Z,2,3,True,0,U2.5,0.623877,0.623877,0.0,0.6,True,0,U2.5,0.623877,True,1,0
La Liga,2025/26,10,2025-10-24T20:00:00+00:00,LaLiga|2025|98,Vallecano,Alaves,2025-10-26T20:00:00Z,1,0,True,0,U2.5,0.604842,0.604842,0.0,0.6,True,1,U2.5,0.604842,True,1,1
La Liga,2025/26,10,2025-10-24T20:00:00+00:00,LaLiga|2025|99,Betis,Ath Madrid,2025-10-27T20:00:00Z,0,2,True,0,U2.5,0.570381,0.570381,0.0,0.6,False,1,,,False,0,
La Liga,2025/26,11,2025-10-31T20:00:00+00:00,LaLiga|2025|100,Getafe,Girona,2025-10-31T20:00:00Z,2,1,True,0,U2.5,0.578647,0.578647,0.0,0.6,False,0,,,False,0,
La Liga,2025/26,11,2025-10-31T20:00:00+00:00,LaLiga|2025|101,Villarreal,Vallecano,2025-11-01T13:00:00Z,4,0,True,0,1,0.603078,0.592247,0.027078,0.55,True,1,1,0.592247,True,1,1
La Liga,2025/26,11,2025-10-31T20:00:00+00:00,LaLiga|2025|102,Ath Madrid,Sevilla,2025-11-01T15:15:00Z,3,0,True,0,1,0.80984,0.745264,0.16144,0.55,True,1,1,0.745264,True,1,1
La Liga,2025/26,11,2025-10-31T20:00:00+00:00,LaLiga|2025|103,Sociedad,Ath Bilbao,2025-11-01T17:30:00Z,3,2,True,0,U2.5,0.638797,0.638797,0.0,0.6,True,0,U2.5,0.638797,True,1,0
La Liga,2025/26,11,2025-10-31T20:00:00+00:00,LaLiga|2025|104,Real Madrid,Valencia,2025-11-01T20:00:00Z,4,0,True,0,1,0.836186,0.795792,0.100986,0.55,True,1,1,0.795792,True,1,1
La Liga,2025/26,11,2025-10-31T20:00:00+00:00,LaLiga|2025|105,Levante,Celta,2025-11-02T13:00:00Z,1,2,True,0,GG,0.560087,0.560087,0.0,0.6,False,1,,,False,0,
La Liga,2025/26,11,2025-10-31T20:00:00+00:00,LaLiga|2025|106,Alaves,Espanol,2025-11-02T15:15:00Z,2,1,True,0,U2.5,0.578967,0.578967,0.0,0.6,False,0,,,False,0,
La Liga,2025/26,11,2025-10-31T20:00:00+00:00,LaLiga|2025|107,Barcelona,Elche,2025-11-02T17:30:00Z,3,1,True,0,1,0.743939,0.774483,0.076361,0.55,True,1,1,0.774483,True,1,1
La Liga,2025/26,11,2025-10-31T20:00:00+00:00,LaLiga|2025|108,Betis,Mallorca,2025-11-02T20:00:00Z,3,0,True,0,1,0.649584,0.58979,0.149484,0.55,True,1,1,0.58979,True,1,1
La Liga,2025/26,11,2025-10-31T20:00:00+00:00,LaLiga|2025|109,Oviedo,Osasuna,2025-11-03T20:00:00Z,0,0,True,0,U2.5,0.580069,0.580069,0.0,0.6,False,1,,,False,0,
La Liga,2025/26,12,2025-11-07T20:00:00+00:00,LaLiga|2025|110,Elche,Sociedad,2025-11-07T20:00:00Z,1,1,True,0,U2.5,0.578862,0.578862,0.0,0.6,False,1,,,False,0,
La Liga,2025/26,12,2025-11-07T20:00:00+00:00,LaLiga|2025|111,Girona,Alaves,2025-11-08T13:00:00Z,1,0,True,0,U2.5,0.566132,0.566132,0.0,0.6,False,1,,,False,0,
La Liga,2025/26,12,2025-11-07T20:00:00+00:00,LaLiga|2025|112,Sevilla,Osasuna,2025-11-08T15:15:00Z,1,0,True,0,U2.5,0.615669,0.615669,0.0,0.6,True,1,U2.5,0.615669,True,1,1
La Liga,2025/26,12,2025-11-07T20:00:00+00:00,LaLiga|2025|113,Ath Madrid,Levante,2025-11-08T17:30:00Z,3,1,True,0,1,0.855444,0.794266,0.152944,0.55,True,1,1,0.794266,True,1,1
La Liga,2025/26,12,2025-11-07T20:00:00+00:00,LaLiga|2025|114,Espanol,Villarreal,2025-11-08T20:00:00Z,0,2,True,0,GG,0.608244,0.608244,0.0,0.6,True,0,GG,0.608244,True,1,0
La Liga,2025/26,12,2025-11-07T20:00:00+00:00,LaLiga|2025|115,Ath Bilbao,Oviedo,2025-11-09T13:00:00Z,1,0,True,0,1,0.699245,0.653147,0.115245,0.55,True,1,1,0.653147,True,3,1
La Liga,2025/26,12,2025-11-07T20:00:00+00:00,LaLiga|2025|116,Vallecano,Real Madrid,2025-11-09T15:15:00Z,0,0,True,0,2,0.642232,0.611859,0.075932,0.55,True,0,2,0.611859,True,2,0
La Liga,2025/26,12,2025-11-07T20:00:00+00:00,LaLiga|2025|117,Mallorca,Getafe,2025-11-09T17:30:00Z,1,0,True,0,U2.5,0.670686,0.670686,0.0,0.6,True,1,U2.5,0.670686,True,1,1
La Liga,2025/26,12,2025-11-07T20:00:00+00:00,LaLiga|2025|118,Valencia,Betis,2025-11-09T17:30:00Z,1,1,True,0,2,0.621909,0.515665,0.265609,0.55,False,0,U2.5,0.604288,True,1,1
La Liga,2025/26,12,2025-11-07T20:00:00+00:00,LaLiga|2025|119,Celta,Barcelona,2025-11-09T20:00:00Z,2,4,True,0,GG,0.592491,0.592491,0.0,0.6,False,1,2,0.565863,True,1,1
La Liga,2025/26,13,2025-11-21T20:00:00+00:00,LaLiga|2025|120,Valencia,Levante,2025-11-21T20:00:00Z,1,0,True,0,GG,0.580839,0.580839,0.0,0.6,False,0,,,False,0,
La Liga,2025/26,13,2025-11-21T20:00:00+00:00,LaLiga|2025|121,Alaves,Celta,2025-11-22T13:00:00Z,0,1,True,0,U2.5,0.598859,0.598859,0.0,0.6,False,1,,,False,0,
La Liga,2025/26,13,2025-11-21T20:00:00+00:00,LaLiga|2025|122,Barcelona,Ath Bilbao,2025-11-22T15:15:00Z,4,0,True,0,1,0.562267,0.6004,0.095333,0.55,True,1,1,0.6004,True,1,1
La Liga,2025/26,13,2025-11-21T20:00:00+00:00,LaLiga|2025|123,Osasuna,Sociedad,2025-11-22T17:30:00Z,1,3,True,0,U2.5,0.605161,0.605161,0.0,0.6,True,0,U2.5,0.605161,True,1,0
La Liga,2025/26,13,2025-11-21T20:00:00+00:00,LaLiga|2025|124,Villarreal,Mallorca,2025-11-22T20:00:00Z,2,1,True,0,1,0.820238,0.740663,0.198938,0.55,True,1,1,0.740663,True,1,1
La Liga,2025/26,13,2025-11-21T20:00:00+00:00,LaLiga|2025|125,Oviedo,Vallecano,2025-11-23T13:00:00Z,0,0,True,0,2,0.550779,0.484348,0.166079,0.55,False,0,,,False,0,
La Liga,2025/26,13,2025-11-21T20:00:00+00:00,LaLiga|2025|126,Betis,Girona,2025-11-23T15:15:00Z,1,1,True,0,1,0.778161,0.693256,0.212261,0.55,True,0,1,0.693256,True,1,0
La Liga,2025/26,13,2025-11-21T20:00:00+00:00,LaLiga|2025|127,Getafe,Ath Madrid,2025-11-23T17:30:00Z,0,1,True,0,U2.5,0.637441,0.637441,0.0,0.6,True,1,U2.5,0.637441,True,2,1
La Liga,2025/26,13,2025-11-21T20:00:00+00:00,LaLiga|2025|128,Elche,Real Madrid,2025-11-23T20:00:00Z,2,2,True,0,2,0.781884,0.74201,0.099684,0.55,True,0,2,0.74201,True,1,0
La Liga,2025/26,13,2025-11-21T20:00:00+00:00,LaLiga|2025|129,Espanol,Sevilla,2025-11-24T20:00:00Z,2,1,True,0,1,0.555767,0.4851,0.176667,0.55,False,1,,,False,0,
La Liga,2025/26,14,2025-11-28T20:00:00+00:00,LaLiga|2025|130,Getafe,Elche,2025-11-28T20:00:00Z,1,0,True,0,U2.5,0.68334,0.68334,0.0,0.6,True,1,U2.5,0.68334,True,2,1
La Liga,2025/26,14,2025-11-28T20:00:00+00:00,LaLiga|2025|131,Mallorca,Osasuna,2025-11-29T13:00:00Z,2,2,True,0,U2.5,0.613971,0.613971,0.0,0.6,True,0,U2.5,0.613971,True,1,0
La Liga,2025/26,14,2025-11-28T20:00:00+00:00,LaLiga|2025|132,Barcelona,Alaves,2025-11-29T15:15:00Z,3,1,True,0,1,0.701524,0.741634,0.100276,0.55,True,1,1,0.741634,True,1,1
La Liga,2025/26,14,2025-11-28T20:00:00+00:00,LaLiga|2025|133,Levante,Ath Bilbao,2025-11-29T17:30:00Z,0,2,True,0,U2.5,0.541274,0.541274,0.0,0.6,False,1,,,False,0,
La Liga,2025/26,14,2025-11-28T20:00:00+00:00,LaLiga|2025|134,Ath Madrid,Oviedo,2025-11-29T20:00:00Z,2,0,True,0,1,0.859042,0.807985,0.127642,0.55,True,1,1,0.807985,True,1,1
La Liga,2025/26,14,2025-11-28T20:00:00+00:00,LaLiga|2025|135,Sociedad,Villarreal,2025-11-30T13:00:00Z,2,3,True,0,GG,0.549847,0.549847,0.0,0.6,False,1,,,False,0,
La Liga,2025/26,14,2025-11-28T20:00:00+00:00,LaLiga|2025|136,Sevilla,Betis,2025-11-30T15:15:00Z,0,2,True,0,2,0.594385,0.505391,0.222485,0.55,False,1,,,False,0,
La Liga,2025/26,14,2025-11-28T20:00:00+00:00,LaLiga|2025|137,Celta,Espanol,2025-11-30T17:30:00Z,0,1,True,0,GG,0.538069,0.538069,0.0,0.6,False,0,,,False,0,
La Liga,2025/26,14,2025-11-28T20:00:00+00:00,LaLiga|2025|138,Girona,Real Madrid,2025-11-30T20:00:00Z,1,1,True,0,2,0.823281,0.740529,0.206881,0.55,True,0,2,0.740529,True,3,0
La Liga,2025/26,14,2025-11-28T20:00:00+00:00,LaLiga|2025|139,Vallecano,Valencia,2025-12-01T20:00:00Z,1,1,True,0,U2.5,0.518527,0.518527,0.0,0.6,False,1,,,False,0,
La Liga,2025/26,15,2025-12-02T20:00:00+00:00,LaLiga|2025|140,Barcelona,Ath Madrid,2025-12-02T20:00:00Z,3,1,True,0,GG,0.619637,0.619637,0.0,0.6,True,1,GG,0.619637,True,2,1
La Liga,2025/26,15,2025-12-02T20:00:00+00:00,LaLiga|2025|141,Ath Bilbao,Real Madrid,2025-12-03T18:00:00Z,0,3,True,0,2,0.620622,0.560573,0.150122,0.55,True,1,2,0.560573,True,1,1
La Liga,2025/26,15,2025-12-02T20:00:00+00:00,LaLiga|2025|142,Oviedo,Mallorca,2025-12-05T20:00:00Z,0,0,True,0,U2.5,0.597997,0.597997,0.0,0.6,False,1,,,False,0,
La Liga,2025/26,15,2025-12-02T20:00:00+00:00,LaLiga|2025|143,Villarreal,Getafe,2025-12-06T13:00:00Z,2,0,True,0,1,0.677211,0.671447,0.014411,0.55,True,1,1,0.671447,True,1,1
La Liga,2025/26,15,2025-12-02T20:00:00+00:00,LaLiga|2025|144,Alaves,Sociedad,2025-12-06T15:15:00Z,1,0,True,0,U2.5,0.602503,0.602503,0.0,0.6,True,1,U2.5,0.602503,True,1,1
La Liga,2025/26,15,2025-12-02T20:00:00+00:00,LaLiga|2025|147,Elche,Girona,2025-12-07T13:00:00Z,3,0,True,0,GG,0.52486,0.52486,0.0,0.6,False,0,,,False,0,
La Liga,2025/26,15,2025-12-02T20:00:00+00:00,LaLiga|2025|148,Valencia,Sevilla,2025-12-07T15:15:00Z,1,1,True,0,U2.5,0.574288,0.574288,0.0,0.6,False,1,,,False,0,
La Liga,2025/26,15,2025-12-02T20:00:00+00:00,LaLiga|2025|149,Espanol,Vallecano,2025-12-07T17:30:00Z,1,0,True,0,GG,0.553094,0.553094,0.0,0.6,False,0,,,False,0,
La Liga,2025/26,16,2025-12-07T20:00:00+00:00,LaLiga|2025|150,Real Madrid,Celta,2025-12-07T20:00:00Z,0,2,True,0,1,0.860719,0.796951,0.159419,0.55,True,0,1,0.796951,True,1,0
La Liga,2025/26,16,2025-12-07T20:00:00+00:00,LaLiga|2025|152,Sociedad,Girona,2025-12-12T20:00:00Z,1,2,True,0,1,0.742628,0.622217,0.301028,0.55,False,0,,,False,0,
La Liga,2025/26,17,2025-12-13T13:00:00+00:00,LaLiga|2025|153,Ath Madrid,Valencia,2025-12-13T13:00:00Z,2,1,True,0,1,0.785644,0.721266,0.160944,0.55,True,1,1,0.721266,True,1,1
La Liga,2025/26,17,2025-12-13T13:00:00+00:00,LaLiga|2025|155,Barcelona,Osasuna,2025-12-13T17:30:00Z,2,0,True,0,1,0.786654,0.784712,0.004854,0.55,True,1,1,0.784712,True,2,1
La Liga,2025/26,17,2025-12-13T13:00:00+00:00,LaLiga|2025|158,Celta,Ath Bilbao,2025-12-14T15:15:00Z,2,0,True,0,U2.5,0.626478,0.626478,0.0,0.6,True,1,U2.5,0.626478,True,1,1
La Liga,2025/26,17,2025-12-13T13:00:00+00:00,LaLiga|2025|159,Alaves,Real Madrid,2025-12-14T20:00:00Z,1,2,True,0,2,0.559262,0.572437,0.032938,0.55,True,1,2,0.572437,True,1,1
La Liga,2025/26,16,2025-12-15T20:00:00+00:00,LaLiga|2025|160,Vallecano,Betis,2025-12-15T20:00:00Z,0,0,True,0,U2.5,0.526465,0.526465,0.0,0.6,False,1,,,False,0,
La Liga,2025/26,17,2025-12-19T20:00:00+00:00,LaLiga|2025|161,Valencia,Mallorca,2025-12-19T20:00:00Z,1,1,True,0,U2.5,0.568505,0.568505,0.0,0.6,False,1,,,False,0,
La Liga,2025/26,17,2025-12-19T20:00:00+00:00,LaLiga|2025|162,Oviedo,Celta,2025-12-20T13:00:00Z,0,0,True,0,U2.5,0.596224,0.596224,0.0,0.6,False,1,,,False,0,
La Liga,2025/26,17,2025-12-19T20:00:00+00:00,LaLiga|2025|163,Levante,Sociedad,2025-12-20T15:15:00Z,1,1,True,0,2,0.58398,0.482588,0.25348,0.55,False,0,,,False,0,
La Liga,2025/26,17,2025-12-19T20:00:00+00:00,LaLiga|2025|164,Osasuna,Alaves,2025-12-20T17:30:00Z,3,0,True,0,U2.5,0.661474,0.661474,0.0,0.6,True,0,U2.5,0.661474,True,1,0
La Liga,2025/26,17,2025-12-19T20:00:00+00:00,LaLiga|2025|168,Elche,Vallecano,2025-12-21T17:30:00Z,4,0,True,0,U2.5,0.558876,0.558876,0.0,0.6,False,0,,,False,0,
La Liga,2025/26,17,2025-12-19T20:00:00+00:00,LaLiga|2025|169,Betis,Getafe,2025-12-21T20:00:00Z,4,0,True,0,U2.5,0.673354,0.673354,0.0,0.6,True,0,U2.5,0.673354,True,3,0
La Liga,2025/26,18,2025-12-22T20:00:00+00:00,LaLiga|2025|170,Ath Bilbao,Espanol,2025-12-22T20:00:00Z,1,2,True,0,U2.5,0.595781,0.595781,0.0,0.6,False,0,,,False,0,
La Liga,2025/26,18,2026-01-02T20:00:00+00:00,LaLiga|2025|171,Vallecano,Getafe,2026-01-02T20:00:00Z,1,1,True,0,U2.5,0.638988,0.638988,0.0,0.6,True,1,U2.5,0.638988,True,1,1
La Liga,2025/26,18,2026-01-02T20:00:00+00:00,LaLiga|2025|172,Celta,Valencia,2026-01-03T13:00:00Z,4,1,True,0,U2.5,0.596082,0.596082,0.0,0.6,False,0,,,False,0,
La Liga,2025/26,18,2026-01-02T20:00:00+00:00,LaLiga|2025|174,Elche,Villarreal,2026-01-03T17:30:00Z,1,3,True,0,2,0.565872,0.551283,0.036472,0.55,True,1,2,0.551283,True,1,1
La Liga,2025/26,18,2026-01-02T20:00:00+00:00,LaLiga|2025|176,Sevilla,Levante,2026-01-04T13:00:00Z,0,3,True,0,GG,0.559405,0.559405,0.0,0.6,False,0,,,False,0,
La Liga,2025/26,18,2026-01-02T20:00:00+00:00,LaLiga|2025|178,Alaves,Oviedo,2026-01-04T17:30:00Z,1,1,True,0,U2.5,0.612074,0.612074,0.0,0.6,True,1,U2.5,0.612074,True,2,1
La Liga,2025/26,18,2026-01-02T20:00:00+00:00,LaLiga|2025|179,Mallorca,Girona,2026-01-04T17:30:00Z,1,2,True,0,1,0.58,0.54488,0.0878,0.55,False,0,,,False,0,
La Liga,2025/26,19,2026-01-04T20:00:00+00:00,LaLiga|2025|180,Sociedad,Ath Madrid,2026-01-04T20:00:00Z,1,1,True,0,2,0.550497,0.557698,0.018003,0.55,True,0,2,0.557698,True,1,0
La Liga,2025/26,19,2026-01-04T20:00:00+00:00,LaLiga|2025|181,Getafe,Sociedad,2026-01-09T20:00:00Z,1,2,True,0,U2.5,0.697186,0.697186,0.0,0.6,True,0,U2.5,0.697186,True,2,0
La Liga,2025/26,19,2026-01-10T13:00:00+00:00,LaLiga|2025|182,Oviedo,Betis,2026-01-10T13:00:00Z,1,1,True,0,2,0.64837,0.575662,0.18177,0.55,True,0,2,0.575662,True,1,0
La Liga,2025/26,19,2026-01-10T13:00:00+00:00,LaLiga|2025|183,Villarreal,Alaves,2026-01-10T15:15:00Z,3,1,True,0,1,0.762834,0.74698,0.039634,0.55,True,1,1,0.74698,True,1,1
La Liga,2025/26,19,2026-01-10T13:00:00+00:00,LaLiga|2025|184,Girona,Osasuna,2026-01-10T17:30:00Z,1,0,True,0,U2.5,0.581765,0.581765,0.0,0.6,False,1,,,False,0,
La Liga,2025/26,19,2026-01-10T13:00:00+00:00,LaLiga|2025|185,Valencia,Elche,2026-01-10T20:00:00Z,1,1,True,0,U2.5,0.55844,0.55844,0.0,0.6,False,1,,,False,0,
La Liga,2025/26,19,2026-01-10T13:00:00+00:00,LaLiga|2025|186,Vallecano,Mallorca,2026-01-11T13:00:00Z,2,1,True,0,U2.5,0.541957,0.541957,0.0,0.6,False,0,,,False,0,
La Liga,2025/26,19,2026-01-10T13:00:00+00:00,LaLiga|2025|187,Levante,Espanol,2026-01-11T15:15:00Z,1,1,True,0,GG,0.58033,0.58033,0.0,0.6,False,1,,,False,0,
La Liga,2025/26,19,2026-01-10T13:00:00+00:00,LaLiga|2025|188,Sevilla,Celta,2026-01-12T20:00:00Z,0,1,True,0,U2.5,0.577043,0.577043,0.0,0.6,False,1,,,False,0,
La Liga,2025/26,20,2026-01-16T20:00:00+00:00,LaLiga|2025|189,Espanol,Girona,2026-01-16T20:00:00Z,0,2,True,0,1,0.620894,0.565416,0.138694,0.55,True,0,1,0.565416,True,1,0
La Liga,2025/26,20,2026-01-16T20:00:00+00:00,LaLiga|2025|190,Real Madrid,Levante,2026-01-17T13:00:00Z,2,0,True,0,1,0.894361,0.842737,0.129061,0.55,True,1,1,0.842737,True,2,1
La Liga,2025/26,20,2026-01-16T20:00:00+00:00,LaLiga|2025|191,Mallorca,Ath Bilbao,2026-01-17T15:15:00Z,3,2,True,0,U2.5,0.628886,0.628886,0.0,0.6,True,0,U2.5,0.628886,True,1,0
La Liga,2025/26,20,2026-01-16T20:00:00+00:00,LaLiga|2025|192,Osasuna,Oviedo,2026-01-17T17:30:00Z,3,2,True,0,U2.5,0.622216,0.622216,0.0,0.6,True,0,U2.5,0.622216,True,1,0
La Liga,2025/26,20,2026-01-16T20:00:00+00:00,LaLiga|2025|193,Betis,Villarreal,2026-01-17T20:00:00Z,2,0,True,0,GG,0.565382,0.565382,0.0,0.6,False,0,,,False,0,
La Liga,2025/26,20,2026-01-16T20:00:00+00:00,LaLiga|2025|194,Getafe,Valencia,2026-01-18T13:00:00Z,0,1,True,0,U2.5,0.713518,0.713518,0.0,0.6,True,1,U2.5,0.713518,True,2,1
La Liga,2025/26,20,2026-01-16T20:00:00+00:00,LaLiga|2025|195,Ath Madrid,Alaves,2026-01-18T15:15:00Z,1,0,True,0,1,0.770692,0.757175,0.033792,0.55,True,1,1,0.757175,True,1,1
La Liga,2025/26,20,2026-01-16T20:00:00+00:00,LaLiga|2025|196,Celta,Vallecano,2026-01-18T17:30:00Z,3,0,True,0,1,0.607257,0.587394,0.049657,0.55,True,1,1,0.587394,True,1,1
La Liga,2025/26,20,2026-01-16T20:00:00+00:00,LaLiga|2025|197,Sociedad,Barcelona,2026-01-18T20:00:00Z,2,1,True,0,GG,0.621243,0.621243,0.0,0.6,True,1,2,0.635969,True,3,0
La Liga,2025/26,20,2026-01-16T20:00:00+00:00,LaLiga|2025|198,Elche,Sevilla,2026-01-19T20:00:00Z,2,2,True,0,U2.5,0.561749,0.561749,0.0,0.6,False,0,,,False,0,
La Liga,2025/26,21,2026-01-23T20:00:00+00:00,LaLiga|2025|199,Levante,Elche,2026-01-23T20:00:00Z,3,2,True,0,GG,0.552966,0.552966,0.0,0.6,False,1,,,False,0,
La Liga,2025/26,21,2026-01-23T20:00:00+00:00,LaLiga|2025|200,Vallecano,Osasuna,2026-01-24T13:00:00Z,1,3,True,0,U2.5,0.595493,0.595493,0.0,0.6,False,0,,,False,0,
La Liga,2025/26,21,2026-01-23T20:00:00+00:00,LaLiga|2025|201,Valencia,Espanol,2026-01-24T15:15:00Z,3,2,True,0,U2.5,0.566908,0.566908,0.0,0.6,False,0,,,False,0,
La Liga,2025/26,21,2026-01-23T20:00:00+00:00,LaLiga|2025|202,Sevilla,Ath Bilbao,2026-01-24T17:30:00Z,2,1,True,0,U2.5,0.594481,0.594481,0.0,0.6,False,0,,,False,0,
La Liga,2025/26,21,2026-01-23T20:00:00+00:00,LaLiga|2025|203,Villarreal,Real Madrid,2026-01-24T20:00:00Z,0,2,True,0,GG,0.612459,0.612459,0.0,0.6,True,0,GG,0.612459,True,1,0
La Liga,2025/26,21,2026-01-23T20:00:00+00:00,LaLiga|2025|204,Ath Madrid,Mallorca,2026-01-25T13:00:00Z,3,0,True,0,1,0.810264,0.755558,0.136764,0.55,True,1,1,0.755558,True,1,1
La Liga,2025/26,21,2026-01-23T20:00:00+00:00,LaLiga|2025|205,Barcelona,Oviedo,2026-01-25T15:15:00Z,3,0,True,0,1,0.950219,0.908612,0.104019,0.55,True,1,1,0.908612,True,2,1
La Liga,2025/26,21,2026-01-23T20:00:00+00:00,LaLiga|2025|206,Sociedad,Celta,2026-01-25T17:30:00Z,3,1,True,0,U2.5,0.556733,0.556733,0.0,0.6,False,0,,,False,0,
La Liga,2025/26,21,2026-01-23T20:00:00+00:00,LaLiga|2025|207,Alaves,Betis,2026-01-25T20:00:00Z,2,1,True,0,U2.5,0.571788,0.571788,0.0,0.6,False,0,,,False,0,
La Liga,2025/26,21,2026-01-23T20:00:00+00:00,LaLiga|2025|208,Girona,Getafe,2026-01-26T20:00:00Z,1,1,True,0,U2.5,0.688249,0.688249,0.0,0.6,True,1,U2.5,0.688249,True,3,1
La Liga,2025/26,22,2026-01-30T20:00:00+00:00,LaLiga|2025|209,Espanol,Alaves,2026-01-30T20:00:00Z,1,2,True,0,U2.5,0.549515,0.549515,0.0,0.6,False,0,,,False,0,
La Liga,2025/26,22,2026-01-30T20:00:00+00:00,LaLiga|2025|210,Oviedo,Girona,2026-01-31T13:00:00Z,1,0,True,0,U2.5,0.556892,0.556892,0.0,0.6,False,1,,,False,0,
La Liga,2025/26,22,2026-01-30T20:00:00+00:00,LaLiga|2025|211,Osasuna,Villarreal,2026-01-31T15:15:00Z,2,2,True,0,U2.5,0.584653,0.584653,0.0,0.6,False,0,,,False,0,
La Liga,2025/26,22,2026-01-30T20:00:00+00:00,LaLiga|2025|212,Levante,Ath Madrid,2026-01-31T17:30:00Z,0,0,True,0,2,0.64036,0.609136,0.07806,0.55,True,0,2,0.609136,True,1,0
La Liga,2025/26,22,2026-01-30T20:00:00+00:00,LaLiga|2025|213,Elche,Barcelona,2026-01-31T20:00:00Z,1,3,True,0,2,0.840316,0.77671,0.159016,0.55,True,1,2,0.77671,True,3,1
La Liga,2025/26,22,2026-01-30T20:00:00+00:00,LaLiga|2025|214,Real Madrid,Vallecano,2026-02-01T13:00:00Z,2,1,True,0,1,0.892578,0.850667,0.104778,0.55,True,1,1,0.850667,True,2,1
La Liga,2025/26,22,2026-01-30T20:00:00+00:00,LaLiga|2025|215,Betis,Valencia,2026-02-01T15:15:00Z,2,1,True,0,1,0.591131,0.565079,0.065131,0.55,True,1,1,0.565079,True,1,1
La Liga,2025/26,22,2026-01-30T20:00:00+00:00,LaLiga|2025|216,Getafe,Celta,2026-02-01T17:30:00Z,0,0,True,0,U2.5,0.724267,0.724267,0.0,0.6,True,1,U2.5,0.724267,True,2,1
La Liga,2025/26,22,2026-01-30T20:00:00+00:00,LaLiga|2025|217,Ath Bilbao,Sociedad,2026-02-01T20:00:00Z,1,1,True,0,U2.5,0.563845,0.563845,0.0,0.6,False,1,,,False,0,
La Liga,2025/26,22,2026-01-30T20:00:00+00:00,LaLiga|2025|218,Mallorca,Sevilla,2026-02-02T20:00:00Z,4,1,True,0,U2.5,0.565673,0.565673,0.0,0.6,False,0,,,False,0,
La Liga,2025/26,23,2026-02-06T20:00:00+00:00,LaLiga|2025|219,Celta,Osasuna,2026-02-06T20:00:00Z,1,2,True,0,U2.5,0.642736,0.642736,0.0,0.6,True,0,U2.5,0.642736,True,1,0
La Liga,2025/26,23,2026-02-06T20:00:00+00:00,LaLiga|2025|220,Barcelona,Mallorca,2026-02-07T15:15:00Z,3,0,True,0,1,0.922055,0.860873,0.152955,0.55,True,1,1,0.860873,True,2,1
La Liga,2025/26,23,2026-02-06T20:00:00+00:00,LaLiga|2025|221,Sociedad,Elche,2026-02-07T20:00:00Z,3,1,True,0,1,0.814675,0.687365,0.318275,0.55,False,1,,,False,0,
La Liga,2025/26,23,2026-02-06T20:00:00+00:00,LaLiga|2025|222,Alaves,Getafe,2026-02-08T13:00:00Z,0,2,True,0,U2.5,0.739914,0.739914,0.0,0.6,True,1,U2.5,0.739914,True,2,1
La Liga,2025/26,23,2026-02-06T20:00:00+00:00,LaLiga|2025|223,Ath Bilbao,Levante,2026-02-08T15:15:00Z,4,2,True,0,1,0.509997,0.501598,0.020997,0.55,False,1,,,False,0,
La Liga,2025/26,23,2026-02-06T20:00:00+00:00,LaLiga|2025|224,Sevilla,Girona,2026-02-08T15:15:00Z,1,1,True,0,U2.5,0.528601,0.528601,0.0,0.6,False,1,,,False,0,
La Liga,2025/26,23,2026-02-06T20:00:00+00:00,LaLiga|2025|225,Ath Madrid,Betis,2026-02-08T17:30:00Z,0,1,True,0,1,0.701293,0.641896,0.148493,0.55,True,0,1,0.641896,True,1,0
La Liga,2025/26,23,2026-02-06T20:00:00+00:00,LaLiga|2025|226,Valencia,Real Madrid,2026-02-08T20:00:00Z,0,2,True,0,2,0.723655,0.671353,0.130755,0.55,True,1,2,0.671353,True,1,1
La Liga,2025/26,23,2026-02-06T20:00:00+00:00,LaLiga|2025|227,Villarreal,Espanol,2026-02-09T20:00:00Z,4,1,True,0,1,0.714382,0.686349,0.070082,0.55,True,1,1,0.686349,True,1,1
La Liga,2025/26,24,2026-02-13T20:00:00+00:00,LaLiga|2025|228,Elche,Osasuna,2026-02-13T20:00:00Z,0,0,True,0,U2.5,0.586337,0.586337,0.0,0.6,False,1,,,False,0,
La Liga,2025/26,24,2026-02-13T20:00:00+00:00,LaLiga|2025|229,Espanol,Celta,2026-02-14T13:00:00Z,2,2,True,0,U2.5,0.552202,0.552202,0.0,0.6,False,0,,,False,0,
La Liga,2025/26,24,2026-02-13T20:00:00+00:00,LaLiga|2025|230,Getafe,Villarreal,2026-02-14T15:15:00Z,2,1,True,0,U2.5,0.676285,0.676285,0.0,0.6,True,0,U2.5,0.676285,True,2,0
La Liga,2025/26,24,2026-02-13T20:00:00+00:00,LaLiga|2025|231,Sevilla,Alaves,2026-02-14T17:30:00Z,1,1,True,0,U2.5,0.564686,0.564686,0.0,0.6,False,1,,,False,0,
La Liga,2025/26,24,2026-02-13T20:00:00+00:00,LaLiga|2025|232,Real Madrid,Sociedad,2026-02-14T20:00:00Z,4,1,True,0,1,0.687442,0.700105,0.031658,0.55,True,1,1,0.700105,True,1,1
La Liga,2025/26,24,2026-02-13T20:00:00+00:00,LaLiga|2025|233,Oviedo,Ath Bilbao,2026-02-15T13:00:00Z,1,2,True,0,2,0.691395,0.571397,0.299995,0.55,False,1,U2.5,0.608538,True,1,0
La Liga,2025/26,24,2026-02-13T20:00:00+00:00,LaLiga|2025|234,Vallecano,Ath Madrid,2026-02-15T15:15:00Z,3,0,True,0,2,0.57365,0.56031,0.03335,0.55,True,0,2,0.56031,True,1,0
La Liga,2025/26,24,2026-02-13T20:00:00+00:00,LaLiga|2025|235,Levante,Valencia,2026-02-15T17:30:00Z,0,2,True,0,GG,0.537639,0.537639,0.0,0.6,False,0,,,False,0,
La Liga,2025/26,24,2026-02-13T20:00:00+00:00,LaLiga|2025|236,Mallorca,Betis,2026-02-15T20:00:00Z,1,2,True,0,2,0.559595,0.500357,0.148095,0.55,False,1,,,False,0,
La Liga,2025/26,24,2026-02-13T20:00:00+00:00,LaLiga|2025|237,Girona,Barcelona,2026-02-16T20:00:00Z,2,1,True,0,2,0.756107,0.710464,0.114107,0.55,True,0,2,0.710464,True,3,0
La Liga,2025/26,24,2026-02-13T20:00:00+00:00,LaLiga|2025|238,Levante,Villarreal,2026-02-18T19:00:00Z,0,1,True,0,2,0.641386,0.593232,0.120386,0.55,True,1,2,0.593232,True,1,1
La Liga,2025/26,25,2026-02-20T20:00:00+00:00,LaLiga|2025|239,Ath Bilbao,Elche,2026-02-20T20:00:00Z,2,1,True,0,1,0.801826,0.694255,0.268926,0.55,False,1,,,False,0,
La Liga,2025/26,25,2026-02-20T20:00:00+00:00,LaLiga|2025|240,Sociedad,Oviedo,2026-02-21T13:00:00Z,3,3,True,0,1,0.798533,0.70016,0.245933,0.55,True,0,1,0.70016,True,1,0
La Liga,2025/26,25,2026-02-20T20:00:00+00:00,LaLiga|2025|241,Betis,Vallecano,2026-02-21T15:15:00Z,1,1,True,0,1,0.706127,0.659836,0.115727,0.55,True,0,1,0.659836,True,1,0
La Liga,2025/26,25,2026-02-20T20:00:00+00:00,LaLiga|2025|242,Osasuna,Real Madrid,2026-02-21T17:30:00Z,2,1,True,0,2,0.646065,0.607519,0.096365,0.55,True,0,2,0.607519,True,1,0
La Liga,2025/26,25,2026-02-20T20:00:00+00:00,LaLiga|2025|243,Ath Madrid,Espanol,2026-02-21T20:00:00Z,4,2,True,0,1,0.685187,0.666552,0.046587,0.55,True,1,1,0.666552,True,1,1
La Liga,2025/26,25,2026-02-20T20:00:00+00:00,LaLiga|2025|244,Getafe,Sevilla,2026-02-22T13:00:00Z,0,1,True,0,U2.5,0.698924,0.698924,0.0,0.6,True,1,U2.5,0.698924,True,2,1
La Liga,2025/26,25,2026-02-20T20:00:00+00:00,LaLiga|2025|245,Barcelona,Levante,2026-02-22T15:15:00Z,3,0,True,0,1,0.951396,0.899838,0.128896,0.55,True,1,1,0.899838,True,3,1
La Liga,2025/26,25,2026-02-20T20:00:00+00:00,LaLiga|2025|246,Celta,Mallorca,2026-02-22T17:30:00Z,2,0,True,0,1,0.585691,0.553655,0.080091,0.55,True,1,1,0.553655,True,1,1
La Liga,2025/26,25,2026-02-20T20:00:00+00:00,LaLiga|2025|247,Villarreal,Valencia,2026-02-22T20:00:00Z,2,1,True,0,1,0.560161,0.576577,0.041039,0.55,True,1,1,0.576577,True,1,1
La Liga,2025/26,25,2026-02-20T20:00:00+00:00,LaLiga|2025|248,Alaves,Girona,2026-02-23T20:00:00Z,2,2,True,0,U2.5,0.520101,0.520101,0.0,0.6,False,0,,,False,0,
La Liga,2025/26,26,2026-02-27T20:00:00+00:00,LaLiga|2025|249,Levante,Alaves,2026-02-27T20:00:00Z,2,0,True,0,GG,0.526005,0.526005,0.0,0.6,False,0,,,False,0,
La Liga,2025/26,26,2026-02-27T20:00:00+00:00,LaLiga|2025|250,Vallecano,Ath Bilbao,2026-02-28T13:00:00Z,1,1,True,0,U2.5,0.577075,0.577075,0.0,0.6,False,1,,,False,0,
La Liga,2025/26,26,2026-02-27T20:00:00+00:00,LaLiga|2025|251,Barcelona,Villarreal,2026-02-28T15:15:00Z,4,1,True,0,1,0.721438,0.657263,0.160438,0.55,True,1,O2.5,0.696118,True,3,1
La Liga,2025/26,26,2026-02-27T20:00:00+00:00,LaLiga|2025|252,Mallorca,Sociedad,2026-02-28T17:30:00Z,0,1,True,0,2,0.589202,0.487921,0.253202,0.55,False,1,,,False,0,
La Liga,2025/26,26,2026-02-27T20:00:00+00:00,LaLiga|2025|253,Oviedo,Ath Madrid,2026-02-28T20:00:00Z,0,1,True,0,2,0.735589,0.657393,0.195489,0.55,True,1,2,0.657393,True,1,1
La Liga,2025/26,26,2026-02-27T20:00:00+00:00,LaLiga|2025|254,Elche,Espanol,2026-03-01T13:00:00Z,2,2,True,0,GG,0.547706,0.547706,0.0,0.6,False,1,,,False,0,
La Liga,2025/26,26,2026-02-27T20:00:00+00:00,LaLiga|2025|255,Valencia,Osasuna,2026-03-01T15:15:00Z,1,0,True,0,U2.5,0.615953,0.615953,0.0,0.6,True,1,U2.5,0.615953,True,1,1
La Liga,2025/26,26,2026-02-27T20:00:00+00:00,LaLiga|2025|256,Betis,Sevilla,2026-03-01T17:30:00Z,2,2,True,0,1,0.728967,0.6765,0.131167,0.55,True,0,1,0.6765,True,1,0
La Liga,2025/26,26,2026-02-27T20:00:00+00:00,LaLiga|2025|257,Girona,Celta,2026-03-01T20:00:00Z,1,2,True,0,U2.5,0.536294,0.536294,0.0,0.6,False,0,,,False,0,
La Liga,2025/26,26,2026-02-27T20:00:00+00:00,LaLiga|2025|258,Real Madrid,Getafe,2026-03-02T20:00:00Z,0,1,True,0,1,0.77225,0.77255,0.00075,0.55,True,0,1,0.77255,True,2,0
La Liga,2025/26,26,2026-02-27T20:00:00+00:00,LaLiga|2025|259,Vallecano,Oviedo,2026-03-04T18:00:00Z,3,0,True,0,1,0.602043,0.562066,0.099943,0.55,True,1,1,0.562066,True,1,1
La Liga,2025/26,27,2026-03-06T20:00:00+00:00,LaLiga|2025|260,Celta,Real Madrid,2026-03-06T20:00:00Z,1,2,True,0,2,0.579755,0.530773,0.122455,0.55,False,1,,,False,0,
La Liga,2025/26,27,2026-03-06T20:00:00+00:00,LaLiga|2025|261,Osasuna,Mallorca,2026-03-07T13:00:00Z,2,2,True,0,U2.5,0.605742,0.605742,0.0,0.6,True,0,U2.5,0.605742,True,2,0
La Liga,2025/26,27,2026-03-06T20:00:00+00:00,LaLiga|2025|262,Levante,Girona,2026-03-07T15:15:00Z,1,1,True,0,GG,0.578737,0.578737,0.0,0.6,False,1,,,False,0,
La Liga,2025/26,27,2026-03-06T20:00:00+00:00,LaLiga|2025|263,Ath Madrid,Sociedad,2026-03-07T17:30:00Z,3,2,True,0,1,0.54419,0.561594,0.04351,0.55,True,1,1,0.561594,True,1,1
La Liga,2025/26,27,2026-03-06T20:00:00+00:00,LaLiga|2025|264,Ath Bilbao,Barcelona,2026-03-07T20:00:00Z,0,1,True,0,GG,0.61581,0.61581,0.0,0.6,True,0,GG,0.61581,True,1,0
La Liga,2025/26,27,2026-03-06T20:00:00+00:00,LaLiga|2025|265,Villarreal,Elche,2026-03-08T13:00:00Z,2,1,True,0,1,0.837678,0.777887,0.149478,0.55,True,1,1,0.777887,True,1,1
La Liga,2025/26,27,2026-03-06T20:00:00+00:00,LaLiga|2025|266,Getafe,Betis,2026-03-08T15:15:00Z,2,0,True,0,U2.5,0.707714,0.707714,0.0,0.6,True,1,U2.5,0.707714,True,2,1
La Liga,2025/26,27,2026-03-06T20:00:00+00:00,LaLiga|2025|267,Sevilla,Vallecano,2026-03-08T17:30:00Z,1,1,True,0,U2.5,0.57093,0.57093,0.0,0.6,False,1,,,False,0,
La Liga,2025/26,27,2026-03-06T20:00:00+00:00,LaLiga|2025|268,Valencia,Alaves,2026-03-08T20:00:00Z,3,2,True,0,U2.5,0.585207,0.585207,0.0,0.6,False,0,,,False,0,
La Liga,2025/26,27,2026-03-06T20:00:00+00:00,LaLiga|2025|269,Espanol,Oviedo,2026-03-09T20:00:00Z,1,1,True,0,1,0.717863,0.633318,0.211363,0.55,True,0,1,0.633318,True,1,0
La Liga,2025/26,28,2026-03-13T20:00:00+00:00,LaLiga|2025|270,Alaves,Villarreal,2026-03-13T20:00:00Z,1,1,True,0,GG,0.540525,0.540525,0.0,0.6,False,1,,,False,0,
La Liga,2025/26,28,2026-03-13T20:00:00+00:00,LaLiga|2025|271,Girona,Ath Bilbao,2026-03-14T13:00:00Z,3,0,True,0,U2.5,0.559871,0.559871,0.0,0.6,False,0,,,False,0,
La Liga,2025/26,28,2026-03-13T20:00:00+00:00,LaLiga|2025|272,Ath Madrid,Getafe,2026-03-14T15:15:00Z,1,0,True,0,U2.5,0.668411,0.668411,0.0,0.6,True,1,U2.5,0.668411,True,3,1
La Liga,2025/26,28,2026-03-13T20:00:00+00:00,LaLiga|2025|273,Oviedo,Valencia,2026-03-14T17:30:00Z,1,0,True,0,2,0.623201,0.53576,0.218601,0.55,False,0,,,False,0,
La Liga,2025/26,28,2026-03-13T20:00:00+00:00,LaLiga|2025|274,Real Madrid,Elche,2026-03-14T20:00:00Z,4,1,True,0,1,0.94375,0.88145,0.15575,0.55,True,1,1,0.88145,True,2,1
La Liga,2025/26,28,2026-03-13T20:00:00+00:00,LaLiga|2025|275,Mallorca,Espanol,2026-03-15T13:00:00Z,2,1,True,0,U2.5,0.537119,0.537119,0.0,0.6,False,0,,,False,0,
La Liga,2025/26,28,2026-03-13T20:00:00+00:00,LaLiga|2025|276,Barcelona,Sevilla,2026-03-15T15:15:00Z,5,2,True,0,1,0.857248,0.832869,0.060948,0.55,True,1,1,0.832869,True,2,1
La Liga,2025/26,28,2026-03-13T20:00:00+00:00,LaLiga|2025|277,Betis,Celta,2026-03-15T17:30:00Z,1,1,True,0,U2.5,0.564121,0.564121,0.0,0.6,False,1,,,False,0,
La Liga,2025/26,28,2026-03-13T20:00:00+00:00,LaLiga|2025|278,Sociedad,Osasuna,2026-03-15T20:00:00Z,3,1,True,0,U2.5,0.56937,0.56937,0.0,0.6,False,0,,,False,0,
La Liga,2025/26,28,2026-03-13T20:00:00+00:00,LaLiga|2025|279,Vallecano,Levante,2026-03-16T20:00:00Z,1,1,True,0,1,0.723602,0.631041,0.231402,0.55,True,0,1,0.631041,True,1,0
La Liga,2025/26,29,2026-03-20T20:00:00+00:00,LaLiga|2025|280,Villarreal,Sociedad,2026-03-20T20:00:00Z,3,1,True,0,GG,0.543923,0.543923,0.0,0.6,False,1,,,False,0,
La Liga,2025/26,29,2026-03-20T20:00:00+00:00,LaLiga|2025|281,Elche,Mallorca,2026-03-21T13:00:00Z,2,1,True,0,GG,0.52496,0.52496,0.0,0.6,False,1,,,False,0,
La Liga,2025/26,29,2026-03-20T20:00:00+00:00,LaLiga|2025|282,Espanol,Getafe,2026-03-21T15:15:00Z,1,2,True,0,U2.5,0.671554,0.671554,0.0,0.6,True,0,U2.5,0.671554,True,2,0
La Liga,2025/26,29,2026-03-20T20:00:00+00:00,LaLiga|2025|283,Levante,Oviedo,2026-03-21T17:30:00Z,4,2,True,0,1,0.573561,0.526697,0.117161,0.55,False,1,,,False,0,
La Liga,2025/26,29,2026-03-20T20:00:00+00:00,LaLiga|2025|284,Osasuna,Girona,2026-03-21T17:30:00Z,1,0,True,0,U2.5,0.542458,0.542458,0.0,0.6,False,1,,,False,0,
La Liga,2025/26,29,2026-03-20T20:00:00+00:00,LaLiga|2025|285,Sevilla,Valencia,2026-03-21T20:00:00Z,0,2,True,0,U2.5,0.593722,0.593722,0.0,0.6,False,1,,,False,0,
La Liga,2025/26,29,2026-03-20T20:00:00+00:00,LaLiga|2025|286,Barcelona,Vallecano,2026-03-22T13:00:00Z,1,0,True,0,1,0.810839,0.796863,0.034939,0.55,True,1,1,0.796863,True,2,1
La Liga,2025/26,29,2026-03-20T20:00:00+00:00,LaLiga|2025|287,Celta,Alaves,2026-03-22T15:15:00Z,3,4,True,0,1,0.630767,0.62286,0.019767,0.55,True,0,1,0.62286,True,1,0
La Liga,2025/26,29,2026-03-20T20:00:00+00:00,LaLiga|2025|288,Ath Bilbao,Betis,2026-03-22T17:30:00Z,2,1,True,0,U2.5,0.584433,0.584433,0.0,0.6,False,0,,,False,0,
La Liga,2025/26,29,2026-03-20T20:00:00+00:00,LaLiga|2025|289,Real Madrid,Ath Madrid,2026-03-22T20:00:00Z,3,2,True,0,1,0.624388,0.582993,0.103488,0.55,True,1,1,0.582993,True,1,1
La Liga,2025/26,30,2026-04-03T20:00:00+00:00,LaLiga|2025|290,Vallecano,Elche,2026-04-03T20:00:00Z,1,0,True,0,1,0.656622,0.588013,0.171522,0.55,True,1,1,0.588013,True,1,1
La Liga,2025/26,30,2026-04-03T20:00:00+00:00,LaLiga|2025|291,Sociedad,Levante,2026-04-04T13:00:00Z,2,0,True,0,1,0.666938,0.606323,0.151538,0.55,True,1,1,0.606323,True,1,1
La Liga,2025/26,30,2026-04-03T20:00:00+00:00,LaLiga|2025|292,Mallorca,Real Madrid,2026-04-04T15:15:00Z,2,1,True,0,2,0.807343,0.727846,0.198743,0.55,True,0,2,0.727846,True,1,0
La Liga,2025/26,30,2026-04-03T20:00:00+00:00,LaLiga|2025|293,Betis,Espanol,2026-04-04T17:30:00Z,0,0,True,0,1,0.559307,0.562344,0.007593,0.55,True,0,1,0.562344,True,1,0
La Liga,2025/26,30,2026-04-03T20:00:00+00:00,LaLiga|2025|294,Ath Madrid,Barcelona,2026-04-04T20:00:00Z,1,2,True,0,GG,0.649441,0.649441,0.0,0.6,True,1,GG,0.649441,True,2,1
La Liga,2025/26,30,2026-04-03T20:00:00+00:00,LaLiga|2025|295,Getafe,Ath Bilbao,2026-04-05T13:00:00Z,2,0,True,0,U2.5,0.730795,0.730795,0.0,0.6,True,1,U2.5,0.730795,True,2,1
La Liga,2025/26,30,2026-04-03T20:00:00+00:00,LaLiga|2025|296,Valencia,Celta,2026-04-05T15:15:00Z,2,3,True,0,U2.5,0.602523,0.602523,0.0,0.6,True,0,U2.5,0.602523,True,1,0
La Liga,2025/26,30,2026-04-03T20:00:00+00:00,LaLiga|2025|297,Oviedo,Sevilla,2026-04-05T17:30:00Z,1,0,True,0,U2.5,0.604199,0.604199,0.0,0.6,True,1,U2.5,0.604199,True,1,1
La Liga,2025/26,30,2026-04-03T20:00:00+00:00,LaLiga|2025|298,Alaves,Osasuna,2026-04-05T20:00:00Z,2,2,True,0,U2.5,0.607025,0.607025,0.0,0.6,True,0,U2.5,0.607025,True,1,0
La Liga,2025/26,30,2026-04-03T20:00:00+00:00,LaLiga|2025|299,Girona,Villarreal,2026-04-06T20:00:00Z,1,0,True,0,GG,0.563204,0.563204,0.0,0.6,False,0,,,False,0,
La Liga,2025/26,31,2026-04-10T20:00:00+00:00,LaLiga|2025|300,Real Madrid,Girona,2026-04-10T20:00:00Z,1,1,True,0,1,0.788013,0.746208,0.104513,0.55,True,0,1,0.746208,True,2,0
La Liga,2025/26,31,2026-04-10T20:00:00+00:00,LaLiga|2025|301,Sociedad,Alaves,2026-04-11T13:00:00Z,3,3,True,0,1,0.623915,0.593549,0.075915,0.55,True,0,1,0.593549,True,1,0
La Liga,2025/26,31,2026-04-10T20:00:00+00:00,LaLiga|2025|302,Elche,Valencia,2026-04-11T15:15:00Z,1,0,True,0,2,0.612161,0.516737,0.238561,0.55,False,0,,,False,0,
La Liga,2025/26,31,2026-04-10T20:00:00+00:00,LaLiga|2025|303,Barcelona,Espanol,2026-04-11T17:30:00Z,4,1,True,0,1,0.922487,0.884812,0.094187,0.55,True,1,1,0.884812,True,2,1
La Liga,2025/26,31,2026-04-10T20:00:00+00:00,LaLiga|2025|304,Sevilla,Ath Madrid,2026-04-11T20:00:00Z,2,1,True,0,2,0.674086,0.617251,0.142086,0.55,True,0,2,0.617251,True,1,0
La Liga,2025/26,31,2026-04-10T20:00:00+00:00,LaLiga|2025|305,Osasuna,Betis,2026-04-12T13:00:00Z,1,1,True,0,U2.5,0.598107,0.598107,0.0,0.6,False,1,,,False,0,
La Liga,2025/26,31,2026-04-10T20:00:00+00:00,LaLiga|2025|306,Mallorca,Vallecano,2026-04-12T15:15:00Z,3,0,True,0,U2.5,0.552827,0.552827,0.0,0.6,False,0,,,False,0,
La Liga,2025/26,31,2026-04-10T20:00:00+00:00,LaLiga|2025|307,Celta,Oviedo,2026-04-12T17:30:00Z,0,3,True,0,1,0.748942,0.688045,0.152242,0.55,True,0,1,0.688045,True,1,0
La Liga,2025/26,31,2026-04-10T20:00:00+00:00,LaLiga|2025|308,Ath Bilbao,Villarreal,2026-04-12T20:00:00Z,1,2,True,0,U2.5,0.553495,0.553495,0.0,0.6,False,0,,,False,0,
La Liga,2025/26,31,2026-04-10T20:00:00+00:00,LaLiga|2025|309,Levante,Getafe,2026-04-13T20:00:00Z,1,0,True,0,U2.5,0.634315,0.634315,0.0,0.6,True,1,U2.5,0.634315,True,1,1
La Liga,2025/26,32,2026-04-21T18:00:00+00:00,LaLiga|2025|310,Ath Bilbao,Osasuna,2026-04-21T18:00:00Z,1,0,True,0,U2.5,0.617934,0.617934,0.0,0.6,True,1,U2.5,0.617934,True,1,1
La Liga,2025/26,32,2026-04-21T18:00:00+00:00,LaLiga|2025|311,Mallorca,Valencia,2026-04-21T18:00:00Z,1,1,True,0,U2.5,0.565384,0.565384,0.0,0.6,False,1,,,False,0,
La Liga,2025/26,32,2026-04-21T18:00:00+00:00,LaLiga|2025|312,Girona,Betis,2026-04-21T20:30:00Z,2,3,True,0,U2.5,0.538854,0.538854,0.0,0.6,False,0,,,False,0,
La Liga,2025/26,32,2026-04-21T18:00:00+00:00,LaLiga|2025|313,Real Madrid,Alaves,2026-04-21T20:30:00Z,2,1,True,0,1,0.834346,0.802287,0.080146,0.55,True,1,1,0.802287,True,1,1
La Liga,2025/26,32,2026-04-21T18:00:00+00:00,LaLiga|2025|314,Elche,Ath Madrid,2026-04-22T18:00:00Z,3,2,True,0,2,0.74731,0.647106,0.25051,0.55,False,0,,,False,0,
La Liga,2025/26,32,2026-04-21T18:00:00+00:00,LaLiga|2025|315,Sociedad,Getafe,2026-04-22T19:00:00Z,0,1,True,0,U2.5,0.639568,0.639568,0.0,0.6,True,1,U2.5,0.639568,True,2,1
La Liga,2025/26,32,2026-04-21T18:00:00+00:00,LaLiga|2025|316,Barcelona,Celta,2026-04-22T20:30:00Z,1,0,True,0,1,0.870918,0.824751,0.115418,0.55,True,1,1,0.824751,True,2,1
La Liga,2025/26,32,2026-04-21T18:00:00+00:00,LaLiga|2025|317,Levante,Sevilla,2026-04-23T18:00:00Z,2,0,True,0,1,0.579792,0.521755,0.145092,0.55,False,1,,,False,0,
La Liga,2025/26,32,2026-04-21T18:00:00+00:00,LaLiga|2025|318,Vallecano,Espanol,2026-04-23T19:00:00Z,1,0,True,0,1,0.570613,0.524768,0.114613,0.55,False,1,,,False,0,
La Liga,2025/26,32,2026-04-21T18:00:00+00:00,LaLiga|2025|319,Oviedo,Villarreal,2026-04-23T20:30:00Z,1,1,True,0,2,0.584954,0.550172,0.086954,0.55,True,0,2,0.550172,True,1,0
La Liga,2025/26,33,2026-04-24T20:00:00+00:00,LaLiga|2025|320,Betis,Real Madrid,2026-04-24T20:00:00Z,1,1,True,0,GG,0.542329,0.542329,0.0,0.6,False,1,,,False,0,
La Liga,2025/26,33,2026-04-24T20:00:00+00:00,LaLiga|2025|321,Alaves,Mallorca,2026-04-25T13:00:00Z,2,1,True,0,U2.5,0.533465,0.533465,0.0,0.6,False,0,,,False,0,
La Liga,2025/26,33,2026-04-24T20:00:00+00:00,LaLiga|2025|322,Getafe,Barcelona,2026-04-25T15:15:00Z,0,2,True,0,2,0.729603,0.669002,0.151503,0.55,True,1,2,0.669002,True,1,1
La Liga,2025/26,33,2026-04-24T20:00:00+00:00,LaLiga|2025|323,Valencia,Girona,2026-04-25T17:30:00Z,2,1,True,0,U2.5,0.528529,0.528529,0.0,0.6,False,0,,,False,0,
La Liga,2025/26,33,2026-04-24T20:00:00+00:00,LaLiga|2025|324,Ath Madrid,Ath Bilbao,2026-04-25T20:00:00Z,3,2,True,0,1,0.58049,0.577134,0.00839,0.55,True,1,1,0.577134,True,1,1
La Liga,2025/26,33,2026-04-24T20:00:00+00:00,LaLiga|2025|325,Vallecano,Sociedad,2026-04-26T13:00:00Z,3,3,True,0,GG,0.5304,0.5304,0.0,0.6,False,1,,,False,0,
La Liga,2025/26,33,2026-04-24T20:00:00+00:00,LaLiga|2025|326,Oviedo,Elche,2026-04-26T15:15:00Z,1,2,True,0,1,0.560046,0.508067,0.129946,0.55,False,0,,,False,0,
La Liga,2025/26,33,2026-04-24T20:00:00+00:00,LaLiga|2025|327,Osasuna,Sevilla,2026-04-26T17:30:00Z,2,1,True,0,U2.5,0.616004,0.616004,0.0,0.6,True,0,U2.5,0.616004,True,1,0
La Liga,2025/26,33,2026-04-24T20:00:00+00:00,LaLiga|2025|328,Villarreal,Celta,2026-04-26T20:00:00Z,2,1,True,0,1,0.668153,0.626812,0.103353,0.55,True,1,1,0.626812,True,1,1
La Liga,2025/26,33,2026-04-24T20:00:00+00:00,LaLiga|2025|329,Espanol,Levante,2026-04-27T20:00:00Z,0,0,True,0,GG,0.571109,0.571109,0.0,0.6,False,0,,,False,0,
La Liga,2025/26,34,2026-05-01T20:00:00+00:00,LaLiga|2025|330,Girona,Mallorca,2026-05-01T20:00:00Z,0,1,True,0,U2.5,0.517667,0.517667,0.0,0.6,False,1,,,False,0,
La Liga,2025/26,34,2026-05-01T20:00:00+00:00,LaLiga|2025|331,Villarreal,Levante,2026-05-02T13:00:00Z,5,1,True,0,1,0.705495,0.678177,0.068295,0.55,True,1,1,0.678177,True,1,1
La Liga,2025/26,34,2026-05-01T20:00:00+00:00,LaLiga|2025|332,Valencia,Ath Madrid,2026-05-02T15:15:00Z,0,2,True,0,U2.5,0.539033,0.539033,0.0,0.6,False,1,,,False,0,
La Liga,2025/26,34,2026-05-01T20:00:00+00:00,LaLiga|2025|333,Alaves,Ath Bilbao,2026-05-02T17:30:00Z,2,4,True,0,U2.5,0.608785,0.608785,0.0,0.6,True,0,U2.5,0.608785,True,1,0
La Liga,2025/26,34,2026-05-01T20:00:00+00:00,LaLiga|2025|334,Osasuna,Barcelona,2026-05-02T20:00:00Z,1,2,True,0,2,0.660524,0.647154,0.033424,0.55,True,1,2,0.647154,True,1,1
La Liga,2025/26,34,2026-05-01T20:00:00+00:00,LaLiga|2025|335,Celta,Elche,2026-05-03T13:00:00Z,3,1,True,0,1,0.519524,0.501955,0.043924,0.55,False,1,,,False,0,
La Liga,2025/26,34,2026-05-01T20:00:00+00:00,LaLiga|2025|336,Getafe,Vallecano,2026-05-03T15:15:00Z,0,2,True,0,U2.5,0.668763,0.668763,0.0,0.6,True,1,U2.5,0.668763,True,1,1
La Liga,2025/26,34,2026-05-01T20:00:00+00:00,LaLiga|2025|337,Betis,Oviedo,2026-05-03T17:30:00Z,3,0,True,0,1,0.689592,0.644075,0.113792,0.55,True,1,1,0.644075,True,1,1
La Liga,2025/26,34,2026-05-01T20:00:00+00:00,LaLiga|2025|338,Espanol,Real Madrid,2026-05-03T20:00:00Z,0,2,True,0,2,0.757242,0.696745,0.151242,0.55,True,1,2,0.696745,True,1,1
La Liga,2025/26,34,2026-05-01T20:00:00+00:00,LaLiga|2025|339,Sevilla,Sociedad,2026-05-04T20:00:00Z,1,0,True,0,U2.5,0.560084,0.560084,0.0,0.6,False,1,,,False,0,
La Liga,2025/26,35,2026-05-08T20:00:00+00:00,LaLiga|2025|340,Levante,Osasuna,2026-05-08T20:00:00Z,3,2,True,0,U2.5,0.542996,0.542996,0.0,0.6,False,0,,,False,0,
La Liga,2025/26,35,2026-05-08T20:00:00+00:00,LaLiga|2025|341,Elche,Alaves,2026-05-09T13:00:00Z,1,1,True,0,U2.5,0.539803,0.539803,0.0,0.6,False,1,,,False,0,
La Liga,2025/26,35,2026-05-08T20:00:00+00:00,LaLiga|2025|342,Sevilla,Espanol,2026-05-09T15:15:00Z,2,1,True,0,U2.5,0.575281,0.575281,0.0,0.6,False,0,,,False,0,
La Liga,2025/26,35,2026-05-08T20:00:00+00:00,LaLiga|2025|343,Ath Madrid,Celta,2026-05-09T17:30:00Z,0,1,True,0,1,0.677184,0.630791,0.115984,0.55,True,0,1,0.630791,True,1,0
La Liga,2025/26,35,2026-05-08T20:00:00+00:00,LaLiga|2025|344,Sociedad,Betis,2026-05-09T20:00:00Z,2,2,True,0,U2.5,0.53196,0.53196,0.0,0.6,False,0,,,False,0,
La Liga,2025/26,35,2026-05-08T20:00:00+00:00,LaLiga|2025|345,Mallorca,Villarreal,2026-05-10T13:00:00Z,1,1,True,0,GG,0.544451,0.544451,0.0,0.6,False,1,,,False,0,
La Liga,2025/26,35,2026-05-08T20:00:00+00:00,LaLiga|2025|346,Ath Bilbao,Valencia,2026-05-10T15:15:00Z,0,1,True,0,1,0.632184,0.566431,0.164384,0.55,True,0,1,0.566431,True,1,0
La Liga,2025/26,35,2026-05-08T20:00:00+00:00,LaLiga|2025|347,Oviedo,Getafe,2026-05-10T17:30:00Z,0,0,True,0,U2.5,0.70085,0.70085,0.0,0.6,True,1,U2.5,0.70085,True,2,1
La Liga,2025/26,35,2026-05-08T20:00:00+00:00,LaLiga|2025|348,Barcelona,Real Madrid,2026-05-10T20:00:00Z,2,0,True,0,O2.5,0.683604,0.683604,0.0,0.6,True,0,O2.5,0.683604,True,2,0
La Liga,2025/26,35,2026-05-08T20:00:00+00:00,LaLiga|2025|349,Vallecano,Girona,2026-05-11T20:00:00Z,1,1,True,0,1,0.616113,0.550588,0.163813,0.55,True,0,1,0.550588,True,1,0
La Liga,2025/26,36,2026-05-12T18:00:00+00:00,LaLiga|2025|350,Celta,Levante,2026-05-12T18:00:00Z,2,3,True,0,GG,0.531299,0.531299,0.0,0.6,False,1,,,False,0,
La Liga,2025/26,36,2026-05-12T18:00:00+00:00,LaLiga|2025|351,Betis,Elche,2026-05-12T19:00:00Z,2,1,True,0,1,0.768817,0.68937,0.198617,0.55,True,1,1,0.68937,True,1,1
La Liga,2025/26,36,2026-05-12T18:00:00+00:00,LaLiga|2025|352,Osasuna,Ath Madrid,2026-05-12T20:30:00Z,1,2,True,0,U2.5,0.573246,0.573246,0.0,0.6,False,0,,,False,0,
La Liga,2025/26,36,2026-05-12T18:00:00+00:00,LaLiga|2025|353,Espanol,Ath Bilbao,2026-05-13T18:00:00Z,2,0,True,0,U2.5,0.578288,0.578288,0.0,0.6,False,1,,,False,0,
La Liga,2025/26,36,2026-05-12T18:00:00+00:00,LaLiga|2025|354,Villarreal,Sevilla,2026-05-13T18:00:00Z,2,3,True,0,1,0.711535,0.692601,0.047335,0.55,True,0,1,0.692601,True,1,0
La Liga,2025/26,36,2026-05-12T18:00:00+00:00,LaLiga|2025|355,Alaves,Barcelona,2026-05-13T20:30:00Z,1,0,True,0,2,0.767935,0.758961,0.022435,0.55,True,0,2,0.758961,True,3,0
La Liga,2025/26,36,2026-05-12T18:00:00+00:00,LaLiga|2025|356,Getafe,Mallorca,2026-05-13T20:30:00Z,3,1,True,0,U2.5,0.686085,0.686085,0.0,0.6,True,0,U2.5,0.686085,True,2,0
La Liga,2025/26,36,2026-05-12T18:00:00+00:00,LaLiga|2025|357,Valencia,Vallecano,2026-05-14T18:00:00Z,1,1,True,0,U2.5,0.534367,0.534367,0.0,0.6,False,1,,,False,0,
La Liga,2025/26,36,2026-05-12T18:00:00+00:00,LaLiga|2025|358,Girona,Sociedad,2026-05-14T19:00:00Z,1,1,True,0,GG,0.554423,0.554423,0.0,0.6,False,1,,,False,0,
La Liga,2025/26,36,2026-05-12T18:00:00+00:00,LaLiga|2025|359,Real Madrid,Oviedo,2026-05-14T20:30:00Z,2,0,True,0,1,0.811802,0.792521,0.048202,0.55,True,1,1,0.792521,True,1,1
La Liga,2025/26,37,2026-05-17T18:00:00+00:00,LaLiga|2025|360,Ath Bilbao,Celta,2026-05-17T18:00:00Z,1,1,True,0,U2.5,0.599782,0.599782,0.0,0.6,False,1,,,False,0,
La Liga,2025/26,37,2026-05-17T18:00:00+00:00,LaLiga|2025|361,Ath Madrid,Girona,2026-05-17T18:00:00Z,1,0,True,0,1,0.793045,0.717667,0.188445,0.55,True,1,1,0.717667,True,1,1
La Liga,2025/26,37,2026-05-17T18:00:00+00:00,LaLiga|2025|362,Elche,Getafe,2026-05-17T18:00:00Z,1,0,True,0,U2.5,0.651128,0.651128,0.0,0.6,True,1,U2.5,0.651128,True,1,1
La Liga,2025/26,37,2026-05-17T18:00:00+00:00,LaLiga|2025|363,Levante,Mallorca,2026-05-17T18:00:00Z,2,0,True,0,1,0.564621,0.508413,0.140521,0.55,False,1,,,False,0,
La Liga,2025/26,37,2026-05-17T18:00:00+00:00,LaLiga|2025|364,Osasuna,Espanol,2026-05-17T18:00:00Z,1,2,True,0,U2.5,0.554298,0.554298,0.0,0.6,False,0,,,False,0,
La Liga,2025/26,37,2026-05-17T18:00:00+00:00,LaLiga|2025|365,Oviedo,Alaves,2026-05-17T18:00:00Z,0,1,True,0,U2.5,0.591709,0.591709,0.0,0.6,False,1,,,False,0,
La Liga,2025/26,37,2026-05-17T18:00:00+00:00,LaLiga|2025|366,Sevilla,Real Madrid,2026-05-17T18:00:00Z,0,1,True,0,2,0.69522,0.643132,0.13022,0.55,True,1,2,0.643132,True,1,1
La Liga,2025/26,37,2026-05-17T18:00:00+00:00,LaLiga|2025|367,Sociedad,Valencia,2026-05-17T18:00:00Z,3,4,True,0,GG,0.520562,0.520562,0.0,0.6,False,1,,,False,0,
La Liga,2025/26,37,2026-05-17T18:00:00+00:00,LaLiga|2025|368,Vallecano,Villarreal,2026-05-17T18:00:00Z,2,0,True,0,GG,0.560468,0.560468,0.0,0.6,False,0,,,False,0,
La Liga,2025/26,37,2026-05-17T18:00:00+00:00,LaLiga|2025|369,Barcelona,Betis,2026-05-17T20:15:00Z,3,1,True,0,1,0.694082,0.695009,0.002318,0.55,True,1,1,0.695009,True,2,1
La Liga,2025/26,38,2026-05-23T20:00:00+00:00,LaLiga|2025|370,Alaves,Vallecano,2026-05-23T20:00:00Z,1,2,True,0,U2.5,0.548347,0.548347,0.0,0.6,False,0,,,False,0,
La Liga,2025/26,38,2026-05-23T20:00:00+00:00,LaLiga|2025|371,Betis,Levante,2026-05-23T20:00:00Z,2,1,True,0,1,0.715851,0.63491,0.202351,0.55,True,1,1,0.63491,True,1,1
La Liga,2025/26,38,2026-05-23T20:00:00+00:00,LaLiga|2025|372,Celta,Sevilla,2026-05-23T20:00:00Z,1,0,True,0,U2.5,0.597436,0.597436,0.0,0.6,False,1,,,False,0,
La Liga,2025/26,38,2026-05-23T20:00:00+00:00,LaLiga|2025|373,Espanol,Sociedad,2026-05-23T20:00:00Z,1,1,True,0,GG,0.549994,0.549994,0.0,0.6,False,1,,,False,0,
La Liga,2025/26,38,2026-05-23T20:00:00+00:00,LaLiga|2025|374,Getafe,Osasuna,2026-05-23T20:00:00Z,1,0,True,0,U2.5,0.721343,0.721343,0.0,0.6,True,1,U2.5,0.721343,True,2,1
La Liga,2025/26,38,2026-05-23T20:00:00+00:00,LaLiga|2025|375,Girona,Elche,2026-05-23T20:00:00Z,1,1,True,0,1,0.587941,0.529925,0.145041,0.55,False,0,,,False,0,
La Liga,2025/26,38,2026-05-23T20:00:00+00:00,LaLiga|2025|376,Mallorca,Oviedo,2026-05-23T20:00:00Z,3,0,True,0,U2.5,0.569204,0.569204,0.0,0.6,False,0,,,False,0,
La Liga,2025/26,38,2026-05-23T20:00:00+00:00,LaLiga|2025|377,Real Madrid,Ath Bilbao,2026-05-23T20:00:00Z,4,2,True,0,1,0.657663,0.687158,0.073737,0.55,True,1,1,0.687158,True,1,1
La Liga,2025/26,38,2026-05-23T20:00:00+00:00,LaLiga|2025|378,Valencia,Barcelona,2026-05-23T20:00:00Z,3,1,True,0,2,0.692834,0.666781,0.065134,0.55,True,0,2,0.666781,True,2,0
La Liga,2025/26,38,2026-05-23T20:00:00+00:00,LaLiga|2025|379,Villarreal,Ath Madrid,2026-05-24T20:00:00Z,5,1,True,0,GG,0.568052,0.568052,0.0,0.6,False,1,,,False,0,
Bundesliga,2024/25,1,2024-08-23T19:30:00+00:00,Bundesliga|2024|0,M'gladbach,Leverkusen,2024-08-23T19:30:00Z,2,3,True,0,2,0.797351,0.761731,0.089051,0.55,True,1,2,0.761731,True,3,1
Bundesliga,2024/25,1,2024-08-23T19:30:00+00:00,Bundesliga|2024|1,Augsburg,Werder Bremen,2024-08-24T14:30:00Z,2,2,True,0,GG,0.616402,0.616402,0.0,0.6,True,1,GG,0.616402,True,1,1
Bundesliga,2024/25,1,2024-08-23T19:30:00+00:00,Bundesliga|2024|2,Freiburg,Stuttgart,2024-08-24T14:30:00Z,3,1,True,0,GG,0.586553,0.586553,0.0,0.6,False,1,,,False,0,
Bundesliga,2024/25,1,2024-08-23T19:30:00+00:00,Bundesliga|2024|3,Hoffenheim,Holstein Kiel,2024-08-24T14:30:00Z,3,2,True,1,O2.5,0.668682,0.668682,0.0,0.6,True,1,O2.5,0.668682,True,2,1
Bundesliga,2024/25,1,2024-08-23T19:30:00+00:00,Bundesliga|2024|4,Mainz,Union Berlin,2024-08-24T14:30:00Z,1,1,True,0,1,0.590239,0.575904,0.035839,0.55,True,0,1,0.575904,True,1,0
Bundesliga,2024/25,1,2024-08-23T19:30:00+00:00,Bundesliga|2024|5,RB Leipzig,Bochum,2024-08-24T14:30:00Z,1,0,True,0,1,0.951502,0.896341,0.137902,0.55,True,1,1,0.896341,True,2,1
Bundesliga,2024/25,1,2024-08-23T19:30:00+00:00,Bundesliga|2024|6,Dortmund,Ein Frankfurt,2024-08-24T17:30:00Z,2,0,True,0,1,0.771556,0.707014,0.161356,0.55,True,1,1,0.707014,True,3,1
Bundesliga,2024/25,1,2024-08-23T19:30:00+00:00,Bundesliga|2024|7,Wolfsburg,Bayern Munich,2024-08-25T14:30:00Z,2,3,True,0,O2.5,0.674008,0.674008,0.0,0.6,True,1,O2.5,0.674008,True,3,1
Bundesliga,2024/25,1,2024-08-23T19:30:00+00:00,Bundesliga|2024|8,St Pauli,Heidenheim,2024-08-25T16:30:00Z,0,2,True,1,GG,0.606625,0.606625,0.0,0.6,True,0,GG,0.606625,True,2,0
Bundesliga,2024/25,2,2024-08-30T19:30:00+00:00,Bundesliga|2024|9,Union Berlin,St Pauli,2024-08-30T19:30:00Z,1,0,True,0,GG,0.582508,0.582508,0.0,0.6,False,0,,,False,0,
Bundesliga,2024/25,2,2024-08-30T19:30:00+00:00,Bundesliga|2024|10,Bochum,M'gladbach,2024-08-31T14:30:00Z,0,2,True,0,O2.5,0.629125,0.629125,0.0,0.6,True,0,O2.5,0.629125,True,2,0
Bundesliga,2024/25,2,2024-08-30T19:30:00+00:00,Bundesliga|2024|11,Ein Frankfurt,Hoffenheim,2024-08-31T14:30:00Z,3,1,True,0,GG,0.66661,0.66661,0.0,0.6,True,1,GG,0.66661,True,2,1
Bundesliga,2024/25,2,2024-08-30T19:30:00+00:00,Bundesliga|2024|12,Holstein Kiel,Wolfsburg,2024-08-31T14:30:00Z,0,2,True,0,O2.5,0.693091,0.693091,0.0,0.6,True,0,O2.5,0.693091,True,2,0
Bundesliga,2024/25,2,2024-08-30T19:30:00+00:00,Bundesliga|2024|13,Stuttgart,Mainz,2024-08-31T14:30:00Z,3,3,True,0,GG,0.605121,0.605121,0.0,0.6,True,1,GG,0.605121,True,1,1
Bundesliga,2024/25,2,2024-08-30T19:30:00+00:00,Bundesliga|2024|14,Werder Bremen,Dortmund,2024-08-31T14:30:00Z,0,0,True,0,GG,0.605963,0.605963,0.0,0.6,True,0,GG,0.605963,True,1,0
Bundesliga,2024/25,2,2024-08-30T19:30:00+00:00,Bundesliga|2024|15,Leverkusen,RB Leipzig,2024-08-31T17:30:00Z,2,3,True,0,O2.5,0.629125,0.629125,0.0,0.6,True,1,O2.5,0.629125,True,2,1
Bundesliga,2024/25,2,2024-08-30T19:30:00+00:00,Bundesliga|2024|16,Heidenheim,Augsburg,2024-09-01T14:30:00Z,4,0,True,0,1,0.652855,0.615153,0.094255,0.55,True,1,1,0.615153,True,1,1
Bundesliga,2024/25,2,2024-08-30T19:30:00+00:00,Bundesliga|2024|17,Bayern Munich,Freiburg,2024-09-01T16:30:00Z,2,0,True,0,GG,0.642871,0.642871,0.0,0.6,True,0,GG,0.642871,True,2,0
Bundesliga,2024/25,3,2024-09-13T19:30:00+00:00,Bundesliga|2024|18,Dortmund,Heidenheim,2024-09-13T19:30:00Z,4,2,True,0,1,0.56357,0.586342,0.05693,0.55,True,1,1,0.586342,True,1,1
Bundesliga,2024/25,3,2024-09-13T19:30:00+00:00,Bundesliga|2024|19,Freiburg,Bochum,2024-09-14T14:30:00Z,2,1,True,0,1,0.693774,0.615264,0.196274,0.55,True,1,1,0.615264,True,1,1
Bundesliga,2024/25,3,2024-09-13T19:30:00+00:00,Bundesliga|2024|20,Hoffenheim,Leverkusen,2024-09-14T14:30:00Z,1,4,True,0,O2.5,0.72958,0.72958,0.0,0.6,True,1,O2.5,0.72958,True,2,1
Bundesliga,2024/25,3,2024-09-13T19:30:00+00:00,Bundesliga|2024|21,M'gladbach,Stuttgart,2024-09-14T14:30:00Z,1,3,True,0,O2.5,0.720365,0.720365,0.0,0.6,True,1,O2.5,0.720365,True,2,1
Bundesliga,2024/25,3,2024-09-13T19:30:00+00:00,Bundesliga|2024|22,RB Leipzig,Union Berlin,2024-09-14T14:30:00Z,0,0,True,0,GG,0.582661,0.582661,0.0,0.6,False,0,1,0.671273,True,1,0
Bundesliga,2024/25,3,2024-09-13T19:30:00+00:00,Bundesliga|2024|23,Wolfsburg,Ein Frankfurt,2024-09-14T14:30:00Z,1,2,True,0,GG,0.619842,0.619842,0.0,0.6,True,1,GG,0.619842,True,2,1
Bundesliga,2024/25,3,2024-09-13T19:30:00+00:00,Bundesliga|2024|24,Holstein Kiel,Bayern Munich,2024-09-14T17:30:00Z,1,6,True,0,GG,0.653946,0.653946,0.0,0.6,True,1,GG,0.653946,True,3,1
Bundesliga,2024/25,3,2024-09-13T19:30:00+00:00,Bundesliga|2024|25,Augsburg,St Pauli,2024-09-15T14:30:00Z,3,1,True,0,GG,0.568021,0.568021,0.0,0.6,False,1,,,False,0,
Bundesliga,2024/25,3,2024-09-13T19:30:00+00:00,Bundesliga|2024|26,Mainz,Werder Bremen,2024-09-15T16:30:00Z,1,2,True,0,GG,0.606773,0.606773,0.0,0.6,True,1,GG,0.606773,True,1,1
Bundesliga,2024/25,4,2024-09-20T19:30:00+00:00,Bundesliga|2024|27,Augsburg,Mainz,2024-09-20T19:30:00Z,2,3,True,0,GG,0.629268,0.629268,0.0,0.6,True,1,GG,0.629268,True,2,1
Bundesliga,2024/25,4,2024-09-20T19:30:00+00:00,Bundesliga|2024|28,Bochum,Holstein Kiel,2024-09-21T14:30:00Z,2,2,True,0,O2.5,0.647096,0.647096,0.0,0.6,True,1,O2.5,0.647096,True,2,1
Bundesliga,2024/25,4,2024-09-20T19:30:00+00:00,Bundesliga|2024|29,Heidenheim,Freiburg,2024-09-21T14:30:00Z,0,3,True,0,GG,0.626467,0.626467,0.0,0.6,True,0,GG,0.626467,True,2,0
Bundesliga,2024/25,4,2024-09-20T19:30:00+00:00,Bundesliga|2024|30,Union Berlin,Hoffenheim,2024-09-21T14:30:00Z,2,1,True,0,GG,0.59266,0.59266,0.0,0.6,False,1,,,False,0,
Bundesliga,2024/25,4,2024-09-20T19:30:00+00:00,Bundesliga|2024|31,Werder Bremen,Bayern Munich,2024-09-21T14:30:00Z,0,5,True,0,GG,0.580712,0.580712,0.0,0.6,False,0,,,False,0,
Bundesliga,2024/25,4,2024-09-20T19:30:00+00:00,Bundesliga|2024|32,Ein Frankfurt,M'gladbach,2024-09-21T17:30:00Z,2,0,True,0,1,0.732626,0.642215,0.226026,0.55,True,1,O2.5,0.675682,True,3,0
Bundesliga,2024/25,4,2024-09-20T19:30:00+00:00,Bundesliga|2024|33,Leverkusen,Wolfsburg,2024-09-22T14:30:00Z,4,3,True,0,1,0.856715,0.824549,0.080415,0.55,True,1,1,0.824549,True,3,1
Bundesliga,2024/25,4,2024-09-20T19:30:00+00:00,Bundesliga|2024|34,Stuttgart,Dortmund,2024-09-22T16:30:00Z,5,1,True,0,GG,0.649557,0.649557,0.0,0.6,True,1,GG,0.649557,True,2,1
Bundesliga,2024/25,4,2024-09-20T19:30:00+00:00,Bundesliga|2024|35,St Pauli,RB Leipzig,2024-09-22T18:30:00Z,0,0,True,0,GG,0.541121,0.541121,0.0,0.6,False,0,,,False,0,
Bundesliga,2024/25,5,2024-09-27T19:30:00+00:00,Bundesliga|2024|36,Dortmund,Bochum,2024-09-27T19:30:00Z,4,2,True,0,1,0.848846,0.816707,0.080346,0.55,True,1,1,0.816707,True,3,1
Bundesliga,2024/25,5,2024-09-27T19:30:00+00:00,Bundesliga|2024|37,Freiburg,St Pauli,2024-09-28T14:30:00Z,0,3,True,0,1,0.738066,0.621199,0.292166,0.55,False,0,,,False,0,
Bundesliga,2024/25,5,2024-09-27T19:30:00+00:00,Bundesliga|2024|38,Mainz,Heidenheim,2024-09-28T14:30:00Z,0,2,True,0,GG,0.640094,0.640094,0.0,0.6,True,0,GG,0.640094,True,2,0
Bundesliga,2024/25,5,2024-09-27T19:30:00+00:00,Bundesliga|2024|39,M'gladbach,Union Berlin,2024-09-28T14:30:00Z,1,0,True,0,GG,0.583361,0.583361,0.0,0.6,False,0,,,False,0,
Bundesliga,2024/25,5,2024-09-27T19:30:00+00:00,Bundesliga|2024|40,RB Leipzig,Augsburg,2024-09-28T14:30:00Z,4,0,True,0,GG,0.600222,0.600222,0.0,0.6,True,0,GG,0.600222,True,1,0
Bundesliga,2024/25,5,2024-09-27T19:30:00+00:00,Bundesliga|2024|41,Wolfsburg,Stuttgart,2024-09-28T14:30:00Z,2,2,True,0,GG,0.687454,0.687454,0.0,0.6,True,1,GG,0.687454,True,2,1
Bundesliga,2024/25,5,2024-09-27T19:30:00+00:00,Bundesliga|2024|42,Bayern Munich,Leverkusen,2024-09-28T17:30:00Z,1,1,True,0,1,0.667348,0.540809,0.316348,0.55,False,0,O2.5,0.666793,True,2,0
Bundesliga,2024/25,5,2024-09-27T19:30:00+00:00,Bundesliga|2024|43,Holstein Kiel,Ein Frankfurt,2024-09-29T14:30:00Z,2,4,True,0,2,0.786755,0.608293,0.446155,0.55,False,1,O2.5,0.670723,True,2,1
Bundesliga,2024/25,5,2024-09-27T19:30:00+00:00,Bundesliga|2024|44,Hoffenheim,Werder Bremen,2024-09-29T16:30:00Z,3,4,True,0,GG,0.597656,0.597656,0.0,0.6,False,1,,,False,0,
Bundesliga,2024/25,6,2024-10-04T19:30:00+00:00,Bundesliga|2024|45,Augsburg,M'gladbach,2024-10-04T19:30:00Z,2,1,True,0,O2.5,0.673933,0.673933,0.0,0.6,True,1,O2.5,0.673933,True,2,1
Bundesliga,2024/25,6,2024-10-04T19:30:00+00:00,Bundesliga|2024|46,Bochum,Wolfsburg,2024-10-05T14:30:00Z,1,3,True,0,GG,0.653501,0.653501,0.0,0.6,True,1,GG,0.653501,True,2,1
Bundesliga,2024/25,6,2024-10-04T19:30:00+00:00,Bundesliga|2024|47,Leverkusen,Holstein Kiel,2024-10-05T14:30:00Z,2,2,True,0,1,0.90867,0.871962,0.09177,0.55,True,0,1,0.871962,True,3,0
Bundesliga,2024/25,6,2024-10-04T19:30:00+00:00,Bundesliga|2024|48,Union Berlin,Dortmund,2024-10-05T14:30:00Z,2,1,True,0,GG,0.539922,0.539922,0.0,0.6,False,1,,,False,0,
Bundesliga,2024/25,6,2024-10-04T19:30:00+00:00,Bundesliga|2024|49,Werder Bremen,Freiburg,2024-10-05T14:30:00Z,0,1,True,0,GG,0.596676,0.596676,0.0,0.6,False,0,,,False,0,
Bundesliga,2024/25,6,2024-10-04T19:30:00+00:00,Bundesliga|2024|50,St Pauli,Mainz,2024-10-05T17:30:00Z,0,3,True,0,GG,0.559789,0.559789,0.0,0.6,False,0,,,False,0,
Bundesliga,2024/25,6,2024-10-04T19:30:00+00:00,Bundesliga|2024|51,Heidenheim,RB Leipzig,2024-10-06T14:30:00Z,0,1,True,0,GG,0.557406,0.557406,0.0,0.6,False,0,,,False,0,
Bundesliga,2024/25,6,2024-10-04T19:30:00+00:00,Bundesliga|2024|52,Ein Frankfurt,Bayern Munich,2024-10-06T16:30:00Z,3,3,True,0,GG,0.612711,0.612711,0.0,0.6,True,1,GG,0.612711,True,1,1
Bundesliga,2024/25,6,2024-10-04T19:30:00+00:00,Bundesliga|2024|53,Stuttgart,Hoffenheim,2024-10-06T18:30:00Z,1,1,True,0,O2.5,0.794792,0.794792,0.0,0.6,True,0,O2.5,0.794792,True,3,0
Bundesliga,2024/25,7,2024-10-18T19:30:00+00:00,Bundesliga|2024|54,Dortmund,St Pauli,2024-10-18T19:30:00Z,2,1,True,0,1,0.660279,0.659567,0.001779,0.55,True,1,1,0.659567,True,1,1
Bundesliga,2024/25,7,2024-10-18T19:30:00+00:00,Bundesliga|2024|55,Freiburg,Augsburg,2024-10-19T14:30:00Z,3,1,True,0,1,0.659782,0.590949,0.172082,0.55,True,1,1,0.590949,True,1,1
Bundesliga,2024/25,7,2024-10-18T19:30:00+00:00,Bundesliga|2024|56,Hoffenheim,Bochum,2024-10-19T14:30:00Z,3,1,True,0,O2.5,0.725794,0.725794,0.0,0.6,True,1,O2.5,0.725794,True,3,1
Bundesliga,2024/25,7,2024-10-18T19:30:00+00:00,Bundesliga|2024|57,Leverkusen,Ein Frankfurt,2024-10-19T14:30:00Z,2,1,True,0,O2.5,0.690609,0.690609,0.0,0.6,True,1,O2.5,0.690609,True,3,1
Bundesliga,2024/25,7,2024-10-18T19:30:00+00:00,Bundesliga|2024|58,Mainz,RB Leipzig,2024-10-19T14:30:00Z,0,2,True,0,GG,0.605558,0.605558,0.0,0.6,True,0,GG,0.605558,True,1,0
Bundesliga,2024/25,7,2024-10-18T19:30:00+00:00,Bundesliga|2024|59,M'gladbach,Heidenheim,2024-10-19T14:30:00Z,3,2,True,0,GG,0.603994,0.603994,0.0,0.6,True,1,GG,0.603994,True,1,1
Bundesliga,2024/25,7,2024-10-18T19:30:00+00:00,Bundesliga|2024|60,Bayern Munich,Stuttgart,2024-10-19T17:30:00Z,4,0,True,0,1,0.714401,0.614361,0.250101,0.55,False,1,O2.5,0.682542,True,2,1
Bundesliga,2024/25,7,2024-10-18T19:30:00+00:00,Bundesliga|2024|61,Holstein Kiel,Union Berlin,2024-10-20T14:30:00Z,0,2,True,0,GG,0.562649,0.562649,0.0,0.6,False,0,,,False,0,
Bundesliga,2024/25,7,2024-10-18T19:30:00+00:00,Bundesliga|2024|62,Wolfsburg,Werder Bremen,2024-10-20T16:30:00Z,2,4,True,0,GG,0.63292,0.63292,0.0,0.6,True,1,GG,0.63292,True,2,1
Bundesliga,2024/25,8,2024-10-25T19:30:00+00:00,Bundesliga|2024|63,Mainz,M'gladbach,2024-10-25T19:30:00Z,1,1,True,0,GG,0.652165,0.652165,0.0,0.6,True,1,GG,0.652165,True,2,1
Bundesliga,2024/25,8,2024-10-25T19:30:00+00:00,Bundesliga|2024|64,Augsburg,Dortmund,2024-10-26T14:30:00Z,2,1,True,0,GG,0.620126,0.620126,0.0,0.6,True,1,GG,0.620126,True,1,1
Bundesliga,2024/25,8,2024-10-25T19:30:00+00:00,Bundesliga|2024|65,RB Leipzig,Freiburg,2024-10-26T14:30:00Z,3,1,True,0,GG,0.537519,0.537519,0.0,0.6,False,1,,,False,0,
Bundesliga,2024/25,8,2024-10-25T19:30:00+00:00,Bundesliga|2024|66,St Pauli,Wolfsburg,2024-10-26T14:30:00Z,0,0,True,0,GG,0.585764,0.585764,0.0,0.6,False,0,,,False,0,
Bundesliga,2024/25,8,2024-10-25T19:30:00+00:00,Bundesliga|2024|67,Stuttgart,Holstein Kiel,2024-10-26T14:30:00Z,2,1,True,0,1,0.860847,0.799108,0.154347,0.55,True,1,1,0.799108,True,3,1
Bundesliga,2024/25,8,2024-10-25T19:30:00+00:00,Bundesliga|2024|68,Werder Bremen,Leverkusen,2024-10-26T17:30:00Z,2,2,True,0,2,0.66135,0.60053,0.15205,0.55,True,0,GG,0.657379,True,3,1
Bundesliga,2024/25,8,2024-10-25T19:30:00+00:00,Bundesliga|2024|69,Bochum,Bayern Munich,2024-10-27T14:30:00Z,0,5,True,0,2,0.898534,0.774921,0.309034,0.55,False,1,O2.5,0.682743,True,2,1
Bundesliga,2024/25,8,2024-10-25T19:30:00+00:00,Bundesliga|2024|70,Union Berlin,Ein Frankfurt,2024-10-27T16:30:00Z,1,1,True,0,GG,0.549787,0.549787,0.0,0.6,False,1,,,False,0,
Bundesliga,2024/25,8,2024-10-25T19:30:00+00:00,Bundesliga|2024|71,Heidenheim,Hoffenheim,2024-10-27T18:30:00Z,0,0,True,0,O2.5,0.661439,0.661439,0.0,0.6,True,0,O2.5,0.661439,True,2,0
Bundesliga,2024/25,9,2024-11-01T19:30:00+00:00,Bundesliga|2024|72,Leverkusen,Stuttgart,2024-11-01T19:30:00Z,0,0,True,0,O2.5,0.733513,0.733513,0.0,0.6,True,0,O2.5,0.733513,True,3,0
Bundesliga,2024/25,9,2024-11-01T19:30:00+00:00,Bundesliga|2024|73,Bayern Munich,Union Berlin,2024-11-02T14:30:00Z,3,0,True,0,1,0.764348,0.722329,0.105048,0.55,True,1,1,0.722329,True,1,1
Bundesliga,2024/25,9,2024-11-01T19:30:00+00:00,Bundesliga|2024|74,Ein Frankfurt,Bochum,2024-11-02T14:30:00Z,7,2,True,0,1,0.896434,0.808501,0.219834,0.55,True,1,1,0.808501,True,3,1
Bundesliga,2024/25,9,2024-11-01T19:30:00+00:00,Bundesliga|2024|75,Hoffenheim,St Pauli,2024-11-02T14:30:00Z,0,2,True,0,GG,0.591944,0.591944,0.0,0.6,False,0,,,False,0,
Bundesliga,2024/25,9,2024-11-01T19:30:00+00:00,Bundesliga|2024|76,Holstein Kiel,Heidenheim,2024-11-02T14:30:00Z,1,0,True,0,GG,0.620929,0.620929,0.0,0.6,True,0,GG,0.620929,True,1,0
Bundesliga,2024/25,9,2024-11-01T19:30:00+00:00,Bundesliga|2024|77,Wolfsburg,Augsburg,2024-11-02T14:30:00Z,1,1,True,0,GG,0.597453,0.597453,0.0,0.6,False,1,,,False,0,
Bundesliga,2024/25,9,2024-11-01T19:30:00+00:00,Bundesliga|2024|78,Dortmund,RB Leipzig,2024-11-02T17:30:00Z,2,1,True,0,GG,0.605872,0.605872,0.0,0.6,True,1,GG,0.605872,True,2,1
Bundesliga,2024/25,9,2024-11-01T19:30:00+00:00,Bundesliga|2024|79,Freiburg,Mainz,2024-11-03T14:30:00Z,0,0,True,0,1,0.625099,0.532899,0.230499,0.55,False,0,,,False,0,
Bundesliga,2024/25,9,2024-11-01T19:30:00+00:00,Bundesliga|2024|80,M'gladbach,Werder Bremen,2024-11-03T16:30:00Z,4,1,True,0,O2.5,0.662316,0.662316,0.0,0.6,True,1,O2.5,0.662316,True,2,1
Bundesliga,2024/25,10,2024-11-08T19:30:00+00:00,Bundesliga|2024|81,Union Berlin,Freiburg,2024-11-08T19:30:00Z,0,0,True,0,U2.5,0.58393,0.58393,0.0,0.6,False,1,,,False,0,
Bundesliga,2024/25,10,2024-11-08T19:30:00+00:00,Bundesliga|2024|82,Bochum,Leverkusen,2024-11-09T14:30:00Z,1,1,True,0,2,0.820332,0.769639,0.126732,0.55,True,0,2,0.769639,True,3,0
Bundesliga,2024/25,10,2024-11-08T19:30:00+00:00,Bundesliga|2024|83,Mainz,Dortmund,2024-11-09T14:30:00Z,3,1,True,0,GG,0.581538,0.581538,0.0,0.6,False,1,,,False,0,
Bundesliga,2024/25,10,2024-11-08T19:30:00+00:00,Bundesliga|2024|84,St Pauli,Bayern Munich,2024-11-09T14:30:00Z,0,1,True,0,2,0.754843,0.643026,0.279543,0.55,False,1,,,False,0,
Bundesliga,2024/25,10,2024-11-08T19:30:00+00:00,Bundesliga|2024|85,Werder Bremen,Holstein Kiel,2024-11-09T14:30:00Z,2,1,True,0,1,0.737807,0.657804,0.200007,0.55,True,1,O2.5,0.659571,True,3,1
Bundesliga,2024/25,10,2024-11-08T19:30:00+00:00,Bundesliga|2024|86,RB Leipzig,M'gladbach,2024-11-09T17:30:00Z,0,0,True,0,GG,0.66591,0.66591,0.0,0.6,True,0,GG,0.66591,True,3,0
Bundesliga,2024/25,10,2024-11-08T19:30:00+00:00,Bundesliga|2024|87,Augsburg,Hoffenheim,2024-11-10T14:30:00Z,0,0,True,0,O2.5,0.592447,0.592447,0.0,0.6,False,0,,,False,0,
Bundesliga,2024/25,10,2024-11-08T19:30:00+00:00,Bundesliga|2024|88,Stuttgart,Ein Frankfurt,2024-11-10T16:30:00Z,2,3,True,0,O2.5,0.754407,0.754407,0.0,0.6,True,1,O2.5,0.754407,True,2,1
Bundesliga,2024/25,10,2024-11-08T19:30:00+00:00,Bundesliga|2024|89,Heidenheim,Wolfsburg,2024-11-10T18:30:00Z,1,3,True,0,GG,0.596193,0.596193,0.0,0.6,False,1,,,False,0,
Bundesliga,2024/25,11,2024-11-22T19:30:00+00:00,Bundesliga|2024|90,Bayern Munich,Augsburg,2024-11-22T19:30:00Z,3,0,True,0,1,0.809486,0.782412,0.067686,0.55,True,1,1,0.782412,True,1,1
Bundesliga,2024/25,11,2024-11-22T19:30:00+00:00,Bundesliga|2024|91,Dortmund,Freiburg,2024-11-23T14:30:00Z,4,0,True,0,GG,0.588126,0.588126,0.0,0.6,False,0,,,False,0,
Bundesliga,2024/25,11,2024-11-22T19:30:00+00:00,Bundesliga|2024|92,Hoffenheim,RB Leipzig,2024-11-23T14:30:00Z,4,3,True,0,GG,0.618361,0.618361,0.0,0.6,True,1,GG,0.618361,True,1,1
Bundesliga,2024/25,11,2024-11-22T19:30:00+00:00,Bundesliga|2024|93,Leverkusen,Heidenheim,2024-11-23T14:30:00Z,5,2,True,0,1,0.747042,0.752505,0.013658,0.55,True,1,1,0.752505,True,3,1
Bundesliga,2024/25,11,2024-11-22T19:30:00+00:00,Bundesliga|2024|94,Stuttgart,Bochum,2024-11-23T14:30:00Z,2,0,True,0,1,0.792647,0.780948,0.029247,0.55,True,1,O2.5,0.790361,True,3,0
Bundesliga,2024/25,11,2024-11-22T19:30:00+00:00,Bundesliga|2024|95,Wolfsburg,Union Berlin,2024-11-23T14:30:00Z,1,0,True,0,1,0.537547,0.493328,0.110547,0.55,False,1,,,False,0,
Bundesliga,2024/25,11,2024-11-22T19:30:00+00:00,Bundesliga|2024|96,Ein Frankfurt,Werder Bremen,2024-11-23T17:30:00Z,1,0,True,0,O2.5,0.738197,0.738197,0.0,0.6,True,0,O2.5,0.738197,True,3,0
Bundesliga,2024/25,11,2024-11-22T19:30:00+00:00,Bundesliga|2024|97,Holstein Kiel,Mainz,2024-11-24T14:30:00Z,0,3,True,0,GG,0.616833,0.616833,0.0,0.6,True,0,GG,0.616833,True,1,0
Bundesliga,2024/25,11,2024-11-22T19:30:00+00:00,Bundesliga|2024|98,M'gladbach,St Pauli,2024-11-24T16:30:00Z,2,0,True,0,1,0.673977,0.579786,0.235477,0.55,True,1,1,0.579786,True,1,1
Bundesliga,2024/25,12,2024-11-29T19:30:00+00:00,Bundesliga|2024|99,St Pauli,Holstein Kiel,2024-11-29T19:30:00Z,3,1,True,0,1,0.557125,0.536275,0.052125,0.55,False,1,,,False,0,
Bundesliga,2024/25,12,2024-11-29T19:30:00+00:00,Bundesliga|2024|100,Augsburg,Bochum,2024-11-30T14:30:00Z,1,0,True,0,1,0.664381,0.607469,0.142281,0.55,True,1,O2.5,0.630779,True,3,0
Bundesliga,2024/25,12,2024-11-29T19:30:00+00:00,Bundesliga|2024|101,Freiburg,M'gladbach,2024-11-30T14:30:00Z,3,1,True,0,O2.5,0.618305,0.618305,0.0,0.6,True,1,O2.5,0.618305,True,2,1
Bundesliga,2024/25,12,2024-11-29T19:30:00+00:00,Bundesliga|2024|102,RB Leipzig,Wolfsburg,2024-11-30T14:30:00Z,1,5,True,0,GG,0.606815,0.606815,0.0,0.6,True,1,1,0.63824,True,2,0
Bundesliga,2024/25,12,2024-11-29T19:30:00+00:00,Bundesliga|2024|103,Union Berlin,Leverkusen,2024-11-30T14:30:00Z,1,2,True,0,2,0.619062,0.590957,0.070262,0.55,True,1,2,0.590957,True,1,1
Bundesliga,2024/25,12,2024-11-29T19:30:00+00:00,Bundesliga|2024|104,Werder Bremen,Stuttgart,2024-11-30T14:30:00Z,2,2,True,0,GG,0.677285,0.677285,0.0,0.6,True,1,GG,0.677285,True,2,1
Bundesliga,2024/25,12,2024-11-29T19:30:00+00:00,Bundesliga|2024|105,Dortmund,Bayern Munich,2024-11-30T17:30:00Z,1,1,True,0,GG,0.575383,0.575383,0.0,0.6,False,1,,,False,0,
Bundesliga,2024/25,12,2024-11-29T19:30:00+00:00,Bundesliga|2024|106,Mainz,Hoffenheim,2024-12-01T14:30:00Z,2,0,True,0,O2.5,0.616163,0.616163,0.0,0.6,True,0,O2.5,0.616163,True,1,0
Bundesliga,2024/25,12,2024-11-29T19:30:00+00:00,Bundesliga|2024|107,Heidenheim,Ein Frankfurt,2024-12-01T16:30:00Z,0,4,True,0,O2.5,0.694255,0.694255,0.0,0.6,True,1,O2.5,0.694255,True,3,1
Bundesliga,2024/25,13,2024-12-06T19:30:00+00:00,Bundesliga|2024|108,Stuttgart,Union Berlin,2024-12-06T19:30:00Z,3,2,True,0,1,0.600729,0.618917,0.045471,0.55,True,1,1,0.618917,True,1,1
Bundesliga,2024/25,13,2024-12-06T19:30:00+00:00,Bundesliga|2024|109,Bayern Munich,Heidenheim,2024-12-07T14:30:00Z,4,2,True,0,1,0.946471,0.854282,0.230471,0.55,True,1,1,0.854282,True,2,1
Bundesliga,2024/25,13,2024-12-06T19:30:00+00:00,Bundesliga|2024|110,Bochum,Werder Bremen,2024-12-07T14:30:00Z,0,1,True,0,GG,0.667786,0.667786,0.0,0.6,True,0,GG,0.667786,True,2,0
Bundesliga,2024/25,13,2024-12-06T19:30:00+00:00,Bundesliga|2024|111,Ein Frankfurt,Augsburg,2024-12-07T14:30:00Z,2,2,True,0,1,0.694343,0.675806,0.046343,0.55,True,0,1,0.675806,True,3,0
Bundesliga,2024/25,13,2024-12-06T19:30:00+00:00,Bundesliga|2024|112,Holstein Kiel,RB Leipzig,2024-12-07T14:30:00Z,0,2,True,0,GG,0.640698,0.640698,0.0,0.6,True,0,GG,0.640698,True,3,0
Bundesliga,2024/25,13,2024-12-06T19:30:00+00:00,Bundesliga|2024|113,Leverkusen,St Pauli,2024-12-07T14:30:00Z,2,1,True,0,1,0.812992,0.791755,0.053092,0.55,True,1,1,0.791755,True,1,1
Bundesliga,2024/25,13,2024-12-06T19:30:00+00:00,Bundesliga|2024|114,M'gladbach,Dortmund,2024-12-07T17:30:00Z,1,1,True,0,GG,0.669456,0.669456,0.0,0.6,True,1,GG,0.669456,True,2,1
Bundesliga,2024/25,13,2024-12-06T19:30:00+00:00,Bundesliga|2024|115,Wolfsburg,Mainz,2024-12-08T14:30:00Z,4,3,True,0,GG,0.597344,0.597344,0.0,0.6,False,1,,,False,0,
Bundesliga,2024/25,13,2024-12-06T19:30:00+00:00,Bundesliga|2024|116,Hoffenheim,Freiburg,2024-12-08T16:30:00Z,1,1,True,0,GG,0.5976,0.5976,0.0,0.6,False,1,,,False,0,
Bundesliga,2024/25,14,2024-12-13T19:30:00+00:00,Bundesliga|2024|117,Freiburg,Wolfsburg,2024-12-13T19:30:00Z,3,2,True,0,O2.5,0.598852,0.598852,0.0,0.6,False,1,,,False,0,
Bundesliga,2024/25,14,2024-12-13T19:30:00+00:00,Bundesliga|2024|118,Augsburg,Leverkusen,2024-12-14T14:30:00Z,0,2,True,0,2,0.601835,0.610541,0.021765,0.55,True,1,2,0.610541,True,1,1
Bundesliga,2024/25,14,2024-12-13T19:30:00+00:00,Bundesliga|2024|119,Mainz,Bayern Munich,2024-12-14T14:30:00Z,2,1,True,0,2,0.663385,0.574111,0.223185,0.55,True,0,2,0.574111,True,1,0
Bundesliga,2024/25,14,2024-12-13T19:30:00+00:00,Bundesliga|2024|120,M'gladbach,Holstein Kiel,2024-12-14T14:30:00Z,4,1,True,0,1,0.828835,0.713381,0.288635,0.55,False,1,O2.5,0.70072,True,2,1
Bundesliga,2024/25,14,2024-12-13T19:30:00+00:00,Bundesliga|2024|121,Union Berlin,Bochum,2024-12-14T14:30:00Z,0,2,True,0,1,0.640694,0.616176,0.061294,0.55,True,0,1,0.616176,True,1,0
Bundesliga,2024/25,14,2024-12-13T19:30:00+00:00,Bundesliga|2024|122,St Pauli,Werder Bremen,2024-12-14T17:30:00Z,0,2,True,0,GG,0.556042,0.556042,0.0,0.6,False,0,,,False,0,
Bundesliga,2024/25,14,2024-12-13T19:30:00+00:00,Bundesliga|2024|123,Heidenheim,Stuttgart,2024-12-15T14:30:00Z,1,3,True,0,GG,0.690397,0.690397,0.0,0.6,True,1,GG,0.690397,True,3,1
Bundesliga,2024/25,14,2024-12-13T19:30:00+00:00,Bundesliga|2024|124,Dortmund,Hoffenheim,2024-12-15T16:30:00Z,1,1,True,0,1,0.806852,0.720911,0.214852,0.55,True,0,1,0.720911,True,3,0
Bundesliga,2024/25,14,2024-12-13T19:30:00+00:00,Bundesliga|2024|125,RB Leipzig,Ein Frankfurt,2024-12-15T18:30:00Z,2,1,True,0,O2.5,0.699284,0.699284,0.0,0.6,True,1,O2.5,0.699284,True,2,1
Bundesliga,2024/25,15,2024-12-20T19:30:00+00:00,Bundesliga|2024|126,Bayern Munich,RB Leipzig,2024-12-20T19:30:00Z,5,1,True,0,1,0.89423,0.706378,0.46963,0.55,False,1,O2.5,0.670561,True,1,1
Bundesliga,2024/25,15,2024-12-20T19:30:00+00:00,Bundesliga|2024|127,Ein Frankfurt,Mainz,2024-12-21T14:30:00Z,1,3,True,0,O2.5,0.67883,0.67883,0.0,0.6,True,1,O2.5,0.67883,True,2,1
Bundesliga,2024/25,15,2024-12-20T19:30:00+00:00,Bundesliga|2024|128,Hoffenheim,M'gladbach,2024-12-21T14:30:00Z,1,2,True,0,GG,0.66723,0.66723,0.0,0.6,True,1,GG,0.66723,True,2,1
Bundesliga,2024/25,15,2024-12-20T19:30:00+00:00,Bundesliga|2024|129,Holstein Kiel,Augsburg,2024-12-21T14:30:00Z,5,1,True,0,GG,0.555413,0.555413,0.0,0.6,False,1,,,False,0,
Bundesliga,2024/25,15,2024-12-20T19:30:00+00:00,Bundesliga|2024|130,Stuttgart,St Pauli,2024-12-21T14:30:00Z,0,1,True,0,1,0.771597,0.738798,0.081997,0.55,True,0,1,0.738798,True,2,0
Bundesliga,2024/25,15,2024-12-20T19:30:00+00:00,Bundesliga|2024|131,Werder Bremen,Union Berlin,2024-12-21T14:30:00Z,4,1,True,0,GG,0.531215,0.531215,0.0,0.6,False,1,,,False,0,
Bundesliga,2024/25,15,2024-12-20T19:30:00+00:00,Bundesliga|2024|132,Leverkusen,Freiburg,2024-12-21T17:30:00Z,5,1,True,0,1,0.689483,0.72073,0.078117,0.55,True,1,1,0.72073,True,1,1
Bundesliga,2024/25,15,2024-12-20T19:30:00+00:00,Bundesliga|2024|133,Bochum,Heidenheim,2024-12-22T14:30:00Z,2,0,True,0,GG,0.67953,0.67953,0.0,0.6,True,0,GG,0.67953,True,2,0
Bundesliga,2024/25,15,2024-12-20T19:30:00+00:00,Bundesliga|2024|134,Wolfsburg,Dortmund,2024-12-22T16:30:00Z,1,3,True,0,GG,0.636411,0.636411,0.0,0.6,True,1,GG,0.636411,True,2,1
Bundesliga,2024/25,16,2025-01-10T19:30:00+00:00,Bundesliga|2024|135,Dortmund,Leverkusen,2025-01-10T19:30:00Z,2,3,True,0,GG,0.619125,0.619125,0.0,0.6,True,1,GG,0.619125,True,1,1
Bundesliga,2024/25,16,2025-01-10T19:30:00+00:00,Bundesliga|2024|136,Freiburg,Holstein Kiel,2025-01-11T14:30:00Z,3,2,True,0,1,0.796001,0.69524,0.251901,0.55,False,1,O2.5,0.642624,True,1,1
Bundesliga,2024/25,16,2025-01-10T19:30:00+00:00,Bundesliga|2024|137,Heidenheim,Union Berlin,2025-01-11T14:30:00Z,2,0,True,0,GG,0.557895,0.557895,0.0,0.6,False,0,,,False,0,
Bundesliga,2024/25,16,2025-01-10T19:30:00+00:00,Bundesliga|2024|138,Hoffenheim,Wolfsburg,2025-01-11T14:30:00Z,0,1,True,0,O2.5,0.658043,0.658043,0.0,0.6,True,0,O2.5,0.658043,True,2,0
Bundesliga,2024/25,16,2025-01-10T19:30:00+00:00,Bundesliga|2024|139,Mainz,Bochum,2025-01-11T14:30:00Z,2,0,True,0,1,0.765838,0.720783,0.112638,0.55,True,1,1,0.720783,True,2,1
Bundesliga,2024/25,16,2025-01-10T19:30:00+00:00,Bundesliga|2024|140,St Pauli,Ein Frankfurt,2025-01-11T14:30:00Z,0,1,True,0,GG,0.620509,0.620509,0.0,0.6,True,0,GG,0.620509,True,2,0
Bundesliga,2024/25,16,2025-01-10T19:30:00+00:00,Bundesliga|2024|141,M'gladbach,Bayern Munich,2025-01-11T17:30:00Z,0,1,True,0,2,0.699652,0.601871,0.244452,0.55,True,1,O2.5,0.633177,True,2,0
Bundesliga,2024/25,16,2025-01-10T19:30:00+00:00,Bundesliga|2024|142,RB Leipzig,Werder Bremen,2025-01-12T14:30:00Z,4,2,True,0,GG,0.631941,0.631941,0.0,0.6,True,1,GG,0.631941,True,2,1
Bundesliga,2024/25,16,2025-01-10T19:30:00+00:00,Bundesliga|2024|143,Augsburg,Stuttgart,2025-01-12T16:30:00Z,0,1,True,0,2,0.654063,0.595918,0.145363,0.55,True,1,GG,0.623411,True,3,0
Bundesliga,2024/25,17,2025-01-14T17:30:00+00:00,Bundesliga|2024|144,Holstein Kiel,Dortmund,2025-01-14T17:30:00Z,4,2,True,0,2,0.679292,0.618535,0.151892,0.55,True,0,2,0.618535,True,2,0
Bundesliga,2024/25,17,2025-01-14T17:30:00+00:00,Bundesliga|2024|145,Ein Frankfurt,Freiburg,2025-01-14T19:30:00Z,4,1,True,0,O2.5,0.669493,0.669493,0.0,0.6,True,1,O2.5,0.669493,True,3,1
Bundesliga,2024/25,17,2025-01-14T17:30:00+00:00,Bundesliga|2024|146,Leverkusen,Mainz,2025-01-14T19:30:00Z,1,0,True,0,1,0.653951,0.66473,0.026949,0.55,True,1,1,0.66473,True,1,1
Bundesliga,2024/25,17,2025-01-14T17:30:00+00:00,Bundesliga|2024|147,Wolfsburg,M'gladbach,2025-01-14T19:30:00Z,5,1,True,0,O2.5,0.686457,0.686457,0.0,0.6,True,1,O2.5,0.686457,True,2,1
Bundesliga,2024/25,17,2025-01-14T17:30:00+00:00,Bundesliga|2024|148,Bochum,St Pauli,2025-01-15T17:30:00Z,1,0,True,0,GG,0.590466,0.590466,0.0,0.6,False,0,,,False,0,
Bundesliga,2024/25,17,2025-01-14T17:30:00+00:00,Bundesliga|2024|149,Bayern Munich,Hoffenheim,2025-01-15T19:30:00Z,5,0,True,0,1,0.896251,0.82391,0.180851,0.55,True,1,1,0.82391,True,2,1
Bundesliga,2024/25,17,2025-01-14T17:30:00+00:00,Bundesliga|2024|150,Stuttgart,RB Leipzig,2025-01-15T19:30:00Z,2,1,True,0,O2.5,0.725255,0.725255,0.0,0.6,True,1,O2.5,0.725255,True,2,1
Bundesliga,2024/25,17,2025-01-14T17:30:00+00:00,Bundesliga|2024|151,Union Berlin,Augsburg,2025-01-15T19:30:00Z,0,2,True,0,U2.5,0.56376,0.56376,0.0,0.6,False,1,,,False,0,
Bundesliga,2024/25,17,2025-01-14T17:30:00+00:00,Bundesliga|2024|152,Werder Bremen,Heidenheim,2025-01-15T19:30:00Z,3,3,True,0,1,0.750574,0.675984,0.186474,0.55,True,0,1,0.675984,True,3,0
Bundesliga,2024/25,18,2025-01-17T19:30:00+00:00,Bundesliga|2024|153,Ein Frankfurt,Dortmund,2025-01-17T19:30:00Z,2,0,True,0,O2.5,0.689156,0.689156,0.0,0.6,True,0,O2.5,0.689156,True,2,0
Bundesliga,2024/25,18,2025-01-17T19:30:00+00:00,Bundesliga|2024|154,Bayern Munich,Wolfsburg,2025-01-18T14:30:00Z,3,2,True,0,1,0.936279,0.810927,0.313379,0.55,False,1,O2.5,0.731408,True,1,1
Bundesliga,2024/25,18,2025-01-17T19:30:00+00:00,Bundesliga|2024|155,Bochum,RB Leipzig,2025-01-18T14:30:00Z,3,3,True,0,GG,0.656565,0.656565,0.0,0.6,True,1,GG,0.656565,True,3,1
Bundesliga,2024/25,18,2025-01-17T19:30:00+00:00,Bundesliga|2024|156,Heidenheim,St Pauli,2025-01-18T14:30:00Z,0,2,True,0,GG,0.576982,0.576982,0.0,0.6,False,0,,,False,0,
Bundesliga,2024/25,18,2025-01-17T19:30:00+00:00,Bundesliga|2024|157,Holstein Kiel,Hoffenheim,2025-01-18T14:30:00Z,1,3,True,0,GG,0.627336,0.627336,0.0,0.6,True,1,GG,0.627336,True,2,1
Bundesliga,2024/25,18,2025-01-17T19:30:00+00:00,Bundesliga|2024|158,Stuttgart,Freiburg,2025-01-18T14:30:00Z,4,0,True,0,1,0.686266,0.658119,0.070366,0.55,True,1,O2.5,0.666347,True,3,1
Bundesliga,2024/25,18,2025-01-17T19:30:00+00:00,Bundesliga|2024|159,Leverkusen,M'gladbach,2025-01-18T17:30:00Z,3,1,True,0,1,0.868365,0.828859,0.098765,0.55,True,1,1,0.828859,True,3,1
Bundesliga,2024/25,18,2025-01-17T19:30:00+00:00,Bundesliga|2024|160,Union Berlin,Mainz,2025-01-19T14:30:00Z,2,1,True,0,U2.5,0.531652,0.531652,0.0,0.6,False,0,,,False,0,
Bundesliga,2024/25,18,2025-01-17T19:30:00+00:00,Bundesliga|2024|161,Werder Bremen,Augsburg,2025-01-19T16:30:00Z,0,2,True,0,1,0.659907,0.618904,0.102507,0.55,True,0,1,0.618904,True,1,0
Bundesliga,2024/25,19,2025-01-24T19:30:00+00:00,Bundesliga|2024|162,Wolfsburg,Holstein Kiel,2025-01-24T19:30:00Z,2,2,True,0,1,0.704456,0.667433,0.092556,0.55,True,0,1,0.667433,True,3,0
Bundesliga,2024/25,19,2025-01-24T19:30:00+00:00,Bundesliga|2024|163,Augsburg,Heidenheim,2025-01-25T14:30:00Z,2,1,True,0,GG,0.546592,0.546592,0.0,0.6,False,1,,,False,0,
Bundesliga,2024/25,19,2025-01-24T19:30:00+00:00,Bundesliga|2024|164,Dortmund,Werder Bremen,2025-01-25T14:30:00Z,2,2,True,0,GG,0.605175,0.605175,0.0,0.6,True,1,GG,0.605175,True,3,1
Bundesliga,2024/25,19,2025-01-24T19:30:00+00:00,Bundesliga|2024|165,Freiburg,Bayern Munich,2025-01-25T14:30:00Z,1,2,True,0,2,0.831345,0.695167,0.340445,0.55,False,1,,,False,0,
Bundesliga,2024/25,19,2025-01-24T19:30:00+00:00,Bundesliga|2024|166,Mainz,Stuttgart,2025-01-25T14:30:00Z,2,0,True,0,GG,0.652239,0.652239,0.0,0.6,True,0,GG,0.652239,True,2,0
Bundesliga,2024/25,19,2025-01-24T19:30:00+00:00,Bundesliga|2024|167,RB Leipzig,Leverkusen,2025-01-25T14:30:00Z,2,2,True,0,2,0.639212,0.541807,0.243512,0.55,False,0,GG,0.639207,True,2,1
Bundesliga,2024/25,19,2025-01-24T19:30:00+00:00,Bundesliga|2024|168,M'gladbach,Bochum,2025-01-25T17:30:00Z,3,0,True,0,O2.5,0.716565,0.716565,0.0,0.6,True,1,O2.5,0.716565,True,3,1
Bundesliga,2024/25,19,2025-01-24T19:30:00+00:00,Bundesliga|2024|169,Hoffenheim,Ein Frankfurt,2025-01-26T14:30:00Z,2,2,True,0,2,0.699667,0.58068,0.297467,0.55,False,0,O2.5,0.684699,True,2,1
Bundesliga,2024/25,19,2025-01-24T19:30:00+00:00,Bundesliga|2024|170,St Pauli,Union Berlin,2025-01-26T16:30:00Z,3,0,True,0,U2.5,0.538772,0.538772,0.0,0.6,False,0,,,False,0,
Bundesliga,2024/25,20,2025-01-31T19:30:00+00:00,Bundesliga|2024|171,Werder Bremen,Mainz,2025-01-31T19:30:00Z,1,0,True,0,GG,0.602187,0.602187,0.0,0.6,True,0,GG,0.602187,True,1,0
Bundesliga,2024/25,20,2025-01-31T19:30:00+00:00,Bundesliga|2024|172,Bayern Munich,Holstein Kiel,2025-02-01T14:30:00Z,4,3,True,0,1,0.96871,0.893266,0.18861,0.55,True,1,1,0.893266,True,2,1
Bundesliga,2024/25,20,2025-01-31T19:30:00+00:00,Bundesliga|2024|173,Bochum,Freiburg,2025-02-01T14:30:00Z,0,1,True,0,GG,0.622123,0.622123,0.0,0.6,True,0,GG,0.622123,True,2,0
Bundesliga,2024/25,20,2025-01-31T19:30:00+00:00,Bundesliga|2024|174,Heidenheim,Dortmund,2025-02-01T14:30:00Z,1,2,True,0,2,0.632384,0.56179,0.176484,0.55,True,1,GG,0.616149,True,2,1
Bundesliga,2024/25,20,2025-01-31T19:30:00+00:00,Bundesliga|2024|175,St Pauli,Augsburg,2025-02-01T14:30:00Z,1,1,True,0,U2.5,0.544544,0.544544,0.0,0.6,False,1,,,False,0,
Bundesliga,2024/25,20,2025-01-31T19:30:00+00:00,Bundesliga|2024|176,Stuttgart,M'gladbach,2025-02-01T14:30:00Z,1,2,True,0,O2.5,0.755968,0.755968,0.0,0.6,True,1,O2.5,0.755968,True,3,1
Bundesliga,2024/25,20,2025-01-31T19:30:00+00:00,Bundesliga|2024|177,Union Berlin,RB Leipzig,2025-02-01T17:30:00Z,0,0,True,0,GG,0.577907,0.577907,0.0,0.6,False,0,,,False,0,
Bundesliga,2024/25,20,2025-01-31T19:30:00+00:00,Bundesliga|2024|178,Ein Frankfurt,Wolfsburg,2025-02-02T14:30:00Z,1,1,True,0,O2.5,0.749757,0.749757,0.0,0.6,True,0,O2.5,0.749757,True,3,0
Bundesliga,2024/25,20,2025-01-31T19:30:00+00:00,Bundesliga|2024|179,Leverkusen,Hoffenheim,2025-02-02T16:30:00Z,3,1,True,0,1,0.898768,0.853781,0.112468,0.55,True,1,1,0.853781,True,2,1
Bundesliga,2024/25,21,2025-02-07T19:30:00+00:00,Bundesliga|2024|180,Bayern Munich,Werder Bremen,2025-02-07T19:30:00Z,3,0,True,0,1,0.943535,0.830601,0.282335,0.55,False,1,O2.5,0.704478,True,1,1
Bundesliga,2024/25,21,2025-02-07T19:30:00+00:00,Bundesliga|2024|181,Dortmund,Stuttgart,2025-02-08T14:30:00Z,1,2,True,0,GG,0.65521,0.65521,0.0,0.6,True,1,GG,0.65521,True,2,1
Bundesliga,2024/25,21,2025-02-07T19:30:00+00:00,Bundesliga|2024|182,Freiburg,Heidenheim,2025-02-08T14:30:00Z,1,0,True,0,1,0.636417,0.59813,0.095717,0.55,True,1,O2.5,0.606572,True,2,0
Bundesliga,2024/25,21,2025-02-07T19:30:00+00:00,Bundesliga|2024|183,Hoffenheim,Union Berlin,2025-02-08T14:30:00Z,0,4,True,0,GG,0.558704,0.558704,0.0,0.6,False,0,,,False,0,
Bundesliga,2024/25,21,2025-02-07T19:30:00+00:00,Bundesliga|2024|184,Mainz,Augsburg,2025-02-08T14:30:00Z,0,0,True,0,U2.5,0.513189,0.513189,0.0,0.6,False,1,,,False,0,
Bundesliga,2024/25,21,2025-02-07T19:30:00+00:00,Bundesliga|2024|185,Wolfsburg,Leverkusen,2025-02-08T14:30:00Z,0,0,True,0,GG,0.641972,0.641972,0.0,0.6,True,0,GG,0.641972,True,2,0
Bundesliga,2024/25,21,2025-02-07T19:30:00+00:00,Bundesliga|2024|186,M'gladbach,Ein Frankfurt,2025-02-08T17:30:00Z,1,1,True,0,O2.5,0.737901,0.737901,0.0,0.6,True,0,O2.5,0.737901,True,2,0
Bundesliga,2024/25,21,2025-02-07T19:30:00+00:00,Bundesliga|2024|187,Holstein Kiel,Bochum,2025-02-09T14:30:00Z,2,2,True,0,O2.5,0.662549,0.662549,0.0,0.6,True,1,O2.5,0.662549,True,3,1
Bundesliga,2024/25,21,2025-02-07T19:30:00+00:00,Bundesliga|2024|188,RB Leipzig,St Pauli,2025-02-09T16:30:00Z,2,0,True,0,GG,0.581417,0.581417,0.0,0.6,False,0,1,0.616463,True,1,1
Bundesliga,2024/25,22,2025-02-14T19:30:00+00:00,Bundesliga|2024|189,Augsburg,RB Leipzig,2025-02-14T19:30:00Z,0,0,True,0,GG,0.545519,0.545519,0.0,0.6,False,0,,,False,0,
Bundesliga,2024/25,22,2025-02-14T19:30:00+00:00,Bundesliga|2024|190,Bochum,Dortmund,2025-02-15T14:30:00Z,2,0,True,0,2,0.652372,0.576463,0.189772,0.55,True,0,GG,0.631312,True,3,0
Bundesliga,2024/25,22,2025-02-14T19:30:00+00:00,Bundesliga|2024|191,St Pauli,Freiburg,2025-02-15T14:30:00Z,0,1,True,0,GG,0.527897,0.527897,0.0,0.6,False,0,,,False,0,
Bundesliga,2024/25,22,2025-02-14T19:30:00+00:00,Bundesliga|2024|192,Stuttgart,Wolfsburg,2025-02-15T14:30:00Z,1,2,True,0,O2.5,0.700773,0.700773,0.0,0.6,True,1,O2.5,0.700773,True,3,1
Bundesliga,2024/25,22,2025-02-14T19:30:00+00:00,Bundesliga|2024|193,Union Berlin,M'gladbach,2025-02-15T14:30:00Z,1,2,True,0,O2.5,0.592254,0.592254,0.0,0.6,False,1,,,False,0,
Bundesliga,2024/25,22,2025-02-14T19:30:00+00:00,Bundesliga|2024|194,Leverkusen,Bayern Munich,2025-02-15T17:30:00Z,0,0,True,0,GG,0.572191,0.572191,0.0,0.6,False,0,,,False,0,
Bundesliga,2024/25,22,2025-02-14T19:30:00+00:00,Bundesliga|2024|195,Werder Bremen,Hoffenheim,2025-02-16T14:30:00Z,1,3,True,0,O2.5,0.649403,0.649403,0.0,0.6,True,1,O2.5,0.649403,True,2,1
Bundesliga,2024/25,22,2025-02-14T19:30:00+00:00,Bundesliga|2024|196,Ein Frankfurt,Holstein Kiel,2025-02-16T16:30:00Z,3,1,True,0,1,0.899345,0.802607,0.241845,0.55,True,1,1,0.802607,True,3,1
Bundesliga,2024/25,22,2025-02-14T19:30:00+00:00,Bundesliga|2024|197,Heidenheim,Mainz,2025-02-16T18:30:00Z,0,2,True,0,GG,0.592277,0.592277,0.0,0.6,False,0,,,False,0,
Bundesliga,2024/25,23,2025-02-21T19:30:00+00:00,Bundesliga|2024|198,Freiburg,Werder Bremen,2025-02-21T19:30:00Z,5,0,True,0,1,0.646807,0.570284,0.191307,0.55,True,1,1,0.570284,True,1,1
Bundesliga,2024/25,23,2025-02-21T19:30:00+00:00,Bundesliga|2024|199,Holstein Kiel,Leverkusen,2025-02-22T14:30:00Z,0,2,True,0,2,0.797129,0.755277,0.104629,0.55,True,1,2,0.755277,True,2,1
Bundesliga,2024/25,23,2025-02-21T19:30:00+00:00,Bundesliga|2024|200,Mainz,St Pauli,2025-02-22T14:30:00Z,2,0,True,0,1,0.515787,0.544472,0.071713,0.55,False,1,,,False,0,
Bundesliga,2024/25,23,2025-02-21T19:30:00+00:00,Bundesliga|2024|201,M'gladbach,Augsburg,2025-02-22T14:30:00Z,0,3,True,0,1,0.575856,0.547354,0.071256,0.55,False,0,,,False,0,
Bundesliga,2024/25,23,2025-02-21T19:30:00+00:00,Bundesliga|2024|202,Wolfsburg,Bochum,2025-02-22T14:30:00Z,1,1,True,0,1,0.759157,0.700574,0.146457,0.55,True,0,O2.5,0.724918,True,3,0
Bundesliga,2024/25,23,2025-02-21T19:30:00+00:00,Bundesliga|2024|203,Dortmund,Union Berlin,2025-02-22T17:30:00Z,6,0,True,0,GG,0.554806,0.554806,0.0,0.6,False,0,,,False,0,
Bundesliga,2024/25,23,2025-02-21T19:30:00+00:00,Bundesliga|2024|204,RB Leipzig,Heidenheim,2025-02-23T14:30:00Z,2,2,True,0,1,0.707754,0.735092,0.068346,0.55,True,0,1,0.735092,True,3,0
Bundesliga,2024/25,23,2025-02-21T19:30:00+00:00,Bundesliga|2024|205,Bayern Munich,Ein Frankfurt,2025-02-23T16:30:00Z,4,0,True,0,1,0.79236,0.711016,0.20336,0.55,True,1,O2.5,0.733314,True,2,1
Bundesliga,2024/25,23,2025-02-21T19:30:00+00:00,Bundesliga|2024|206,Hoffenheim,Stuttgart,2025-02-23T18:30:00Z,1,1,True,0,GG,0.670972,0.670972,0.0,0.6,True,1,GG,0.670972,True,2,1
Bundesliga,2024/25,24,2025-02-28T19:30:00+00:00,Bundesliga|2024|207,Stuttgart,Bayern Munich,2025-02-28T19:30:00Z,1,3,True,0,2,0.770487,0.622132,0.370887,0.55,False,1,O2.5,0.643183,True,2,1
Bundesliga,2024/25,24,2025-02-28T19:30:00+00:00,Bundesliga|2024|208,Bochum,Hoffenheim,2025-03-01T14:30:00Z,0,1,True,0,O2.5,0.687783,0.687783,0.0,0.6,True,0,O2.5,0.687783,True,2,0
Bundesliga,2024/25,24,2025-02-28T19:30:00+00:00,Bundesliga|2024|209,Heidenheim,M'gladbach,2025-03-01T14:30:00Z,0,3,True,0,GG,0.637145,0.637145,0.0,0.6,True,0,GG,0.637145,True,2,0
Bundesliga,2024/25,24,2025-02-28T19:30:00+00:00,Bundesliga|2024|210,RB Leipzig,Mainz,2025-03-01T14:30:00Z,1,2,True,0,GG,0.597622,0.597622,0.0,0.6,False,1,,,False,0,
Bundesliga,2024/25,24,2025-02-28T19:30:00+00:00,Bundesliga|2024|211,St Pauli,Dortmund,2025-03-01T14:30:00Z,0,2,True,0,2,0.593597,0.509078,0.211297,0.55,False,1,,,False,0,
Bundesliga,2024/25,24,2025-02-28T19:30:00+00:00,Bundesliga|2024|212,Werder Bremen,Wolfsburg,2025-03-01T14:30:00Z,1,2,True,0,GG,0.645511,0.645511,0.0,0.6,True,1,GG,0.645511,True,2,1
Bundesliga,2024/25,24,2025-02-28T19:30:00+00:00,Bundesliga|2024|213,Ein Frankfurt,Leverkusen,2025-03-01T17:30:00Z,1,4,True,0,GG,0.668773,0.668773,0.0,0.6,True,1,GG,0.668773,True,2,1
Bundesliga,2024/25,24,2025-02-28T19:30:00+00:00,Bundesliga|2024|214,Union Berlin,Holstein Kiel,2025-03-02T14:30:00Z,0,1,True,0,1,0.604319,0.539271,0.162619,0.55,False,0,,,False,0,
Bundesliga,2024/25,24,2025-02-28T19:30:00+00:00,Bundesliga|2024|215,Augsburg,Freiburg,2025-03-02T16:30:00Z,0,0,True,0,U2.5,0.57058,0.57058,0.0,0.6,False,1,,,False,0,
Bundesliga,2024/25,25,2025-03-07T19:30:00+00:00,Bundesliga|2024|216,M'gladbach,Mainz,2025-03-07T19:30:00Z,1,3,True,0,GG,0.633293,0.633293,0.0,0.6,True,1,GG,0.633293,True,2,1
Bundesliga,2024/25,25,2025-03-07T19:30:00+00:00,Bundesliga|2024|217,Bayern Munich,Bochum,2025-03-08T14:30:00Z,2,3,True,0,1,0.954995,0.898877,0.140295,0.55,True,0,1,0.898877,True,2,0
Bundesliga,2024/25,25,2025-03-07T19:30:00+00:00,Bundesliga|2024|218,Dortmund,Augsburg,2025-03-08T14:30:00Z,0,1,True,0,1,0.703688,0.620013,0.209188,0.55,True,0,1,0.620013,True,1,0
Bundesliga,2024/25,25,2025-03-07T19:30:00+00:00,Bundesliga|2024|219,Holstein Kiel,Stuttgart,2025-03-08T14:30:00Z,2,2,True,0,O2.5,0.6562,0.6562,0.0,0.6,True,1,O2.5,0.6562,True,3,1
Bundesliga,2024/25,25,2025-03-07T19:30:00+00:00,Bundesliga|2024|220,Leverkusen,Werder Bremen,2025-03-08T14:30:00Z,0,2,True,0,1,0.889347,0.858728,0.076547,0.55,True,0,1,0.858728,True,2,0
Bundesliga,2024/25,25,2025-03-07T19:30:00+00:00,Bundesliga|2024|221,Wolfsburg,St Pauli,2025-03-08T14:30:00Z,1,1,True,0,1,0.589052,0.595231,0.015448,0.55,True,0,1,0.595231,True,1,0
Bundesliga,2024/25,25,2025-03-07T19:30:00+00:00,Bundesliga|2024|222,Freiburg,RB Leipzig,2025-03-08T17:30:00Z,0,0,True,0,O2.5,0.585946,0.585946,0.0,0.6,False,0,,,False,0,
Bundesliga,2024/25,25,2025-03-07T19:30:00+00:00,Bundesliga|2024|223,Ein Frankfurt,Union Berlin,2025-03-09T14:30:00Z,1,2,True,0,O2.5,0.651545,0.651545,0.0,0.6,True,1,O2.5,0.651545,True,3,1
Bundesliga,2024/25,25,2025-03-07T19:30:00+00:00,Bundesliga|2024|224,Hoffenheim,Heidenheim,2025-03-09T16:30:00Z,1,1,True,0,GG,0.611649,0.611649,0.0,0.6,True,1,GG,0.611649,True,3,1
Bundesliga,2024/25,26,2025-03-14T19:30:00+00:00,Bundesliga|2024|225,St Pauli,Hoffenheim,2025-03-14T19:30:00Z,1,0,True,0,GG,0.557083,0.557083,0.0,0.6,False,0,,,False,0,
Bundesliga,2024/25,26,2025-03-14T19:30:00+00:00,Bundesliga|2024|226,Augsburg,Wolfsburg,2025-03-15T14:30:00Z,1,0,True,0,GG,0.544033,0.544033,0.0,0.6,False,0,,,False,0,
Bundesliga,2024/25,26,2025-03-14T19:30:00+00:00,Bundesliga|2024|227,Mainz,Freiburg,2025-03-15T14:30:00Z,2,2,True,0,GG,0.552002,0.552002,0.0,0.6,False,1,,,False,0,
Bundesliga,2024/25,26,2025-03-14T19:30:00+00:00,Bundesliga|2024|228,Union Berlin,Bayern Munich,2025-03-15T14:30:00Z,1,1,True,0,2,0.876757,0.772214,0.261357,0.55,False,0,,,False,0,
Bundesliga,2024/25,26,2025-03-14T19:30:00+00:00,Bundesliga|2024|229,Werder Bremen,M'gladbach,2025-03-15T14:30:00Z,2,4,True,0,O2.5,0.663609,0.663609,0.0,0.6,True,1,O2.5,0.663609,True,2,1
Bundesliga,2024/25,26,2025-03-14T19:30:00+00:00,Bundesliga|2024|230,RB Leipzig,Dortmund,2025-03-15T17:30:00Z,2,0,True,0,GG,0.62236,0.62236,0.0,0.6,True,0,GG,0.62236,True,2,0
Bundesliga,2024/25,26,2025-03-14T19:30:00+00:00,Bundesliga|2024|231,Bochum,Ein Frankfurt,2025-03-16T14:30:00Z,1,3,True,0,O2.5,0.749809,0.749809,0.0,0.6,True,1,O2.5,0.749809,True,2,1
Bundesliga,2024/25,26,2025-03-14T19:30:00+00:00,Bundesliga|2024|232,Heidenheim,Holstein Kiel,2025-03-16T16:30:00Z,3,1,True,0,GG,0.608051,0.608051,0.0,0.6,True,1,GG,0.608051,True,1,1
Bundesliga,2024/25,26,2025-03-14T19:30:00+00:00,Bundesliga|2024|233,Stuttgart,Leverkusen,2025-03-16T18:30:00Z,3,4,True,0,GG,0.635763,0.635763,0.0,0.6,True,1,GG,0.635763,True,2,1
Bundesliga,2024/25,27,2025-03-28T19:30:00+00:00,Bundesliga|2024|234,Leverkusen,Bochum,2025-03-28T19:30:00Z,3,1,True,0,1,0.892334,0.86792,0.061034,0.55,True,1,1,0.86792,True,2,1
Bundesliga,2024/25,27,2025-03-28T19:30:00+00:00,Bundesliga|2024|235,Bayern Munich,St Pauli,2025-03-29T14:30:00Z,3,2,True,0,1,0.885838,0.827383,0.146138,0.55,True,1,1,0.827383,True,2,1
Bundesliga,2024/25,27,2025-03-28T19:30:00+00:00,Bundesliga|2024|236,Hoffenheim,Augsburg,2025-03-29T14:30:00Z,1,1,True,0,U2.5,0.531879,0.531879,0.0,0.6,False,1,,,False,0,
Bundesliga,2024/25,27,2025-03-28T19:30:00+00:00,Bundesliga|2024|237,Holstein Kiel,Werder Bremen,2025-03-29T14:30:00Z,0,3,True,0,GG,0.632519,0.632519,0.0,0.6,True,0,GG,0.632519,True,2,0
Bundesliga,2024/25,27,2025-03-28T19:30:00+00:00,Bundesliga|2024|238,M'gladbach,RB Leipzig,2025-03-29T14:30:00Z,1,0,True,0,O2.5,0.686762,0.686762,0.0,0.6,True,0,O2.5,0.686762,True,2,0
Bundesliga,2024/25,27,2025-03-28T19:30:00+00:00,Bundesliga|2024|239,Wolfsburg,Heidenheim,2025-03-29T14:30:00Z,0,1,True,0,1,0.669225,0.649135,0.050225,0.55,True,0,1,0.649135,True,3,0
Bundesliga,2024/25,27,2025-03-28T19:30:00+00:00,Bundesliga|2024|240,Ein Frankfurt,Stuttgart,2025-03-29T17:30:00Z,1,0,True,0,O2.5,0.740584,0.740584,0.0,0.6,True,0,O2.5,0.740584,True,2,0
Bundesliga,2024/25,27,2025-03-28T19:30:00+00:00,Bundesliga|2024|241,Freiburg,Union Berlin,2025-03-30T14:30:00Z,1,2,True,0,1,0.677727,0.641436,0.090727,0.55,True,0,1,0.641436,True,1,0
Bundesliga,2024/25,27,2025-03-28T19:30:00+00:00,Bundesliga|2024|242,Dortmund,Mainz,2025-03-30T16:30:00Z,3,1,True,0,O2.5,0.597919,0.597919,0.0,0.6,False,1,,,False,0,
Bundesliga,2024/25,28,2025-04-04T19:30:00+00:00,Bundesliga|2024|243,Augsburg,Bayern Munich,2025-04-04T19:30:00Z,1,3,True,0,2,0.775545,0.640687,0.337145,0.55,False,1,,,False,0,
Bundesliga,2024/25,28,2025-04-04T19:30:00+00:00,Bundesliga|2024|244,Bochum,Stuttgart,2025-04-05T14:30:00Z,0,4,True,0,O2.5,0.720496,0.720496,0.0,0.6,True,1,O2.5,0.720496,True,3,1
Bundesliga,2024/25,28,2025-04-04T19:30:00+00:00,Bundesliga|2024|245,Freiburg,Dortmund,2025-04-05T14:30:00Z,1,4,True,0,GG,0.590145,0.590145,0.0,0.6,False,1,,,False,0,
Bundesliga,2024/25,28,2025-04-04T19:30:00+00:00,Bundesliga|2024|246,Heidenheim,Leverkusen,2025-04-05T14:30:00Z,0,1,True,0,2,0.71831,0.699826,0.04621,0.55,True,1,2,0.699826,True,1,1
Bundesliga,2024/25,28,2025-04-04T19:30:00+00:00,Bundesliga|2024|247,Mainz,Holstein Kiel,2025-04-05T14:30:00Z,1,1,True,0,1,0.821702,0.777901,0.109502,0.55,True,0,1,0.777901,True,2,0
Bundesliga,2024/25,28,2025-04-04T19:30:00+00:00,Bundesliga|2024|248,RB Leipzig,Hoffenheim,2025-04-05T14:30:00Z,3,1,True,0,O2.5,0.640762,0.640762,0.0,0.6,True,1,O2.5,0.640762,True,3,1
Bundesliga,2024/25,28,2025-04-04T19:30:00+00:00,Bundesliga|2024|249,Werder Bremen,Ein Frankfurt,2025-04-05T17:30:00Z,2,0,True,0,O2.5,0.702923,0.702923,0.0,0.6,True,0,O2.5,0.702923,True,2,0
Bundesliga,2024/25,28,2025-04-04T19:30:00+00:00,Bundesliga|2024|250,St Pauli,M'gladbach,2025-04-06T14:30:00Z,1,1,True,0,GG,0.587171,0.587171,0.0,0.6,False,1,,,False,0,
Bundesliga,2024/25,28,2025-04-04T19:30:00+00:00,Bundesliga|2024|251,Union Berlin,Wolfsburg,2025-04-06T16:30:00Z,1,0,True,0,GG,0.570857,0.570857,0.0,0.6,False,0,,,False,0,
Bundesliga,2024/25,29,2025-04-11T19:30:00+00:00,Bundesliga|2024|252,Wolfsburg,RB Leipzig,2025-04-11T19:30:00Z,2,3,True,0,O2.5,0.639198,0.639198,0.0,0.6,True,1,O2.5,0.639198,True,2,1
Bundesliga,2024/25,29,2025-04-11T19:30:00+00:00,Bundesliga|2024|253,Bochum,Augsburg,2025-04-12T14:30:00Z,1,2,True,0,GG,0.557427,0.557427,0.0,0.6,False,1,,,False,0,
Bundesliga,2024/25,29,2025-04-11T19:30:00+00:00,Bundesliga|2024|254,Hoffenheim,Mainz,2025-04-12T14:30:00Z,2,0,True,0,GG,0.60432,0.60432,0.0,0.6,True,0,GG,0.60432,True,1,0
Bundesliga,2024/25,29,2025-04-11T19:30:00+00:00,Bundesliga|2024|255,Holstein Kiel,St Pauli,2025-04-12T14:30:00Z,1,2,True,0,GG,0.542401,0.542401,0.0,0.6,False,1,,,False,0,
Bundesliga,2024/25,29,2025-04-11T19:30:00+00:00,Bundesliga|2024|256,Leverkusen,Union Berlin,2025-04-12T14:30:00Z,0,0,True,0,1,0.748404,0.775562,0.067896,0.55,True,0,1,0.775562,True,1,0
Bundesliga,2024/25,29,2025-04-11T19:30:00+00:00,Bundesliga|2024|257,M'gladbach,Freiburg,2025-04-12T14:30:00Z,1,2,True,0,GG,0.636352,0.636352,0.0,0.6,True,1,GG,0.636352,True,2,1
Bundesliga,2024/25,29,2025-04-11T19:30:00+00:00,Bundesliga|2024|258,Bayern Munich,Dortmund,2025-04-12T17:30:00Z,2,2,True,0,1,0.705512,0.673747,0.079412,0.55,True,0,1,0.673747,True,2,0
Bundesliga,2024/25,29,2025-04-11T19:30:00+00:00,Bundesliga|2024|259,Stuttgart,Werder Bremen,2025-04-13T14:30:00Z,1,2,True,0,O2.5,0.675515,0.675515,0.0,0.6,True,1,O2.5,0.675515,True,2,1
Bundesliga,2024/25,29,2025-04-11T19:30:00+00:00,Bundesliga|2024|260,Ein Frankfurt,Heidenheim,2025-04-13T16:30:00Z,3,0,True,0,O2.5,0.697772,0.697772,0.0,0.6,True,1,O2.5,0.697772,True,3,1
Bundesliga,2024/25,30,2025-04-19T14:30:00+00:00,Bundesliga|2024|261,Freiburg,Hoffenheim,2025-04-19T14:30:00Z,3,2,True,0,O2.5,0.595085,0.595085,0.0,0.6,False,1,,,False,0,
Bundesliga,2024/25,30,2025-04-19T14:30:00+00:00,Bundesliga|2024|262,Heidenheim,Bayern Munich,2025-04-19T14:30:00Z,0,4,True,0,2,0.828505,0.740343,0.220405,0.55,True,1,2,0.740343,True,2,1
Bundesliga,2024/25,30,2025-04-19T14:30:00+00:00,Bundesliga|2024|263,Mainz,Wolfsburg,2025-04-19T14:30:00Z,2,2,True,0,GG,0.604559,0.604559,0.0,0.6,True,1,GG,0.604559,True,1,1
Bundesliga,2024/25,30,2025-04-19T14:30:00+00:00,Bundesliga|2024|264,RB Leipzig,Holstein Kiel,2025-04-19T14:30:00Z,1,1,True,0,1,0.803159,0.793016,0.025359,0.55,True,0,1,0.793016,True,3,0
Bundesliga,2024/25,30,2025-04-19T14:30:00+00:00,Bundesliga|2024|265,Werder Bremen,Bochum,2025-04-19T14:30:00Z,1,0,True,0,1,0.827034,0.74178,0.213134,0.55,True,1,1,0.74178,True,3,1
Bundesliga,2024/25,30,2025-04-19T14:30:00+00:00,Bundesliga|2024|266,Union Berlin,Stuttgart,2025-04-19T17:30:00Z,4,4,True,0,GG,0.604555,0.604555,0.0,0.6,True,1,GG,0.604555,True,1,1
Bundesliga,2024/25,30,2025-04-19T14:30:00+00:00,Bundesliga|2024|267,Augsburg,Ein Frankfurt,2025-04-20T14:30:00Z,0,0,True,0,GG,0.581986,0.581986,0.0,0.6,False,0,,,False,0,
Bundesliga,2024/25,30,2025-04-19T14:30:00+00:00,Bundesliga|2024|268,Dortmund,M'gladbach,2025-04-20T16:30:00Z,3,2,True,0,1,0.795153,0.670332,0.312053,0.55,False,1,O2.5,0.717461,True,2,1
Bundesliga,2024/25,30,2025-04-19T14:30:00+00:00,Bundesliga|2024|269,St Pauli,Leverkusen,2025-04-20T18:30:00Z,1,1,True,0,2,0.612198,0.613799,0.004002,0.55,True,0,2,0.613799,True,1,0
Bundesliga,2024/25,31,2025-04-25T19:30:00+00:00,Bundesliga|2024|270,Stuttgart,Heidenheim,2025-04-25T19:30:00Z,0,1,True,0,1,0.816434,0.74814,0.170734,0.55,True,0,1,0.74814,True,3,0
Bundesliga,2024/25,31,2025-04-25T19:30:00+00:00,Bundesliga|2024|271,Bayern Munich,Mainz,2025-04-26T14:30:00Z,3,0,True,0,1,0.938555,0.810613,0.319855,0.55,False,1,O2.5,0.683776,True,1,1
Bundesliga,2024/25,31,2025-04-25T19:30:00+00:00,Bundesliga|2024|272,Hoffenheim,Dortmund,2025-04-26T14:30:00Z,2,3,True,0,2,0.667135,0.555241,0.279735,0.55,False,1,GG,0.637906,True,2,1
Bundesliga,2024/25,31,2025-04-25T19:30:00+00:00,Bundesliga|2024|273,Holstein Kiel,M'gladbach,2025-04-26T14:30:00Z,4,3,True,0,GG,0.639713,0.639713,0.0,0.6,True,1,GG,0.639713,True,2,1
Bundesliga,2024/25,31,2025-04-25T19:30:00+00:00,Bundesliga|2024|274,Leverkusen,Augsburg,2025-04-26T14:30:00Z,2,0,True,0,1,0.73392,0.718952,0.03742,0.55,True,1,1,0.718952,True,1,1
Bundesliga,2024/25,31,2025-04-25T19:30:00+00:00,Bundesliga|2024|275,Wolfsburg,Freiburg,2025-04-26T14:30:00Z,0,1,True,0,GG,0.612291,0.612291,0.0,0.6,True,0,GG,0.612291,True,1,0
Bundesliga,2024/25,31,2025-04-25T19:30:00+00:00,Bundesliga|2024|276,Ein Frankfurt,RB Leipzig,2025-04-26T17:30:00Z,4,0,True,0,O2.5,0.730013,0.730013,0.0,0.6,True,1,O2.5,0.730013,True,2,1
Bundesliga,2024/25,31,2025-04-25T19:30:00+00:00,Bundesliga|2024|277,Bochum,Union Berlin,2025-04-27T14:30:00Z,1,1,True,0,2,0.619052,0.513751,0.263252,0.55,False,0,GG,0.603836,True,1,1
Bundesliga,2024/25,31,2025-04-25T19:30:00+00:00,Bundesliga|2024|278,Werder Bremen,St Pauli,2025-04-27T16:30:00Z,0,0,True,0,1,0.586245,0.561267,0.062445,0.55,True,0,1,0.561267,True,1,0
Bundesliga,2024/25,32,2025-05-02T19:30:00+00:00,Bundesliga|2024|279,Heidenheim,Bochum,2025-05-02T19:30:00Z,0,0,True,0,O2.5,0.639718,0.639718,0.0,0.6,True,0,O2.5,0.639718,True,2,0
Bundesliga,2024/25,32,2025-05-02T19:30:00+00:00,Bundesliga|2024|280,M'gladbach,Hoffenheim,2025-05-03T14:30:00Z,4,4,True,0,O2.5,0.665436,0.665436,0.0,0.6,True,1,O2.5,0.665436,True,2,1
Bundesliga,2024/25,32,2025-05-02T19:30:00+00:00,Bundesliga|2024|281,RB Leipzig,Bayern Munich,2025-05-03T14:30:00Z,3,3,True,0,2,0.870448,0.672429,0.495048,0.55,False,0,O2.5,0.666035,True,1,1
Bundesliga,2024/25,32,2025-05-02T19:30:00+00:00,Bundesliga|2024|282,St Pauli,Stuttgart,2025-05-03T14:30:00Z,0,1,True,0,GG,0.588218,0.588218,0.0,0.6,False,0,,,False,0,
Bundesliga,2024/25,32,2025-05-02T19:30:00+00:00,Bundesliga|2024|283,Union Berlin,Werder Bremen,2025-05-03T14:30:00Z,2,2,True,0,GG,0.559865,0.559865,0.0,0.6,False,1,,,False,0,
Bundesliga,2024/25,32,2025-05-02T19:30:00+00:00,Bundesliga|2024|284,Dortmund,Wolfsburg,2025-05-03T17:30:00Z,4,0,True,0,1,0.755992,0.679115,0.192192,0.55,True,1,1,0.679115,True,3,1
Bundesliga,2024/25,32,2025-05-02T19:30:00+00:00,Bundesliga|2024|285,Augsburg,Holstein Kiel,2025-05-04T14:30:00Z,1,3,True,0,1,0.584447,0.596348,0.029753,0.55,True,0,1,0.596348,True,1,0
Bundesliga,2024/25,32,2025-05-02T19:30:00+00:00,Bundesliga|2024|286,Freiburg,Leverkusen,2025-05-04T16:30:00Z,2,2,True,0,GG,0.566332,0.566332,0.0,0.6,False,1,,,False,0,
Bundesliga,2024/25,32,2025-05-02T19:30:00+00:00,Bundesliga|2024|287,Mainz,Ein Frankfurt,2025-05-04T18:30:00Z,1,1,True,0,GG,0.66841,0.66841,0.0,0.6,True,1,GG,0.66841,True,2,1
Bundesliga,2024/25,33,2025-05-09T19:30:00+00:00,Bundesliga|2024|288,Wolfsburg,Hoffenheim,2025-05-09T19:30:00Z,2,2,True,0,O2.5,0.636752,0.636752,0.0,0.6,True,1,O2.5,0.636752,True,2,1
Bundesliga,2024/25,33,2025-05-09T19:30:00+00:00,Bundesliga|2024|289,Bochum,Mainz,2025-05-10T14:30:00Z,1,4,True,0,GG,0.638183,0.638183,0.0,0.6,True,1,GG,0.638183,True,2,1
Bundesliga,2024/25,33,2025-05-09T19:30:00+00:00,Bundesliga|2024|290,Holstein Kiel,Freiburg,2025-05-10T14:30:00Z,1,2,True,0,GG,0.593021,0.593021,0.0,0.6,False,1,,,False,0,
Bundesliga,2024/25,33,2025-05-09T19:30:00+00:00,Bundesliga|2024|291,Union Berlin,Heidenheim,2025-05-10T14:30:00Z,0,3,True,0,1,0.626194,0.570236,0.139894,0.55,True,0,1,0.570236,True,1,0
Bundesliga,2024/25,33,2025-05-09T19:30:00+00:00,Bundesliga|2024|292,Werder Bremen,RB Leipzig,2025-05-10T14:30:00Z,0,0,True,0,O2.5,0.628962,0.628962,0.0,0.6,True,0,O2.5,0.628962,True,2,0
Bundesliga,2024/25,33,2025-05-09T19:30:00+00:00,Bundesliga|2024|293,Bayern Munich,M'gladbach,2025-05-10T17:30:00Z,2,0,True,0,1,0.954608,0.848805,0.264508,0.55,False,1,O2.5,0.786395,True,1,0
Bundesliga,2024/25,33,2025-05-09T19:30:00+00:00,Bundesliga|2024|294,Leverkusen,Dortmund,2025-05-11T14:30:00Z,2,4,True,0,GG,0.601705,0.601705,0.0,0.6,True,1,GG,0.601705,True,1,1
Bundesliga,2024/25,33,2025-05-09T19:30:00+00:00,Bundesliga|2024|295,Ein Frankfurt,St Pauli,2025-05-11T16:30:00Z,2,2,True,0,1,0.713776,0.660626,0.132876,0.55,True,0,1,0.660626,True,2,0
Bundesliga,2024/25,33,2025-05-09T19:30:00+00:00,Bundesliga|2024|296,Stuttgart,Augsburg,2025-05-11T18:30:00Z,4,0,True,0,1,0.782682,0.667809,0.287182,0.55,False,1,,,False,0,
Bundesliga,2024/25,34,2025-05-17T14:30:00+00:00,Bundesliga|2024|297,Augsburg,Union Berlin,2025-05-17T14:30:00Z,1,2,True,0,U2.5,0.586777,0.586777,0.0,0.6,False,0,,,False,0,
Bundesliga,2024/25,34,2025-05-17T14:30:00+00:00,Bundesliga|2024|298,Dortmund,Holstein Kiel,2025-05-17T14:30:00Z,3,0,True,0,1,0.885618,0.810611,0.187518,0.55,True,1,1,0.810611,True,3,1
Bundesliga,2024/25,34,2025-05-17T14:30:00+00:00,Bundesliga|2024|299,Freiburg,Ein Frankfurt,2025-05-17T14:30:00Z,1,3,True,0,GG,0.640756,0.640756,0.0,0.6,True,1,GG,0.640756,True,2,1
Bundesliga,2024/25,34,2025-05-17T14:30:00+00:00,Bundesliga|2024|300,Heidenheim,Werder Bremen,2025-05-17T14:30:00Z,1,4,True,0,GG,0.603476,0.603476,0.0,0.6,True,1,GG,0.603476,True,1,1
Bundesliga,2024/25,34,2025-05-17T14:30:00+00:00,Bundesliga|2024|301,Hoffenheim,Bayern Munich,2025-05-17T14:30:00Z,0,4,True,0,2,0.889331,0.750319,0.347531,0.55,False,1,O2.5,0.67087,True,1,1
Bundesliga,2024/25,34,2025-05-17T14:30:00+00:00,Bundesliga|2024|302,Mainz,Leverkusen,2025-05-17T14:30:00Z,2,2,True,0,GG,0.567697,0.567697,0.0,0.6,False,1,,,False,0,
Bundesliga,2024/25,34,2025-05-17T14:30:00+00:00,Bundesliga|2024|303,M'gladbach,Wolfsburg,2025-05-17T14:30:00Z,0,1,True,0,GG,0.674022,0.674022,0.0,0.6,True,0,GG,0.674022,True,2,0
Bundesliga,2024/25,34,2025-05-17T14:30:00+00:00,Bundesliga|2024|304,RB Leipzig,Stuttgart,2025-05-17T14:30:00Z,2,3,True,0,O2.5,0.685634,0.685634,0.0,0.6,True,1,O2.5,0.685634,True,2,1
Bundesliga,2024/25,34,2025-05-17T14:30:00+00:00,Bundesliga|2024|305,St Pauli,Bochum,2025-05-17T14:30:00Z,0,2,True,0,GG,0.571203,0.571203,0.0,0.6,False,0,,,False,0,
Bundesliga,2025/26,1,2025-08-22T19:30:00+00:00,Bundesliga|2025|0,Bayern Munich,RB Leipzig,2025-08-22T19:30:00Z,6,0,True,0,1,0.846042,0.795545,0.126242,0.55,True,1,1,0.795545,True,3,1
Bundesliga,2025/26,1,2025-08-22T19:30:00+00:00,Bundesliga|2025|1,Ein Frankfurt,Werder Bremen,2025-08-23T14:30:00Z,4,1,True,0,1,0.683642,0.625185,0.146142,0.55,True,1,O2.5,0.639401,True,3,1
Bundesliga,2025/26,1,2025-08-22T19:30:00+00:00,Bundesliga|2025|2,Freiburg,Augsburg,2025-08-23T14:30:00Z,1,3,True,0,1,0.695254,0.632432,0.157054,0.55,True,0,1,0.632432,True,1,0
Bundesliga,2025/26,1,2025-08-22T19:30:00+00:00,Bundesliga|2025|3,Heidenheim,Wolfsburg,2025-08-23T14:30:00Z,1,3,True,0,GG,0.583577,0.583577,0.0,0.6,False,1,,,False,0,
Bundesliga,2025/26,1,2025-08-22T19:30:00+00:00,Bundesliga|2025|4,Leverkusen,Hoffenheim,2025-08-23T14:30:00Z,1,2,True,0,1,0.849329,0.837077,0.030629,0.55,True,0,1,0.837077,True,2,0
Bundesliga,2025/26,1,2025-08-22T19:30:00+00:00,Bundesliga|2025|5,Union Berlin,Stuttgart,2025-08-23T14:30:00Z,2,1,True,0,2,0.594421,0.540733,0.134221,0.55,False,0,,,False,0,
Bundesliga,2025/26,1,2025-08-22T19:30:00+00:00,Bundesliga|2025|6,St Pauli,Dortmund,2025-08-23T17:30:00Z,3,3,True,0,2,0.671759,0.624135,0.119059,0.55,True,0,2,0.624135,True,1,0
Bundesliga,2025/26,1,2025-08-22T19:30:00+00:00,Bundesliga|2025|7,Mainz,FC Koln,2025-08-24T14:30:00Z,0,1,True,0,1,0.666969,0.674941,0.019931,0.55,True,0,1,0.674941,True,1,0
Bundesliga,2025/26,1,2025-08-22T19:30:00+00:00,Bundesliga|2025|8,M'gladbach,Hamburg,2025-08-24T16:30:00Z,0,0,True,1,GG,0.654492,0.654492,0.0,0.6,True,0,GG,0.654492,True,2,0
Bundesliga,2025/26,2,2025-08-29T19:30:00+00:00,Bundesliga|2025|9,Hamburg,St Pauli,2025-08-29T19:30:00Z,0,2,True,0,GG,0.601145,0.601145,0.0,0.6,True,0,GG,0.601145,True,1,0
Bundesliga,2025/26,2,2025-08-29T19:30:00+00:00,Bundesliga|2025|10,Hoffenheim,Ein Frankfurt,2025-08-30T14:30:00Z,1,3,True,0,GG,0.610175,0.610175,0.0,0.6,True,1,GG,0.610175,True,1,1
Bundesliga,2025/26,2,2025-08-29T19:30:00+00:00,Bundesliga|2025|11,RB Leipzig,Heidenheim,2025-08-30T14:30:00Z,2,0,True,0,GG,0.656608,0.656608,0.0,0.6,True,0,GG,0.656608,True,2,0
Bundesliga,2025/26,2,2025-08-29T19:30:00+00:00,Bundesliga|2025|12,Stuttgart,M'gladbach,2025-08-30T14:30:00Z,1,0,True,0,1,0.677172,0.636423,0.101872,0.55,True,1,1,0.636423,True,1,1
Bundesliga,2025/26,2,2025-08-29T19:30:00+00:00,Bundesliga|2025|13,Werder Bremen,Leverkusen,2025-08-30T14:30:00Z,3,3,True,0,GG,0.610175,0.610175,0.0,0.6,True,1,GG,0.610175,True,1,1
Bundesliga,2025/26,2,2025-08-29T19:30:00+00:00,Bundesliga|2025|14,Augsburg,Bayern Munich,2025-08-30T17:30:00Z,2,3,True,0,2,0.759243,0.666706,0.231343,0.55,True,1,2,0.666706,True,3,1
Bundesliga,2025/26,2,2025-08-29T19:30:00+00:00,Bundesliga|2025|15,Wolfsburg,Mainz,2025-08-31T14:30:00Z,1,1,True,0,O2.5,0.64062,0.64062,0.0,0.6,True,0,O2.5,0.64062,True,2,0
Bundesliga,2025/26,2,2025-08-29T19:30:00+00:00,Bundesliga|2025|16,Dortmund,Union Berlin,2025-08-31T16:30:00Z,3,0,True,0,1,0.731095,0.689657,0.103595,0.55,True,1,1,0.689657,True,3,1
Bundesliga,2025/26,2,2025-08-29T19:30:00+00:00,Bundesliga|2025|17,FC Koln,Freiburg,2025-08-31T18:30:00Z,4,1,True,0,GG,0.645926,0.645926,0.0,0.6,True,1,GG,0.645926,True,2,1
Bundesliga,2025/26,3,2025-09-12T19:30:00+00:00,Bundesliga|2025|18,Leverkusen,Ein Frankfurt,2025-09-12T19:30:00Z,3,1,True,0,GG,0.637368,0.637368,0.0,0.6,True,1,GG,0.637368,True,2,1
Bundesliga,2025/26,3,2025-09-12T19:30:00+00:00,Bundesliga|2025|19,Freiburg,Stuttgart,2025-09-13T14:30:00Z,3,1,True,0,GG,0.606612,0.606612,0.0,0.6,True,1,GG,0.606612,True,1,1
Bundesliga,2025/26,3,2025-09-12T19:30:00+00:00,Bundesliga|2025|20,Heidenheim,Dortmund,2025-09-13T14:30:00Z,0,2,True,0,2,0.769912,0.657587,0.280812,0.55,False,1,GG,0.65658,True,2,0
Bundesliga,2025/26,3,2025-09-12T19:30:00+00:00,Bundesliga|2025|21,Mainz,RB Leipzig,2025-09-13T14:30:00Z,0,1,True,0,O2.5,0.652852,0.652852,0.0,0.6,True,0,O2.5,0.652852,True,2,0
Bundesliga,2025/26,3,2025-09-12T19:30:00+00:00,Bundesliga|2025|22,Union Berlin,Hoffenheim,2025-09-13T14:30:00Z,2,4,True,0,GG,0.573958,0.573958,0.0,0.6,False,1,,,False,0,
Bundesliga,2025/26,3,2025-09-12T19:30:00+00:00,Bundesliga|2025|23,Wolfsburg,FC Koln,2025-09-13T14:30:00Z,3,3,True,0,GG,0.613504,0.613504,0.0,0.6,True,1,GG,0.613504,True,1,1
Bundesliga,2025/26,3,2025-09-12T19:30:00+00:00,Bundesliga|2025|24,Bayern Munich,Hamburg,2025-09-13T17:30:00Z,5,0,True,0,1,0.83655,0.80841,0.07035,0.55,True,1,1,0.80841,True,2,1
Bundesliga,2025/26,3,2025-09-12T19:30:00+00:00,Bundesliga|2025|25,St Pauli,Augsburg,2025-09-14T14:30:00Z,2,1,True,0,O2.5,0.667722,0.667722,0.0,0.6,True,1,O2.5,0.667722,True,2,1
Bundesliga,2025/26,3,2025-09-12T19:30:00+00:00,Bundesliga|2025|26,M'gladbach,Werder Bremen,2025-09-14T16:30:00Z,0,4,True,0,O2.5,0.616902,0.616902,0.0,0.6,True,1,O2.5,0.616902,True,2,1
Bundesliga,2025/26,4,2025-09-19T19:30:00+00:00,Bundesliga|2025|27,Stuttgart,St Pauli,2025-09-19T19:30:00Z,2,0,True,0,GG,0.574952,0.574952,0.0,0.6,False,0,1,0.582486,True,1,1
Bundesliga,2025/26,4,2025-09-19T19:30:00+00:00,Bundesliga|2025|28,Augsburg,Mainz,2025-09-20T14:30:00Z,1,4,True,0,GG,0.60263,0.60263,0.0,0.6,True,1,GG,0.60263,True,1,1
Bundesliga,2025/26,4,2025-09-19T19:30:00+00:00,Bundesliga|2025|29,Hamburg,Heidenheim,2025-09-20T14:30:00Z,2,1,True,0,GG,0.587451,0.587451,0.0,0.6,False,1,,,False,0,
Bundesliga,2025/26,4,2025-09-19T19:30:00+00:00,Bundesliga|2025|30,Hoffenheim,Bayern Munich,2025-09-20T14:30:00Z,1,4,True,0,2,0.765031,0.688139,0.192231,0.55,True,1,2,0.688139,True,3,1
Bundesliga,2025/26,4,2025-09-19T19:30:00+00:00,Bundesliga|2025|31,Werder Bremen,Freiburg,2025-09-20T14:30:00Z,0,3,True,0,GG,0.653213,0.653213,0.0,0.6,True,0,GG,0.653213,True,2,0
Bundesliga,2025/26,4,2025-09-19T19:30:00+00:00,Bundesliga|2025|32,RB Leipzig,FC Koln,2025-09-20T17:30:00Z,3,1,True,0,GG,0.638757,0.638757,0.0,0.6,True,1,GG,0.638757,True,2,1
Bundesliga,2025/26,4,2025-09-19T19:30:00+00:00,Bundesliga|2025|33,Ein Frankfurt,Union Berlin,2025-09-21T14:30:00Z,3,4,True,0,1,0.774554,0.720972,0.133954,0.55,True,0,1,0.720972,True,3,0
Bundesliga,2025/26,4,2025-09-19T19:30:00+00:00,Bundesliga|2025|34,Leverkusen,M'gladbach,2025-09-21T16:30:00Z,1,1,True,0,1,0.622132,0.693959,0.179568,0.55,True,0,1,0.693959,True,1,0
Bundesliga,2025/26,4,2025-09-19T19:30:00+00:00,Bundesliga|2025|35,Dortmund,Wolfsburg,2025-09-21T18:30:00Z,1,0,True,0,O2.5,0.617688,0.617688,0.0,0.6,True,0,O2.5,0.617688,True,3,0
Bundesliga,2025/26,5,2025-09-26T19:30:00+00:00,Bundesliga|2025|36,Bayern Munich,Werder Bremen,2025-09-26T19:30:00Z,4,0,True,0,1,0.899803,0.809842,0.224903,0.55,True,1,1,0.809842,True,3,1
Bundesliga,2025/26,5,2025-09-26T19:30:00+00:00,Bundesliga|2025|37,Heidenheim,Augsburg,2025-09-27T14:30:00Z,2,1,True,0,GG,0.66167,0.66167,0.0,0.6,True,1,GG,0.66167,True,2,1
Bundesliga,2025/26,5,2025-09-26T19:30:00+00:00,Bundesliga|2025|38,Mainz,Dortmund,2025-09-27T14:30:00Z,0,2,True,0,GG,0.56135,0.56135,0.0,0.6,False,0,,,False,0,
Bundesliga,2025/26,5,2025-09-26T19:30:00+00:00,Bundesliga|2025|39,St Pauli,Leverkusen,2025-09-27T14:30:00Z,1,2,True,0,GG,0.603238,0.603238,0.0,0.6,True,1,GG,0.603238,True,2,1
Bundesliga,2025/26,5,2025-09-26T19:30:00+00:00,Bundesliga|2025|40,Wolfsburg,RB Leipzig,2025-09-27T14:30:00Z,0,1,True,0,GG,0.630848,0.630848,0.0,0.6,True,0,GG,0.630848,True,2,0
Bundesliga,2025/26,5,2025-09-26T19:30:00+00:00,Bundesliga|2025|41,M'gladbach,Ein Frankfurt,2025-09-27T17:30:00Z,4,6,True,0,GG,0.596221,0.596221,0.0,0.6,False,1,,,False,0,
Bundesliga,2025/26,5,2025-09-26T19:30:00+00:00,Bundesliga|2025|42,Freiburg,Hoffenheim,2025-09-28T14:30:00Z,1,1,True,0,1,0.648456,0.571114,0.193356,0.55,True,0,O2.5,0.632818,True,3,0
Bundesliga,2025/26,5,2025-09-26T19:30:00+00:00,Bundesliga|2025|43,FC Koln,Stuttgart,2025-09-28T16:30:00Z,1,2,True,0,GG,0.605858,0.605858,0.0,0.6,True,1,GG,0.605858,True,1,1
Bundesliga,2025/26,5,2025-09-26T19:30:00+00:00,Bundesliga|2025|44,Union Berlin,Hamburg,2025-09-28T18:30:00Z,0,0,True,0,1,0.662877,0.568406,0.236177,0.55,True,0,O2.5,0.657509,True,3,0
Bundesliga,2025/26,6,2025-10-03T19:30:00+00:00,Bundesliga|2025|45,Hoffenheim,FC Koln,2025-10-03T19:30:00Z,0,1,True,0,GG,0.653922,0.653922,0.0,0.6,True,0,GG,0.653922,True,2,0
Bundesliga,2025/26,6,2025-10-03T19:30:00+00:00,Bundesliga|2025|46,Augsburg,Wolfsburg,2025-10-04T14:30:00Z,3,1,True,0,GG,0.601832,0.601832,0.0,0.6,True,1,GG,0.601832,True,1,1
Bundesliga,2025/26,6,2025-10-03T19:30:00+00:00,Bundesliga|2025|47,Dortmund,RB Leipzig,2025-10-04T14:30:00Z,1,1,True,0,O2.5,0.625422,0.625422,0.0,0.6,True,0,O2.5,0.625422,True,3,0
Bundesliga,2025/26,6,2025-10-03T19:30:00+00:00,Bundesliga|2025|48,Leverkusen,Union Berlin,2025-10-04T14:30:00Z,2,0,True,0,1,0.743776,0.750186,0.016024,0.55,True,1,1,0.750186,True,2,1
Bundesliga,2025/26,6,2025-10-03T19:30:00+00:00,Bundesliga|2025|49,Werder Bremen,St Pauli,2025-10-04T14:30:00Z,1,0,True,0,GG,0.637473,0.637473,0.0,0.6,True,0,GG,0.637473,True,2,0
Bundesliga,2025/26,6,2025-10-03T19:30:00+00:00,Bundesliga|2025|50,Ein Frankfurt,Bayern Munich,2025-10-04T17:30:00Z,0,3,True,0,2,0.720068,0.610241,0.274568,0.55,False,1,O2.5,0.674748,True,2,1
Bundesliga,2025/26,6,2025-10-03T19:30:00+00:00,Bundesliga|2025|51,Stuttgart,Heidenheim,2025-10-05T14:30:00Z,1,0,True,0,1,0.74489,0.694894,0.12499,0.55,True,1,1,0.694894,True,2,1
Bundesliga,2025/26,6,2025-10-03T19:30:00+00:00,Bundesliga|2025|52,Hamburg,Mainz,2025-10-05T16:30:00Z,4,0,True,0,GG,0.562982,0.562982,0.0,0.6,False,0,,,False,0,
Bundesliga,2025/26,6,2025-10-03T19:30:00+00:00,Bundesliga|2025|53,M'gladbach,Freiburg,2025-10-05T18:30:00Z,0,0,True,0,GG,0.610318,0.610318,0.0,0.6,True,0,GG,0.610318,True,1,0
Bundesliga,2025/26,7,2025-10-17T19:30:00+00:00,Bundesliga|2025|54,Union Berlin,M'gladbach,2025-10-17T19:30:00Z,3,1,True,0,GG,0.647516,0.647516,0.0,0.6,True,1,GG,0.647516,True,2,1
Bundesliga,2025/26,7,2025-10-17T19:30:00+00:00,Bundesliga|2025|55,FC Koln,Augsburg,2025-10-18T14:30:00Z,1,1,True,0,1,0.63456,0.533776,0.25196,0.55,False,0,O2.5,0.6275,True,2,0
Bundesliga,2025/26,7,2025-10-17T19:30:00+00:00,Bundesliga|2025|56,Heidenheim,Werder Bremen,2025-10-18T14:30:00Z,2,2,True,0,GG,0.671747,0.671747,0.0,0.6,True,1,GG,0.671747,True,2,1
Bundesliga,2025/26,7,2025-10-17T19:30:00+00:00,Bundesliga|2025|57,Mainz,Leverkusen,2025-10-18T14:30:00Z,3,4,True,0,2,0.673954,0.592332,0.204054,0.55,True,1,2,0.592332,True,1,1
Bundesliga,2025/26,7,2025-10-17T19:30:00+00:00,Bundesliga|2025|58,RB Leipzig,Hamburg,2025-10-18T14:30:00Z,2,1,True,0,1,0.740818,0.668171,0.181618,0.55,True,1,1,0.668171,True,3,1
Bundesliga,2025/26,7,2025-10-17T19:30:00+00:00,Bundesliga|2025|59,Wolfsburg,Stuttgart,2025-10-18T14:30:00Z,0,3,True,0,GG,0.576839,0.576839,0.0,0.6,False,0,,,False,0,
Bundesliga,2025/26,7,2025-10-17T19:30:00+00:00,Bundesliga|2025|60,Bayern Munich,Dortmund,2025-10-18T17:30:00Z,2,1,True,0,1,0.633802,0.615201,0.046502,0.55,True,1,1,0.615201,True,1,1
Bundesliga,2025/26,7,2025-10-17T19:30:00+00:00,Bundesliga|2025|61,Freiburg,Ein Frankfurt,2025-10-19T14:30:00Z,2,2,True,0,GG,0.62927,0.62927,0.0,0.6,True,1,GG,0.62927,True,2,1
Bundesliga,2025/26,7,2025-10-17T19:30:00+00:00,Bundesliga|2025|62,St Pauli,Hoffenheim,2025-10-19T16:30:00Z,0,3,True,0,GG,0.622812,0.622812,0.0,0.6,True,0,GG,0.622812,True,2,0
Bundesliga,2025/26,8,2025-10-24T19:30:00+00:00,Bundesliga|2025|63,Werder Bremen,Union Berlin,2025-10-24T19:30:00Z,1,0,True,0,O2.5,0.711534,0.711534,0.0,0.6,True,0,O2.5,0.711534,True,2,0
Bundesliga,2025/26,8,2025-10-24T19:30:00+00:00,Bundesliga|2025|64,Augsburg,RB Leipzig,2025-10-25T14:30:00Z,0,6,True,0,2,0.689907,0.573984,0.289807,0.55,False,1,GG,0.622725,True,2,0
Bundesliga,2025/26,8,2025-10-24T19:30:00+00:00,Bundesliga|2025|65,Ein Frankfurt,St Pauli,2025-10-25T14:30:00Z,2,0,True,0,1,0.732625,0.707655,0.062425,0.55,True,1,1,0.707655,True,3,1
Bundesliga,2025/26,8,2025-10-24T19:30:00+00:00,Bundesliga|2025|66,Hamburg,Wolfsburg,2025-10-25T14:30:00Z,0,1,True,0,GG,0.601305,0.601305,0.0,0.6,True,0,GG,0.601305,True,1,0
Bundesliga,2025/26,8,2025-10-24T19:30:00+00:00,Bundesliga|2025|67,Hoffenheim,Heidenheim,2025-10-25T14:30:00Z,3,1,True,0,1,0.693235,0.629341,0.159735,0.55,True,1,O2.5,0.681457,True,3,1
Bundesliga,2025/26,8,2025-10-24T19:30:00+00:00,Bundesliga|2025|68,M'gladbach,Bayern Munich,2025-10-25T14:30:00Z,0,3,True,0,2,0.851256,0.782593,0.171656,0.55,True,1,2,0.782593,True,2,1
Bundesliga,2025/26,8,2025-10-24T19:30:00+00:00,Bundesliga|2025|69,Dortmund,FC Koln,2025-10-25T17:30:00Z,1,0,True,0,1,0.704496,0.705777,0.003204,0.55,True,1,1,0.705777,True,1,1
Bundesliga,2025/26,8,2025-10-24T19:30:00+00:00,Bundesliga|2025|70,Leverkusen,Freiburg,2025-10-26T14:30:00Z,2,0,True,0,1,0.611951,0.63417,0.055549,0.55,True,1,1,0.63417,True,1,1
Bundesliga,2025/26,8,2025-10-24T19:30:00+00:00,Bundesliga|2025|71,Stuttgart,Mainz,2025-10-26T16:30:00Z,2,1,True,0,1,0.785586,0.665992,0.298986,0.55,False,1,,,False,0,
Bundesliga,2025/26,9,2025-10-31T19:30:00+00:00,Bundesliga|2025|72,Augsburg,Dortmund,2025-10-31T19:30:00Z,0,1,True,0,2,0.663812,0.585527,0.195712,0.55,True,1,2,0.585527,True,1,1
Bundesliga,2025/26,9,2025-10-31T19:30:00+00:00,Bundesliga|2025|73,Heidenheim,Ein Frankfurt,2025-11-01T14:30:00Z,1,1,True,0,2,0.684361,0.613377,0.177461,0.55,True,0,O2.5,0.676779,True,3,0
Bundesliga,2025/26,9,2025-10-31T19:30:00+00:00,Bundesliga|2025|74,Mainz,Werder Bremen,2025-11-01T14:30:00Z,1,1,True,0,O2.5,0.651638,0.651638,0.0,0.6,True,0,O2.5,0.651638,True,2,0
Bundesliga,2025/26,9,2025-10-31T19:30:00+00:00,Bundesliga|2025|75,RB Leipzig,Stuttgart,2025-11-01T14:30:00Z,3,1,True,0,GG,0.60082,0.60082,0.0,0.6,True,1,GG,0.60082,True,1,1
Bundesliga,2025/26,9,2025-10-31T19:30:00+00:00,Bundesliga|2025|76,St Pauli,M'gladbach,2025-11-01T14:30:00Z,0,4,True,0,GG,0.568975,0.568975,0.0,0.6,False,0,,,False,0,
Bundesliga,2025/26,9,2025-10-31T19:30:00+00:00,Bundesliga|2025|77,Union Berlin,Freiburg,2025-11-01T14:30:00Z,0,0,True,0,GG,0.591971,0.591971,0.0,0.6,False,0,,,False,0,
Bundesliga,2025/26,9,2025-10-31T19:30:00+00:00,Bundesliga|2025|78,Bayern Munich,Leverkusen,2025-11-01T17:30:00Z,3,0,True,0,O2.5,0.669603,0.669603,0.0,0.6,True,1,O2.5,0.669603,True,3,1
Bundesliga,2025/26,9,2025-10-31T19:30:00+00:00,Bundesliga|2025|79,FC Koln,Hamburg,2025-11-02T14:30:00Z,4,1,True,0,GG,0.597797,0.597797,0.0,0.6,False,1,,,False,0,
Bundesliga,2025/26,9,2025-10-31T19:30:00+00:00,Bundesliga|2025|80,Wolfsburg,Hoffenheim,2025-11-02T16:30:00Z,2,3,True,0,GG,0.643514,0.643514,0.0,0.6,True,1,GG,0.643514,True,2,1
Bundesliga,2025/26,10,2025-11-07T19:30:00+00:00,Bundesliga|2025|81,Werder Bremen,Wolfsburg,2025-11-07T19:30:00Z,2,1,True,0,GG,0.65945,0.65945,0.0,0.6,True,1,GG,0.65945,True,2,1
Bundesliga,2025/26,10,2025-11-07T19:30:00+00:00,Bundesliga|2025|82,Hamburg,Dortmund,2025-11-08T14:30:00Z,1,1,True,0,GG,0.578785,0.578785,0.0,0.6,False,1,,,False,0,
Bundesliga,2025/26,10,2025-11-07T19:30:00+00:00,Bundesliga|2025|83,Hoffenheim,RB Leipzig,2025-11-08T14:30:00Z,3,1,True,0,GG,0.668538,0.668538,0.0,0.6,True,1,GG,0.668538,True,2,1
Bundesliga,2025/26,10,2025-11-07T19:30:00+00:00,Bundesliga|2025|84,Leverkusen,Heidenheim,2025-11-08T14:30:00Z,6,0,True,0,1,0.869361,0.840737,0.071561,0.55,True,1,1,0.840737,True,3,1
Bundesliga,2025/26,10,2025-11-07T19:30:00+00:00,Bundesliga|2025|85,Union Berlin,Bayern Munich,2025-11-08T14:30:00Z,2,2,True,0,2,0.787342,0.736605,0.126842,0.55,True,0,2,0.736605,True,2,0
Bundesliga,2025/26,10,2025-11-07T19:30:00+00:00,Bundesliga|2025|86,M'gladbach,FC Koln,2025-11-08T17:30:00Z,3,1,True,0,GG,0.633046,0.633046,0.0,0.6,True,1,GG,0.633046,True,2,1
Bundesliga,2025/26,10,2025-11-07T19:30:00+00:00,Bundesliga|2025|87,Freiburg,St Pauli,2025-11-09T14:30:00Z,2,1,True,0,1,0.665156,0.629694,0.088656,0.55,True,1,1,0.629694,True,1,1
Bundesliga,2025/26,10,2025-11-07T19:30:00+00:00,Bundesliga|2025|88,Stuttgart,Augsburg,2025-11-09T16:30:00Z,3,2,True,0,1,0.821046,0.721307,0.249346,0.55,True,1,1,0.721307,True,1,1
Bundesliga,2025/26,10,2025-11-07T19:30:00+00:00,Bundesliga|2025|89,Ein Frankfurt,Mainz,2025-11-09T18:30:00Z,1,0,True,0,1,0.720698,0.649699,0.177498,0.55,True,1,1,0.649699,True,3,1
Bundesliga,2025/26,11,2025-11-21T19:30:00+00:00,Bundesliga|2025|90,Mainz,Hoffenheim,2025-11-21T19:30:00Z,1,1,True,0,GG,0.624858,0.624858,0.0,0.6,True,1,GG,0.624858,True,2,1
Bundesliga,2025/26,11,2025-11-21T19:30:00+00:00,Bundesliga|2025|91,Augsburg,Hamburg,2025-11-22T14:30:00Z,1,0,True,0,GG,0.59328,0.59328,0.0,0.6,False,0,,,False,0,
Bundesliga,2025/26,11,2025-11-21T19:30:00+00:00,Bundesliga|2025|92,Bayern Munich,Freiburg,2025-11-22T14:30:00Z,6,2,True,0,1,0.800128,0.783557,0.041428,0.55,True,1,1,0.783557,True,2,1
Bundesliga,2025/26,11,2025-11-21T19:30:00+00:00,Bundesliga|2025|93,Dortmund,Stuttgart,2025-11-22T14:30:00Z,3,3,True,0,GG,0.529,0.529,0.0,0.6,False,1,,,False,0,
Bundesliga,2025/26,11,2025-11-21T19:30:00+00:00,Bundesliga|2025|94,Heidenheim,M'gladbach,2025-11-22T14:30:00Z,0,3,True,0,GG,0.656294,0.656294,0.0,0.6,True,0,GG,0.656294,True,2,0
Bundesliga,2025/26,11,2025-11-21T19:30:00+00:00,Bundesliga|2025|95,Wolfsburg,Leverkusen,2025-11-22T14:30:00Z,1,3,True,0,2,0.78565,0.68391,0.25435,0.55,False,1,O2.5,0.637462,True,2,1
Bundesliga,2025/26,11,2025-11-21T19:30:00+00:00,Bundesliga|2025|96,FC Koln,Ein Frankfurt,2025-11-22T17:30:00Z,3,4,True,0,GG,0.653473,0.653473,0.0,0.6,True,1,GG,0.653473,True,2,1
Bundesliga,2025/26,11,2025-11-21T19:30:00+00:00,Bundesliga|2025|97,RB Leipzig,Werder Bremen,2025-11-23T14:30:00Z,2,0,True,0,1,0.759993,0.650436,0.273893,0.55,False,1,O2.5,0.711133,True,2,0
Bundesliga,2025/26,11,2025-11-21T19:30:00+00:00,Bundesliga|2025|98,St Pauli,Union Berlin,2025-11-23T16:30:00Z,0,1,True,0,GG,0.601705,0.601705,0.0,0.6,True,0,GG,0.601705,True,1,0
Bundesliga,2025/26,12,2025-11-28T19:30:00+00:00,Bundesliga|2025|99,M'gladbach,RB Leipzig,2025-11-28T19:30:00Z,0,0,True,0,GG,0.658091,0.658091,0.0,0.6,True,0,GG,0.658091,True,2,0
Bundesliga,2025/26,12,2025-11-28T19:30:00+00:00,Bundesliga|2025|100,Bayern Munich,St Pauli,2025-11-29T14:30:00Z,3,1,True,0,1,0.953924,0.918594,0.088324,0.55,True,1,1,0.918594,True,2,1
Bundesliga,2025/26,12,2025-11-28T19:30:00+00:00,Bundesliga|2025|101,Hoffenheim,Augsburg,2025-11-29T14:30:00Z,3,0,True,0,1,0.787293,0.675056,0.280593,0.55,False,1,O2.5,0.641366,True,2,1
Bundesliga,2025/26,12,2025-11-28T19:30:00+00:00,Bundesliga|2025|102,Union Berlin,Heidenheim,2025-11-29T14:30:00Z,1,2,True,0,1,0.671324,0.620275,0.127624,0.55,True,0,1,0.620275,True,2,0
Bundesliga,2025/26,12,2025-11-28T19:30:00+00:00,Bundesliga|2025|103,Werder Bremen,FC Koln,2025-11-29T14:30:00Z,1,1,True,0,GG,0.679408,0.679408,0.0,0.6,True,1,GG,0.679408,True,2,1
Bundesliga,2025/26,12,2025-11-28T19:30:00+00:00,Bundesliga|2025|104,Leverkusen,Dortmund,2025-11-29T17:30:00Z,1,2,True,0,GG,0.599936,0.599936,0.0,0.6,False,1,,,False,0,
Bundesliga,2025/26,12,2025-11-28T19:30:00+00:00,Bundesliga|2025|105,Hamburg,Stuttgart,2025-11-30T14:30:00Z,2,1,True,0,2,0.617975,0.543145,0.187075,0.55,False,0,GG,0.600753,True,1,1
Bundesliga,2025/26,12,2025-11-28T19:30:00+00:00,Bundesliga|2025|106,Ein Frankfurt,Wolfsburg,2025-11-30T16:30:00Z,1,1,True,0,1,0.795555,0.732413,0.157855,0.55,True,0,1,0.732413,True,3,0
Bundesliga,2025/26,12,2025-11-28T19:30:00+00:00,Bundesliga|2025|107,Freiburg,Mainz,2025-11-30T18:30:00Z,4,0,True,0,GG,0.565975,0.565975,0.0,0.6,False,0,,,False,0,
Bundesliga,2025/26,13,2025-12-05T19:30:00+00:00,Bundesliga|2025|108,Mainz,M'gladbach,2025-12-05T19:30:00Z,0,1,True,0,GG,0.625232,0.625232,0.0,0.6,True,0,GG,0.625232,True,2,0
Bundesliga,2025/26,13,2025-12-05T19:30:00+00:00,Bundesliga|2025|109,Augsburg,Leverkusen,2025-12-06T14:30:00Z,2,0,True,0,2,0.823021,0.707733,0.288221,0.55,False,0,O2.5,0.618945,True,2,0
Bundesliga,2025/26,13,2025-12-05T19:30:00+00:00,Bundesliga|2025|110,FC Koln,St Pauli,2025-12-06T14:30:00Z,1,1,True,0,1,0.708748,0.625009,0.209348,0.55,True,0,1,0.625009,True,3,0
Bundesliga,2025/26,13,2025-12-05T19:30:00+00:00,Bundesliga|2025|111,Heidenheim,Freiburg,2025-12-06T14:30:00Z,2,1,True,0,2,0.631813,0.539608,0.230513,0.55,False,0,,,False,0,
Bundesliga,2025/26,13,2025-12-05T19:30:00+00:00,Bundesliga|2025|112,Stuttgart,Bayern Munich,2025-12-06T14:30:00Z,0,5,True,0,2,0.746581,0.648988,0.243981,0.55,True,1,2,0.648988,True,1,1
Bundesliga,2025/26,13,2025-12-05T19:30:00+00:00,Bundesliga|2025|113,Wolfsburg,Union Berlin,2025-12-06T14:30:00Z,3,1,True,0,GG,0.591808,0.591808,0.0,0.6,False,1,,,False,0,
Bundesliga,2025/26,13,2025-12-05T19:30:00+00:00,Bundesliga|2025|114,RB Leipzig,Ein Frankfurt,2025-12-06T17:30:00Z,6,0,True,0,GG,0.6391,0.6391,0.0,0.6,True,0,GG,0.6391,True,2,0
Bundesliga,2025/26,13,2025-12-05T19:30:00+00:00,Bundesliga|2025|115,Hamburg,Werder Bremen,2025-12-07T14:30:00Z,3,2,True,0,GG,0.629456,0.629456,0.0,0.6,True,1,GG,0.629456,True,2,1
Bundesliga,2025/26,13,2025-12-05T19:30:00+00:00,Bundesliga|2025|116,Dortmund,Hoffenheim,2025-12-07T16:30:00Z,2,0,True,0,O2.5,0.601112,0.601112,0.0,0.6,True,0,O2.5,0.601112,True,2,0
Bundesliga,2025/26,14,2025-12-12T19:30:00+00:00,Bundesliga|2025|117,Union Berlin,RB Leipzig,2025-12-12T19:30:00Z,3,1,True,0,2,0.612624,0.562094,0.126324,0.55,True,0,GG,0.602742,True,2,1
Bundesliga,2025/26,14,2025-12-12T19:30:00+00:00,Bundesliga|2025|118,Ein Frankfurt,Augsburg,2025-12-13T14:30:00Z,1,0,True,0,O2.5,0.632779,0.632779,0.0,0.6,True,0,O2.5,0.632779,True,2,0
Bundesliga,2025/26,14,2025-12-12T19:30:00+00:00,Bundesliga|2025|119,Hoffenheim,Hamburg,2025-12-13T14:30:00Z,4,1,True,0,1,0.74672,0.644192,0.25632,0.55,False,1,O2.5,0.626444,True,2,1
Bundesliga,2025/26,14,2025-12-12T19:30:00+00:00,Bundesliga|2025|120,M'gladbach,Wolfsburg,2025-12-13T14:30:00Z,1,3,True,0,1,0.687596,0.594957,0.231596,0.55,True,0,O2.5,0.617461,True,3,1
Bundesliga,2025/26,14,2025-12-12T19:30:00+00:00,Bundesliga|2025|121,St Pauli,Heidenheim,2025-12-13T14:30:00Z,2,1,True,0,GG,0.579969,0.579969,0.0,0.6,False,1,,,False,0,
Bundesliga,2025/26,14,2025-12-12T19:30:00+00:00,Bundesliga|2025|122,Leverkusen,FC Koln,2025-12-13T17:30:00Z,2,0,True,0,1,0.79373,0.770918,0.05703,0.55,True,1,1,0.770918,True,3,1
Bundesliga,2025/26,14,2025-12-12T19:30:00+00:00,Bundesliga|2025|123,Freiburg,Dortmund,2025-12-14T14:30:00Z,1,1,True,0,GG,0.553989,0.553989,0.0,0.6,False,1,,,False,0,
Bundesliga,2025/26,14,2025-12-12T19:30:00+00:00,Bundesliga|2025|124,Bayern Munich,Mainz,2025-12-14T16:30:00Z,2,2,True,0,1,0.939245,0.886147,0.132745,0.55,True,0,1,0.886147,True,2,0
Bundesliga,2025/26,14,2025-12-12T19:30:00+00:00,Bundesliga|2025|125,Werder Bremen,Stuttgart,2025-12-14T18:30:00Z,0,4,True,0,GG,0.642762,0.642762,0.0,0.6,True,0,GG,0.642762,True,2,0
Bundesliga,2025/26,15,2025-12-19T19:30:00+00:00,Bundesliga|2025|126,Dortmund,M'gladbach,2025-12-19T19:30:00Z,2,0,True,0,1,0.632045,0.664107,0.080155,0.55,True,1,1,0.664107,True,1,1
Bundesliga,2025/26,15,2025-12-19T19:30:00+00:00,Bundesliga|2025|127,Augsburg,Werder Bremen,2025-12-20T14:30:00Z,0,0,True,0,GG,0.608206,0.608206,0.0,0.6,True,0,GG,0.608206,True,1,0
Bundesliga,2025/26,15,2025-12-19T19:30:00+00:00,Bundesliga|2025|128,FC Koln,Union Berlin,2025-12-20T14:30:00Z,0,1,True,0,GG,0.59791,0.59791,0.0,0.6,False,0,,,False,0,
Bundesliga,2025/26,15,2025-12-19T19:30:00+00:00,Bundesliga|2025|129,Hamburg,Ein Frankfurt,2025-12-20T14:30:00Z,1,1,True,0,GG,0.624345,0.624345,0.0,0.6,True,1,GG,0.624345,True,2,1
Bundesliga,2025/26,15,2025-12-19T19:30:00+00:00,Bundesliga|2025|130,Stuttgart,Hoffenheim,2025-12-20T14:30:00Z,0,0,True,0,GG,0.645059,0.645059,0.0,0.6,True,0,GG,0.645059,True,2,0
Bundesliga,2025/26,15,2025-12-19T19:30:00+00:00,Bundesliga|2025|131,Wolfsburg,Freiburg,2025-12-20T14:30:00Z,3,4,True,0,GG,0.601366,0.601366,0.0,0.6,True,1,GG,0.601366,True,1,1
Bundesliga,2025/26,15,2025-12-19T19:30:00+00:00,Bundesliga|2025|132,RB Leipzig,Leverkusen,2025-12-20T17:30:00Z,1,3,True,0,GG,0.646611,0.646611,0.0,0.6,True,1,GG,0.646611,True,2,1
Bundesliga,2025/26,15,2025-12-19T19:30:00+00:00,Bundesliga|2025|133,Mainz,St Pauli,2025-12-21T14:30:00Z,0,0,True,0,GG,0.583554,0.583554,0.0,0.6,False,0,,,False,0,
Bundesliga,2025/26,15,2025-12-19T19:30:00+00:00,Bundesliga|2025|134,Heidenheim,Bayern Munich,2025-12-21T16:30:00Z,0,4,True,0,2,0.940708,0.854665,0.215108,0.55,True,1,2,0.854665,True,2,1
Bundesliga,2025/26,16,2026-01-09T19:30:00+00:00,Bundesliga|2025|135,Ein Frankfurt,Dortmund,2026-01-09T19:30:00Z,3,3,True,0,2,0.587137,0.504322,0.207037,0.55,False,0,,,False,0,
Bundesliga,2025/26,16,2026-01-09T19:30:00+00:00,Bundesliga|2025|136,Freiburg,Hamburg,2026-01-10T14:30:00Z,2,1,True,0,1,0.680233,0.61566,0.161433,0.55,True,1,1,0.61566,True,1,1
Bundesliga,2025/26,16,2026-01-09T19:30:00+00:00,Bundesliga|2025|137,Heidenheim,FC Koln,2026-01-10T14:30:00Z,2,2,True,0,GG,0.655496,0.655496,0.0,0.6,True,1,GG,0.655496,True,2,1
Bundesliga,2025/26,16,2026-01-09T19:30:00+00:00,Bundesliga|2025|138,Union Berlin,Mainz,2026-01-10T14:30:00Z,2,2,True,0,1,0.578864,0.510518,0.170864,0.55,False,0,,,False,0,
Bundesliga,2025/26,16,2026-01-09T19:30:00+00:00,Bundesliga|2025|139,Leverkusen,Stuttgart,2026-01-10T17:30:00Z,1,4,True,0,1,0.751253,0.672472,0.196953,0.55,True,0,1,0.672472,True,3,0
Bundesliga,2025/26,16,2026-01-09T19:30:00+00:00,Bundesliga|2025|140,M'gladbach,Augsburg,2026-01-11T14:30:00Z,4,0,True,0,GG,0.574753,0.574753,0.0,0.6,False,0,,,False,0,
Bundesliga,2025/26,16,2026-01-09T19:30:00+00:00,Bundesliga|2025|141,Bayern Munich,Wolfsburg,2026-01-11T16:30:00Z,8,1,True,0,1,0.942726,0.890315,0.131026,0.55,True,1,1,0.890315,True,2,1
Bundesliga,2025/26,17,2026-01-13T17:30:00+00:00,Bundesliga|2025|142,Stuttgart,Ein Frankfurt,2026-01-13T17:30:00Z,3,2,True,0,1,0.619201,0.56324,0.139901,0.55,True,1,GG,0.612573,True,2,1
Bundesliga,2025/26,17,2026-01-13T17:30:00+00:00,Bundesliga|2025|143,Dortmund,Werder Bremen,2026-01-13T19:30:00Z,3,0,True,0,1,0.858725,0.770715,0.220025,0.55,True,1,1,0.770715,True,1,1
Bundesliga,2025/26,17,2026-01-13T17:30:00+00:00,Bundesliga|2025|144,Mainz,Heidenheim,2026-01-13T19:30:00Z,2,1,True,0,O2.5,0.661932,0.661932,0.0,0.6,True,1,O2.5,0.661932,True,2,1
Bundesliga,2025/26,17,2026-01-13T17:30:00+00:00,Bundesliga|2025|145,Wolfsburg,St Pauli,2026-01-14T17:30:00Z,2,1,True,0,1,0.610465,0.573319,0.092865,0.55,True,1,1,0.573319,True,1,1
Bundesliga,2025/26,17,2026-01-13T17:30:00+00:00,Bundesliga|2025|146,FC Koln,Bayern Munich,2026-01-14T19:30:00Z,1,3,True,0,2,0.836733,0.79116,0.113933,0.55,True,1,2,0.79116,True,3,1
Bundesliga,2025/26,17,2026-01-13T17:30:00+00:00,Bundesliga|2025|147,Hoffenheim,M'gladbach,2026-01-14T19:30:00Z,5,1,True,0,GG,0.626167,0.626167,0.0,0.6,True,1,GG,0.626167,True,2,1
Bundesliga,2025/26,17,2026-01-13T17:30:00+00:00,Bundesliga|2025|148,RB Leipzig,Freiburg,2026-01-14T19:30:00Z,2,0,True,0,GG,0.610291,0.610291,0.0,0.6,True,0,GG,0.610291,True,3,0
Bundesliga,2025/26,17,2026-01-13T17:30:00+00:00,Bundesliga|2025|149,Augsburg,Union Berlin,2026-01-15T19:30:00Z,1,1,True,0,GG,0.566155,0.566155,0.0,0.6,False,1,,,False,0,
Bundesliga,2025/26,17,2026-01-13T17:30:00+00:00,Bundesliga|2025|154,Hoffenheim,Leverkusen,2026-01-17T14:30:00Z,1,0,True,0,GG,0.663046,0.663046,0.0,0.6,True,0,GG,0.663046,True,2,0
Bundesliga,2025/26,18,2026-01-17T17:30:00+00:00,Bundesliga|2025|156,RB Leipzig,Bayern Munich,2026-01-17T17:30:00Z,1,5,True,0,O2.5,0.642003,0.642003,0.0,0.6,True,1,O2.5,0.642003,True,2,1
Bundesliga,2025/26,18,2026-01-17T17:30:00+00:00,Bundesliga|2025|157,Stuttgart,Union Berlin,2026-01-18T14:30:00Z,1,1,True,0,GG,0.574785,0.574785,0.0,0.6,False,1,1,0.584906,True,1,0
Bundesliga,2025/26,18,2026-01-17T17:30:00+00:00,Bundesliga|2025|158,Augsburg,Freiburg,2026-01-18T16:30:00Z,2,2,True,0,GG,0.573383,0.573383,0.0,0.6,False,1,,,False,0,
Bundesliga,2025/26,18,2026-01-23T19:30:00+00:00,Bundesliga|2025|159,St Pauli,Hamburg,2026-01-23T19:30:00Z,0,0,True,0,GG,0.526656,0.526656,0.0,0.6,False,0,,,False,0,
Bundesliga,2025/26,18,2026-01-23T19:30:00+00:00,Bundesliga|2025|163,Leverkusen,Werder Bremen,2026-01-24T14:30:00Z,1,0,True,0,1,0.778439,0.706623,0.179539,0.55,True,1,1,0.706623,True,3,1
Bundesliga,2025/26,19,2026-01-24T17:30:00+00:00,Bundesliga|2025|165,Union Berlin,Dortmund,2026-01-24T17:30:00Z,0,3,True,0,GG,0.529023,0.529023,0.0,0.6,False,0,,,False,0,
Bundesliga,2025/26,19,2026-01-24T17:30:00+00:00,Bundesliga|2025|166,M'gladbach,Stuttgart,2026-01-25T14:30:00Z,0,3,True,0,2,0.652795,0.565237,0.218895,0.55,True,1,GG,0.628265,True,3,0
Bundesliga,2025/26,19,2026-01-24T17:30:00+00:00,Bundesliga|2025|167,Freiburg,FC Koln,2026-01-25T16:30:00Z,2,1,True,0,1,0.661173,0.625944,0.088073,0.55,True,1,1,0.625944,True,3,1
Bundesliga,2025/26,19,2026-01-24T17:30:00+00:00,Bundesliga|2025|168,St Pauli,RB Leipzig,2026-01-27T19:30:00Z,1,1,True,0,2,0.620848,0.566989,0.134648,0.55,True,0,2,0.566989,True,1,0
Bundesliga,2025/26,19,2026-01-24T17:30:00+00:00,Bundesliga|2025|169,Werder Bremen,Hoffenheim,2026-01-27T19:30:00Z,0,2,True,0,2,0.695722,0.560073,0.339122,0.55,False,1,GG,0.63451,True,2,0
Bundesliga,2025/26,20,2026-01-30T19:30:00+00:00,Bundesliga|2025|170,FC Koln,Wolfsburg,2026-01-30T19:30:00Z,1,0,True,0,O2.5,0.656732,0.656732,0.0,0.6,True,0,O2.5,0.656732,True,2,0
Bundesliga,2025/26,20,2026-01-30T19:30:00+00:00,Bundesliga|2025|171,Augsburg,St Pauli,2026-01-31T14:30:00Z,2,1,True,0,U2.5,0.53121,0.53121,0.0,0.6,False,0,,,False,0,
Bundesliga,2025/26,20,2026-01-30T19:30:00+00:00,Bundesliga|2025|172,Ein Frankfurt,Leverkusen,2026-01-31T14:30:00Z,1,3,True,0,GG,0.65097,0.65097,0.0,0.6,True,1,GG,0.65097,True,2,1
Bundesliga,2025/26,20,2026-01-30T19:30:00+00:00,Bundesliga|2025|173,Hoffenheim,Union Berlin,2026-01-31T14:30:00Z,3,1,True,0,GG,0.588199,0.588199,0.0,0.6,False,1,1,0.600789,True,1,1
Bundesliga,2025/26,20,2026-01-30T19:30:00+00:00,Bundesliga|2025|174,RB Leipzig,Mainz,2026-01-31T14:30:00Z,1,2,True,0,O2.5,0.727394,0.727394,0.0,0.6,True,1,O2.5,0.727394,True,3,1
Bundesliga,2025/26,20,2026-01-30T19:30:00+00:00,Bundesliga|2025|175,Werder Bremen,M'gladbach,2026-01-31T14:30:00Z,1,1,True,0,GG,0.613004,0.613004,0.0,0.6,True,1,GG,0.613004,True,1,1
Bundesliga,2025/26,20,2026-01-30T19:30:00+00:00,Bundesliga|2025|176,Hamburg,Bayern Munich,2026-01-31T17:30:00Z,2,2,True,0,2,0.833179,0.761187,0.179979,0.55,True,0,2,0.761187,True,2,0
Bundesliga,2025/26,20,2026-01-30T19:30:00+00:00,Bundesliga|2025|177,Stuttgart,Freiburg,2026-02-01T14:30:00Z,1,0,True,0,1,0.653093,0.618976,0.085293,0.55,True,1,1,0.618976,True,2,1
Bundesliga,2025/26,20,2026-01-30T19:30:00+00:00,Bundesliga|2025|178,Dortmund,Heidenheim,2026-02-01T16:30:00Z,3,2,True,0,1,0.899853,0.865112,0.086853,0.55,True,1,1,0.865112,True,2,1
Bundesliga,2025/26,21,2026-02-06T19:30:00+00:00,Bundesliga|2025|179,Union Berlin,Ein Frankfurt,2026-02-06T19:30:00Z,1,1,True,0,GG,0.574234,0.574234,0.0,0.6,False,1,,,False,0,
Bundesliga,2025/26,21,2026-02-06T19:30:00+00:00,Bundesliga|2025|180,Freiburg,Werder Bremen,2026-02-07T14:30:00Z,1,0,True,0,1,0.638142,0.579125,0.147542,0.55,True,1,1,0.579125,True,1,1
Bundesliga,2025/26,21,2026-02-06T19:30:00+00:00,Bundesliga|2025|181,Heidenheim,Hamburg,2026-02-07T14:30:00Z,0,2,True,0,GG,0.615307,0.615307,0.0,0.6,True,0,GG,0.615307,True,1,0
Bundesliga,2025/26,21,2026-02-06T19:30:00+00:00,Bundesliga|2025|182,Mainz,Augsburg,2026-02-07T14:30:00Z,2,0,True,0,1,0.711811,0.615767,0.240111,0.55,True,1,O2.5,0.634284,True,3,0
Bundesliga,2025/26,21,2026-02-06T19:30:00+00:00,Bundesliga|2025|183,St Pauli,Stuttgart,2026-02-07T14:30:00Z,2,1,True,0,2,0.738219,0.657611,0.201519,0.55,True,0,2,0.657611,True,1,0
Bundesliga,2025/26,21,2026-02-06T19:30:00+00:00,Bundesliga|2025|184,Wolfsburg,Dortmund,2026-02-07T14:30:00Z,1,2,True,0,2,0.753224,0.669574,0.209124,0.55,True,1,2,0.669574,True,1,1
Bundesliga,2025/26,21,2026-02-06T19:30:00+00:00,Bundesliga|2025|185,M'gladbach,Leverkusen,2026-02-07T17:30:00Z,1,1,True,0,2,0.679009,0.606605,0.181009,0.55,True,0,GG,0.631073,True,3,1
Bundesliga,2025/26,21,2026-02-06T19:30:00+00:00,Bundesliga|2025|186,FC Koln,RB Leipzig,2026-02-08T14:30:00Z,1,2,True,0,GG,0.671161,0.671161,0.0,0.6,True,1,GG,0.671161,True,2,1
Bundesliga,2025/26,21,2026-02-06T19:30:00+00:00,Bundesliga|2025|187,Bayern Munich,Hoffenheim,2026-02-08T16:30:00Z,5,1,True,0,1,0.788917,0.73287,0.140117,0.55,True,1,1,0.73287,True,3,1
Bundesliga,2025/26,22,2026-02-13T19:30:00+00:00,Bundesliga|2025|188,Dortmund,Mainz,2026-02-13T19:30:00Z,4,0,True,0,1,0.714727,0.694756,0.049927,0.55,True,1,1,0.694756,True,3,1
Bundesliga,2025/26,22,2026-02-13T19:30:00+00:00,Bundesliga|2025|189,Ein Frankfurt,M'gladbach,2026-02-14T14:30:00Z,3,0,True,0,GG,0.583716,0.583716,0.0,0.6,False,0,1,0.571224,True,1,1
Bundesliga,2025/26,22,2026-02-13T19:30:00+00:00,Bundesliga|2025|190,Hamburg,Union Berlin,2026-02-14T14:30:00Z,3,2,True,0,GG,0.532617,0.532617,0.0,0.6,False,1,,,False,0,
Bundesliga,2025/26,22,2026-02-13T19:30:00+00:00,Bundesliga|2025|191,Hoffenheim,Freiburg,2026-02-14T14:30:00Z,3,0,True,0,GG,0.618671,0.618671,0.0,0.6,True,0,GG,0.618671,True,2,0
Bundesliga,2025/26,22,2026-02-13T19:30:00+00:00,Bundesliga|2025|192,Leverkusen,St Pauli,2026-02-14T14:30:00Z,4,0,True,0,1,0.715247,0.724508,0.023153,0.55,True,1,1,0.724508,True,1,1
Bundesliga,2025/26,22,2026-02-13T19:30:00+00:00,Bundesliga|2025|193,Werder Bremen,Bayern Munich,2026-02-14T14:30:00Z,0,3,True,0,2,0.883405,0.780483,0.257305,0.55,False,1,O2.5,0.710224,True,1,1
Bundesliga,2025/26,22,2026-02-13T19:30:00+00:00,Bundesliga|2025|194,Stuttgart,FC Koln,2026-02-14T17:30:00Z,3,1,True,0,1,0.769786,0.736232,0.083886,0.55,True,1,1,0.736232,True,3,1
Bundesliga,2025/26,22,2026-02-13T19:30:00+00:00,Bundesliga|2025|195,Augsburg,Heidenheim,2026-02-15T14:30:00Z,1,0,True,0,GG,0.623819,0.623819,0.0,0.6,True,0,GG,0.623819,True,3,0
Bundesliga,2025/26,22,2026-02-13T19:30:00+00:00,Bundesliga|2025|196,RB Leipzig,Wolfsburg,2026-02-15T16:30:00Z,2,2,True,0,1,0.70992,0.666912,0.10752,0.55,True,0,O2.5,0.700551,True,3,1
Bundesliga,2025/26,23,2026-02-20T19:30:00+00:00,Bundesliga|2025|197,Mainz,Hamburg,2026-02-20T19:30:00Z,1,1,True,0,GG,0.631768,0.631768,0.0,0.6,True,1,GG,0.631768,True,2,1
Bundesliga,2025/26,23,2026-02-20T19:30:00+00:00,Bundesliga|2025|198,Bayern Munich,Ein Frankfurt,2026-02-21T14:30:00Z,3,2,True,0,1,0.908833,0.83098,0.194633,0.55,True,1,1,0.83098,True,2,1
Bundesliga,2025/26,23,2026-02-20T19:30:00+00:00,Bundesliga|2025|199,FC Koln,Hoffenheim,2026-02-21T14:30:00Z,2,2,True,0,GG,0.666639,0.666639,0.0,0.6,True,1,GG,0.666639,True,2,1
Bundesliga,2025/26,23,2026-02-20T19:30:00+00:00,Bundesliga|2025|200,Union Berlin,Leverkusen,2026-02-21T14:30:00Z,1,0,True,0,2,0.678652,0.620271,0.145952,0.55,True,0,2,0.620271,True,1,0
Bundesliga,2025/26,23,2026-02-20T19:30:00+00:00,Bundesliga|2025|201,Wolfsburg,Augsburg,2026-02-21T14:30:00Z,2,3,True,0,GG,0.603062,0.603062,0.0,0.6,True,1,GG,0.603062,True,1,1
Bundesliga,2025/26,23,2026-02-20T19:30:00+00:00,Bundesliga|2025|202,RB Leipzig,Dortmund,2026-02-21T17:30:00Z,2,2,True,0,GG,0.628353,0.628353,0.0,0.6,True,1,GG,0.628353,True,2,1
Bundesliga,2025/26,23,2026-02-20T19:30:00+00:00,Bundesliga|2025|203,Freiburg,M'gladbach,2026-02-22T14:30:00Z,2,1,True,0,GG,0.566792,0.566792,0.0,0.6,False,1,,,False,0,
Bundesliga,2025/26,23,2026-02-20T19:30:00+00:00,Bundesliga|2025|204,St Pauli,Werder Bremen,2026-02-22T16:30:00Z,2,1,True,0,U2.5,0.53451,0.53451,0.0,0.6,False,0,,,False,0,
Bundesliga,2025/26,23,2026-02-20T19:30:00+00:00,Bundesliga|2025|205,Heidenheim,Stuttgart,2026-02-22T18:30:00Z,3,3,True,0,2,0.787611,0.703887,0.209311,0.55,True,0,2,0.703887,True,3,0
Bundesliga,2025/26,24,2026-02-27T19:30:00+00:00,Bundesliga|2025|206,Augsburg,FC Koln,2026-02-27T19:30:00Z,2,0,True,0,GG,0.622301,0.622301,0.0,0.6,True,0,GG,0.622301,True,2,0
Bundesliga,2025/26,24,2026-02-27T19:30:00+00:00,Bundesliga|2025|207,Hoffenheim,St Pauli,2026-02-28T14:30:00Z,0,1,True,0,1,0.80911,0.756146,0.13241,0.55,True,0,1,0.756146,True,1,0
Bundesliga,2025/26,24,2026-02-27T19:30:00+00:00,Bundesliga|2025|208,Leverkusen,Mainz,2026-02-28T14:30:00Z,1,1,True,0,1,0.747721,0.691632,0.140221,0.55,True,0,1,0.691632,True,3,0
Bundesliga,2025/26,24,2026-02-27T19:30:00+00:00,Bundesliga|2025|209,M'gladbach,Union Berlin,2026-02-28T14:30:00Z,1,0,True,0,GG,0.552452,0.552452,0.0,0.6,False,0,,,False,0,
Bundesliga,2025/26,24,2026-02-27T19:30:00+00:00,Bundesliga|2025|210,Werder Bremen,Heidenheim,2026-02-28T14:30:00Z,2,0,True,0,GG,0.596131,0.596131,0.0,0.6,False,0,,,False,0,
Bundesliga,2025/26,24,2026-02-27T19:30:00+00:00,Bundesliga|2025|211,Dortmund,Bayern Munich,2026-02-28T17:30:00Z,2,3,True,0,O2.5,0.678819,0.678819,0.0,0.6,True,1,O2.5,0.678819,True,2,1
Bundesliga,2025/26,24,2026-02-27T19:30:00+00:00,Bundesliga|2025|212,Stuttgart,Wolfsburg,2026-03-01T14:30:00Z,4,0,True,0,1,0.820701,0.7549,0.164501,0.55,True,1,1,0.7549,True,3,1
Bundesliga,2025/26,24,2026-02-27T19:30:00+00:00,Bundesliga|2025|213,Ein Frankfurt,Freiburg,2026-03-01T16:30:00Z,2,0,True,0,GG,0.580202,0.580202,0.0,0.6,False,0,,,False,0,
Bundesliga,2025/26,24,2026-02-27T19:30:00+00:00,Bundesliga|2025|214,Hamburg,RB Leipzig,2026-03-01T18:30:00Z,1,2,True,0,GG,0.625901,0.625901,0.0,0.6,True,1,GG,0.625901,True,2,1
Bundesliga,2025/26,24,2026-02-27T19:30:00+00:00,Bundesliga|2025|215,Hamburg,Leverkusen,2026-03-04T19:30:00Z,0,1,True,0,2,0.609414,0.539449,0.174914,0.55,False,1,,,False,0,
Bundesliga,2025/26,25,2026-03-06T19:30:00+00:00,Bundesliga|2025|216,Bayern Munich,M'gladbach,2026-03-06T19:30:00Z,4,1,True,0,1,0.878241,0.865305,0.032341,0.55,True,1,1,0.865305,True,2,1
Bundesliga,2025/26,25,2026-03-06T19:30:00+00:00,Bundesliga|2025|217,Freiburg,Leverkusen,2026-03-07T14:30:00Z,3,3,True,0,GG,0.575928,0.575928,0.0,0.6,False,1,,,False,0,
Bundesliga,2025/26,25,2026-03-06T19:30:00+00:00,Bundesliga|2025|218,Heidenheim,Hoffenheim,2026-03-07T14:30:00Z,2,4,True,0,O2.5,0.676691,0.676691,0.0,0.6,True,1,O2.5,0.676691,True,3,1
Bundesliga,2025/26,25,2026-03-06T19:30:00+00:00,Bundesliga|2025|219,Mainz,Stuttgart,2026-03-07T14:30:00Z,2,2,True,0,GG,0.663919,0.663919,0.0,0.6,True,1,GG,0.663919,True,2,1
Bundesliga,2025/26,25,2026-03-06T19:30:00+00:00,Bundesliga|2025|220,RB Leipzig,Augsburg,2026-03-07T14:30:00Z,2,1,True,0,1,0.752072,0.659683,0.230972,0.55,True,1,O2.5,0.686052,True,2,1
Bundesliga,2025/26,25,2026-03-06T19:30:00+00:00,Bundesliga|2025|221,Wolfsburg,Hamburg,2026-03-07T14:30:00Z,1,2,True,0,GG,0.60073,0.60073,0.0,0.6,True,1,GG,0.60073,True,1,1
Bundesliga,2025/26,25,2026-03-06T19:30:00+00:00,Bundesliga|2025|222,FC Koln,Dortmund,2026-03-07T17:30:00Z,1,2,True,0,2,0.718179,0.678548,0.099079,0.55,True,1,2,0.678548,True,2,1
Bundesliga,2025/26,25,2026-03-06T19:30:00+00:00,Bundesliga|2025|223,St Pauli,Ein Frankfurt,2026-03-08T14:30:00Z,0,0,True,0,2,0.656148,0.558929,0.243048,0.55,True,0,2,0.558929,True,1,0
Bundesliga,2025/26,25,2026-03-06T19:30:00+00:00,Bundesliga|2025|224,Union Berlin,Werder Bremen,2026-03-08T16:30:00Z,1,4,True,0,GG,0.534542,0.534542,0.0,0.6,False,1,,,False,0,
Bundesliga,2025/26,26,2026-03-13T19:30:00+00:00,Bundesliga|2025|225,M'gladbach,St Pauli,2026-03-13T19:30:00Z,2,0,True,0,U2.5,0.514105,0.514105,0.0,0.6,False,1,,,False,0,
Bundesliga,2025/26,26,2026-03-13T19:30:00+00:00,Bundesliga|2025|226,Dortmund,Augsburg,2026-03-14T14:30:00Z,2,0,True,0,1,0.75344,0.736504,0.04234,0.55,True,1,1,0.736504,True,2,1
Bundesliga,2025/26,26,2026-03-13T19:30:00+00:00,Bundesliga|2025|227,Ein Frankfurt,Heidenheim,2026-03-14T14:30:00Z,1,0,True,0,1,0.788543,0.763526,0.062543,0.55,True,1,1,0.763526,True,3,1
Bundesliga,2025/26,26,2026-03-13T19:30:00+00:00,Bundesliga|2025|228,Hoffenheim,Wolfsburg,2026-03-14T14:30:00Z,1,1,True,0,1,0.716752,0.695171,0.053952,0.55,True,0,1,0.695171,True,3,0
Bundesliga,2025/26,26,2026-03-13T19:30:00+00:00,Bundesliga|2025|229,Leverkusen,Bayern Munich,2026-03-14T14:30:00Z,1,1,True,0,O2.5,0.692903,0.692903,0.0,0.6,True,0,O2.5,0.692903,True,2,0
Bundesliga,2025/26,26,2026-03-13T19:30:00+00:00,Bundesliga|2025|230,Hamburg,FC Koln,2026-03-14T17:30:00Z,1,1,True,0,GG,0.596574,0.596574,0.0,0.6,False,1,,,False,0,
Bundesliga,2025/26,26,2026-03-13T19:30:00+00:00,Bundesliga|2025|231,Werder Bremen,Mainz,2026-03-15T14:30:00Z,0,2,True,0,GG,0.628817,0.628817,0.0,0.6,True,0,GG,0.628817,True,2,0
Bundesliga,2025/26,26,2026-03-13T19:30:00+00:00,Bundesliga|2025|232,Freiburg,Union Berlin,2026-03-15T16:30:00Z,0,1,True,0,GG,0.537798,0.537798,0.0,0.6,False,0,,,False,0,
Bundesliga,2025/26,26,2026-03-13T19:30:00+00:00,Bundesliga|2025|233,Stuttgart,RB Leipzig,2026-03-15T18:30:00Z,1,0,True,0,GG,0.683095,0.683095,0.0,0.6,True,0,GG,0.683095,True,2,0
Bundesliga,2025/26,27,2026-03-20T19:30:00+00:00,Bundesliga|2025|234,RB Leipzig,Hoffenheim,2026-03-20T19:30:00Z,5,0,True,0,O2.5,0.697958,0.697958,0.0,0.6,True,1,O2.5,0.697958,True,2,1
Bundesliga,2025/26,27,2026-03-20T19:30:00+00:00,Bundesliga|2025|235,Bayern Munich,Union Berlin,2026-03-21T14:30:00Z,4,0,True,0,1,0.897298,0.879539,0.044398,0.55,True,1,1,0.879539,True,2,1
Bundesliga,2025/26,27,2026-03-20T19:30:00+00:00,Bundesliga|2025|236,FC Koln,M'gladbach,2026-03-21T14:30:00Z,3,3,True,0,GG,0.593852,0.593852,0.0,0.6,False,1,,,False,0,
Bundesliga,2025/26,27,2026-03-20T19:30:00+00:00,Bundesliga|2025|237,Heidenheim,Leverkusen,2026-03-21T14:30:00Z,3,3,True,0,2,0.752339,0.701163,0.127939,0.55,True,0,2,0.701163,True,3,0
Bundesliga,2025/26,27,2026-03-20T19:30:00+00:00,Bundesliga|2025|238,Wolfsburg,Werder Bremen,2026-03-21T14:30:00Z,0,1,True,0,GG,0.603622,0.603622,0.0,0.6,True,0,GG,0.603622,True,1,0
Bundesliga,2025/26,27,2026-03-20T19:30:00+00:00,Bundesliga|2025|239,Dortmund,Hamburg,2026-03-21T17:30:00Z,3,2,True,0,1,0.755497,0.741818,0.034197,0.55,True,1,1,0.741818,True,1,1
Bundesliga,2025/26,27,2026-03-20T19:30:00+00:00,Bundesliga|2025|240,Mainz,Ein Frankfurt,2026-03-22T14:30:00Z,2,1,True,0,GG,0.624861,0.624861,0.0,0.6,True,1,GG,0.624861,True,2,1
Bundesliga,2025/26,27,2026-03-20T19:30:00+00:00,Bundesliga|2025|241,St Pauli,Freiburg,2026-03-22T16:30:00Z,1,2,True,0,U2.5,0.554493,0.554493,0.0,0.6,False,0,,,False,0,
Bundesliga,2025/26,27,2026-03-20T19:30:00+00:00,Bundesliga|2025|242,Augsburg,Stuttgart,2026-03-22T18:30:00Z,2,5,True,0,GG,0.626776,0.626776,0.0,0.6,True,1,GG,0.626776,True,2,1
Bundesliga,2025/26,28,2026-04-04T14:30:00+00:00,Bundesliga|2025|243,Freiburg,Bayern Munich,2026-04-04T14:30:00Z,2,3,True,0,2,0.806572,0.726903,0.199172,0.55,True,1,2,0.726903,True,3,1
Bundesliga,2025/26,28,2026-04-04T14:30:00+00:00,Bundesliga|2025|244,Hamburg,Augsburg,2026-04-04T14:30:00Z,1,1,True,0,GG,0.603007,0.603007,0.0,0.6,True,1,GG,0.603007,True,1,1
Bundesliga,2025/26,28,2026-04-04T14:30:00+00:00,Bundesliga|2025|245,Hoffenheim,Mainz,2026-04-04T14:30:00Z,1,2,True,0,O2.5,0.679419,0.679419,0.0,0.6,True,1,O2.5,0.679419,True,2,1
Bundesliga,2025/26,28,2026-04-04T14:30:00+00:00,Bundesliga|2025|246,Leverkusen,Wolfsburg,2026-04-04T14:30:00Z,6,3,True,0,1,0.846796,0.794318,0.131196,0.55,True,1,1,0.794318,True,2,1
Bundesliga,2025/26,28,2026-04-04T14:30:00+00:00,Bundesliga|2025|247,M'gladbach,Heidenheim,2026-04-04T14:30:00Z,2,2,True,0,1,0.632272,0.614363,0.044772,0.55,True,0,1,0.614363,True,2,0
Bundesliga,2025/26,28,2026-04-04T14:30:00+00:00,Bundesliga|2025|248,Werder Bremen,RB Leipzig,2026-04-04T14:30:00Z,1,2,True,0,GG,0.620569,0.620569,0.0,0.6,True,1,GG,0.620569,True,2,1
Bundesliga,2025/26,28,2026-04-04T14:30:00+00:00,Bundesliga|2025|249,Stuttgart,Dortmund,2026-04-04T17:30:00Z,0,2,True,0,GG,0.640034,0.640034,0.0,0.6,True,0,GG,0.640034,True,2,0
Bundesliga,2025/26,28,2026-04-04T14:30:00+00:00,Bundesliga|2025|250,Union Berlin,St Pauli,2026-04-05T14:30:00Z,1,1,True,0,U2.5,0.535062,0.535062,0.0,0.6,False,1,,,False,0,
Bundesliga,2025/26,28,2026-04-04T14:30:00+00:00,Bundesliga|2025|251,Ein Frankfurt,FC Koln,2026-04-05T16:30:00Z,2,2,True,0,1,0.630808,0.632245,0.003592,0.55,True,0,1,0.632245,True,1,0
Bundesliga,2025/26,29,2026-04-10T19:30:00+00:00,Bundesliga|2025|252,Augsburg,Hoffenheim,2026-04-10T19:30:00Z,2,2,True,0,GG,0.64196,0.64196,0.0,0.6,True,1,GG,0.64196,True,2,1
Bundesliga,2025/26,29,2026-04-10T19:30:00+00:00,Bundesliga|2025|253,Dortmund,Leverkusen,2026-04-11T14:30:00Z,0,1,True,0,GG,0.627134,0.627134,0.0,0.6,True,0,GG,0.627134,True,3,0
Bundesliga,2025/26,29,2026-04-10T19:30:00+00:00,Bundesliga|2025|254,Heidenheim,Union Berlin,2026-04-11T14:30:00Z,3,1,True,0,GG,0.588871,0.588871,0.0,0.6,False,1,,,False,0,
Bundesliga,2025/26,29,2026-04-10T19:30:00+00:00,Bundesliga|2025|255,RB Leipzig,M'gladbach,2026-04-11T14:30:00Z,1,0,True,0,1,0.784567,0.71954,0.162567,0.55,True,1,1,0.71954,True,2,1
Bundesliga,2025/26,29,2026-04-10T19:30:00+00:00,Bundesliga|2025|256,Wolfsburg,Ein Frankfurt,2026-04-11T14:30:00Z,1,2,True,0,GG,0.610391,0.610391,0.0,0.6,True,1,GG,0.610391,True,1,1
Bundesliga,2025/26,29,2026-04-10T19:30:00+00:00,Bundesliga|2025|257,St Pauli,Bayern Munich,2026-04-11T17:30:00Z,0,5,True,0,2,0.863136,0.802921,0.150536,0.55,True,1,2,0.802921,True,2,1
Bundesliga,2025/26,29,2026-04-10T19:30:00+00:00,Bundesliga|2025|258,FC Koln,Werder Bremen,2026-04-12T14:30:00Z,3,1,True,0,GG,0.574525,0.574525,0.0,0.6,False,1,,,False,0,
Bundesliga,2025/26,29,2026-04-10T19:30:00+00:00,Bundesliga|2025|259,Stuttgart,Hamburg,2026-04-12T16:30:00Z,4,0,True,0,1,0.768195,0.704317,0.159695,0.55,True,1,1,0.704317,True,2,1
Bundesliga,2025/26,29,2026-04-10T19:30:00+00:00,Bundesliga|2025|260,Mainz,Freiburg,2026-04-12T18:30:00Z,0,1,True,0,GG,0.627914,0.627914,0.0,0.6,True,0,GG,0.627914,True,3,0
Bundesliga,2025/26,30,2026-04-17T19:30:00+00:00,Bundesliga|2025|261,St Pauli,FC Koln,2026-04-17T19:30:00Z,1,1,True,0,2,0.607673,0.481124,0.316373,0.55,False,0,,,False,0,
Bundesliga,2025/26,30,2026-04-17T19:30:00+00:00,Bundesliga|2025|262,Hoffenheim,Dortmund,2026-04-18T14:30:00Z,2,1,True,0,2,0.64156,0.563816,0.19436,0.55,True,0,GG,0.62158,True,3,1
Bundesliga,2025/26,30,2026-04-17T19:30:00+00:00,Bundesliga|2025|263,Leverkusen,Augsburg,2026-04-18T14:30:00Z,1,2,True,0,1,0.862327,0.784036,0.195727,0.55,True,0,1,0.784036,True,3,0
Bundesliga,2025/26,30,2026-04-17T19:30:00+00:00,Bundesliga|2025|264,Union Berlin,Wolfsburg,2026-04-18T14:30:00Z,1,2,True,0,GG,0.588554,0.588554,0.0,0.6,False,1,,,False,0,
Bundesliga,2025/26,30,2026-04-17T19:30:00+00:00,Bundesliga|2025|265,Werder Bremen,Hamburg,2026-04-18T14:30:00Z,3,1,True,0,GG,0.567204,0.567204,0.0,0.6,False,1,,,False,0,
Bundesliga,2025/26,30,2026-04-17T19:30:00+00:00,Bundesliga|2025|266,Ein Frankfurt,RB Leipzig,2026-04-18T17:30:00Z,1,3,True,0,GG,0.635402,0.635402,0.0,0.6,True,1,GG,0.635402,True,2,1
Bundesliga,2025/26,30,2026-04-17T19:30:00+00:00,Bundesliga|2025|267,Freiburg,Heidenheim,2026-04-19T14:30:00Z,2,1,True,0,1,0.657638,0.648543,0.022738,0.55,True,1,1,0.648543,True,1,1
Bundesliga,2025/26,30,2026-04-17T19:30:00+00:00,Bundesliga|2025|268,Bayern Munich,Stuttgart,2026-04-19T16:30:00Z,4,2,True,0,O2.5,0.752094,0.752094,0.0,0.6,True,1,O2.5,0.752094,True,3,1
Bundesliga,2025/26,30,2026-04-17T19:30:00+00:00,Bundesliga|2025|269,M'gladbach,Mainz,2026-04-19T18:30:00Z,1,1,True,0,GG,0.608112,0.608112,0.0,0.6,True,1,GG,0.608112,True,1,1
Bundesliga,2025/26,31,2026-04-24T19:30:00+00:00,Bundesliga|2025|270,RB Leipzig,Union Berlin,2026-04-24T19:30:00Z,3,1,True,0,1,0.831721,0.788433,0.108221,0.55,True,1,1,0.788433,True,2,1
Bundesliga,2025/26,31,2026-04-24T19:30:00+00:00,Bundesliga|2025|271,Augsburg,Ein Frankfurt,2026-04-25T14:30:00Z,1,1,True,0,GG,0.607689,0.607689,0.0,0.6,True,1,GG,0.607689,True,1,1
Bundesliga,2025/26,31,2026-04-24T19:30:00+00:00,Bundesliga|2025|272,FC Koln,Leverkusen,2026-04-25T14:30:00Z,1,2,True,0,GG,0.638656,0.638656,0.0,0.6,True,1,GG,0.638656,True,3,1
Bundesliga,2025/26,31,2026-04-24T19:30:00+00:00,Bundesliga|2025|273,Heidenheim,St Pauli,2026-04-25T14:30:00Z,2,0,True,0,1,0.626817,0.52825,0.246417,0.55,False,1,,,False,0,
Bundesliga,2025/26,31,2026-04-24T19:30:00+00:00,Bundesliga|2025|274,Mainz,Bayern Munich,2026-04-25T14:30:00Z,3,4,True,0,2,0.79833,0.716158,0.20543,0.55,True,1,O2.5,0.754149,True,3,1
Bundesliga,2025/26,31,2026-04-24T19:30:00+00:00,Bundesliga|2025|275,Wolfsburg,M'gladbach,2026-04-25T14:30:00Z,0,0,True,0,GG,0.596384,0.596384,0.0,0.6,False,0,,,False,0,
Bundesliga,2025/26,31,2026-04-24T19:30:00+00:00,Bundesliga|2025|276,Hamburg,Hoffenheim,2026-04-25T17:30:00Z,1,2,True,0,GG,0.619993,0.619993,0.0,0.6,True,1,GG,0.619993,True,2,1
Bundesliga,2025/26,31,2026-04-24T19:30:00+00:00,Bundesliga|2025|277,Stuttgart,Werder Bremen,2026-04-26T14:30:00Z,1,1,True,0,1,0.752876,0.708045,0.112076,0.55,True,0,1,0.708045,True,2,0
Bundesliga,2025/26,31,2026-04-24T19:30:00+00:00,Bundesliga|2025|278,Dortmund,Freiburg,2026-04-26T16:30:00Z,4,0,True,0,1,0.618962,0.631137,0.030438,0.55,True,1,1,0.631137,True,1,1
Bundesliga,2025/26,32,2026-05-02T14:30:00+00:00,Bundesliga|2025|279,Bayern Munich,Heidenheim,2026-05-02T14:30:00Z,3,3,True,0,1,0.948692,0.921375,0.068292,0.55,True,0,1,0.921375,True,2,0
Bundesliga,2025/26,32,2026-05-02T14:30:00+00:00,Bundesliga|2025|280,Ein Frankfurt,Hamburg,2026-05-02T14:30:00Z,1,2,True,0,1,0.634967,0.60506,0.074767,0.55,True,0,1,0.60506,True,1,0
Bundesliga,2025/26,32,2026-05-02T14:30:00+00:00,Bundesliga|2025|281,Hoffenheim,Stuttgart,2026-05-02T14:30:00Z,3,3,True,0,GG,0.65937,0.65937,0.0,0.6,True,1,GG,0.65937,True,2,1
Bundesliga,2025/26,32,2026-05-02T14:30:00+00:00,Bundesliga|2025|282,Union Berlin,FC Koln,2026-05-02T14:30:00Z,2,2,True,0,GG,0.591586,0.591586,0.0,0.6,False,1,,,False,0,
Bundesliga,2025/26,32,2026-05-02T14:30:00+00:00,Bundesliga|2025|283,Werder Bremen,Augsburg,2026-05-02T14:30:00Z,1,3,True,0,GG,0.582451,0.582451,0.0,0.6,False,1,,,False,0,
Bundesliga,2025/26,32,2026-05-02T14:30:00+00:00,Bundesliga|2025|284,Leverkusen,RB Leipzig,2026-05-02T17:30:00Z,4,1,True,0,O2.5,0.68158,0.68158,0.0,0.6,True,1,O2.5,0.68158,True,2,1
Bundesliga,2025/26,32,2026-05-02T14:30:00+00:00,Bundesliga|2025|285,St Pauli,Mainz,2026-05-03T14:30:00Z,1,2,True,0,2,0.616823,0.534374,0.206123,0.55,False,1,,,False,0,
Bundesliga,2025/26,32,2026-05-02T14:30:00+00:00,Bundesliga|2025|286,M'gladbach,Dortmund,2026-05-03T16:30:00Z,1,0,True,0,2,0.626214,0.596128,0.075214,0.55,True,0,2,0.596128,True,1,0
Bundesliga,2025/26,32,2026-05-02T14:30:00+00:00,Bundesliga|2025|287,Freiburg,Wolfsburg,2026-05-03T18:30:00Z,1,1,True,0,GG,0.579218,0.579218,0.0,0.6,False,1,1,0.550343,True,1,0
Bundesliga,2025/26,33,2026-05-08T19:30:00+00:00,Bundesliga|2025|288,Dortmund,Ein Frankfurt,2026-05-08T19:30:00Z,3,2,True,0,1,0.664318,0.652831,0.028718,0.55,True,1,1,0.652831,True,1,1
Bundesliga,2025/26,33,2026-05-08T19:30:00+00:00,Bundesliga|2025|289,Augsburg,M'gladbach,2026-05-09T14:30:00Z,3,1,True,0,GG,0.590944,0.590944,0.0,0.6,False,1,,,False,0,
Bundesliga,2025/26,33,2026-05-08T19:30:00+00:00,Bundesliga|2025|290,Hoffenheim,Werder Bremen,2026-05-09T14:30:00Z,1,0,True,0,1,0.733465,0.674119,0.148365,0.55,True,1,1,0.674119,True,2,1
Bundesliga,2025/26,33,2026-05-08T19:30:00+00:00,Bundesliga|2025|291,RB Leipzig,St Pauli,2026-05-09T14:30:00Z,2,1,True,0,1,0.913369,0.831102,0.205669,0.55,True,1,1,0.831102,True,2,1
Bundesliga,2025/26,33,2026-05-08T19:30:00+00:00,Bundesliga|2025|292,Stuttgart,Leverkusen,2026-05-09T14:30:00Z,3,1,True,0,GG,0.679083,0.679083,0.0,0.6,True,1,GG,0.679083,True,2,1
Bundesliga,2025/26,33,2026-05-08T19:30:00+00:00,Bundesliga|2025|293,Wolfsburg,Bayern Munich,2026-05-09T17:30:00Z,0,1,True,0,2,0.868227,0.814016,0.135527,0.55,True,1,2,0.814016,True,3,1
Bundesliga,2025/26,33,2026-05-08T19:30:00+00:00,Bundesliga|2025|294,Hamburg,Freiburg,2026-05-10T14:30:00Z,3,2,True,0,GG,0.556922,0.556922,0.0,0.6,False,1,,,False,0,
Bundesliga,2025/26,33,2026-05-08T19:30:00+00:00,Bundesliga|2025|295,FC Koln,Heidenheim,2026-05-10T16:30:00Z,1,3,True,0,O2.5,0.643314,0.643314,0.0,0.6,True,1,O2.5,0.643314,True,2,1
Bundesliga,2025/26,33,2026-05-08T19:30:00+00:00,Bundesliga|2025|296,Mainz,Union Berlin,2026-05-10T18:30:00Z,1,3,True,0,1,0.618652,0.616991,0.004152,0.55,True,0,1,0.616991,True,1,0
Bundesliga,2025/26,34,2026-05-16T14:30:00+00:00,Bundesliga|2025|297,Bayern Munich,FC Koln,2026-05-16T14:30:00Z,5,1,True,0,1,0.925279,0.905487,0.049479,0.55,True,1,1,0.905487,True,3,1
Bundesliga,2025/26,34,2026-05-16T14:30:00+00:00,Bundesliga|2025|298,Ein Frankfurt,Stuttgart,2026-05-16T14:30:00Z,2,2,True,0,GG,0.609487,0.609487,0.0,0.6,True,1,GG,0.609487,True,1,1
Bundesliga,2025/26,34,2026-05-16T14:30:00+00:00,Bundesliga|2025|299,Freiburg,RB Leipzig,2026-05-16T14:30:00Z,4,1,True,0,2,0.686049,0.569229,0.292049,0.55,False,0,GG,0.624524,True,2,1
Bundesliga,2025/26,34,2026-05-16T14:30:00+00:00,Bundesliga|2025|300,Heidenheim,Mainz,2026-05-16T14:30:00Z,0,2,True,0,GG,0.663605,0.663605,0.0,0.6,True,0,GG,0.663605,True,2,0
Bundesliga,2025/26,34,2026-05-16T14:30:00+00:00,Bundesliga|2025|301,Leverkusen,Hamburg,2026-05-16T14:30:00Z,1,1,True,0,1,0.889364,0.787858,0.253764,0.55,False,0,O2.5,0.67415,True,1,0
Bundesliga,2025/26,34,2026-05-16T14:30:00+00:00,Bundesliga|2025|302,M'gladbach,Hoffenheim,2026-05-16T14:30:00Z,4,0,True,0,GG,0.598136,0.598136,0.0,0.6,False,0,,,False,0,
Bundesliga,2025/26,34,2026-05-16T14:30:00+00:00,Bundesliga|2025|303,St Pauli,Wolfsburg,2026-05-16T14:30:00Z,1,3,True,0,2,0.548151,0.452811,0.238351,0.55,False,1,,,False,0,
Bundesliga,2025/26,34,2026-05-16T14:30:00+00:00,Bundesliga|2025|304,Union Berlin,Augsburg,2026-05-16T14:30:00Z,4,0,True,0,GG,0.594165,0.594165,0.0,0.6,False,0,,,False,0,
Bundesliga,2025/26,34,2026-05-16T14:30:00+00:00,Bundesliga|2025|305,Werder Bremen,Dortmund,2026-05-16T14:30:00Z,0,2,True,0,2,0.710801,0.64292,0.169701,0.55,True,1,2,0.64292,True,1,1
Ligue 1,2024/25,1,2024-08-16T19:45:00+00:00,Ligue1|2024|0,Le Havre,Paris SG,2024-08-16T19:45:00Z,1,4,True,0,2,0.860057,0.796994,0.157657,0.55,True,1,2,0.796994,True,1,1
Ligue 1,2024/25,1,2024-08-16T19:45:00+00:00,Ligue1|2024|1,Brest,Marseille,2024-08-17T16:00:00Z,1,5,True,0,2,0.537436,0.434221,0.258036,0.55,False,1,,,False,0,
Ligue 1,2024/25,1,2024-08-16T19:45:00+00:00,Ligue1|2024|2,Reims,Lille,2024-08-17T18:00:00Z,0,2,True,0,2,0.618648,0.551829,0.167048,0.55,True,1,2,0.551829,True,1,1
Ligue 1,2024/25,1,2024-08-16T19:45:00+00:00,Ligue1|2024|3,Monaco,St Etienne,2024-08-17T20:00:00Z,1,0,True,1,1,0.714427,0.687456,0.067427,0.55,True,1,1,0.687456,True,3,1
Ligue 1,2024/25,1,2024-08-16T19:45:00+00:00,Ligue1|2024|4,Auxerre,Nice,2024-08-18T14:00:00Z,2,1,True,0,2,0.704886,0.624571,0.200786,0.55,True,0,U2.5,0.655776,True,3,0
Ligue 1,2024/25,1,2024-08-16T19:45:00+00:00,Ligue1|2024|5,Angers,Lens,2024-08-18T16:00:00Z,0,1,True,0,2,0.842837,0.775662,0.167937,0.55,True,1,2,0.775662,True,1,1
Ligue 1,2024/25,1,2024-08-16T19:45:00+00:00,Ligue1|2024|6,Montpellier,Strasbourg,2024-08-18T16:00:00Z,1,1,True,0,GG,0.594242,0.594242,0.0,0.6,False,1,,,False,0,
Ligue 1,2024/25,1,2024-08-16T19:45:00+00:00,Ligue1|2024|7,Toulouse,Nantes,2024-08-18T16:00:00Z,0,0,True,0,1,0.637989,0.622273,0.039289,0.55,True,0,1,0.622273,True,1,0
Ligue 1,2024/25,1,2024-08-16T19:45:00+00:00,Ligue1|2024|8,Rennes,Lyon,2024-08-18T19:45:00Z,3,0,True,0,GG,0.602945,0.602945,0.0,0.6,True,0,GG,0.602945,True,1,0
Ligue 1,2024/25,2,2024-08-23T19:45:00+00:00,Ligue1|2024|9,Paris SG,Montpellier,2024-08-23T19:45:00Z,6,0,True,0,1,0.695337,0.687962,0.018437,0.55,True,1,1,0.687962,True,1,1
Ligue 1,2024/25,2,2024-08-23T19:45:00+00:00,Ligue1|2024|10,Lyon,Monaco,2024-08-24T16:00:00Z,0,2,True,0,GG,0.599667,0.599667,0.0,0.6,False,0,,,False,0,
Ligue 1,2024/25,2,2024-08-23T19:45:00+00:00,Ligue1|2024|11,Lille,Angers,2024-08-24T18:00:00Z,2,0,True,0,1,0.708782,0.741629,0.082118,0.55,True,1,1,0.741629,True,1,1
Ligue 1,2024/25,2,2024-08-23T19:45:00+00:00,Ligue1|2024|12,St Etienne,Le Havre,2024-08-24T20:00:00Z,0,2,True,0,GG,0.55599,0.55599,0.0,0.6,False,0,,,False,0,
Ligue 1,2024/25,2,2024-08-23T19:45:00+00:00,Ligue1|2024|13,Lens,Brest,2024-08-25T14:00:00Z,2,0,True,0,1,0.572841,0.495225,0.194041,0.55,False,1,,,False,0,
Ligue 1,2024/25,2,2024-08-23T19:45:00+00:00,Ligue1|2024|14,Nantes,Auxerre,2024-08-25T16:00:00Z,2,0,True,0,GG,0.540074,0.540074,0.0,0.6,False,0,,,False,0,
Ligue 1,2024/25,2,2024-08-23T19:45:00+00:00,Ligue1|2024|15,Nice,Toulouse,2024-08-25T16:00:00Z,1,1,True,0,GG,0.540074,0.540074,0.0,0.6,False,1,,,False,0,
Ligue 1,2024/25,2,2024-08-23T19:45:00+00:00,Ligue1|2024|16,Strasbourg,Rennes,2024-08-25T16:00:00Z,3,1,True,0,GG,0.585693,0.585693,0.0,0.6,False,1,,,False,0,
Ligue 1,2024/25,2,2024-08-23T19:45:00+00:00,Ligue1|2024|17,Marseille,Reims,2024-08-25T19:45:00Z,2,2,True,0,1,0.769237,0.644742,0.311237,0.55,False,0,,,False,0,
Ligue 1,2024/25,3,2024-08-30T19:45:00+00:00,Ligue1|2024|18,Lyon,Strasbourg,2024-08-30T19:45:00Z,4,3,True,0,GG,0.556254,0.556254,0.0,0.6,False,1,,,False,0,
Ligue 1,2024/25,3,2024-08-30T19:45:00+00:00,Ligue1|2024|19,Brest,St Etienne,2024-08-31T16:00:00Z,4,0,True,0,GG,0.612141,0.612141,0.0,0.6,True,0,GG,0.612141,True,1,0
Ligue 1,2024/25,3,2024-08-30T19:45:00+00:00,Ligue1|2024|20,Montpellier,Nantes,2024-08-31T18:00:00Z,1,3,True,0,GG,0.54659,0.54659,0.0,0.6,False,1,,,False,0,
Ligue 1,2024/25,3,2024-08-30T19:45:00+00:00,Ligue1|2024|21,Toulouse,Marseille,2024-08-31T20:00:00Z,1,3,True,0,2,0.601967,0.50822,0.234367,0.55,False,1,,,False,0,
Ligue 1,2024/25,3,2024-08-30T19:45:00+00:00,Ligue1|2024|22,Monaco,Lens,2024-09-01T14:00:00Z,1,1,True,0,U2.5,0.522243,0.522243,0.0,0.6,False,1,,,False,0,
Ligue 1,2024/25,3,2024-08-30T19:45:00+00:00,Ligue1|2024|23,Angers,Nice,2024-09-01T16:00:00Z,1,4,True,0,U2.5,0.580087,0.580087,0.0,0.6,False,0,,,False,0,
Ligue 1,2024/25,3,2024-08-30T19:45:00+00:00,Ligue1|2024|24,Le Havre,Auxerre,2024-09-01T16:00:00Z,3,1,True,0,GG,0.554123,0.554123,0.0,0.6,False,1,,,False,0,
Ligue 1,2024/25,3,2024-08-30T19:45:00+00:00,Ligue1|2024|25,Reims,Rennes,2024-09-01T16:00:00Z,2,1,True,0,GG,0.57403,0.57403,0.0,0.6,False,1,,,False,0,
Ligue 1,2024/25,3,2024-08-30T19:45:00+00:00,Ligue1|2024|26,Lille,Paris SG,2024-09-01T19:45:00Z,1,3,True,0,2,0.55942,0.495372,0.16012,0.55,False,1,,,False,0,
Ligue 1,2024/25,4,2024-09-13T19:45:00+00:00,Ligue1|2024|27,St Etienne,Lille,2024-09-13T19:45:00Z,1,0,True,0,2,0.748124,0.642115,0.265024,0.55,False,0,,,False,0,
Ligue 1,2024/25,4,2024-09-13T19:45:00+00:00,Ligue1|2024|28,Marseille,Nice,2024-09-14T16:00:00Z,2,0,True,0,1,0.67737,0.565782,0.27897,0.55,False,1,,,False,0,
Ligue 1,2024/25,4,2024-09-13T19:45:00+00:00,Ligue1|2024|29,Auxerre,Monaco,2024-09-14T18:00:00Z,0,3,True,0,2,0.701366,0.6541,0.118166,0.55,True,1,2,0.6541,True,1,1
Ligue 1,2024/25,4,2024-09-13T19:45:00+00:00,Ligue1|2024|30,Paris SG,Brest,2024-09-14T20:00:00Z,3,1,True,0,1,0.865147,0.748488,0.291647,0.55,False,1,O2.5,0.686872,True,2,1
Ligue 1,2024/25,4,2024-09-13T19:45:00+00:00,Ligue1|2024|31,Rennes,Montpellier,2024-09-15T14:00:00Z,3,0,True,0,1,0.645507,0.564144,0.203407,0.55,True,1,1,0.564144,True,1,1
Ligue 1,2024/25,4,2024-09-13T19:45:00+00:00,Ligue1|2024|32,Nantes,Reims,2024-09-15T16:00:00Z,1,2,True,0,U2.5,0.552742,0.552742,0.0,0.6,False,0,,,False,0,
Ligue 1,2024/25,4,2024-09-13T19:45:00+00:00,Ligue1|2024|33,Strasbourg,Angers,2024-09-15T16:00:00Z,1,1,True,0,1,0.629412,0.651767,0.055888,0.55,True,0,1,0.651767,True,1,0
Ligue 1,2024/25,4,2024-09-13T19:45:00+00:00,Ligue1|2024|34,Toulouse,Le Havre,2024-09-15T16:00:00Z,2,0,True,0,U2.5,0.559221,0.559221,0.0,0.6,False,1,,,False,0,
Ligue 1,2024/25,4,2024-09-13T19:45:00+00:00,Ligue1|2024|35,Lens,Lyon,2024-09-15T19:45:00Z,0,0,True,0,1,0.654534,0.545241,0.273234,0.55,False,0,,,False,0,
Ligue 1,2024/25,5,2024-09-20T19:45:00+00:00,Ligue1|2024|36,Nice,St Etienne,2024-09-20T19:45:00Z,8,0,True,0,1,0.759984,0.67043,0.223884,0.55,True,1,1,0.67043,True,1,1
Ligue 1,2024/25,5,2024-09-20T19:45:00+00:00,Ligue1|2024|37,Lille,Strasbourg,2024-09-21T16:00:00Z,3,3,True,0,GG,0.591504,0.591504,0.0,0.6,False,1,1,0.588555,True,1,0
Ligue 1,2024/25,5,2024-09-20T19:45:00+00:00,Ligue1|2024|38,Rennes,Lens,2024-09-21T18:00:00Z,1,1,True,0,U2.5,0.54886,0.54886,0.0,0.6,False,1,,,False,0,
Ligue 1,2024/25,5,2024-09-20T19:45:00+00:00,Ligue1|2024|39,Reims,Paris SG,2024-09-21T20:00:00Z,1,1,True,0,2,0.793684,0.669171,0.311284,0.55,False,0,,,False,0,
Ligue 1,2024/25,5,2024-09-20T19:45:00+00:00,Ligue1|2024|40,Monaco,Le Havre,2024-09-22T14:00:00Z,3,1,True,0,1,0.820492,0.751815,0.171692,0.55,True,1,1,0.751815,True,1,1
Ligue 1,2024/25,5,2024-09-20T19:45:00+00:00,Ligue1|2024|41,Angers,Nantes,2024-09-22T16:00:00Z,1,1,True,0,U2.5,0.607773,0.607773,0.0,0.6,True,1,U2.5,0.607773,True,1,1
Ligue 1,2024/25,5,2024-09-20T19:45:00+00:00,Ligue1|2024|42,Brest,Toulouse,2024-09-22T16:00:00Z,2,0,True,0,GG,0.539079,0.539079,0.0,0.6,False,0,,,False,0,
Ligue 1,2024/25,5,2024-09-20T19:45:00+00:00,Ligue1|2024|43,Montpellier,Auxerre,2024-09-22T16:00:00Z,3,2,True,0,GG,0.553842,0.553842,0.0,0.6,False,1,,,False,0,
Ligue 1,2024/25,5,2024-09-20T19:45:00+00:00,Ligue1|2024|44,Lyon,Marseille,2024-09-22T19:45:00Z,2,3,True,0,2,0.655165,0.513499,0.354165,0.55,False,1,,,False,0,
Ligue 1,2024/25,6,2024-09-27T18:00:00+00:00,Ligue1|2024|45,Auxerre,Brest,2024-09-27T18:00:00Z,3,0,True,0,GG,0.617408,0.617408,0.0,0.6,True,0,GG,0.617408,True,2,0
Ligue 1,2024/25,6,2024-09-27T18:00:00+00:00,Ligue1|2024|46,Paris SG,Rennes,2024-09-27T20:00:00Z,3,1,True,0,1,0.695706,0.671783,0.059806,0.55,True,1,1,0.671783,True,1,1
Ligue 1,2024/25,6,2024-09-27T18:00:00+00:00,Ligue1|2024|47,Lens,Nice,2024-09-28T16:00:00Z,0,0,True,0,U2.5,0.535681,0.535681,0.0,0.6,False,1,,,False,0,
Ligue 1,2024/25,6,2024-09-27T18:00:00+00:00,Ligue1|2024|48,Le Havre,Lille,2024-09-28T18:00:00Z,0,3,True,0,2,0.648151,0.569651,0.196251,0.55,True,1,2,0.569651,True,1,1
Ligue 1,2024/25,6,2024-09-27T18:00:00+00:00,Ligue1|2024|49,Monaco,Montpellier,2024-09-28T20:00:00Z,2,1,True,0,1,0.86294,0.744364,0.29644,0.55,False,1,,,False,0,
Ligue 1,2024/25,6,2024-09-27T18:00:00+00:00,Ligue1|2024|50,Toulouse,Lyon,2024-09-29T14:00:00Z,1,2,True,0,U2.5,0.522437,0.522437,0.0,0.6,False,0,,,False,0,
Ligue 1,2024/25,6,2024-09-27T18:00:00+00:00,Ligue1|2024|51,Angers,Reims,2024-09-29T16:00:00Z,1,3,True,0,U2.5,0.590975,0.590975,0.0,0.6,False,0,,,False,0,
Ligue 1,2024/25,6,2024-09-27T18:00:00+00:00,Ligue1|2024|52,Nantes,St Etienne,2024-09-29T16:00:00Z,2,2,True,0,1,0.767676,0.601485,0.415476,0.55,False,0,,,False,0,
Ligue 1,2024/25,6,2024-09-27T18:00:00+00:00,Ligue1|2024|53,Strasbourg,Marseille,2024-09-29T19:45:00Z,1,0,True,0,GG,0.634648,0.634648,0.0,0.6,True,0,GG,0.634648,True,2,0
Ligue 1,2024/25,7,2024-10-04T19:45:00+00:00,Ligue1|2024|54,Marseille,Angers,2024-10-04T19:45:00Z,1,1,True,0,1,0.79571,0.807026,0.02829,0.55,True,0,1,0.807026,True,1,0
Ligue 1,2024/25,7,2024-10-04T19:45:00+00:00,Ligue1|2024|55,St Etienne,Auxerre,2024-10-05T16:00:00Z,3,1,True,0,GG,0.57486,0.57486,0.0,0.6,False,1,,,False,0,
Ligue 1,2024/25,7,2024-10-04T19:45:00+00:00,Ligue1|2024|56,Lille,Toulouse,2024-10-05T18:00:00Z,2,1,True,0,1,0.628781,0.618108,0.026681,0.55,True,1,1,0.618108,True,1,1
Ligue 1,2024/25,7,2024-10-04T19:45:00+00:00,Ligue1|2024|57,Rennes,Monaco,2024-10-05T20:00:00Z,1,2,True,0,2,0.69624,0.570504,0.31434,0.55,False,1,,,False,0,
Ligue 1,2024/25,7,2024-10-04T19:45:00+00:00,Ligue1|2024|58,Lyon,Nantes,2024-10-06T14:00:00Z,2,0,True,0,U2.5,0.561152,0.561152,0.0,0.6,False,1,,,False,0,
Ligue 1,2024/25,7,2024-10-04T19:45:00+00:00,Ligue1|2024|59,Brest,Le Havre,2024-10-06T16:00:00Z,2,0,True,0,GG,0.587976,0.587976,0.0,0.6,False,0,1,0.568819,True,1,1
Ligue 1,2024/25,7,2024-10-04T19:45:00+00:00,Ligue1|2024|60,Reims,Montpellier,2024-10-06T16:00:00Z,4,2,True,0,1,0.719381,0.612789,0.266481,0.55,False,1,,,False,0,
Ligue 1,2024/25,7,2024-10-04T19:45:00+00:00,Ligue1|2024|61,Strasbourg,Lens,2024-10-06T16:00:00Z,2,2,True,0,GG,0.525496,0.525496,0.0,0.6,False,1,,,False,0,
Ligue 1,2024/25,7,2024-10-04T19:45:00+00:00,Ligue1|2024|62,Nice,Paris SG,2024-10-06T19:45:00Z,1,1,True,0,GG,0.612372,0.612372,0.0,0.6,True,1,GG,0.612372,True,2,1
Ligue 1,2024/25,8,2024-10-18T19:45:00+00:00,Ligue1|2024|63,Monaco,Lille,2024-10-18T19:45:00Z,0,0,True,0,1,0.669026,0.594856,0.185426,0.55,True,0,1,0.594856,True,1,0
Ligue 1,2024/25,8,2024-10-18T19:45:00+00:00,Ligue1|2024|64,Brest,Rennes,2024-10-19T16:00:00Z,1,1,True,0,GG,0.585992,0.585992,0.0,0.6,False,1,,,False,0,
Ligue 1,2024/25,8,2024-10-18T19:45:00+00:00,Ligue1|2024|65,St Etienne,Lens,2024-10-19T18:00:00Z,0,2,True,0,2,0.692236,0.575782,0.291136,0.55,False,1,,,False,0,
Ligue 1,2024/25,8,2024-10-18T19:45:00+00:00,Ligue1|2024|66,Paris SG,Strasbourg,2024-10-19T20:00:00Z,4,2,True,0,1,0.830822,0.791613,0.098022,0.55,True,1,1,0.791613,True,2,1
Ligue 1,2024/25,8,2024-10-18T19:45:00+00:00,Ligue1|2024|67,Le Havre,Lyon,2024-10-20T14:00:00Z,0,4,True,0,2,0.701892,0.597415,0.261192,0.55,False,1,,,False,0,
Ligue 1,2024/25,8,2024-10-18T19:45:00+00:00,Ligue1|2024|68,Auxerre,Reims,2024-10-20T16:00:00Z,2,1,True,0,GG,0.593858,0.593858,0.0,0.6,False,1,,,False,0,
Ligue 1,2024/25,8,2024-10-18T19:45:00+00:00,Ligue1|2024|69,Nantes,Nice,2024-10-20T16:00:00Z,1,1,True,0,U2.5,0.565977,0.565977,0.0,0.6,False,1,,,False,0,
Ligue 1,2024/25,8,2024-10-18T19:45:00+00:00,Ligue1|2024|70,Toulouse,Angers,2024-10-20T16:00:00Z,1,1,True,0,U2.5,0.604928,0.604928,0.0,0.6,True,1,U2.5,0.604928,True,2,1
Ligue 1,2024/25,8,2024-10-18T19:45:00+00:00,Ligue1|2024|71,Montpellier,Marseille,2024-10-20T19:45:00Z,0,5,True,0,2,0.717971,0.595303,0.306671,0.55,False,1,,,False,0,
Ligue 1,2024/25,9,2024-10-25T19:45:00+00:00,Ligue1|2024|72,Rennes,Le Havre,2024-10-25T19:45:00Z,1,0,True,0,1,0.682853,0.639592,0.108153,0.55,True,1,1,0.639592,True,1,1
Ligue 1,2024/25,9,2024-10-25T19:45:00+00:00,Ligue1|2024|73,Angers,St Etienne,2024-10-26T16:00:00Z,4,2,True,0,GG,0.538687,0.538687,0.0,0.6,False,1,,,False,0,
Ligue 1,2024/25,9,2024-10-25T19:45:00+00:00,Ligue1|2024|74,Reims,Brest,2024-10-26T18:00:00Z,1,2,True,0,1,0.633815,0.518609,0.288015,0.55,False,0,O2.5,0.611935,True,2,1
Ligue 1,2024/25,9,2024-10-25T19:45:00+00:00,Ligue1|2024|75,Lens,Lille,2024-10-26T20:00:00Z,0,2,True,0,U2.5,0.554821,0.554821,0.0,0.6,False,1,,,False,0,
Ligue 1,2024/25,9,2024-10-25T19:45:00+00:00,Ligue1|2024|76,Lyon,Auxerre,2024-10-27T14:00:00Z,2,2,True,0,1,0.732269,0.693922,0.095869,0.55,True,0,1,0.693922,True,1,0
Ligue 1,2024/25,9,2024-10-25T19:45:00+00:00,Ligue1|2024|77,Montpellier,Toulouse,2024-10-27T16:00:00Z,0,3,True,0,2,0.588989,0.455634,0.333389,0.55,False,1,,,False,0,
Ligue 1,2024/25,9,2024-10-25T19:45:00+00:00,Ligue1|2024|78,Nice,Monaco,2024-10-27T16:00:00Z,2,1,True,0,U2.5,0.597096,0.597096,0.0,0.6,False,0,,,False,0,
Ligue 1,2024/25,9,2024-10-25T19:45:00+00:00,Ligue1|2024|79,Strasbourg,Nantes,2024-10-27T16:00:00Z,3,1,True,0,GG,0.549191,0.549191,0.0,0.6,False,1,,,False,0,
Ligue 1,2024/25,9,2024-10-25T19:45:00+00:00,Ligue1|2024|80,Marseille,Paris SG,2024-10-27T19:45:00Z,0,3,True,0,O2.5,0.640791,0.640791,0.0,0.6,True,1,O2.5,0.640791,True,2,1
Ligue 1,2024/25,10,2024-11-01T18:00:00+00:00,Ligue1|2024|81,Monaco,Angers,2024-11-01T18:00:00Z,0,1,True,0,1,0.829472,0.820603,0.022172,0.55,True,0,1,0.820603,True,1,0
Ligue 1,2024/25,10,2024-11-01T18:00:00+00:00,Ligue1|2024|82,Lille,Lyon,2024-11-01T20:00:00Z,1,1,True,0,GG,0.567527,0.567527,0.0,0.6,False,1,,,False,0,
Ligue 1,2024/25,10,2024-11-01T18:00:00+00:00,Ligue1|2024|83,Paris SG,Lens,2024-11-02T16:00:00Z,1,0,True,0,1,0.69493,0.670318,0.06153,0.55,True,1,1,0.670318,True,1,1
Ligue 1,2024/25,10,2024-11-01T18:00:00+00:00,Ligue1|2024|84,Brest,Nice,2024-11-02T18:00:00Z,0,1,True,0,GG,0.549653,0.549653,0.0,0.6,False,0,,,False,0,
Ligue 1,2024/25,10,2024-11-01T18:00:00+00:00,Ligue1|2024|85,St Etienne,Strasbourg,2024-11-02T20:00:00Z,2,0,True,0,2,0.682216,0.551369,0.327116,0.55,False,0,O2.5,0.648817,True,2,0
Ligue 1,2024/25,10,2024-11-01T18:00:00+00:00,Ligue1|2024|86,Toulouse,Reims,2024-11-03T14:00:00Z,1,0,True,0,U2.5,0.530066,0.530066,0.0,0.6,False,1,,,False,0,
Ligue 1,2024/25,10,2024-11-01T18:00:00+00:00,Ligue1|2024|87,Auxerre,Rennes,2024-11-03T16:00:00Z,4,0,True,0,GG,0.54632,0.54632,0.0,0.6,False,0,,,False,0,
Ligue 1,2024/25,10,2024-11-01T18:00:00+00:00,Ligue1|2024|88,Le Havre,Montpellier,2024-11-03T16:00:00Z,1,0,True,0,GG,0.546063,0.546063,0.0,0.6,False,0,,,False,0,
Ligue 1,2024/25,10,2024-11-01T18:00:00+00:00,Ligue1|2024|89,Nantes,Marseille,2024-11-03T19:45:00Z,1,2,True,0,U2.5,0.527913,0.527913,0.0,0.6,False,0,,,False,0,
Ligue 1,2024/25,11,2024-11-08T19:45:00+00:00,Ligue1|2024|90,Marseille,Auxerre,2024-11-08T19:45:00Z,1,3,True,0,GG,0.608229,0.608229,0.0,0.6,True,1,GG,0.608229,True,2,1
Ligue 1,2024/25,11,2024-11-08T19:45:00+00:00,Ligue1|2024|91,Strasbourg,Monaco,2024-11-09T16:00:00Z,1,3,True,0,2,0.578928,0.523997,0.137328,0.55,False,1,,,False,0,
Ligue 1,2024/25,11,2024-11-08T19:45:00+00:00,Ligue1|2024|92,Lens,Nantes,2024-11-09T18:00:00Z,3,2,True,0,U2.5,0.645876,0.645876,0.0,0.6,True,0,U2.5,0.645876,True,2,0
Ligue 1,2024/25,11,2024-11-08T19:45:00+00:00,Ligue1|2024|93,Angers,Paris SG,2024-11-09T20:00:00Z,2,4,True,0,2,0.863653,0.822032,0.104053,0.55,True,1,2,0.822032,True,2,1
Ligue 1,2024/25,11,2024-11-08T19:45:00+00:00,Ligue1|2024|94,Nice,Lille,2024-11-10T14:00:00Z,2,2,True,0,GG,0.530027,0.530027,0.0,0.6,False,1,,,False,0,
Ligue 1,2024/25,11,2024-11-08T19:45:00+00:00,Ligue1|2024|95,Le Havre,Reims,2024-11-10T16:00:00Z,0,3,True,0,2,0.588006,0.503684,0.210806,0.55,False,1,,,False,0,
Ligue 1,2024/25,11,2024-11-08T19:45:00+00:00,Ligue1|2024|96,Montpellier,Brest,2024-11-10T16:00:00Z,3,1,True,0,GG,0.602516,0.602516,0.0,0.6,True,1,GG,0.602516,True,1,1
Ligue 1,2024/25,11,2024-11-08T19:45:00+00:00,Ligue1|2024|97,Rennes,Toulouse,2024-11-10T16:00:00Z,0,2,True,0,U2.5,0.621743,0.621743,0.0,0.6,True,1,U2.5,0.621743,True,1,1
Ligue 1,2024/25,11,2024-11-08T19:45:00+00:00,Ligue1|2024|98,Lyon,St Etienne,2024-11-10T19:45:00Z,1,0,True,0,1,0.841036,0.724702,0.290836,0.55,False,1,O2.5,0.635443,True,1,0
Ligue 1,2024/25,12,2024-11-22T18:00:00+00:00,Ligue1|2024|99,Monaco,Brest,2024-11-22T18:00:00Z,3,2,True,0,1,0.683326,0.600715,0.206526,0.55,True,1,1,0.600715,True,1,1
Ligue 1,2024/25,12,2024-11-22T18:00:00+00:00,Ligue1|2024|100,Paris SG,Toulouse,2024-11-22T20:00:00Z,3,0,True,0,1,0.665637,0.700062,0.086063,0.55,True,1,1,0.700062,True,1,1
Ligue 1,2024/25,12,2024-11-22T18:00:00+00:00,Ligue1|2024|101,Lens,Marseille,2024-11-23T16:00:00Z,1,3,True,0,GG,0.526702,0.526702,0.0,0.6,False,1,,,False,0,
Ligue 1,2024/25,12,2024-11-22T18:00:00+00:00,Ligue1|2024|102,St Etienne,Montpellier,2024-11-23T18:00:00Z,1,0,True,0,GG,0.604976,0.604976,0.0,0.6,True,0,GG,0.604976,True,1,0
Ligue 1,2024/25,12,2024-11-22T18:00:00+00:00,Ligue1|2024|103,Reims,Lyon,2024-11-23T20:00:00Z,1,1,True,0,GG,0.571966,0.571966,0.0,0.6,False,1,,,False,0,
Ligue 1,2024/25,12,2024-11-22T18:00:00+00:00,Ligue1|2024|104,Lille,Rennes,2024-11-24T14:00:00Z,1,0,True,0,1,0.625269,0.610962,0.035769,0.55,True,1,1,0.610962,True,1,1
Ligue 1,2024/25,12,2024-11-22T18:00:00+00:00,Ligue1|2024|105,Auxerre,Angers,2024-11-24T16:00:00Z,1,0,True,0,1,0.640974,0.608785,0.080474,0.55,True,1,1,0.608785,True,1,1
Ligue 1,2024/25,12,2024-11-22T18:00:00+00:00,Ligue1|2024|106,Nantes,Le Havre,2024-11-24T16:00:00Z,0,2,True,0,U2.5,0.569624,0.569624,0.0,0.6,False,1,,,False,0,
Ligue 1,2024/25,12,2024-11-22T18:00:00+00:00,Ligue1|2024|107,Nice,Strasbourg,2024-11-24T19:45:00Z,2,1,True,0,1,0.615912,0.592147,0.059412,0.55,True,1,1,0.592147,True,1,1
Ligue 1,2024/25,13,2024-11-29T19:45:00+00:00,Ligue1|2024|108,Reims,Lens,2024-11-29T19:45:00Z,0,2,True,0,GG,0.540296,0.540296,0.0,0.6,False,0,,,False,0,
Ligue 1,2024/25,13,2024-11-29T19:45:00+00:00,Ligue1|2024|109,Rennes,St Etienne,2024-11-30T16:00:00Z,5,0,True,0,1,0.535429,0.507417,0.070029,0.55,False,1,,,False,0,
Ligue 1,2024/25,13,2024-11-29T19:45:00+00:00,Ligue1|2024|110,Brest,Strasbourg,2024-11-30T18:00:00Z,3,1,True,0,GG,0.657417,0.657417,0.0,0.6,True,1,GG,0.657417,True,2,1
Ligue 1,2024/25,13,2024-11-29T19:45:00+00:00,Ligue1|2024|111,Paris SG,Nantes,2024-11-30T20:00:00Z,1,1,True,0,1,0.894693,0.882536,0.030393,0.55,True,0,1,0.882536,True,1,0
Ligue 1,2024/25,13,2024-11-29T19:45:00+00:00,Ligue1|2024|112,Montpellier,Lille,2024-12-01T14:00:00Z,2,2,True,0,2,0.699834,0.6131,0.216834,0.55,True,0,2,0.6131,True,1,0
Ligue 1,2024/25,13,2024-11-29T19:45:00+00:00,Ligue1|2024|113,Le Havre,Angers,2024-12-01T16:00:00Z,0,1,True,0,U2.5,0.527703,0.527703,0.0,0.6,False,1,,,False,0,
Ligue 1,2024/25,13,2024-11-29T19:45:00+00:00,Ligue1|2024|114,Lyon,Nice,2024-12-01T16:00:00Z,4,1,True,0,GG,0.530998,0.530998,0.0,0.6,False,1,,,False,0,
Ligue 1,2024/25,13,2024-11-29T19:45:00+00:00,Ligue1|2024|115,Toulouse,Auxerre,2024-12-01T16:00:00Z,2,0,True,0,U2.5,0.5591,0.5591,0.0,0.6,False,1,,,False,0,
Ligue 1,2024/25,13,2024-11-29T19:45:00+00:00,Ligue1|2024|116,Marseille,Monaco,2024-12-01T19:45:00Z,2,1,True,0,2,0.62685,0.49771,0.32285,0.55,False,0,,,False,0,
Ligue 1,2024/25,14,2024-12-06T18:00:00+00:00,Ligue1|2024|117,Lille,Brest,2024-12-06T18:00:00Z,3,1,True,0,1,0.764394,0.656076,0.270794,0.55,False,1,O2.5,0.601613,True,1,1
Ligue 1,2024/25,14,2024-12-06T18:00:00+00:00,Ligue1|2024|118,Auxerre,Paris SG,2024-12-06T20:00:00Z,0,0,True,0,2,0.78746,0.716516,0.17736,0.55,True,0,2,0.716516,True,3,0
Ligue 1,2024/25,14,2024-12-06T18:00:00+00:00,Ligue1|2024|119,Monaco,Toulouse,2024-12-07T16:00:00Z,2,0,True,0,U2.5,0.66192,0.66192,0.0,0.6,True,1,U2.5,0.66192,True,1,1
Ligue 1,2024/25,14,2024-12-06T18:00:00+00:00,Ligue1|2024|120,Nice,Le Havre,2024-12-07T18:00:00Z,2,1,True,0,1,0.649331,0.639398,0.024831,0.55,True,1,1,0.639398,True,1,1
Ligue 1,2024/25,14,2024-12-06T18:00:00+00:00,Ligue1|2024|121,Angers,Lyon,2024-12-07T20:00:00Z,0,3,True,0,2,0.688384,0.63479,0.133984,0.55,True,1,2,0.63479,True,1,1
Ligue 1,2024/25,14,2024-12-06T18:00:00+00:00,Ligue1|2024|122,Lens,Montpellier,2024-12-08T14:00:00Z,2,0,True,0,1,0.70962,0.640732,0.17222,0.55,True,1,1,0.640732,True,1,1
Ligue 1,2024/25,14,2024-12-06T18:00:00+00:00,Ligue1|2024|123,Nantes,Rennes,2024-12-08T16:00:00Z,1,0,True,0,U2.5,0.619577,0.619577,0.0,0.6,True,1,U2.5,0.619577,True,1,1
Ligue 1,2024/25,14,2024-12-06T18:00:00+00:00,Ligue1|2024|124,Strasbourg,Reims,2024-12-08T16:00:00Z,0,0,True,0,GG,0.619789,0.619789,0.0,0.6,True,0,GG,0.619789,True,1,0
Ligue 1,2024/25,14,2024-12-06T18:00:00+00:00,Ligue1|2024|125,St Etienne,Marseille,2024-12-08T19:45:00Z,0,2,True,0,2,0.699465,0.624119,0.188365,0.55,True,1,2,0.624119,True,1,1
Ligue 1,2024/25,15,2024-12-13T19:45:00+00:00,Ligue1|2024|126,Toulouse,St Etienne,2024-12-13T19:45:00Z,2,1,True,0,1,0.726438,0.626583,0.249638,0.55,True,1,1,0.626583,True,1,1
Ligue 1,2024/25,15,2024-12-13T19:45:00+00:00,Ligue1|2024|127,Marseille,Lille,2024-12-14T16:00:00Z,1,1,True,0,GG,0.57748,0.57748,0.0,0.6,False,1,,,False,0,
Ligue 1,2024/25,15,2024-12-13T19:45:00+00:00,Ligue1|2024|128,Auxerre,Lens,2024-12-14T18:00:00Z,2,2,True,0,2,0.519918,0.471471,0.121118,0.55,False,0,,,False,0,
Ligue 1,2024/25,15,2024-12-13T19:45:00+00:00,Ligue1|2024|129,Reims,Monaco,2024-12-14T20:00:00Z,0,0,True,0,2,0.636556,0.553293,0.208156,0.55,True,0,2,0.553293,True,1,0
Ligue 1,2024/25,15,2024-12-13T19:45:00+00:00,Ligue1|2024|130,Montpellier,Nice,2024-12-15T14:00:00Z,2,2,True,0,2,0.673946,0.571728,0.255546,0.55,False,0,,,False,0,
Ligue 1,2024/25,15,2024-12-13T19:45:00+00:00,Ligue1|2024|131,Brest,Nantes,2024-12-15T16:00:00Z,4,1,True,0,GG,0.551934,0.551934,0.0,0.6,False,1,,,False,0,
Ligue 1,2024/25,15,2024-12-13T19:45:00+00:00,Ligue1|2024|132,Le Havre,Strasbourg,2024-12-15T16:00:00Z,0,3,True,0,GG,0.575758,0.575758,0.0,0.6,False,0,,,False,0,
Ligue 1,2024/25,15,2024-12-13T19:45:00+00:00,Ligue1|2024|133,Rennes,Angers,2024-12-15T16:00:00Z,2,0,True,0,U2.5,0.577803,0.577803,0.0,0.6,False,1,1,0.586115,True,1,1
Ligue 1,2024/25,15,2024-12-13T19:45:00+00:00,Ligue1|2024|134,Paris SG,Lyon,2024-12-15T19:45:00Z,3,1,True,0,1,0.678024,0.647014,0.077524,0.55,True,1,1,0.647014,True,3,1
Ligue 1,2024/25,16,2024-12-18T20:00:00+00:00,Ligue1|2024|135,Monaco,Paris SG,2024-12-18T20:00:00Z,2,4,True,0,GG,0.566339,0.566339,0.0,0.6,False,1,,,False,0,
Ligue 1,2024/25,16,2025-01-03T20:00:00+00:00,Ligue1|2024|136,Nice,Rennes,2025-01-03T20:00:00Z,3,2,True,0,U2.5,0.574876,0.574876,0.0,0.6,False,0,,,False,0,
Ligue 1,2024/25,16,2025-01-03T20:00:00+00:00,Ligue1|2024|137,St Etienne,Reims,2025-01-04T16:00:00Z,3,1,True,0,2,0.607655,0.513113,0.236355,0.55,False,0,,,False,0,
Ligue 1,2024/25,16,2025-01-03T20:00:00+00:00,Ligue1|2024|138,Lille,Nantes,2025-01-04T18:00:00Z,1,1,True,0,1,0.759464,0.755038,0.011064,0.55,True,0,1,0.755038,True,1,0
Ligue 1,2024/25,16,2025-01-03T20:00:00+00:00,Ligue1|2024|139,Lyon,Montpellier,2025-01-04T20:00:00Z,1,0,True,0,1,0.857468,0.745201,0.280668,0.55,False,1,O2.5,0.638301,True,1,0
Ligue 1,2024/25,16,2025-01-03T20:00:00+00:00,Ligue1|2024|140,Angers,Brest,2025-01-05T14:00:00Z,2,0,True,0,GG,0.577392,0.577392,0.0,0.6,False,0,,,False,0,
Ligue 1,2024/25,16,2025-01-03T20:00:00+00:00,Ligue1|2024|141,Lens,Toulouse,2025-01-05T14:00:00Z,0,1,True,0,U2.5,0.653078,0.653078,0.0,0.6,True,1,U2.5,0.653078,True,1,1
Ligue 1,2024/25,16,2025-01-03T20:00:00+00:00,Ligue1|2024|142,Strasbourg,Auxerre,2025-01-05T14:00:00Z,3,1,True,0,GG,0.60795,0.60795,0.0,0.6,True,1,GG,0.60795,True,1,1
Ligue 1,2024/25,16,2025-01-03T20:00:00+00:00,Ligue1|2024|143,Marseille,Le Havre,2025-01-05T19:45:00Z,5,1,True,0,1,0.796086,0.775452,0.051586,0.55,True,1,1,0.775452,True,1,1
Ligue 1,2024/25,17,2025-01-10T18:00:00+00:00,Ligue1|2024|144,Nantes,Monaco,2025-01-10T18:00:00Z,2,2,True,0,2,0.712178,0.646147,0.165078,0.55,True,0,2,0.646147,True,1,0
Ligue 1,2024/25,17,2025-01-10T18:00:00+00:00,Ligue1|2024|145,Auxerre,Lille,2025-01-10T20:05:00Z,0,0,True,0,2,0.69544,0.602624,0.23204,0.55,True,0,2,0.602624,True,1,0
Ligue 1,2024/25,17,2025-01-10T18:00:00+00:00,Ligue1|2024|146,Brest,Lyon,2025-01-11T16:00:00Z,2,1,True,0,2,0.709048,0.564709,0.360848,0.55,False,0,O2.5,0.607972,True,2,1
Ligue 1,2024/25,17,2025-01-10T18:00:00+00:00,Ligue1|2024|147,Reims,Nice,2025-01-11T18:00:00Z,2,4,True,0,GG,0.566189,0.566189,0.0,0.6,False,1,,,False,0,
Ligue 1,2024/25,17,2025-01-10T18:00:00+00:00,Ligue1|2024|148,Rennes,Marseille,2025-01-11T20:05:00Z,1,2,True,0,U2.5,0.553269,0.553269,0.0,0.6,False,0,,,False,0,
Ligue 1,2024/25,17,2025-01-10T18:00:00+00:00,Ligue1|2024|149,Le Havre,Lens,2025-01-12T14:00:00Z,1,2,True,0,2,0.693438,0.611903,0.203838,0.55,True,1,2,0.611903,True,1,1
Ligue 1,2024/25,17,2025-01-10T18:00:00+00:00,Ligue1|2024|150,Montpellier,Angers,2025-01-12T16:15:00Z,1,3,True,0,GG,0.542807,0.542807,0.0,0.6,False,1,,,False,0,
Ligue 1,2024/25,17,2025-01-10T18:00:00+00:00,Ligue1|2024|151,Toulouse,Strasbourg,2025-01-12T16:15:00Z,1,2,True,0,O2.5,0.513543,0.513543,0.0,0.6,False,1,,,False,0,
Ligue 1,2024/25,17,2025-01-10T18:00:00+00:00,Ligue1|2024|152,Paris SG,St Etienne,2025-01-12T19:45:00Z,2,1,True,0,1,0.96977,0.895422,0.18587,0.55,True,1,1,0.895422,True,2,1
Ligue 1,2024/25,18,2025-01-17T18:00:00+00:00,Ligue1|2024|153,Montpellier,Monaco,2025-01-17T18:00:00Z,2,1,True,0,2,0.787056,0.664354,0.306756,0.55,False,0,,,False,0,
Ligue 1,2024/25,18,2025-01-17T18:00:00+00:00,Ligue1|2024|154,Lille,Nice,2025-01-17T20:05:00Z,2,1,True,0,GG,0.52645,0.52645,0.0,0.6,False,1,,,False,0,
Ligue 1,2024/25,18,2025-01-17T18:00:00+00:00,Ligue1|2024|155,Lens,Paris SG,2025-01-18T16:00:00Z,1,2,True,0,2,0.624607,0.575924,0.121707,0.55,True,1,2,0.575924,True,1,1
Ligue 1,2024/25,18,2025-01-17T18:00:00+00:00,Ligue1|2024|156,Rennes,Brest,2025-01-18T18:00:00Z,1,2,True,0,1,0.652842,0.529625,0.308042,0.55,False,0,,,False,0,
Ligue 1,2024/25,18,2025-01-17T18:00:00+00:00,Ligue1|2024|157,Lyon,Toulouse,2025-01-18T20:05:00Z,0,0,True,0,U2.5,0.58544,0.58544,0.0,0.6,False,1,,,False,0,
Ligue 1,2024/25,18,2025-01-17T18:00:00+00:00,Ligue1|2024|158,St Etienne,Nantes,2025-01-19T14:00:00Z,1,1,True,0,GG,0.522007,0.522007,0.0,0.6,False,1,,,False,0,
Ligue 1,2024/25,18,2025-01-17T18:00:00+00:00,Ligue1|2024|159,Angers,Auxerre,2025-01-19T16:15:00Z,2,0,True,0,GG,0.52872,0.52872,0.0,0.6,False,0,,,False,0,
Ligue 1,2024/25,18,2025-01-17T18:00:00+00:00,Ligue1|2024|160,Reims,Le Havre,2025-01-19T16:15:00Z,1,1,True,0,1,0.555631,0.552659,0.007431,0.55,True,0,1,0.552659,True,1,0
Ligue 1,2024/25,18,2025-01-17T18:00:00+00:00,Ligue1|2024|161,Marseille,Strasbourg,2025-01-19T19:45:00Z,1,1,True,0,O2.5,0.620862,0.620862,0.0,0.6,True,0,O2.5,0.620862,True,3,0
Ligue 1,2024/25,19,2025-01-24T19:45:00+00:00,Ligue1|2024|162,Auxerre,St Etienne,2025-01-24T19:45:00Z,1,1,True,0,1,0.545954,0.500613,0.113354,0.55,False,0,,,False,0,
Ligue 1,2024/25,19,2025-01-24T19:45:00+00:00,Ligue1|2024|163,Monaco,Rennes,2025-01-25T16:00:00Z,3,2,True,0,1,0.657353,0.621012,0.090853,0.55,True,1,1,0.621012,True,1,1
Ligue 1,2024/25,19,2025-01-24T19:45:00+00:00,Ligue1|2024|164,Strasbourg,Lille,2025-01-25T18:00:00Z,2,1,True,0,GG,0.582177,0.582177,0.0,0.6,False,1,,,False,0,
Ligue 1,2024/25,19,2025-01-24T19:45:00+00:00,Ligue1|2024|165,Paris SG,Reims,2025-01-25T20:05:00Z,1,1,True,0,1,0.931019,0.869132,0.154719,0.55,True,0,1,0.869132,True,2,0
Ligue 1,2024/25,19,2025-01-24T19:45:00+00:00,Ligue1|2024|166,Le Havre,Brest,2025-01-26T14:00:00Z,0,1,True,0,GG,0.576758,0.576758,0.0,0.6,False,0,,,False,0,
Ligue 1,2024/25,19,2025-01-24T19:45:00+00:00,Ligue1|2024|167,Lens,Angers,2025-01-26T16:15:00Z,1,0,True,0,1,0.574305,0.596423,0.055295,0.55,True,1,1,0.596423,True,1,1
Ligue 1,2024/25,19,2025-01-24T19:45:00+00:00,Ligue1|2024|168,Nantes,Lyon,2025-01-26T16:15:00Z,1,1,True,0,2,0.570393,0.541076,0.073293,0.55,False,0,,,False,0,
Ligue 1,2024/25,19,2025-01-24T19:45:00+00:00,Ligue1|2024|169,Toulouse,Montpellier,2025-01-26T16:15:00Z,1,2,True,0,1,0.685721,0.606152,0.198921,0.55,True,0,1,0.606152,True,1,0
Ligue 1,2024/25,19,2025-01-24T19:45:00+00:00,Ligue1|2024|170,Nice,Marseille,2025-01-26T19:45:00Z,2,0,True,0,GG,0.591397,0.591397,0.0,0.6,False,0,,,False,0,
Ligue 1,2024/25,20,2025-01-31T19:45:00+00:00,Ligue1|2024|171,Montpellier,Lens,2025-01-31T19:45:00Z,0,2,True,0,2,0.616905,0.530023,0.217205,0.55,False,1,,,False,0,
Ligue 1,2024/25,20,2025-01-31T19:45:00+00:00,Ligue1|2024|172,Brest,Paris SG,2025-02-01T16:00:00Z,2,5,True,0,2,0.802269,0.674522,0.319369,0.55,False,1,O2.5,0.71136,True,2,1
Ligue 1,2024/25,20,2025-01-31T19:45:00+00:00,Ligue1|2024|173,Monaco,Auxerre,2025-02-01T18:00:00Z,4,2,True,0,1,0.85122,0.744292,0.26732,0.55,False,1,,,False,0,
Ligue 1,2024/25,20,2025-01-31T19:45:00+00:00,Ligue1|2024|174,Lille,St Etienne,2025-02-01T20:05:00Z,4,1,True,0,1,0.704012,0.674007,0.075012,0.55,True,1,1,0.674007,True,1,1
Ligue 1,2024/25,20,2025-01-31T19:45:00+00:00,Ligue1|2024|175,Toulouse,Nice,2025-02-02T14:00:00Z,1,1,True,0,U2.5,0.587842,0.587842,0.0,0.6,False,1,,,False,0,
Ligue 1,2024/25,20,2025-01-31T19:45:00+00:00,Ligue1|2024|176,Angers,Le Havre,2025-02-02T16:15:00Z,1,1,True,0,1,0.602305,0.541063,0.153105,0.55,False,0,,,False,0,
Ligue 1,2024/25,20,2025-01-31T19:45:00+00:00,Ligue1|2024|177,Reims,Nantes,2025-02-02T16:15:00Z,1,2,True,0,U2.5,0.538381,0.538381,0.0,0.6,False,0,,,False,0,
Ligue 1,2024/25,20,2025-01-31T19:45:00+00:00,Ligue1|2024|178,Rennes,Strasbourg,2025-02-02T16:15:00Z,1,0,True,0,GG,0.553113,0.553113,0.0,0.6,False,0,,,False,0,
Ligue 1,2024/25,20,2025-01-31T19:45:00+00:00,Ligue1|2024|179,Marseille,Lyon,2025-02-02T19:45:00Z,3,2,True,0,GG,0.587118,0.587118,0.0,0.6,False,1,,,False,0,
Ligue 1,2024/25,21,2025-02-07T18:00:00+00:00,Ligue1|2024|180,Nantes,Brest,2025-02-07T18:00:00Z,0,2,True,0,1,0.543995,0.439677,0.260795,0.55,False,0,,,False,0,
Ligue 1,2024/25,21,2025-02-07T18:00:00+00:00,Ligue1|2024|181,Paris SG,Monaco,2025-02-07T20:05:00Z,4,1,True,0,1,0.692716,0.66691,0.064516,0.55,True,1,1,0.66691,True,3,1
Ligue 1,2024/25,21,2025-02-07T18:00:00+00:00,Ligue1|2024|182,Nice,Lens,2025-02-08T16:00:00Z,2,0,True,0,U2.5,0.530017,0.530017,0.0,0.6,False,1,,,False,0,
Ligue 1,2024/25,21,2025-02-07T18:00:00+00:00,Ligue1|2024|183,Lille,Le Havre,2025-02-08T18:00:00Z,1,2,True,0,1,0.840271,0.798923,0.103371,0.55,True,0,1,0.798923,True,1,0
Ligue 1,2024/25,21,2025-02-07T18:00:00+00:00,Ligue1|2024|184,St Etienne,Rennes,2025-02-08T20:05:00Z,0,2,True,0,2,0.565004,0.473242,0.229404,0.55,False,1,,,False,0,
Ligue 1,2024/25,21,2025-02-07T18:00:00+00:00,Ligue1|2024|185,Lyon,Reims,2025-02-09T14:00:00Z,4,0,True,0,1,0.636305,0.603823,0.081205,0.55,True,1,1,0.603823,True,1,1
Ligue 1,2024/25,21,2025-02-07T18:00:00+00:00,Ligue1|2024|186,Auxerre,Toulouse,2025-02-09T16:15:00Z,2,2,True,0,U2.5,0.610997,0.610997,0.0,0.6,True,0,U2.5,0.610997,True,1,0
Ligue 1,2024/25,21,2025-02-07T18:00:00+00:00,Ligue1|2024|187,Strasbourg,Montpellier,2025-02-09T16:15:00Z,2,0,True,0,1,0.729782,0.645869,0.209782,0.55,True,1,1,0.645869,True,3,1
Ligue 1,2024/25,21,2025-02-07T18:00:00+00:00,Ligue1|2024|188,Angers,Marseille,2025-02-09T19:45:00Z,0,2,True,0,GG,0.558614,0.558614,0.0,0.6,False,0,,,False,0,
Ligue 1,2024/25,22,2025-02-14T19:45:00+00:00,Ligue1|2024|189,Brest,Auxerre,2025-02-14T19:45:00Z,2,2,True,0,1,0.623398,0.610879,0.031298,0.55,True,0,1,0.610879,True,1,0
Ligue 1,2024/25,22,2025-02-14T19:45:00+00:00,Ligue1|2024|190,Marseille,St Etienne,2025-02-15T16:00:00Z,5,1,True,0,1,0.890674,0.801084,0.223974,0.55,True,1,1,0.801084,True,2,1
Ligue 1,2024/25,22,2025-02-14T19:45:00+00:00,Ligue1|2024|191,Monaco,Nantes,2025-02-15T18:00:00Z,7,1,True,0,1,0.735357,0.706134,0.073057,0.55,True,1,1,0.706134,True,1,1
Ligue 1,2024/25,22,2025-02-14T19:45:00+00:00,Ligue1|2024|192,Toulouse,Paris SG,2025-02-15T20:05:00Z,0,1,True,0,2,0.722378,0.683507,0.097178,0.55,True,1,2,0.683507,True,1,1
Ligue 1,2024/25,22,2025-02-14T19:45:00+00:00,Ligue1|2024|193,Montpellier,Lyon,2025-02-16T14:00:00Z,1,4,True,0,2,0.790975,0.650745,0.350575,0.55,False,1,,,False,0,
Ligue 1,2024/25,22,2025-02-14T19:45:00+00:00,Ligue1|2024|194,Le Havre,Nice,2025-02-16T16:15:00Z,1,3,True,0,2,0.675835,0.617381,0.146135,0.55,True,1,2,0.617381,True,1,1
Ligue 1,2024/25,22,2025-02-14T19:45:00+00:00,Ligue1|2024|195,Lens,Strasbourg,2025-02-16T16:15:00Z,0,2,True,0,O2.5,0.560656,0.560656,0.0,0.6,False,0,,,False,0,
Ligue 1,2024/25,22,2025-02-14T19:45:00+00:00,Ligue1|2024|196,Reims,Angers,2025-02-16T16:15:00Z,0,1,True,0,U2.5,0.541605,0.541605,0.0,0.6,False,1,,,False,0,
Ligue 1,2024/25,22,2025-02-14T19:45:00+00:00,Ligue1|2024|197,Rennes,Lille,2025-02-16T19:45:00Z,0,2,True,0,U2.5,0.558372,0.558372,0.0,0.6,False,1,,,False,0,
Ligue 1,2024/25,23,2025-02-21T19:45:00+00:00,Ligue1|2024|198,Rennes,Reims,2025-02-21T19:45:00Z,1,0,True,0,U2.5,0.543221,0.543221,0.0,0.6,False,1,,,False,0,
Ligue 1,2024/25,23,2025-02-21T19:45:00+00:00,Ligue1|2024|199,Lille,Monaco,2025-02-22T16:00:00Z,2,1,True,0,GG,0.557439,0.557439,0.0,0.6,False,1,,,False,0,
Ligue 1,2024/25,23,2025-02-21T19:45:00+00:00,Ligue1|2024|200,St Etienne,Angers,2025-02-22T18:00:00Z,3,3,True,0,GG,0.537165,0.537165,0.0,0.6,False,1,,,False,0,
Ligue 1,2024/25,23,2025-02-21T19:45:00+00:00,Ligue1|2024|201,Auxerre,Marseille,2025-02-22T20:05:00Z,3,0,True,0,2,0.754998,0.645079,0.274798,0.55,False,0,,,False,0,
Ligue 1,2024/25,23,2025-02-21T19:45:00+00:00,Ligue1|2024|202,Nantes,Lens,2025-02-23T14:00:00Z,3,1,True,0,U2.5,0.561047,0.561047,0.0,0.6,False,0,,,False,0,
Ligue 1,2024/25,23,2025-02-21T19:45:00+00:00,Ligue1|2024|203,Le Havre,Toulouse,2025-02-23T16:15:00Z,1,4,True,0,U2.5,0.618745,0.618745,0.0,0.6,True,0,U2.5,0.618745,True,1,0
Ligue 1,2024/25,23,2025-02-21T19:45:00+00:00,Ligue1|2024|204,Nice,Montpellier,2025-02-23T16:15:00Z,2,0,True,0,1,0.852684,0.775251,0.193584,0.55,True,1,1,0.775251,True,1,1
Ligue 1,2024/25,23,2025-02-21T19:45:00+00:00,Ligue1|2024|205,Strasbourg,Brest,2025-02-23T16:15:00Z,0,0,True,0,GG,0.623108,0.623108,0.0,0.6,True,0,GG,0.623108,True,2,0
Ligue 1,2024/25,23,2025-02-21T19:45:00+00:00,Ligue1|2024|206,Lyon,Paris SG,2025-02-23T19:45:00Z,2,3,True,0,2,0.626592,0.572955,0.134092,0.55,True,1,O2.5,0.61295,True,3,1
Ligue 1,2024/25,24,2025-02-28T19:45:00+00:00,Ligue1|2024|207,Monaco,Reims,2025-02-28T19:45:00Z,3,0,True,0,1,0.8376,0.74336,0.2356,0.55,True,1,1,0.74336,True,1,1
Ligue 1,2024/25,24,2025-02-28T19:45:00+00:00,Ligue1|2024|208,St Etienne,Nice,2025-03-01T16:00:00Z,1,3,True,0,2,0.847922,0.709793,0.345322,0.55,False,1,,,False,0,
Ligue 1,2024/25,24,2025-02-28T19:45:00+00:00,Ligue1|2024|209,Lens,Le Havre,2025-03-01T18:00:00Z,3,4,True,0,1,0.6735,0.64714,0.0659,0.55,True,0,1,0.64714,True,1,0
Ligue 1,2024/25,24,2025-02-28T19:45:00+00:00,Ligue1|2024|210,Paris SG,Lille,2025-03-01T20:05:00Z,4,1,True,0,1,0.703904,0.663982,0.099804,0.55,True,1,1,0.663982,True,2,1
Ligue 1,2024/25,24,2025-02-28T19:45:00+00:00,Ligue1|2024|211,Lyon,Brest,2025-03-02T14:00:00Z,2,1,True,0,1,0.65807,0.570602,0.21867,0.55,True,1,1,0.570602,True,1,1
Ligue 1,2024/25,24,2025-02-28T19:45:00+00:00,Ligue1|2024|212,Angers,Toulouse,2025-03-02T16:15:00Z,0,4,True,0,U2.5,0.621212,0.621212,0.0,0.6,True,0,U2.5,0.621212,True,1,0
Ligue 1,2024/25,24,2025-02-28T19:45:00+00:00,Ligue1|2024|213,Auxerre,Strasbourg,2025-03-02T16:15:00Z,0,1,True,0,GG,0.546174,0.546174,0.0,0.6,False,0,,,False,0,
Ligue 1,2024/25,24,2025-02-28T19:45:00+00:00,Ligue1|2024|214,Montpellier,Rennes,2025-03-02T16:15:00Z,0,4,True,0,2,0.589819,0.498092,0.229319,0.55,False,1,,,False,0,
Ligue 1,2024/25,24,2025-02-28T19:45:00+00:00,Ligue1|2024|215,Marseille,Nantes,2025-03-02T19:45:00Z,2,0,True,0,1,0.741171,0.699503,0.104171,0.55,True,1,1,0.699503,True,1,1
Ligue 1,2024/25,25,2025-03-07T19:45:00+00:00,Ligue1|2024|216,Toulouse,Monaco,2025-03-07T19:45:00Z,1,1,True,0,U2.5,0.575618,0.575618,0.0,0.6,False,1,,,False,0,
Ligue 1,2024/25,25,2025-03-07T19:45:00+00:00,Ligue1|2024|217,Rennes,Paris SG,2025-03-08T16:00:00Z,1,4,True,0,2,0.674581,0.656229,0.045881,0.55,True,1,2,0.656229,True,1,1
Ligue 1,2024/25,25,2025-03-07T19:45:00+00:00,Ligue1|2024|218,Lille,Montpellier,2025-03-08T18:00:00Z,1,0,True,0,1,0.800306,0.765144,0.087906,0.55,True,1,1,0.765144,True,1,1
Ligue 1,2024/25,25,2025-03-07T19:45:00+00:00,Ligue1|2024|219,Marseille,Lens,2025-03-08T20:05:00Z,0,1,True,0,1,0.697432,0.636939,0.151232,0.55,True,0,1,0.636939,True,1,0
Ligue 1,2024/25,25,2025-03-07T19:45:00+00:00,Ligue1|2024|220,Brest,Angers,2025-03-09T14:00:00Z,2,0,True,0,GG,0.55688,0.55688,0.0,0.6,False,0,1,0.589097,True,1,1
Ligue 1,2024/25,25,2025-03-07T19:45:00+00:00,Ligue1|2024|221,Le Havre,St Etienne,2025-03-09T16:15:00Z,1,1,True,0,1,0.607732,0.523439,0.210732,0.55,False,0,,,False,0,
Ligue 1,2024/25,25,2025-03-07T19:45:00+00:00,Ligue1|2024|222,Nantes,Strasbourg,2025-03-09T16:15:00Z,0,1,True,0,GG,0.558509,0.558509,0.0,0.6,False,0,,,False,0,
Ligue 1,2024/25,25,2025-03-07T19:45:00+00:00,Ligue1|2024|223,Reims,Auxerre,2025-03-09T16:15:00Z,0,2,True,0,U2.5,0.527279,0.527279,0.0,0.6,False,1,,,False,0,
Ligue 1,2024/25,25,2025-03-07T19:45:00+00:00,Ligue1|2024|224,Nice,Lyon,2025-03-09T19:45:00Z,0,2,True,0,1,0.562443,0.520666,0.104443,0.55,False,0,,,False,0,
Ligue 1,2024/25,26,2025-03-14T19:45:00+00:00,Ligue1|2024|225,Nice,Auxerre,2025-03-14T19:45:00Z,1,1,True,0,1,0.643245,0.609467,0.084445,0.55,True,0,1,0.609467,True,1,0
Ligue 1,2024/25,26,2025-03-14T19:45:00+00:00,Ligue1|2024|226,Nantes,Lille,2025-03-15T16:00:00Z,1,0,True,0,2,0.612344,0.586006,0.065844,0.55,True,0,2,0.586006,True,1,0
Ligue 1,2024/25,26,2025-03-14T19:45:00+00:00,Ligue1|2024|227,Angers,Monaco,2025-03-15T18:00:00Z,0,2,True,0,2,0.830568,0.704581,0.314968,0.55,False,1,,,False,0,
Ligue 1,2024/25,26,2025-03-14T19:45:00+00:00,Ligue1|2024|228,Lens,Rennes,2025-03-15T20:05:00Z,1,0,True,0,U2.5,0.547294,0.547294,0.0,0.6,False,1,,,False,0,
Ligue 1,2024/25,26,2025-03-14T19:45:00+00:00,Ligue1|2024|229,Lyon,Le Havre,2025-03-16T14:00:00Z,4,2,True,0,1,0.785008,0.759805,0.063008,0.55,True,1,1,0.759805,True,1,1
Ligue 1,2024/25,26,2025-03-14T19:45:00+00:00,Ligue1|2024|230,Brest,Reims,2025-03-16T16:15:00Z,0,0,True,0,1,0.616061,0.613997,0.005161,0.55,True,0,1,0.613997,True,1,0
Ligue 1,2024/25,26,2025-03-14T19:45:00+00:00,Ligue1|2024|231,Montpellier,St Etienne,2025-03-16T16:15:00Z,0,2,True,0,GG,0.582516,0.582516,0.0,0.6,False,0,,,False,0,
Ligue 1,2024/25,26,2025-03-14T19:45:00+00:00,Ligue1|2024|232,Strasbourg,Toulouse,2025-03-16T16:15:00Z,2,1,True,0,U2.5,0.565785,0.565785,0.0,0.6,False,0,,,False,0,
Ligue 1,2024/25,26,2025-03-14T19:45:00+00:00,Ligue1|2024|233,Paris SG,Marseille,2025-03-16T19:45:00Z,3,1,True,0,1,0.697504,0.693342,0.010404,0.55,True,1,1,0.693342,True,3,1
Ligue 1,2024/25,27,2025-03-28T19:45:00+00:00,Ligue1|2024|234,Strasbourg,Lyon,2025-03-28T19:45:00Z,4,2,True,0,GG,0.576901,0.576901,0.0,0.6,False,1,,,False,0,
Ligue 1,2024/25,27,2025-03-28T19:45:00+00:00,Ligue1|2024|235,Reims,Marseille,2025-03-29T16:00:00Z,3,1,True,0,2,0.636329,0.570357,0.164929,0.55,True,0,2,0.570357,True,1,0
Ligue 1,2024/25,27,2025-03-28T19:45:00+00:00,Ligue1|2024|236,St Etienne,Paris SG,2025-03-29T18:00:00Z,1,6,True,0,2,0.954716,0.855869,0.247116,0.55,True,1,2,0.855869,True,2,1
Ligue 1,2024/25,27,2025-03-28T19:45:00+00:00,Ligue1|2024|237,Monaco,Nice,2025-03-29T20:05:00Z,2,1,True,0,GG,0.53818,0.53818,0.0,0.6,False,1,,,False,0,
Ligue 1,2024/25,27,2025-03-28T19:45:00+00:00,Ligue1|2024|238,Toulouse,Brest,2025-03-30T14:00:00Z,2,4,True,0,1,0.586914,0.501108,0.214514,0.55,False,0,,,False,0,
Ligue 1,2024/25,27,2025-03-28T19:45:00+00:00,Ligue1|2024|239,Angers,Rennes,2025-03-30T16:15:00Z,0,3,True,0,2,0.557171,0.498263,0.147271,0.55,False,1,,,False,0,
Ligue 1,2024/25,27,2025-03-28T19:45:00+00:00,Ligue1|2024|240,Auxerre,Montpellier,2025-03-30T16:15:00Z,1,0,True,0,1,0.647028,0.621137,0.064728,0.55,True,1,1,0.621137,True,1,1
Ligue 1,2024/25,27,2025-03-28T19:45:00+00:00,Ligue1|2024|241,Le Havre,Nantes,2025-03-30T16:15:00Z,3,2,True,0,GG,0.526601,0.526601,0.0,0.6,False,1,,,False,0,
Ligue 1,2024/25,27,2025-03-28T19:45:00+00:00,Ligue1|2024|242,Lille,Lens,2025-03-30T19:45:00Z,1,0,True,0,U2.5,0.527251,0.527251,0.0,0.6,False,1,,,False,0,
Ligue 1,2024/25,28,2025-04-04T19:45:00+00:00,Ligue1|2024|243,Nice,Nantes,2025-04-04T19:45:00Z,1,2,True,0,1,0.691836,0.666382,0.063636,0.55,True,0,1,0.666382,True,1,0
Ligue 1,2024/25,28,2025-04-04T19:45:00+00:00,Ligue1|2024|244,Paris SG,Angers,2025-04-05T16:00:00Z,1,0,True,0,1,0.958739,0.926123,0.081539,0.55,True,1,1,0.926123,True,2,1
Ligue 1,2024/25,28,2025-04-04T19:45:00+00:00,Ligue1|2024|245,Brest,Monaco,2025-04-05T18:00:00Z,2,1,True,0,2,0.681402,0.538801,0.356502,0.55,False,0,,,False,0,
Ligue 1,2024/25,28,2025-04-04T19:45:00+00:00,Ligue1|2024|246,Lyon,Lille,2025-04-05T20:05:00Z,2,1,True,0,GG,0.56132,0.56132,0.0,0.6,False,1,,,False,0,
Ligue 1,2024/25,28,2025-04-04T19:45:00+00:00,Ligue1|2024|247,Lens,St Etienne,2025-04-06T14:00:00Z,1,0,True,0,1,0.657236,0.604062,0.132936,0.55,True,1,1,0.604062,True,1,1
Ligue 1,2024/25,28,2025-04-04T19:45:00+00:00,Ligue1|2024|248,Montpellier,Le Havre,2025-04-06T16:15:00Z,0,2,True,0,GG,0.561993,0.561993,0.0,0.6,False,0,,,False,0,
Ligue 1,2024/25,28,2025-04-04T19:45:00+00:00,Ligue1|2024|249,Reims,Strasbourg,2025-04-06T16:15:00Z,0,1,True,0,GG,0.555824,0.555824,0.0,0.6,False,0,,,False,0,
Ligue 1,2024/25,28,2025-04-04T19:45:00+00:00,Ligue1|2024|250,Rennes,Auxerre,2025-04-06T16:15:00Z,0,1,True,0,1,0.572526,0.513756,0.146926,0.55,False,0,,,False,0,
Ligue 1,2024/25,28,2025-04-04T19:45:00+00:00,Ligue1|2024|251,Marseille,Toulouse,2025-04-06T19:45:00Z,3,2,True,0,U2.5,0.531092,0.531092,0.0,0.6,False,0,,,False,0,
Ligue 1,2024/25,29,2025-04-11T19:45:00+00:00,Ligue1|2024|252,Lens,Reims,2025-04-11T19:45:00Z,0,2,True,0,1,0.572834,0.5565,0.040834,0.55,True,0,1,0.5565,True,1,0
Ligue 1,2024/25,29,2025-04-11T19:45:00+00:00,Ligue1|2024|253,Monaco,Marseille,2025-04-12T16:00:00Z,3,0,True,0,1,0.715967,0.61026,0.264267,0.55,False,1,,,False,0,
Ligue 1,2024/25,29,2025-04-11T19:45:00+00:00,Ligue1|2024|254,Toulouse,Lille,2025-04-12T18:00:00Z,1,2,True,0,U2.5,0.577817,0.577817,0.0,0.6,False,0,,,False,0,
Ligue 1,2024/25,29,2025-04-11T19:45:00+00:00,Ligue1|2024|255,Strasbourg,Nice,2025-04-12T20:05:00Z,2,2,True,0,GG,0.551866,0.551866,0.0,0.6,False,1,,,False,0,
Ligue 1,2024/25,29,2025-04-11T19:45:00+00:00,Ligue1|2024|256,St Etienne,Brest,2025-04-13T14:00:00Z,3,3,True,0,2,0.728058,0.626035,0.255058,0.55,False,0,,,False,0,
Ligue 1,2024/25,29,2025-04-11T19:45:00+00:00,Ligue1|2024|257,Angers,Montpellier,2025-04-13T16:15:00Z,2,0,True,0,GG,0.534852,0.534852,0.0,0.6,False,0,,,False,0,
Ligue 1,2024/25,29,2025-04-11T19:45:00+00:00,Ligue1|2024|258,Le Havre,Rennes,2025-04-13T16:15:00Z,1,5,True,0,2,0.627969,0.528422,0.248869,0.55,False,1,,,False,0,
Ligue 1,2024/25,29,2025-04-11T19:45:00+00:00,Ligue1|2024|259,Auxerre,Lyon,2025-04-13T19:45:00Z,1,3,True,0,2,0.552413,0.491808,0.151513,0.55,False,1,,,False,0,
Ligue 1,2024/25,30,2025-04-18T19:45:00+00:00,Ligue1|2024|260,Rennes,Nantes,2025-04-18T19:45:00Z,2,1,True,0,1,0.661403,0.592962,0.171103,0.55,True,1,1,0.592962,True,1,1
Ligue 1,2024/25,30,2025-04-18T19:45:00+00:00,Ligue1|2024|261,Paris SG,Le Havre,2025-04-19T16:00:00Z,2,1,True,0,1,0.952074,0.918084,0.084974,0.55,True,1,1,0.918084,True,2,1
Ligue 1,2024/25,30,2025-04-18T19:45:00+00:00,Ligue1|2024|262,Monaco,Strasbourg,2025-04-19T18:00:00Z,0,0,True,0,1,0.709021,0.590692,0.295821,0.55,False,0,O2.5,0.603793,True,1,0
Ligue 1,2024/25,30,2025-04-18T19:45:00+00:00,Ligue1|2024|263,Marseille,Montpellier,2025-04-19T20:05:00Z,5,1,True,0,1,0.706337,0.703602,0.006837,0.55,True,1,1,0.703602,True,2,1
Ligue 1,2024/25,30,2025-04-18T19:45:00+00:00,Ligue1|2024|264,Lille,Auxerre,2025-04-20T14:00:00Z,3,1,True,0,1,0.551278,0.558087,0.017022,0.55,True,1,1,0.558087,True,1,1
Ligue 1,2024/25,30,2025-04-18T19:45:00+00:00,Ligue1|2024|265,Brest,Lens,2025-04-20T16:15:00Z,1,3,True,0,GG,0.557521,0.557521,0.0,0.6,False,1,,,False,0,
Ligue 1,2024/25,30,2025-04-18T19:45:00+00:00,Ligue1|2024|266,Nice,Angers,2025-04-20T16:15:00Z,2,1,True,0,1,0.685059,0.676516,0.021359,0.55,True,1,1,0.676516,True,1,1
Ligue 1,2024/25,30,2025-04-18T19:45:00+00:00,Ligue1|2024|267,Reims,Toulouse,2025-04-20T16:15:00Z,1,0,True,0,U2.5,0.568891,0.568891,0.0,0.6,False,1,,,False,0,
Ligue 1,2024/25,30,2025-04-18T19:45:00+00:00,Ligue1|2024|268,St Etienne,Lyon,2025-04-20T19:45:00Z,2,1,True,0,2,0.804743,0.683286,0.303643,0.55,False,0,O2.5,0.615678,True,1,1
Ligue 1,2024/25,30,2025-04-18T19:45:00+00:00,Ligue1|2024|269,Nantes,Paris SG,2025-04-22T19:45:00Z,1,1,True,0,2,0.886581,0.818029,0.171381,0.55,True,0,2,0.818029,True,2,0
Ligue 1,2024/25,31,2025-04-25T19:45:00+00:00,Ligue1|2024|270,Paris SG,Nice,2025-04-25T19:45:00Z,1,3,True,0,1,0.81099,0.770314,0.10169,0.55,True,0,1,0.770314,True,1,0
Ligue 1,2024/25,31,2025-04-25T19:45:00+00:00,Ligue1|2024|271,Strasbourg,St Etienne,2025-04-26T16:00:00Z,3,1,True,0,1,0.761292,0.706335,0.137392,0.55,True,1,1,0.706335,True,1,1
Ligue 1,2024/25,31,2025-04-25T19:45:00+00:00,Ligue1|2024|272,Le Havre,Monaco,2025-04-26T18:00:00Z,1,1,True,0,2,0.844634,0.71514,0.323734,0.55,False,0,,,False,0,
Ligue 1,2024/25,31,2025-04-25T19:45:00+00:00,Ligue1|2024|273,Lyon,Rennes,2025-04-26T20:05:00Z,4,1,True,0,GG,0.531602,0.531602,0.0,0.6,False,1,,,False,0,
Ligue 1,2024/25,31,2025-04-25T19:45:00+00:00,Ligue1|2024|274,Angers,Lille,2025-04-27T14:00:00Z,0,2,True,0,2,0.710955,0.662173,0.121955,0.55,True,1,2,0.662173,True,1,1
Ligue 1,2024/25,31,2025-04-25T19:45:00+00:00,Ligue1|2024|275,Lens,Auxerre,2025-04-27T16:15:00Z,0,4,True,0,1,0.599771,0.539022,0.151871,0.55,False,0,,,False,0,
Ligue 1,2024/25,31,2025-04-25T19:45:00+00:00,Ligue1|2024|276,Montpellier,Reims,2025-04-27T16:15:00Z,0,0,True,0,GG,0.545543,0.545543,0.0,0.6,False,0,,,False,0,
Ligue 1,2024/25,31,2025-04-25T19:45:00+00:00,Ligue1|2024|277,Nantes,Toulouse,2025-04-27T16:15:00Z,0,0,True,0,U2.5,0.573851,0.573851,0.0,0.6,False,1,,,False,0,
Ligue 1,2024/25,31,2025-04-25T19:45:00+00:00,Ligue1|2024|278,Marseille,Brest,2025-04-27T19:45:00Z,4,1,True,0,1,0.688004,0.577923,0.275204,0.55,False,1,O2.5,0.616013,True,1,1
Ligue 1,2024/25,32,2025-05-02T19:45:00+00:00,Ligue1|2024|279,Nice,Reims,2025-05-02T19:45:00Z,1,0,True,0,1,0.643563,0.618578,0.062463,0.55,True,1,1,0.618578,True,1,1
Ligue 1,2024/25,32,2025-05-02T19:45:00+00:00,Ligue1|2024|280,Strasbourg,Paris SG,2025-05-03T16:00:00Z,2,1,True,0,2,0.77683,0.642298,0.33633,0.55,False,0,O2.5,0.667842,True,1,1
Ligue 1,2024/25,32,2025-05-02T19:45:00+00:00,Ligue1|2024|281,Toulouse,Rennes,2025-05-03T18:00:00Z,2,1,True,0,U2.5,0.62174,0.62174,0.0,0.6,True,0,U2.5,0.62174,True,1,0
Ligue 1,2024/25,32,2025-05-02T19:45:00+00:00,Ligue1|2024|282,St Etienne,Monaco,2025-05-03T20:05:00Z,1,3,True,0,2,0.870392,0.699315,0.427692,0.55,False,1,O2.5,0.649828,True,1,1
Ligue 1,2024/25,32,2025-05-02T19:45:00+00:00,Ligue1|2024|283,Nantes,Angers,2025-05-04T14:00:00Z,0,1,True,0,U2.5,0.537909,0.537909,0.0,0.6,False,1,,,False,0,
Ligue 1,2024/25,32,2025-05-02T19:45:00+00:00,Ligue1|2024|284,Auxerre,Le Havre,2025-05-04T16:15:00Z,1,2,True,0,1,0.589099,0.586659,0.006099,0.55,True,0,1,0.586659,True,1,0
Ligue 1,2024/25,32,2025-05-02T19:45:00+00:00,Ligue1|2024|285,Brest,Montpellier,2025-05-04T16:15:00Z,1,0,True,0,1,0.684901,0.687821,0.007299,0.55,True,1,1,0.687821,True,1,1
Ligue 1,2024/25,32,2025-05-02T19:45:00+00:00,Ligue1|2024|286,Lyon,Lens,2025-05-04T16:15:00Z,1,2,True,0,1,0.587365,0.588299,0.002335,0.55,True,0,1,0.588299,True,1,0
Ligue 1,2024/25,32,2025-05-02T19:45:00+00:00,Ligue1|2024|287,Lille,Marseille,2025-05-04T19:45:00Z,1,1,True,0,GG,0.566014,0.566014,0.0,0.6,False,1,,,False,0,
Ligue 1,2024/25,33,2025-05-10T20:00:00+00:00,Ligue1|2024|288,Angers,Strasbourg,2025-05-10T20:00:00Z,2,1,True,0,GG,0.541608,0.541608,0.0,0.6,False,1,2,0.564163,True,1,0
Ligue 1,2024/25,33,2025-05-10T20:00:00+00:00,Ligue1|2024|289,Auxerre,Nantes,2025-05-10T20:00:00Z,1,1,True,0,U2.5,0.540879,0.540879,0.0,0.6,False,1,,,False,0,
Ligue 1,2024/25,33,2025-05-10T20:00:00+00:00,Ligue1|2024|290,Brest,Lille,2025-05-10T20:00:00Z,2,0,True,0,2,0.628811,0.531087,0.244311,0.55,False,0,,,False,0,
Ligue 1,2024/25,33,2025-05-10T20:00:00+00:00,Ligue1|2024|291,Le Havre,Marseille,2025-05-10T20:00:00Z,1,3,True,0,2,0.7393,0.62914,0.2754,0.55,False,1,,,False,0,
Ligue 1,2024/25,33,2025-05-10T20:00:00+00:00,Ligue1|2024|292,Monaco,Lyon,2025-05-10T20:00:00Z,2,0,True,0,1,0.625801,0.545481,0.200801,0.55,False,1,,,False,0,
Ligue 1,2024/25,33,2025-05-10T20:00:00+00:00,Ligue1|2024|293,Montpellier,Paris SG,2025-05-10T20:00:00Z,1,4,True,0,2,0.882863,0.839758,0.107763,0.55,True,1,2,0.839758,True,2,1
Ligue 1,2024/25,33,2025-05-10T20:00:00+00:00,Ligue1|2024|294,Reims,St Etienne,2025-05-10T20:00:00Z,0,2,True,0,1,0.574592,0.531155,0.108592,0.55,False,0,,,False,0,
Ligue 1,2024/25,33,2025-05-10T20:00:00+00:00,Ligue1|2024|295,Rennes,Nice,2025-05-10T20:00:00Z,2,0,True,0,U2.5,0.540644,0.540644,0.0,0.6,False,1,,,False,0,
Ligue 1,2024/25,33,2025-05-10T20:00:00+00:00,Ligue1|2024|296,Toulouse,Lens,2025-05-10T20:00:00Z,1,1,True,0,U2.5,0.590412,0.590412,0.0,0.6,False,1,,,False,0,
Ligue 1,2024/25,34,2025-05-17T20:00:00+00:00,Ligue1|2024|297,Lens,Monaco,2025-05-17T20:00:00Z,4,0,True,0,2,0.715842,0.592025,0.309542,0.55,False,0,,,False,0,
Ligue 1,2024/25,34,2025-05-17T20:00:00+00:00,Ligue1|2024|298,Lille,Reims,2025-05-17T20:00:00Z,2,1,True,0,1,0.669826,0.653455,0.040926,0.55,True,1,1,0.653455,True,1,1
Ligue 1,2024/25,34,2025-05-17T20:00:00+00:00,Ligue1|2024|299,Lyon,Angers,2025-05-17T20:00:00Z,2,0,True,0,1,0.688032,0.677419,0.026532,0.55,True,1,1,0.677419,True,1,1
Ligue 1,2024/25,34,2025-05-17T20:00:00+00:00,Ligue1|2024|300,Marseille,Rennes,2025-05-17T20:00:00Z,4,2,True,0,1,0.554767,0.54214,0.031567,0.55,False,1,,,False,0,
Ligue 1,2024/25,34,2025-05-17T20:00:00+00:00,Ligue1|2024|301,Nantes,Montpellier,2025-05-17T20:00:00Z,3,0,True,0,1,0.546202,0.551521,0.013298,0.55,True,1,1,0.551521,True,1,1
Ligue 1,2024/25,34,2025-05-17T20:00:00+00:00,Ligue1|2024|302,Nice,Brest,2025-05-17T20:00:00Z,6,0,True,0,1,0.715786,0.607991,0.269486,0.55,False,1,,,False,0,
Ligue 1,2024/25,34,2025-05-17T20:00:00+00:00,Ligue1|2024|303,Paris SG,Auxerre,2025-05-17T20:00:00Z,3,1,True,0,1,0.926844,0.842426,0.211044,0.55,True,1,1,0.842426,True,2,1
Ligue 1,2024/25,34,2025-05-17T20:00:00+00:00,Ligue1|2024|304,St Etienne,Toulouse,2025-05-17T20:00:00Z,2,3,True,0,2,0.602607,0.485484,0.292807,0.55,False,1,,,False,0,
Ligue 1,2024/25,34,2025-05-17T20:00:00+00:00,Ligue1|2024|305,Strasbourg,Le Havre,2025-05-17T20:00:00Z,2,3,True,0,1,0.745794,0.723916,0.054694,0.55,True,0,1,0.723916,True,1,0
Ligue 1,2025/26,1,2025-08-15T19:45:00+00:00,Ligue1|2025|0,Rennes,Marseille,2025-08-15T19:45:00Z,1,0,True,0,GG,0.605445,0.605445,0.0,0.6,True,0,GG,0.605445,True,1,0
Ligue 1,2025/26,1,2025-08-15T19:45:00+00:00,Ligue1|2025|1,Lens,Lyon,2025-08-16T16:00:00Z,0,1,True,0,GG,0.528779,0.528779,0.0,0.6,False,0,,,False,0,
Ligue 1,2025/26,1,2025-08-15T19:45:00+00:00,Ligue1|2025|2,Monaco,Le Havre,2025-08-16T18:00:00Z,3,1,True,0,1,0.785056,0.767434,0.044056,0.55,True,1,1,0.767434,True,2,1
Ligue 1,2025/26,1,2025-08-15T19:45:00+00:00,Ligue1|2025|3,Nice,Toulouse,2025-08-16T20:05:00Z,0,1,True,0,1,0.61709,0.608614,0.02119,0.55,True,0,1,0.608614,True,1,0
Ligue 1,2025/26,1,2025-08-15T19:45:00+00:00,Ligue1|2025|4,Brest,Lille,2025-08-17T14:00:00Z,3,3,True,0,2,0.668465,0.561559,0.267265,0.55,False,0,,,False,0,
Ligue 1,2025/26,1,2025-08-15T19:45:00+00:00,Ligue1|2025|5,Angers,Paris FC,2025-08-17T16:15:00Z,1,0,True,1,2,0.618087,0.542932,0.187887,0.55,False,0,,,False,0,
Ligue 1,2025/26,1,2025-08-15T19:45:00+00:00,Ligue1|2025|6,Auxerre,Lorient,2025-08-17T16:15:00Z,1,0,True,0,GG,0.571265,0.571265,0.0,0.6,False,0,,,False,0,
Ligue 1,2025/26,1,2025-08-15T19:45:00+00:00,Ligue1|2025|7,Metz,Strasbourg,2025-08-17T16:15:00Z,0,1,True,0,2,0.640017,0.59477,0.113117,0.55,True,1,2,0.59477,True,1,1
Ligue 1,2025/26,1,2025-08-15T19:45:00+00:00,Ligue1|2025|8,Nantes,Paris SG,2025-08-17T19:45:00Z,0,1,True,0,2,0.825175,0.810425,0.036875,0.55,True,1,2,0.810425,True,2,1
Ligue 1,2025/26,2,2025-08-22T19:45:00+00:00,Ligue1|2025|9,Paris SG,Angers,2025-08-22T19:45:00Z,1,0,True,0,1,0.649347,0.737448,0.220253,0.55,True,1,1,0.737448,True,1,1
Ligue 1,2025/26,2,2025-08-22T19:45:00+00:00,Ligue1|2025|10,Marseille,Paris FC,2025-08-23T16:00:00Z,5,2,True,0,1,0.670573,0.623264,0.118273,0.55,True,1,1,0.623264,True,1,1
Ligue 1,2025/26,2,2025-08-22T19:45:00+00:00,Ligue1|2025|11,Nice,Auxerre,2025-08-23T18:00:00Z,3,1,True,0,GG,0.568842,0.568842,0.0,0.6,False,1,,,False,0,
Ligue 1,2025/26,2,2025-08-22T19:45:00+00:00,Ligue1|2025|12,Lyon,Metz,2025-08-23T20:05:00Z,3,0,True,0,1,0.704074,0.717404,0.033326,0.55,True,1,1,0.717404,True,1,1
Ligue 1,2025/26,2,2025-08-22T19:45:00+00:00,Ligue1|2025|13,Lorient,Rennes,2025-08-24T14:00:00Z,4,0,True,0,GG,0.625081,0.625081,0.0,0.6,True,0,GG,0.625081,True,2,0
Ligue 1,2025/26,2,2025-08-22T19:45:00+00:00,Ligue1|2025|14,Le Havre,Lens,2025-08-24T16:15:00Z,1,2,True,0,GG,0.599513,0.599513,0.0,0.6,False,1,,,False,0,
Ligue 1,2025/26,2,2025-08-22T19:45:00+00:00,Ligue1|2025|15,Strasbourg,Nantes,2025-08-24T16:15:00Z,1,0,True,0,U2.5,0.554062,0.554062,0.0,0.6,False,1,,,False,0,
Ligue 1,2025/26,2,2025-08-22T19:45:00+00:00,Ligue1|2025|16,Toulouse,Brest,2025-08-24T16:15:00Z,2,0,True,0,GG,0.570892,0.570892,0.0,0.6,False,0,,,False,0,
Ligue 1,2025/26,2,2025-08-22T19:45:00+00:00,Ligue1|2025|17,Lille,Monaco,2025-08-24T19:45:00Z,1,0,True,0,GG,0.595255,0.595255,0.0,0.6,False,0,,,False,0,
Ligue 1,2025/26,3,2025-08-29T19:45:00+00:00,Ligue1|2025|18,Lens,Brest,2025-08-29T19:45:00Z,3,1,True,0,1,0.665499,0.579659,0.214599,0.55,True,1,1,0.579659,True,1,1
Ligue 1,2025/26,3,2025-08-29T19:45:00+00:00,Ligue1|2025|19,Lorient,Lille,2025-08-30T16:00:00Z,1,7,True,0,GG,0.617304,0.617304,0.0,0.6,True,1,GG,0.617304,True,2,1
Ligue 1,2025/26,3,2025-08-29T19:45:00+00:00,Ligue1|2025|20,Nantes,Auxerre,2025-08-30T18:00:00Z,1,0,True,0,GG,0.57528,0.57528,0.0,0.6,False,0,,,False,0,
Ligue 1,2025/26,3,2025-08-29T19:45:00+00:00,Ligue1|2025|21,Toulouse,Paris SG,2025-08-30T20:05:00Z,3,6,True,0,U2.5,0.591061,0.591061,0.0,0.6,False,0,2,0.552552,True,1,1
Ligue 1,2025/26,3,2025-08-29T19:45:00+00:00,Ligue1|2025|22,Angers,Rennes,2025-08-31T14:00:00Z,1,1,True,0,GG,0.537925,0.537925,0.0,0.6,False,1,,,False,0,
Ligue 1,2025/26,3,2025-08-29T19:45:00+00:00,Ligue1|2025|23,Le Havre,Nice,2025-08-31T16:15:00Z,3,1,True,0,2,0.594415,0.575049,0.048415,0.55,True,0,2,0.575049,True,1,0
Ligue 1,2025/26,3,2025-08-29T19:45:00+00:00,Ligue1|2025|24,Monaco,Strasbourg,2025-08-31T16:15:00Z,3,2,True,0,U2.5,0.530129,0.530129,0.0,0.6,False,0,,,False,0,
Ligue 1,2025/26,3,2025-08-29T19:45:00+00:00,Ligue1|2025|25,Paris FC,Metz,2025-08-31T16:15:00Z,3,2,True,0,GG,0.523217,0.523217,0.0,0.6,False,1,,,False,0,
Ligue 1,2025/26,3,2025-08-29T19:45:00+00:00,Ligue1|2025|26,Lyon,Marseille,2025-08-31T19:45:00Z,1,0,True,0,GG,0.627024,0.627024,0.0,0.6,True,0,GG,0.627024,True,2,0
Ligue 1,2025/26,4,2025-09-12T19:45:00+00:00,Ligue1|2025|27,Marseille,Lorient,2025-09-12T19:45:00Z,4,0,True,0,GG,0.645967,0.645967,0.0,0.6,True,0,1,0.647187,True,3,1
Ligue 1,2025/26,4,2025-09-12T19:45:00+00:00,Ligue1|2025|28,Nice,Nantes,2025-09-13T16:00:00Z,1,0,True,0,U2.5,0.578767,0.578767,0.0,0.6,False,1,1,0.573091,True,1,1
Ligue 1,2025/26,4,2025-09-12T19:45:00+00:00,Ligue1|2025|29,Auxerre,Monaco,2025-09-13T20:05:00Z,1,2,True,0,GG,0.588134,0.588134,0.0,0.6,False,1,,,False,0,
Ligue 1,2025/26,4,2025-09-12T19:45:00+00:00,Ligue1|2025|30,Lille,Toulouse,2025-09-14T14:00:00Z,2,1,True,0,1,0.672232,0.611139,0.152732,0.55,True,1,1,0.611139,True,1,1
Ligue 1,2025/26,4,2025-09-12T19:45:00+00:00,Ligue1|2025|31,Brest,Paris FC,2025-09-14T16:15:00Z,1,2,True,0,GG,0.61059,0.61059,0.0,0.6,True,1,GG,0.61059,True,1,1
Ligue 1,2025/26,4,2025-09-12T19:45:00+00:00,Ligue1|2025|32,Metz,Angers,2025-09-14T16:15:00Z,1,1,True,0,U2.5,0.550573,0.550573,0.0,0.6,False,1,,,False,0,
Ligue 1,2025/26,4,2025-09-12T19:45:00+00:00,Ligue1|2025|33,Paris SG,Lens,2025-09-14T16:15:00Z,2,0,True,0,GG,0.58969,0.58969,0.0,0.6,False,0,1,0.642149,True,1,1
Ligue 1,2025/26,4,2025-09-12T19:45:00+00:00,Ligue1|2025|34,Strasbourg,Le Havre,2025-09-14T16:15:00Z,1,0,True,0,U2.5,0.550244,0.550244,0.0,0.6,False,1,,,False,0,
Ligue 1,2025/26,4,2025-09-12T19:45:00+00:00,Ligue1|2025|35,Rennes,Lyon,2025-09-14T19:45:00Z,3,1,True,0,2,0.651308,0.528225,0.307708,0.55,False,0,,,False,0,
Ligue 1,2025/26,5,2025-09-19T19:45:00+00:00,Ligue1|2025|36,Lyon,Angers,2025-09-19T19:45:00Z,1,0,True,0,1,0.676832,0.669019,0.019532,0.55,True,1,1,0.669019,True,1,1
Ligue 1,2025/26,5,2025-09-19T19:45:00+00:00,Ligue1|2025|37,Nantes,Rennes,2025-09-20T16:00:00Z,2,2,True,0,U2.5,0.547998,0.547998,0.0,0.6,False,0,,,False,0,
Ligue 1,2025/26,5,2025-09-19T19:45:00+00:00,Ligue1|2025|38,Brest,Nice,2025-09-20T18:00:00Z,4,1,True,0,2,0.662466,0.539159,0.308266,0.55,False,0,,,False,0,
Ligue 1,2025/26,5,2025-09-19T19:45:00+00:00,Ligue1|2025|39,Lens,Lille,2025-09-20T20:05:00Z,3,0,True,0,GG,0.636087,0.636087,0.0,0.6,True,0,GG,0.636087,True,2,0
Ligue 1,2025/26,5,2025-09-19T19:45:00+00:00,Ligue1|2025|40,Paris FC,Strasbourg,2025-09-21T14:00:00Z,2,3,True,0,GG,0.549057,0.549057,0.0,0.6,False,1,,,False,0,
Ligue 1,2025/26,5,2025-09-19T19:45:00+00:00,Ligue1|2025|41,Auxerre,Toulouse,2025-09-21T16:15:00Z,1,0,True,0,GG,0.548428,0.548428,0.0,0.6,False,0,,,False,0,
Ligue 1,2025/26,5,2025-09-19T19:45:00+00:00,Ligue1|2025|42,Le Havre,Lorient,2025-09-21T16:15:00Z,1,1,True,0,GG,0.553445,0.553445,0.0,0.6,False,1,,,False,0,
Ligue 1,2025/26,5,2025-09-19T19:45:00+00:00,Ligue1|2025|43,Monaco,Metz,2025-09-21T16:15:00Z,5,2,True,0,1,0.770012,0.751127,0.047212,0.55,True,1,1,0.751127,True,1,1
Ligue 1,2025/26,5,2025-09-19T19:45:00+00:00,Ligue1|2025|44,Marseille,Paris SG,2025-09-22T22:00:00Z,1,0,True,0,GG,0.565041,0.565041,0.0,0.6,False,0,,,False,0,
Ligue 1,2025/26,6,2025-09-26T19:45:00+00:00,Ligue1|2025|45,Strasbourg,Marseille,2025-09-26T19:45:00Z,1,2,True,0,GG,0.532159,0.532159,0.0,0.6,False,1,,,False,0,
Ligue 1,2025/26,6,2025-09-26T19:45:00+00:00,Ligue1|2025|46,Lorient,Monaco,2025-09-27T16:00:00Z,3,1,True,0,2,0.693168,0.631581,0.153968,0.55,True,0,2,0.631581,True,2,0
Ligue 1,2025/26,6,2025-09-26T19:45:00+00:00,Ligue1|2025|47,Toulouse,Nantes,2025-09-27T18:00:00Z,2,2,True,0,U2.5,0.580093,0.580093,0.0,0.6,False,0,,,False,0,
Ligue 1,2025/26,6,2025-09-26T19:45:00+00:00,Ligue1|2025|48,Paris SG,Auxerre,2025-09-27T20:05:00Z,2,0,True,0,1,0.66805,0.73051,0.15615,0.55,True,1,1,0.73051,True,1,1
Ligue 1,2025/26,6,2025-09-26T19:45:00+00:00,Ligue1|2025|49,Nice,Paris FC,2025-09-28T14:00:00Z,1,1,True,0,GG,0.600369,0.600369,0.0,0.6,True,1,GG,0.600369,True,1,1
Ligue 1,2025/26,6,2025-09-26T19:45:00+00:00,Ligue1|2025|50,Angers,Brest,2025-09-28T16:15:00Z,0,2,True,0,GG,0.561122,0.561122,0.0,0.6,False,0,,,False,0,
Ligue 1,2025/26,6,2025-09-26T19:45:00+00:00,Ligue1|2025|51,Lille,Lyon,2025-09-28T16:15:00Z,0,1,True,0,GG,0.635655,0.635655,0.0,0.6,True,0,GG,0.635655,True,2,0
Ligue 1,2025/26,6,2025-09-26T19:45:00+00:00,Ligue1|2025|52,Metz,Le Havre,2025-09-28T16:15:00Z,0,0,True,0,GG,0.534544,0.534544,0.0,0.6,False,0,,,False,0,
Ligue 1,2025/26,6,2025-09-26T19:45:00+00:00,Ligue1|2025|53,Rennes,Lens,2025-09-28T19:45:00Z,0,0,True,0,2,0.637117,0.49763,0.348717,0.55,False,0,GG,0.625122,True,2,0
Ligue 1,2025/26,7,2025-10-03T19:45:00+00:00,Ligue1|2025|54,Paris FC,Lorient,2025-10-03T19:45:00Z,2,0,True,0,GG,0.63596,0.63596,0.0,0.6,True,0,GG,0.63596,True,2,0
Ligue 1,2025/26,7,2025-10-03T19:45:00+00:00,Ligue1|2025|55,Metz,Marseille,2025-10-04T16:00:00Z,0,3,True,0,2,0.781422,0.682333,0.247722,0.55,True,1,2,0.682333,True,1,1
Ligue 1,2025/26,7,2025-10-03T19:45:00+00:00,Ligue1|2025|56,Brest,Nantes,2025-10-04T18:00:00Z,0,0,True,0,GG,0.548016,0.548016,0.0,0.6,False,0,,,False,0,
Ligue 1,2025/26,7,2025-10-03T19:45:00+00:00,Ligue1|2025|57,Auxerre,Lens,2025-10-04T20:05:00Z,1,2,True,0,2,0.69488,0.560368,0.33628,0.55,False,1,,,False,0,
Ligue 1,2025/26,7,2025-10-03T19:45:00+00:00,Ligue1|2025|58,Lyon,Toulouse,2025-10-05T14:00:00Z,1,2,True,0,1,0.632764,0.599258,0.083764,0.55,True,0,1,0.599258,True,1,0
Ligue 1,2025/26,7,2025-10-03T19:45:00+00:00,Ligue1|2025|59,Le Havre,Rennes,2025-10-05T16:15:00Z,2,2,True,0,GG,0.513966,0.513966,0.0,0.6,False,1,,,False,0,
Ligue 1,2025/26,7,2025-10-03T19:45:00+00:00,Ligue1|2025|60,Monaco,Nice,2025-10-05T16:15:00Z,2,2,True,0,GG,0.591396,0.591396,0.0,0.6,False,1,,,False,0,
Ligue 1,2025/26,7,2025-10-03T19:45:00+00:00,Ligue1|2025|61,Strasbourg,Angers,2025-10-05T16:15:00Z,5,0,True,0,1,0.585619,0.616371,0.076881,0.55,True,1,1,0.616371,True,1,1
Ligue 1,2025/26,7,2025-10-03T19:45:00+00:00,Ligue1|2025|62,Lille,Paris SG,2025-10-05T19:45:00Z,1,1,True,0,GG,0.578937,0.578937,0.0,0.6,False,1,,,False,0,
Ligue 1,2025/26,8,2025-10-17T19:45:00+00:00,Ligue1|2025|63,Paris SG,Strasbourg,2025-10-17T19:45:00Z,3,3,True,0,1,0.581926,0.640596,0.146674,0.55,True,0,1,0.640596,True,1,0
Ligue 1,2025/26,8,2025-10-17T19:45:00+00:00,Ligue1|2025|64,Nice,Lyon,2025-10-18T16:00:00Z,3,2,True,0,GG,0.577529,0.577529,0.0,0.6,False,1,,,False,0,
Ligue 1,2025/26,8,2025-10-17T19:45:00+00:00,Ligue1|2025|65,Angers,Monaco,2025-10-18T18:00:00Z,1,1,True,0,2,0.754259,0.662875,0.228459,0.55,True,0,2,0.662875,True,1,0
Ligue 1,2025/26,8,2025-10-17T19:45:00+00:00,Ligue1|2025|66,Marseille,Le Havre,2025-10-18T20:05:00Z,6,2,True,0,1,0.667953,0.678012,0.025147,0.55,True,1,1,0.678012,True,1,1
Ligue 1,2025/26,8,2025-10-17T19:45:00+00:00,Ligue1|2025|67,Lens,Paris FC,2025-10-19T14:00:00Z,2,1,True,0,1,0.664074,0.606045,0.145074,0.55,True,1,O2.5,0.63751,True,3,1
Ligue 1,2025/26,8,2025-10-17T19:45:00+00:00,Ligue1|2025|68,Lorient,Brest,2025-10-19T16:15:00Z,3,3,True,0,GG,0.60402,0.60402,0.0,0.6,True,1,GG,0.60402,True,1,1
Ligue 1,2025/26,8,2025-10-17T19:45:00+00:00,Ligue1|2025|69,Rennes,Auxerre,2025-10-19T16:15:00Z,2,2,True,0,1,0.579119,0.559552,0.048919,0.55,True,0,1,0.559552,True,1,0
Ligue 1,2025/26,8,2025-10-17T19:45:00+00:00,Ligue1|2025|70,Toulouse,Metz,2025-10-19T16:15:00Z,4,0,True,0,1,0.688174,0.650545,0.094074,0.55,True,1,1,0.650545,True,1,1
Ligue 1,2025/26,8,2025-10-17T19:45:00+00:00,Ligue1|2025|71,Nantes,Lille,2025-10-19T19:45:00Z,0,2,True,0,2,0.563855,0.519113,0.111855,0.55,False,1,,,False,0,
Ligue 1,2025/26,9,2025-10-24T19:45:00+00:00,Ligue1|2025|72,Paris FC,Nantes,2025-10-24T19:45:00Z,1,2,True,0,1,0.553565,0.513779,0.099465,0.55,False,0,,,False,0,
Ligue 1,2025/26,9,2025-10-24T19:45:00+00:00,Ligue1|2025|73,Brest,Paris SG,2025-10-25T16:00:00Z,0,3,True,0,2,0.559533,0.57224,0.031767,0.55,True,1,2,0.57224,True,1,1
Ligue 1,2025/26,9,2025-10-24T19:45:00+00:00,Ligue1|2025|74,Monaco,Toulouse,2025-10-25T18:00:00Z,1,0,True,0,GG,0.571565,0.571565,0.0,0.6,False,0,,,False,0,
Ligue 1,2025/26,9,2025-10-24T19:45:00+00:00,Ligue1|2025|75,Lens,Marseille,2025-10-25T20:05:00Z,2,1,True,0,GG,0.598839,0.598839,0.0,0.6,False,1,,,False,0,
Ligue 1,2025/26,9,2025-10-24T19:45:00+00:00,Ligue1|2025|76,Lille,Metz,2025-10-26T14:00:00Z,6,1,True,0,1,0.783843,0.753506,0.075843,0.55,True,1,1,0.753506,True,2,1
Ligue 1,2025/26,9,2025-10-24T19:45:00+00:00,Ligue1|2025|77,Angers,Lorient,2025-10-26T16:15:00Z,2,0,True,0,GG,0.548475,0.548475,0.0,0.6,False,0,,,False,0,
Ligue 1,2025/26,9,2025-10-24T19:45:00+00:00,Ligue1|2025|78,Auxerre,Le Havre,2025-10-26T16:15:00Z,0,1,True,0,U2.5,0.560712,0.560712,0.0,0.6,False,1,,,False,0,
Ligue 1,2025/26,9,2025-10-24T19:45:00+00:00,Ligue1|2025|79,Rennes,Nice,2025-10-26T16:15:00Z,1,2,True,0,GG,0.608724,0.608724,0.0,0.6,True,1,GG,0.608724,True,1,1
Ligue 1,2025/26,9,2025-10-24T19:45:00+00:00,Ligue1|2025|80,Lyon,Strasbourg,2025-10-26T19:45:00Z,2,1,True,0,GG,0.57378,0.57378,0.0,0.6,False,1,,,False,0,
Ligue 1,2025/26,10,2025-10-29T18:00:00+00:00,Ligue1|2025|81,Le Havre,Brest,2025-10-29T18:00:00Z,1,0,True,0,GG,0.542275,0.542275,0.0,0.6,False,0,,,False,0,
Ligue 1,2025/26,10,2025-10-29T18:00:00+00:00,Ligue1|2025|82,Lorient,Paris SG,2025-10-29T18:00:00Z,1,1,True,0,2,0.736677,0.750646,0.034923,0.55,True,0,2,0.750646,True,1,0
Ligue 1,2025/26,10,2025-10-29T18:00:00+00:00,Ligue1|2025|83,Metz,Lens,2025-10-29T18:00:00Z,2,0,True,0,2,0.820295,0.699497,0.301995,0.55,False,0,,,False,0,
Ligue 1,2025/26,10,2025-10-29T18:00:00+00:00,Ligue1|2025|84,Nice,Lille,2025-10-29T18:00:00Z,2,0,True,0,GG,0.625269,0.625269,0.0,0.6,True,0,GG,0.625269,True,2,0
Ligue 1,2025/26,10,2025-10-29T18:00:00+00:00,Ligue1|2025|85,Marseille,Angers,2025-10-29T20:05:00Z,2,2,True,0,1,0.888077,0.789806,0.245677,0.55,True,0,1,0.789806,True,1,0
Ligue 1,2025/26,10,2025-10-29T18:00:00+00:00,Ligue1|2025|86,Nantes,Monaco,2025-10-29T20:05:00Z,3,5,True,0,2,0.657604,0.565402,0.230504,0.55,True,1,2,0.565402,True,1,1
Ligue 1,2025/26,10,2025-10-29T18:00:00+00:00,Ligue1|2025|87,Paris FC,Lyon,2025-10-29T20:05:00Z,3,3,True,0,2,0.632316,0.54991,0.206016,0.55,False,0,,,False,0,
Ligue 1,2025/26,10,2025-10-29T18:00:00+00:00,Ligue1|2025|88,Strasbourg,Auxerre,2025-10-29T20:05:00Z,3,0,True,0,1,0.620997,0.599118,0.054697,0.55,True,1,1,0.599118,True,1,1
Ligue 1,2025/26,10,2025-10-29T18:00:00+00:00,Ligue1|2025|89,Toulouse,Rennes,2025-10-29T20:05:00Z,2,2,True,0,GG,0.571556,0.571556,0.0,0.6,False,1,,,False,0,
Ligue 1,2025/26,11,2025-11-01T16:00:00+00:00,Ligue1|2025|90,Paris SG,Nice,2025-11-01T16:00:00Z,1,0,True,0,1,0.631802,0.628081,0.009302,0.55,True,1,1,0.628081,True,1,1
Ligue 1,2025/26,11,2025-11-01T16:00:00+00:00,Ligue1|2025|91,Monaco,Paris FC,2025-11-01T18:00:00Z,0,1,True,0,1,0.762417,0.69141,0.177517,0.55,True,0,1,0.69141,True,3,0
Ligue 1,2025/26,11,2025-11-01T16:00:00+00:00,Ligue1|2025|92,Auxerre,Marseille,2025-11-01T20:05:00Z,0,1,True,0,2,0.778379,0.638587,0.349479,0.55,False,1,,,False,0,
Ligue 1,2025/26,11,2025-11-01T16:00:00+00:00,Ligue1|2025|93,Rennes,Strasbourg,2025-11-02T14:00:00Z,4,1,True,0,GG,0.583358,0.583358,0.0,0.6,False,1,,,False,0,
Ligue 1,2025/26,11,2025-11-01T16:00:00+00:00,Ligue1|2025|94,Lens,Lorient,2025-11-02T16:15:00Z,3,0,True,0,1,0.610077,0.610366,0.000723,0.55,True,1,1,0.610366,True,1,1
Ligue 1,2025/26,11,2025-11-01T16:00:00+00:00,Ligue1|2025|95,Lille,Angers,2025-11-02T16:15:00Z,1,0,True,0,1,0.868145,0.772927,0.238045,0.55,True,1,1,0.772927,True,2,1
Ligue 1,2025/26,11,2025-11-01T16:00:00+00:00,Ligue1|2025|96,Nantes,Metz,2025-11-02T16:15:00Z,0,2,True,0,GG,0.543651,0.543651,0.0,0.6,False,0,,,False,0,
Ligue 1,2025/26,11,2025-11-01T16:00:00+00:00,Ligue1|2025|97,Toulouse,Le Havre,2025-11-02T16:15:00Z,0,0,True,0,1,0.635727,0.595636,0.100227,0.55,True,0,1,0.595636,True,1,0
Ligue 1,2025/26,11,2025-11-01T16:00:00+00:00,Ligue1|2025|98,Brest,Lyon,2025-11-02T19:45:00Z,0,0,True,0,2,0.562697,0.484618,0.195197,0.55,False,0,,,False,0,
Ligue 1,2025/26,12,2025-11-07T19:45:00+00:00,Ligue1|2025|99,Paris FC,Rennes,2025-11-07T19:45:00Z,0,1,True,0,GG,0.592624,0.592624,0.0,0.6,False,0,,,False,0,
Ligue 1,2025/26,12,2025-11-07T19:45:00+00:00,Ligue1|2025|100,Marseille,Brest,2025-11-08T16:00:00Z,3,0,True,0,1,0.749141,0.664085,0.212641,0.55,True,1,1,0.664085,True,1,1
Ligue 1,2025/26,12,2025-11-07T19:45:00+00:00,Ligue1|2025|101,Le Havre,Nantes,2025-11-08T18:00:00Z,1,1,True,0,U2.5,0.584627,0.584627,0.0,0.6,False,1,,,False,0,
Ligue 1,2025/26,12,2025-11-07T19:45:00+00:00,Ligue1|2025|102,Monaco,Lens,2025-11-08T20:05:00Z,1,4,True,0,GG,0.658417,0.658417,0.0,0.6,True,1,GG,0.658417,True,2,1
Ligue 1,2025/26,12,2025-11-07T19:45:00+00:00,Ligue1|2025|103,Lorient,Toulouse,2025-11-09T14:00:00Z,1,1,True,0,GG,0.574083,0.574083,0.0,0.6,False,1,,,False,0,
Ligue 1,2025/26,12,2025-11-07T19:45:00+00:00,Ligue1|2025|104,Angers,Auxerre,2025-11-09T16:15:00Z,2,0,True,0,U2.5,0.562517,0.562517,0.0,0.6,False,1,,,False,0,
Ligue 1,2025/26,12,2025-11-07T19:45:00+00:00,Ligue1|2025|105,Metz,Nice,2025-11-09T16:15:00Z,2,1,True,0,2,0.691704,0.625102,0.166504,0.55,True,0,2,0.625102,True,1,0
Ligue 1,2025/26,12,2025-11-07T19:45:00+00:00,Ligue1|2025|106,Strasbourg,Lille,2025-11-09T16:15:00Z,2,0,True,0,GG,0.63442,0.63442,0.0,0.6,True,0,GG,0.63442,True,2,0
Ligue 1,2025/26,12,2025-11-07T19:45:00+00:00,Ligue1|2025|107,Lyon,Paris SG,2025-11-09T19:45:00Z,2,3,True,0,2,0.559744,0.543447,0.040744,0.55,False,1,,,False,0,
Ligue 1,2025/26,13,2025-11-21T19:45:00+00:00,Ligue1|2025|108,Nice,Marseille,2025-11-21T19:45:00Z,1,5,True,0,GG,0.548511,0.548511,0.0,0.6,False,1,,,False,0,
Ligue 1,2025/26,13,2025-11-21T19:45:00+00:00,Ligue1|2025|109,Lens,Strasbourg,2025-11-22T16:00:00Z,1,0,True,0,GG,0.648792,0.648792,0.0,0.6,True,0,GG,0.648792,True,2,0
Ligue 1,2025/26,13,2025-11-21T19:45:00+00:00,Ligue1|2025|110,Rennes,Monaco,2025-11-22T18:00:00Z,4,1,True,0,O2.5,0.682247,0.682247,0.0,0.6,True,1,O2.5,0.682247,True,2,1
Ligue 1,2025/26,13,2025-11-21T19:45:00+00:00,Ligue1|2025|111,Paris SG,Le Havre,2025-11-22T20:05:00Z,3,0,True,0,1,0.754838,0.793263,0.096062,0.55,True,1,1,0.793263,True,1,1
Ligue 1,2025/26,13,2025-11-21T19:45:00+00:00,Ligue1|2025|112,Auxerre,Lyon,2025-11-23T14:00:00Z,0,0,True,0,2,0.645919,0.574631,0.178219,0.55,True,0,2,0.574631,True,1,0
Ligue 1,2025/26,13,2025-11-21T19:45:00+00:00,Ligue1|2025|113,Brest,Metz,2025-11-23T16:15:00Z,3,2,True,0,GG,0.56115,0.56115,0.0,0.6,False,1,,,False,0,
Ligue 1,2025/26,13,2025-11-21T19:45:00+00:00,Ligue1|2025|114,Nantes,Lorient,2025-11-23T16:15:00Z,1,1,True,0,GG,0.543518,0.543518,0.0,0.6,False,1,,,False,0,
Ligue 1,2025/26,13,2025-11-21T19:45:00+00:00,Ligue1|2025|115,Toulouse,Angers,2025-11-23T16:15:00Z,0,1,True,0,1,0.545925,0.532995,0.032325,0.55,False,0,,,False,0,
Ligue 1,2025/26,13,2025-11-21T19:45:00+00:00,Ligue1|2025|116,Lille,Paris FC,2025-11-23T19:45:00Z,4,2,True,0,1,0.808551,0.70433,0.260551,0.55,False,1,,,False,0,
Ligue 1,2025/26,14,2025-11-28T19:45:00+00:00,Ligue1|2025|117,Metz,Rennes,2025-11-28T19:45:00Z,0,1,True,0,2,0.660766,0.574059,0.216766,0.55,True,1,GG,0.616838,True,2,0
Ligue 1,2025/26,14,2025-11-28T19:45:00+00:00,Ligue1|2025|118,Monaco,Paris SG,2025-11-29T16:00:00Z,1,0,True,0,GG,0.622012,0.622012,0.0,0.6,True,0,GG,0.622012,True,3,0
Ligue 1,2025/26,14,2025-11-28T19:45:00+00:00,Ligue1|2025|119,Paris FC,Auxerre,2025-11-29T18:00:00Z,1,1,True,0,GG,0.532315,0.532315,0.0,0.6,False,1,,,False,0,
Ligue 1,2025/26,14,2025-11-28T19:45:00+00:00,Ligue1|2025|120,Marseille,Toulouse,2025-11-29T20:05:00Z,2,2,True,0,1,0.691441,0.652945,0.096241,0.55,True,0,1,0.652945,True,1,0
Ligue 1,2025/26,14,2025-11-28T19:45:00+00:00,Ligue1|2025|121,Strasbourg,Brest,2025-11-30T14:00:00Z,1,2,True,0,1,0.61805,0.57207,0.11495,0.55,True,0,1,0.57207,True,1,0
Ligue 1,2025/26,14,2025-11-28T19:45:00+00:00,Ligue1|2025|122,Angers,Lens,2025-11-30T16:15:00Z,1,2,True,0,2,0.657845,0.571707,0.215345,0.55,True,1,2,0.571707,True,1,1
Ligue 1,2025/26,14,2025-11-28T19:45:00+00:00,Ligue1|2025|123,Le Havre,Lille,2025-11-30T16:15:00Z,0,1,True,0,2,0.608653,0.543912,0.161853,0.55,False,1,,,False,0,
Ligue 1,2025/26,14,2025-11-28T19:45:00+00:00,Ligue1|2025|124,Lorient,Nice,2025-11-30T16:15:00Z,3,1,True,0,GG,0.558543,0.558543,0.0,0.6,False,1,,,False,0,
Ligue 1,2025/26,14,2025-11-28T19:45:00+00:00,Ligue1|2025|125,Lyon,Nantes,2025-11-30T19:45:00Z,3,0,True,0,1,0.680251,0.65507,0.062951,0.55,True,1,1,0.65507,True,1,1
Ligue 1,2025/26,15,2025-12-05T18:00:00+00:00,Ligue1|2025|126,Brest,Monaco,2025-12-05T18:00:00Z,1,0,True,0,GG,0.642379,0.642379,0.0,0.6,True,0,GG,0.642379,True,2,0
Ligue 1,2025/26,15,2025-12-05T18:00:00+00:00,Ligue1|2025|127,Lille,Marseille,2025-12-05T20:00:00Z,1,0,True,0,GG,0.602732,0.602732,0.0,0.6,True,0,GG,0.602732,True,1,0
Ligue 1,2025/26,15,2025-12-05T18:00:00+00:00,Ligue1|2025|128,Nantes,Lens,2025-12-06T16:00:00Z,1,2,True,0,2,0.758746,0.651328,0.268546,0.55,False,1,,,False,0,
Ligue 1,2025/26,15,2025-12-05T18:00:00+00:00,Ligue1|2025|129,Toulouse,Strasbourg,2025-12-06T18:00:00Z,1,0,True,0,GG,0.538167,0.538167,0.0,0.6,False,0,,,False,0,
Ligue 1,2025/26,15,2025-12-05T18:00:00+00:00,Ligue1|2025|130,Paris SG,Rennes,2025-12-06T20:05:00Z,5,0,True,0,1,0.695291,0.681535,0.034391,0.55,True,1,1,0.681535,True,1,1
Ligue 1,2025/26,15,2025-12-05T18:00:00+00:00,Ligue1|2025|131,Nice,Angers,2025-12-07T14:00:00Z,0,1,True,0,GG,0.513782,0.513782,0.0,0.6,False,0,,,False,0,
Ligue 1,2025/26,15,2025-12-05T18:00:00+00:00,Ligue1|2025|132,Auxerre,Metz,2025-12-07T16:15:00Z,3,1,True,0,U2.5,0.517435,0.517435,0.0,0.6,False,0,,,False,0,
Ligue 1,2025/26,15,2025-12-05T18:00:00+00:00,Ligue1|2025|133,Le Havre,Paris FC,2025-12-07T16:15:00Z,0,0,True,0,U2.5,0.532502,0.532502,0.0,0.6,False,1,,,False,0,
Ligue 1,2025/26,15,2025-12-05T18:00:00+00:00,Ligue1|2025|134,Lorient,Lyon,2025-12-07T19:45:00Z,1,0,True,0,2,0.594845,0.546467,0.120945,0.55,False,0,,,False,0,
Ligue 1,2025/26,16,2025-12-12T19:45:00+00:00,Ligue1|2025|135,Angers,Nantes,2025-12-12T19:45:00Z,4,1,True,0,U2.5,0.591903,0.591903,0.0,0.6,False,0,,,False,0,
Ligue 1,2025/26,16,2025-12-12T19:45:00+00:00,Ligue1|2025|136,Rennes,Brest,2025-12-13T16:00:00Z,3,1,True,0,GG,0.606098,0.606098,0.0,0.6,True,1,GG,0.606098,True,1,1
Ligue 1,2025/26,16,2025-12-12T19:45:00+00:00,Ligue1|2025|137,Metz,Paris SG,2025-12-13T18:00:00Z,2,3,True,0,2,0.859776,0.805466,0.135776,0.55,True,1,2,0.805466,True,1,1
Ligue 1,2025/26,16,2025-12-12T19:45:00+00:00,Ligue1|2025|138,Paris FC,Toulouse,2025-12-13T20:05:00Z,0,3,True,0,GG,0.543598,0.543598,0.0,0.6,False,0,,,False,0,
Ligue 1,2025/26,16,2025-12-12T19:45:00+00:00,Ligue1|2025|139,Lyon,Le Havre,2025-12-14T14:00:00Z,1,0,True,0,U2.5,0.56661,0.56661,0.0,0.6,False,1,1,0.560982,True,1,1
Ligue 1,2025/26,16,2025-12-12T19:45:00+00:00,Ligue1|2025|140,Auxerre,Lille,2025-12-14T16:15:00Z,3,4,True,0,2,0.569451,0.52987,0.098951,0.55,False,1,,,False,0,
Ligue 1,2025/26,16,2025-12-12T19:45:00+00:00,Ligue1|2025|141,Lens,Nice,2025-12-14T16:15:00Z,2,0,True,0,1,0.80684,0.677664,0.32294,0.55,False,1,O2.5,0.668552,True,2,0
Ligue 1,2025/26,16,2025-12-12T19:45:00+00:00,Ligue1|2025|142,Strasbourg,Lorient,2025-12-14T16:15:00Z,0,0,True,0,GG,0.565728,0.565728,0.0,0.6,False,0,,,False,0,
Ligue 1,2025/26,16,2025-12-12T19:45:00+00:00,Ligue1|2025|143,Marseille,Monaco,2025-12-14T19:45:00Z,1,0,True,0,1,0.754798,0.645439,0.273398,0.55,False,1,O2.5,0.62679,True,2,0
Ligue 1,2025/26,17,2026-01-02T19:45:00+00:00,Ligue1|2025|144,Toulouse,Lens,2026-01-02T19:45:00Z,0,3,True,0,GG,0.579177,0.579177,0.0,0.6,False,0,,,False,0,
Ligue 1,2025/26,17,2026-01-02T19:45:00+00:00,Ligue1|2025|145,Monaco,Lyon,2026-01-03T16:00:00Z,1,3,True,0,GG,0.615219,0.615219,0.0,0.6,True,1,GG,0.615219,True,1,1
Ligue 1,2025/26,17,2026-01-02T19:45:00+00:00,Ligue1|2025|146,Nice,Strasbourg,2026-01-03T18:00:00Z,1,1,True,0,GG,0.547437,0.547437,0.0,0.6,False,1,,,False,0,
Ligue 1,2025/26,17,2026-01-02T19:45:00+00:00,Ligue1|2025|147,Lille,Rennes,2026-01-03T20:05:00Z,0,2,True,0,O2.5,0.639153,0.639153,0.0,0.6,True,0,O2.5,0.639153,True,3,0
Ligue 1,2025/26,17,2026-01-02T19:45:00+00:00,Ligue1|2025|148,Marseille,Nantes,2026-01-04T14:00:00Z,0,2,True,0,1,0.895883,0.81009,0.214483,0.55,True,0,1,0.81009,True,1,0
Ligue 1,2025/26,17,2026-01-02T19:45:00+00:00,Ligue1|2025|149,Brest,Auxerre,2026-01-04T16:15:00Z,2,0,True,0,GG,0.525957,0.525957,0.0,0.6,False,0,,,False,0,
Ligue 1,2025/26,17,2026-01-02T19:45:00+00:00,Ligue1|2025|150,Le Havre,Angers,2026-01-04T16:15:00Z,2,1,True,0,U2.5,0.566243,0.566243,0.0,0.6,False,0,,,False,0,
Ligue 1,2025/26,17,2026-01-02T19:45:00+00:00,Ligue1|2025|151,Lorient,Metz,2026-01-04T16:15:00Z,1,1,True,0,1,0.638734,0.5688,0.174834,0.55,True,0,1,0.5688,True,1,0
Ligue 1,2025/26,17,2026-01-02T19:45:00+00:00,Ligue1|2025|152,Paris SG,Paris FC,2026-01-04T19:45:00Z,2,1,True,0,1,0.895759,0.865335,0.076059,0.55,True,1,1,0.865335,True,1,1
Ligue 1,2025/26,18,2026-01-16T18:00:00+00:00,Ligue1|2025|153,Monaco,Lorient,2026-01-16T18:00:00Z,1,3,True,0,GG,0.626255,0.626255,0.0,0.6,True,1,GG,0.626255,True,2,1
Ligue 1,2025/26,18,2026-01-16T18:00:00+00:00,Ligue1|2025|154,Paris SG,Lille,2026-01-16T20:00:00Z,3,0,True,0,1,0.662705,0.659183,0.008805,0.55,True,1,1,0.659183,True,1,1
Ligue 1,2025/26,18,2026-01-16T18:00:00+00:00,Ligue1|2025|155,Lens,Auxerre,2026-01-17T16:00:00Z,1,0,True,0,1,0.797019,0.753491,0.108819,0.55,True,1,1,0.753491,True,1,1
Ligue 1,2025/26,18,2026-01-16T18:00:00+00:00,Ligue1|2025|156,Toulouse,Nice,2026-01-17T18:00:00Z,5,1,True,0,GG,0.533825,0.533825,0.0,0.6,False,1,,,False,0,
Ligue 1,2025/26,18,2026-01-16T18:00:00+00:00,Ligue1|2025|157,Angers,Marseille,2026-01-17T20:05:00Z,2,5,True,0,2,0.653534,0.566601,0.217334,0.55,True,1,2,0.566601,True,1,1
Ligue 1,2025/26,18,2026-01-16T18:00:00+00:00,Ligue1|2025|158,Strasbourg,Metz,2026-01-18T14:00:00Z,2,1,True,0,1,0.717182,0.661349,0.139582,0.55,True,1,1,0.661349,True,1,1
Ligue 1,2025/26,18,2026-01-16T18:00:00+00:00,Ligue1|2025|159,Nantes,Paris FC,2026-01-18T16:15:00Z,1,2,True,0,GG,0.550613,0.550613,0.0,0.6,False,1,,,False,0,
Ligue 1,2025/26,18,2026-01-16T18:00:00+00:00,Ligue1|2025|160,Rennes,Le Havre,2026-01-18T16:15:00Z,1,1,True,0,1,0.561705,0.600143,0.096095,0.55,True,0,1,0.600143,True,1,0
Ligue 1,2025/26,18,2026-01-16T18:00:00+00:00,Ligue1|2025|161,Lyon,Brest,2026-01-18T19:45:00Z,2,1,True,0,GG,0.532918,0.532918,0.0,0.6,False,1,,,False,0,
Ligue 1,2025/26,19,2026-01-23T19:00:00+00:00,Ligue1|2025|162,Auxerre,Paris SG,2026-01-23T19:00:00Z,0,1,True,0,2,0.798467,0.77144,0.067567,0.55,True,1,2,0.77144,True,1,1
Ligue 1,2025/26,19,2026-01-23T19:00:00+00:00,Ligue1|2025|163,Rennes,Lorient,2026-01-24T16:00:00Z,0,2,True,0,GG,0.59861,0.59861,0.0,0.6,False,0,,,False,0,
Ligue 1,2025/26,19,2026-01-23T19:00:00+00:00,Ligue1|2025|164,Le Havre,Monaco,2026-01-24T18:00:00Z,0,0,True,0,GG,0.58342,0.58342,0.0,0.6,False,0,,,False,0,
Ligue 1,2025/26,19,2026-01-23T19:00:00+00:00,Ligue1|2025|165,Marseille,Lens,2026-01-24T20:05:00Z,3,1,True,0,GG,0.64807,0.64807,0.0,0.6,True,1,GG,0.64807,True,2,1
Ligue 1,2025/26,19,2026-01-23T19:00:00+00:00,Ligue1|2025|166,Nantes,Nice,2026-01-25T14:00:00Z,1,4,True,0,GG,0.545432,0.545432,0.0,0.6,False,1,,,False,0,
Ligue 1,2025/26,19,2026-01-23T19:00:00+00:00,Ligue1|2025|167,Brest,Toulouse,2026-01-25T16:15:00Z,0,2,True,0,GG,0.529159,0.529159,0.0,0.6,False,0,,,False,0,
Ligue 1,2025/26,19,2026-01-23T19:00:00+00:00,Ligue1|2025|168,Metz,Lyon,2026-01-25T16:15:00Z,2,5,True,0,2,0.791321,0.679753,0.278921,0.55,False,1,,,False,0,
Ligue 1,2025/26,19,2026-01-23T19:00:00+00:00,Ligue1|2025|169,Paris FC,Angers,2026-01-25T16:15:00Z,0,0,True,0,GG,0.529385,0.529385,0.0,0.6,False,0,,,False,0,
Ligue 1,2025/26,19,2026-01-23T19:00:00+00:00,Ligue1|2025|170,Lille,Strasbourg,2026-01-25T19:45:00Z,1,4,True,0,GG,0.559854,0.559854,0.0,0.6,False,1,,,False,0,
Ligue 1,2025/26,20,2026-01-30T19:45:00+00:00,Ligue1|2025|171,Lens,Le Havre,2026-01-30T19:45:00Z,1,0,True,0,1,0.737055,0.695233,0.104555,0.55,True,1,1,0.695233,True,1,1
Ligue 1,2025/26,20,2026-01-30T19:45:00+00:00,Ligue1|2025|172,Paris FC,Marseille,2026-01-31T16:00:00Z,2,2,True,0,2,0.68468,0.604128,0.20138,0.55,True,0,2,0.604128,True,1,0
Ligue 1,2025/26,20,2026-01-30T19:45:00+00:00,Ligue1|2025|173,Lorient,Nantes,2026-01-31T18:00:00Z,2,1,True,0,1,0.66763,0.615058,0.13143,0.55,True,1,1,0.615058,True,1,1
Ligue 1,2025/26,20,2026-01-30T19:45:00+00:00,Ligue1|2025|174,Monaco,Rennes,2026-01-31T20:05:00Z,4,0,True,0,GG,0.642118,0.642118,0.0,0.6,True,0,GG,0.642118,True,2,0
Ligue 1,2025/26,20,2026-01-30T19:45:00+00:00,Ligue1|2025|175,Lyon,Lille,2026-02-01T14:00:00Z,1,0,True,0,1,0.670248,0.591749,0.196248,0.55,True,1,1,0.591749,True,1,1
Ligue 1,2025/26,20,2026-01-30T19:45:00+00:00,Ligue1|2025|176,Angers,Metz,2026-02-01T16:15:00Z,1,0,True,0,U2.5,0.531214,0.531214,0.0,0.6,False,1,,,False,0,
Ligue 1,2025/26,20,2026-01-30T19:45:00+00:00,Ligue1|2025|177,Nice,Brest,2026-02-01T16:15:00Z,2,2,True,0,GG,0.583345,0.583345,0.0,0.6,False,1,,,False,0,
Ligue 1,2025/26,20,2026-01-30T19:45:00+00:00,Ligue1|2025|178,Toulouse,Auxerre,2026-02-01T16:15:00Z,0,0,True,0,1,0.684788,0.648513,0.090688,0.55,True,0,1,0.648513,True,1,0
Ligue 1,2025/26,20,2026-01-30T19:45:00+00:00,Ligue1|2025|179,Strasbourg,Paris SG,2026-02-01T19:45:00Z,1,2,True,0,2,0.59684,0.574864,0.05494,0.55,True,1,2,0.574864,True,1,1
Ligue 1,2025/26,21,2026-02-06T19:45:00+00:00,Ligue1|2025|180,Metz,Lille,2026-02-06T19:45:00Z,0,0,True,0,2,0.646611,0.580127,0.166211,0.55,True,0,2,0.580127,True,1,0
Ligue 1,2025/26,21,2026-02-06T19:45:00+00:00,Ligue1|2025|181,Lens,Rennes,2026-02-07T16:00:00Z,3,1,True,0,1,0.785692,0.671975,0.284292,0.55,False,1,O2.5,0.669328,True,2,1
Ligue 1,2025/26,21,2026-02-06T19:45:00+00:00,Ligue1|2025|182,Brest,Lorient,2026-02-07T18:00:00Z,2,0,True,0,GG,0.558589,0.558589,0.0,0.6,False,0,,,False,0,
Ligue 1,2025/26,21,2026-02-06T19:45:00+00:00,Ligue1|2025|183,Nantes,Lyon,2026-02-07T20:05:00Z,0,1,True,0,2,0.756062,0.674717,0.203362,0.55,True,1,2,0.674717,True,1,1
Ligue 1,2025/26,21,2026-02-06T19:45:00+00:00,Ligue1|2025|184,Nice,Monaco,2026-02-08T14:00:00Z,0,0,True,0,GG,0.636263,0.636263,0.0,0.6,True,0,GG,0.636263,True,2,0
Ligue 1,2025/26,21,2026-02-06T19:45:00+00:00,Ligue1|2025|185,Angers,Toulouse,2026-02-08T16:15:00Z,1,0,True,0,U2.5,0.579905,0.579905,0.0,0.6,False,1,,,False,0,
Ligue 1,2025/26,21,2026-02-06T19:45:00+00:00,Ligue1|2025|186,Auxerre,Paris FC,2026-02-08T16:15:00Z,0,0,True,0,GG,0.529714,0.529714,0.0,0.6,False,0,,,False,0,
Ligue 1,2025/26,21,2026-02-06T19:45:00+00:00,Ligue1|2025|187,Le Havre,Strasbourg,2026-02-08T16:15:00Z,2,1,True,0,2,0.553441,0.501825,0.129041,0.55,False,0,,,False,0,
Ligue 1,2025/26,21,2026-02-06T19:45:00+00:00,Ligue1|2025|188,Paris SG,Marseille,2026-02-08T19:45:00Z,5,0,True,0,1,0.599116,0.62163,0.056284,0.55,True,1,1,0.62163,True,1,1
Ligue 1,2025/26,22,2026-02-13T18:00:00+00:00,Ligue1|2025|189,Rennes,Paris SG,2026-02-13T18:00:00Z,3,1,True,0,2,0.798233,0.7189,0.198333,0.55,True,0,2,0.7189,True,1,0
Ligue 1,2025/26,22,2026-02-13T18:00:00+00:00,Ligue1|2025|190,Monaco,Nantes,2026-02-13T20:05:00Z,3,1,True,0,1,0.727582,0.677749,0.124582,0.55,True,1,1,0.677749,True,1,1
Ligue 1,2025/26,22,2026-02-13T18:00:00+00:00,Ligue1|2025|191,Marseille,Strasbourg,2026-02-14T16:00:00Z,2,2,True,0,GG,0.613521,0.613521,0.0,0.6,True,1,GG,0.613521,True,2,1
Ligue 1,2025/26,22,2026-02-13T18:00:00+00:00,Ligue1|2025|192,Lille,Brest,2026-02-14T18:00:00Z,1,1,True,0,GG,0.580997,0.580997,0.0,0.6,False,1,,,False,0,
Ligue 1,2025/26,22,2026-02-13T18:00:00+00:00,Ligue1|2025|193,Paris FC,Lens,2026-02-14T20:05:00Z,0,5,True,0,2,0.667332,0.593199,0.185332,0.55,True,1,2,0.593199,True,1,1
Ligue 1,2025/26,22,2026-02-13T18:00:00+00:00,Ligue1|2025|194,Le Havre,Toulouse,2026-02-15T14:00:00Z,2,1,True,0,U2.5,0.611731,0.611731,0.0,0.6,True,0,U2.5,0.611731,True,1,0
Ligue 1,2025/26,22,2026-02-13T18:00:00+00:00,Ligue1|2025|195,Lorient,Angers,2026-02-15T16:15:00Z,2,0,True,0,1,0.663402,0.574441,0.222402,0.55,True,1,1,0.574441,True,1,1
Ligue 1,2025/26,22,2026-02-13T18:00:00+00:00,Ligue1|2025|196,Metz,Auxerre,2026-02-15T16:15:00Z,1,3,True,0,U2.5,0.54753,0.54753,0.0,0.6,False,0,,,False,0,
Ligue 1,2025/26,22,2026-02-13T18:00:00+00:00,Ligue1|2025|197,Lyon,Nice,2026-02-15T19:45:00Z,2,0,True,0,1,0.736617,0.65477,0.204617,0.55,True,1,1,0.65477,True,1,1
Ligue 1,2025/26,23,2026-02-20T19:45:00+00:00,Ligue1|2025|198,Brest,Marseille,2026-02-20T19:45:00Z,2,0,True,0,GG,0.62065,0.62065,0.0,0.6,True,0,GG,0.62065,True,2,0
Ligue 1,2025/26,23,2026-02-20T19:45:00+00:00,Ligue1|2025|199,Lens,Monaco,2026-02-21T16:00:00Z,2,3,True,0,O2.5,0.643088,0.643088,0.0,0.6,True,1,O2.5,0.643088,True,2,1
Ligue 1,2025/26,23,2026-02-20T19:45:00+00:00,Ligue1|2025|200,Toulouse,Paris FC,2026-02-21T18:00:00Z,1,1,True,0,1,0.719908,0.634265,0.214108,0.55,True,0,1,0.634265,True,1,0
Ligue 1,2025/26,23,2026-02-20T19:45:00+00:00,Ligue1|2025|201,Paris SG,Metz,2026-02-21T20:05:00Z,3,0,True,0,1,0.94069,0.908654,0.08009,0.55,True,1,1,0.908654,True,2,1
Ligue 1,2025/26,23,2026-02-20T19:45:00+00:00,Ligue1|2025|202,Auxerre,Rennes,2026-02-22T14:00:00Z,0,3,True,0,GG,0.563866,0.563866,0.0,0.6,False,0,,,False,0,
Ligue 1,2025/26,23,2026-02-20T19:45:00+00:00,Ligue1|2025|203,Angers,Lille,2026-02-22T16:15:00Z,0,1,True,0,2,0.54084,0.479424,0.15354,0.55,False,1,,,False,0,
Ligue 1,2025/26,23,2026-02-20T19:45:00+00:00,Ligue1|2025|204,Nantes,Le Havre,2026-02-22T16:15:00Z,2,0,True,0,U2.5,0.588491,0.588491,0.0,0.6,False,1,,,False,0,
Ligue 1,2025/26,23,2026-02-20T19:45:00+00:00,Ligue1|2025|205,Nice,Lorient,2026-02-22T16:15:00Z,3,3,True,0,GG,0.572638,0.572638,0.0,0.6,False,1,,,False,0,
Ligue 1,2025/26,23,2026-02-20T19:45:00+00:00,Ligue1|2025|206,Strasbourg,Lyon,2026-02-22T19:45:00Z,3,1,True,0,GG,0.550705,0.550705,0.0,0.6,False,1,,,False,0,
Ligue 1,2025/26,24,2026-02-27T19:45:00+00:00,Ligue1|2025|207,Strasbourg,Lens,2026-02-27T19:45:00Z,1,1,True,0,GG,0.607887,0.607887,0.0,0.6,True,1,GG,0.607887,True,1,1
Ligue 1,2025/26,24,2026-02-27T19:45:00+00:00,Ligue1|2025|208,Rennes,Toulouse,2026-02-28T16:00:00Z,1,0,True,0,GG,0.566083,0.566083,0.0,0.6,False,0,,,False,0,
Ligue 1,2025/26,24,2026-02-27T19:45:00+00:00,Ligue1|2025|209,Monaco,Angers,2026-02-28T18:00:00Z,2,0,True,0,1,0.759839,0.672623,0.218039,0.55,True,1,1,0.672623,True,1,1
Ligue 1,2025/26,24,2026-02-27T19:45:00+00:00,Ligue1|2025|210,Le Havre,Paris SG,2026-02-28T20:05:00Z,0,1,True,0,2,0.762273,0.722244,0.100073,0.55,True,1,2,0.722244,True,1,1
Ligue 1,2025/26,24,2026-02-27T19:45:00+00:00,Ligue1|2025|211,Paris FC,Nice,2026-03-01T14:00:00Z,1,0,True,0,GG,0.596101,0.596101,0.0,0.6,False,0,,,False,0,
Ligue 1,2025/26,24,2026-02-27T19:45:00+00:00,Ligue1|2025|212,Lille,Nantes,2026-03-01T16:15:00Z,1,0,True,0,1,0.72587,0.682562,0.10827,0.55,True,1,1,0.682562,True,1,1
Ligue 1,2025/26,24,2026-02-27T19:45:00+00:00,Ligue1|2025|213,Lorient,Auxerre,2026-03-01T16:15:00Z,2,2,True,0,1,0.546423,0.536894,0.023823,0.55,False,0,,,False,0,
Ligue 1,2025/26,24,2026-02-27T19:45:00+00:00,Ligue1|2025|214,Metz,Brest,2026-03-01T16:15:00Z,0,1,True,0,2,0.650583,0.58243,0.170383,0.55,True,1,2,0.58243,True,1,1
Ligue 1,2025/26,24,2026-02-27T19:45:00+00:00,Ligue1|2025|215,Marseille,Lyon,2026-03-01T19:45:00Z,3,2,True,0,GG,0.607203,0.607203,0.0,0.6,True,1,GG,0.607203,True,1,1
Ligue 1,2025/26,25,2026-03-06T19:45:00+00:00,Ligue1|2025|216,Paris SG,Monaco,2026-03-06T19:45:00Z,1,3,True,0,1,0.667061,0.674196,0.017839,0.55,True,0,1,0.674196,True,2,0
Ligue 1,2025/26,25,2026-03-06T19:45:00+00:00,Ligue1|2025|217,Nantes,Angers,2026-03-07T16:00:00Z,0,1,True,0,U2.5,0.598347,0.598347,0.0,0.6,False,1,,,False,0,
Ligue 1,2025/26,25,2026-03-06T19:45:00+00:00,Ligue1|2025|218,Auxerre,Strasbourg,2026-03-07T18:00:00Z,0,0,True,0,U2.5,0.537364,0.537364,0.0,0.6,False,1,,,False,0,
Ligue 1,2025/26,25,2026-03-06T19:45:00+00:00,Ligue1|2025|219,Toulouse,Marseille,2026-03-07T20:05:00Z,0,1,True,0,GG,0.579808,0.579808,0.0,0.6,False,0,,,False,0,
Ligue 1,2025/26,25,2026-03-06T19:45:00+00:00,Ligue1|2025|220,Lens,Metz,2026-03-08T14:00:00Z,3,0,True,0,1,0.909743,0.841206,0.171343,0.55,True,1,1,0.841206,True,2,1
Ligue 1,2025/26,25,2026-03-06T19:45:00+00:00,Ligue1|2025|221,Brest,Le Havre,2026-03-08T16:15:00Z,2,0,True,0,1,0.61206,0.583836,0.07056,0.55,True,1,1,0.583836,True,1,1
Ligue 1,2025/26,25,2026-03-06T19:45:00+00:00,Ligue1|2025|222,Lille,Lorient,2026-03-08T16:15:00Z,1,1,True,0,1,0.601291,0.558014,0.108191,0.55,True,0,1,0.558014,True,1,0
Ligue 1,2025/26,25,2026-03-06T19:45:00+00:00,Ligue1|2025|223,Nice,Rennes,2026-03-08T16:15:00Z,0,4,True,0,GG,0.622762,0.622762,0.0,0.6,True,0,GG,0.622762,True,2,0
Ligue 1,2025/26,25,2026-03-06T19:45:00+00:00,Ligue1|2025|224,Lyon,Paris FC,2026-03-08T19:45:00Z,1,1,True,0,1,0.77967,0.706602,0.18267,0.55,True,0,1,0.706602,True,1,0
Ligue 1,2025/26,26,2026-03-13T19:45:00+00:00,Ligue1|2025|225,Marseille,Auxerre,2026-03-13T19:45:00Z,1,0,True,0,O2.5,0.563718,0.563718,0.0,0.6,False,0,1,0.594469,True,1,1
Ligue 1,2025/26,26,2026-03-13T19:45:00+00:00,Ligue1|2025|226,Lorient,Lens,2026-03-14T16:00:00Z,2,1,True,0,2,0.673501,0.57314,0.250901,0.55,False,0,,,False,0,
Ligue 1,2025/26,26,2026-03-13T19:45:00+00:00,Ligue1|2025|227,Angers,Nice,2026-03-14T18:00:00Z,0,2,True,0,GG,0.536302,0.536302,0.0,0.6,False,0,,,False,0,
Ligue 1,2025/26,26,2026-03-13T19:45:00+00:00,Ligue1|2025|228,Monaco,Brest,2026-03-14T20:05:00Z,2,0,True,0,1,0.591531,0.538839,0.131731,0.55,False,1,,,False,0,
Ligue 1,2025/26,26,2026-03-13T19:45:00+00:00,Ligue1|2025|229,Strasbourg,Paris FC,2026-03-15T14:00:00Z,0,0,True,0,1,0.691993,0.630956,0.152593,0.55,True,0,1,0.630956,True,1,0
Ligue 1,2025/26,26,2026-03-13T19:45:00+00:00,Ligue1|2025|230,Le Havre,Lyon,2026-03-15T16:15:00Z,0,0,True,0,2,0.614514,0.554589,0.149814,0.55,True,0,2,0.554589,True,1,0
Ligue 1,2025/26,26,2026-03-13T19:45:00+00:00,Ligue1|2025|231,Metz,Toulouse,2026-03-15T16:15:00Z,3,4,True,0,2,0.598286,0.530532,0.169386,0.55,False,1,,,False,0,
Ligue 1,2025/26,26,2026-03-13T19:45:00+00:00,Ligue1|2025|232,Rennes,Lille,2026-03-15T19:45:00Z,1,2,True,0,GG,0.600223,0.600223,0.0,0.6,True,1,GG,0.600223,True,1,1
Ligue 1,2025/26,27,2026-03-20T19:45:00+00:00,Ligue1|2025|233,Lens,Angers,2026-03-20T19:45:00Z,5,1,True,0,1,0.842232,0.760179,0.205132,0.55,True,1,1,0.760179,True,1,1
Ligue 1,2025/26,27,2026-03-20T19:45:00+00:00,Ligue1|2025|234,Toulouse,Lorient,2026-03-21T16:00:00Z,1,0,True,0,GG,0.519424,0.519424,0.0,0.6,False,0,,,False,0,
Ligue 1,2025/26,27,2026-03-20T19:45:00+00:00,Ligue1|2025|235,Auxerre,Brest,2026-03-21T18:00:00Z,3,0,True,0,U2.5,0.549021,0.549021,0.0,0.6,False,0,,,False,0,
Ligue 1,2025/26,27,2026-03-20T19:45:00+00:00,Ligue1|2025|236,Nice,Paris SG,2026-03-21T20:05:00Z,0,4,True,0,2,0.837943,0.728766,0.272943,0.55,False,1,O2.5,0.602487,True,1,1
Ligue 1,2025/26,27,2026-03-20T19:45:00+00:00,Ligue1|2025|237,Lyon,Monaco,2026-03-22T14:00:00Z,1,2,True,0,GG,0.601439,0.601439,0.0,0.6,True,1,GG,0.601439,True,1,1
Ligue 1,2025/26,27,2026-03-20T19:45:00+00:00,Ligue1|2025|238,Marseille,Lille,2026-03-22T16:15:00Z,1,2,True,0,GG,0.610557,0.610557,0.0,0.6,True,1,GG,0.610557,True,1,1
Ligue 1,2025/26,27,2026-03-20T19:45:00+00:00,Ligue1|2025|239,Paris FC,Le Havre,2026-03-22T16:15:00Z,3,2,True,0,U2.5,0.528596,0.528596,0.0,0.6,False,0,,,False,0,
Ligue 1,2025/26,27,2026-03-20T19:45:00+00:00,Ligue1|2025|240,Rennes,Metz,2026-03-22T16:15:00Z,0,0,True,0,1,0.818029,0.787177,0.077129,0.55,True,0,1,0.787177,True,1,0
Ligue 1,2025/26,27,2026-03-20T19:45:00+00:00,Ligue1|2025|241,Nantes,Strasbourg,2026-03-22T19:45:00Z,2,3,True,0,U2.5,0.543978,0.543978,0.0,0.6,False,0,,,False,0,
Ligue 1,2025/26,28,2026-04-03T19:45:00+00:00,Ligue1|2025|242,Paris SG,Toulouse,2026-04-03T19:45:00Z,3,1,True,0,1,0.755823,0.741614,0.035523,0.55,True,1,1,0.741614,True,1,1
Ligue 1,2025/26,28,2026-04-03T19:45:00+00:00,Ligue1|2025|243,Strasbourg,Nice,2026-04-04T16:00:00Z,3,1,True,0,1,0.681128,0.612077,0.172628,0.55,True,1,1,0.612077,True,1,1
Ligue 1,2025/26,28,2026-04-03T19:45:00+00:00,Ligue1|2025|244,Brest,Rennes,2026-04-04T18:00:00Z,3,4,True,0,GG,0.590227,0.590227,0.0,0.6,False,1,,,False,0,
Ligue 1,2025/26,28,2026-04-03T19:45:00+00:00,Ligue1|2025|245,Lille,Lens,2026-04-04T20:05:00Z,3,0,True,0,GG,0.607722,0.607722,0.0,0.6,True,0,GG,0.607722,True,1,0
Ligue 1,2025/26,28,2026-04-03T19:45:00+00:00,Ligue1|2025|246,Angers,Lyon,2026-04-05T14:00:00Z,0,0,True,0,2,0.608849,0.549669,0.147949,0.55,False,0,,,False,0,
Ligue 1,2025/26,28,2026-04-03T19:45:00+00:00,Ligue1|2025|247,Le Havre,Auxerre,2026-04-05T16:15:00Z,1,1,True,0,U2.5,0.606743,0.606743,0.0,0.6,True,1,U2.5,0.606743,True,1,1
Ligue 1,2025/26,28,2026-04-03T19:45:00+00:00,Ligue1|2025|248,Lorient,Paris FC,2026-04-05T16:15:00Z,1,1,True,0,GG,0.558226,0.558226,0.0,0.6,False,1,,,False,0,
Ligue 1,2025/26,28,2026-04-03T19:45:00+00:00,Ligue1|2025|249,Metz,Nantes,2026-04-05T16:15:00Z,0,0,True,0,U2.5,0.581724,0.581724,0.0,0.6,False,1,,,False,0,
Ligue 1,2025/26,28,2026-04-03T19:45:00+00:00,Ligue1|2025|250,Monaco,Marseille,2026-04-05T19:45:00Z,2,1,True,0,GG,0.651484,0.651484,0.0,0.6,True,1,GG,0.651484,True,2,1
Ligue 1,2025/26,29,2026-04-10T18:00:00+00:00,Ligue1|2025|251,Paris FC,Monaco,2026-04-10T18:00:00Z,4,1,True,0,2,0.667356,0.577733,0.224056,0.55,True,0,GG,0.619447,True,3,1
Ligue 1,2025/26,29,2026-04-10T18:00:00+00:00,Ligue1|2025|252,Marseille,Metz,2026-04-10T20:05:00Z,3,1,True,0,1,0.850547,0.798088,0.131147,0.55,True,1,1,0.798088,True,2,1
Ligue 1,2025/26,29,2026-04-10T18:00:00+00:00,Ligue1|2025|253,Auxerre,Nantes,2026-04-11T18:00:00Z,0,0,True,0,U2.5,0.589293,0.589293,0.0,0.6,False,1,,,False,0,
Ligue 1,2025/26,29,2026-04-10T18:00:00+00:00,Ligue1|2025|254,Rennes,Angers,2026-04-11T20:05:00Z,2,1,True,0,1,0.80007,0.732282,0.16947,0.55,True,1,1,0.732282,True,1,1
Ligue 1,2025/26,29,2026-04-10T18:00:00+00:00,Ligue1|2025|255,Nice,Le Havre,2026-04-12T16:15:00Z,1,1,True,0,GG,0.543834,0.543834,0.0,0.6,False,1,,,False,0,
Ligue 1,2025/26,29,2026-04-10T18:00:00+00:00,Ligue1|2025|256,Toulouse,Lille,2026-04-12T16:15:00Z,0,4,True,0,2,0.622679,0.534567,0.220279,0.55,False,1,,,False,0,
Ligue 1,2025/26,29,2026-04-10T18:00:00+00:00,Ligue1|2025|257,Lyon,Lorient,2026-04-12T19:45:00Z,2,0,True,0,GG,0.537431,0.537431,0.0,0.6,False,0,,,False,0,
Ligue 1,2025/26,30,2026-04-17T19:45:00+00:00,Ligue1|2025|258,Lens,Toulouse,2026-04-17T19:45:00Z,3,2,True,0,1,0.731135,0.664121,0.167535,0.55,True,1,1,0.664121,True,1,1
Ligue 1,2025/26,30,2026-04-17T19:45:00+00:00,Ligue1|2025|259,Lorient,Marseille,2026-04-18T16:00:00Z,2,0,True,0,GG,0.60084,0.60084,0.0,0.6,True,0,GG,0.60084,True,1,0
Ligue 1,2025/26,30,2026-04-17T19:45:00+00:00,Ligue1|2025|260,Angers,Le Havre,2026-04-18T18:00:00Z,1,1,True,0,U2.5,0.60692,0.60692,0.0,0.6,True,1,U2.5,0.60692,True,1,1
Ligue 1,2025/26,30,2026-04-17T19:45:00+00:00,Ligue1|2025|261,Lille,Nice,2026-04-18T20:05:00Z,0,0,True,0,1,0.809914,0.722869,0.217614,0.55,True,0,1,0.722869,True,2,0
Ligue 1,2025/26,30,2026-04-17T19:45:00+00:00,Ligue1|2025|262,Monaco,Auxerre,2026-04-19T14:00:00Z,2,2,True,0,1,0.658147,0.644568,0.033947,0.55,True,0,1,0.644568,True,1,0
Ligue 1,2025/26,30,2026-04-17T19:45:00+00:00,Ligue1|2025|263,Metz,Paris FC,2026-04-19T16:15:00Z,1,3,True,0,2,0.614252,0.558951,0.138252,0.55,True,1,2,0.558951,True,1,1
Ligue 1,2025/26,30,2026-04-17T19:45:00+00:00,Ligue1|2025|265,Strasbourg,Rennes,2026-04-19T16:15:00Z,0,3,True,0,O2.5,0.578126,0.578126,0.0,0.6,False,1,,,False,0,
Ligue 1,2025/26,30,2026-04-17T19:45:00+00:00,Ligue1|2025|266,Paris SG,Lyon,2026-04-19T19:45:00Z,1,2,True,0,1,0.728506,0.682383,0.115306,0.55,True,0,1,0.682383,True,1,0
Ligue 1,2025/26,30,2026-04-17T19:45:00+00:00,Ligue1|2025|267,Paris SG,Nantes,2026-04-22T18:00:00Z,3,0,True,0,1,0.847677,0.849526,0.004623,0.55,True,1,1,0.849526,True,1,1
Ligue 1,2025/26,30,2026-04-24T19:45:00+00:00,Ligue1|2025|268,Brest,Lens,2026-04-24T19:45:00Z,3,3,True,0,2,0.666827,0.555576,0.278127,0.55,False,0,GG,0.609001,True,2,1
Ligue 1,2025/26,31,2026-04-25T14:00:00+00:00,Ligue1|2025|269,Lyon,Auxerre,2026-04-25T14:00:00Z,3,2,True,0,U2.5,0.538857,0.538857,0.0,0.6,False,0,1,0.564195,True,1,1
Ligue 1,2025/26,31,2026-04-25T14:00:00+00:00,Ligue1|2025|270,Angers,Paris SG,2026-04-25T18:00:00Z,0,3,True,0,2,0.894812,0.792447,0.255912,0.55,False,1,,,False,0,
Ligue 1,2025/26,31,2026-04-25T14:00:00+00:00,Ligue1|2025|271,Toulouse,Monaco,2026-04-25T20:05:00Z,2,2,True,0,GG,0.577244,0.577244,0.0,0.6,False,1,,,False,0,
Ligue 1,2025/26,31,2026-04-25T14:00:00+00:00,Ligue1|2025|272,Lorient,Strasbourg,2026-04-26T14:00:00Z,2,3,True,0,GG,0.555644,0.555644,0.0,0.6,False,1,,,False,0,
Ligue 1,2025/26,31,2026-04-25T14:00:00+00:00,Ligue1|2025|273,Le Havre,Metz,2026-04-26T16:15:00Z,4,4,True,0,U2.5,0.556678,0.556678,0.0,0.6,False,0,,,False,0,
Ligue 1,2025/26,31,2026-04-25T14:00:00+00:00,Ligue1|2025|274,Paris FC,Lille,2026-04-26T16:15:00Z,0,1,True,0,2,0.584882,0.505489,0.198482,0.55,False,1,,,False,0,
Ligue 1,2025/26,31,2026-04-25T14:00:00+00:00,Ligue1|2025|275,Rennes,Nantes,2026-04-26T16:15:00Z,2,1,True,0,1,0.713482,0.724809,0.028318,0.55,True,1,1,0.724809,True,1,1
Ligue 1,2025/26,31,2026-04-25T14:00:00+00:00,Ligue1|2025|276,Marseille,Nice,2026-04-26T19:45:00Z,1,1,True,0,1,0.692056,0.621754,0.175756,0.55,True,0,O2.5,0.661347,True,3,0
Ligue 1,2025/26,32,2026-05-02T14:00:00+00:00,Ligue1|2025|277,Nantes,Marseille,2026-05-02T14:00:00Z,3,0,True,0,GG,0.548917,0.548917,0.0,0.6,False,0,,,False,0,
Ligue 1,2025/26,32,2026-05-02T14:00:00+00:00,Ligue1|2025|278,Paris SG,Lorient,2026-05-02T16:00:00Z,2,2,True,0,1,0.864199,0.80156,0.156599,0.55,True,0,1,0.80156,True,1,0
Ligue 1,2025/26,32,2026-05-02T14:00:00+00:00,Ligue1|2025|279,Metz,Monaco,2026-05-02T18:00:00Z,1,2,True,0,2,0.787291,0.702415,0.212191,0.55,True,1,2,0.702415,True,1,1
Ligue 1,2025/26,32,2026-05-02T14:00:00+00:00,Ligue1|2025|280,Nice,Lens,2026-05-02T20:05:00Z,1,1,True,0,2,0.701882,0.577929,0.309882,0.55,False,0,O2.5,0.651937,True,2,0
Ligue 1,2025/26,32,2026-05-02T14:00:00+00:00,Ligue1|2025|281,Lille,Le Havre,2026-05-03T14:00:00Z,1,1,True,0,1,0.803957,0.746694,0.143157,0.55,True,0,1,0.746694,True,1,0
Ligue 1,2025/26,32,2026-05-02T14:00:00+00:00,Ligue1|2025|282,Auxerre,Angers,2026-05-03T16:15:00Z,3,1,True,0,1,0.674727,0.585316,0.223527,0.55,True,1,U2.5,0.614607,True,2,0
Ligue 1,2025/26,32,2026-05-02T14:00:00+00:00,Ligue1|2025|283,Paris FC,Brest,2026-05-03T16:15:00Z,4,0,True,0,GG,0.568859,0.568859,0.0,0.6,False,0,,,False,0,
Ligue 1,2025/26,32,2026-05-02T14:00:00+00:00,Ligue1|2025|284,Strasbourg,Toulouse,2026-05-03T16:15:00Z,1,2,True,0,1,0.619991,0.581994,0.094991,0.55,True,0,1,0.581994,True,1,0
Ligue 1,2025/26,32,2026-05-02T14:00:00+00:00,Ligue1|2025|285,Lyon,Rennes,2026-05-03T19:45:00Z,4,2,True,0,GG,0.591336,0.591336,0.0,0.6,False,1,,,False,0,
Ligue 1,2025/26,33,2026-05-08T19:45:00+00:00,Ligue1|2025|286,Lens,Nantes,2026-05-08T19:45:00Z,1,0,True,0,1,0.715563,0.693418,0.055363,0.55,True,1,1,0.693418,True,2,1
Ligue 1,2025/26,33,2026-05-08T19:45:00+00:00,Ligue1|2025|287,Angers,Strasbourg,2026-05-10T20:00:00Z,1,1,True,0,2,0.680285,0.587251,0.232585,0.55,True,0,2,0.587251,True,1,0
Ligue 1,2025/26,33,2026-05-08T19:45:00+00:00,Ligue1|2025|288,Auxerre,Nice,2026-05-10T20:00:00Z,2,1,True,0,GG,0.527324,0.527324,0.0,0.6,False,1,,,False,0,
Ligue 1,2025/26,33,2026-05-08T19:45:00+00:00,Ligue1|2025|289,Le Havre,Marseille,2026-05-10T20:00:00Z,0,1,True,0,2,0.569209,0.496365,0.182109,0.55,False,1,,,False,0,
Ligue 1,2025/26,33,2026-05-08T19:45:00+00:00,Ligue1|2025|290,Metz,Lorient,2026-05-10T20:00:00Z,0,4,True,0,GG,0.528798,0.528798,0.0,0.6,False,0,,,False,0,
Ligue 1,2025/26,33,2026-05-08T19:45:00+00:00,Ligue1|2025|291,Monaco,Lille,2026-05-10T20:00:00Z,0,1,True,0,GG,0.589631,0.589631,0.0,0.6,False,0,,,False,0,
Ligue 1,2025/26,33,2026-05-08T19:45:00+00:00,Ligue1|2025|293,Rennes,Paris FC,2026-05-10T20:00:00Z,2,1,True,0,GG,0.61128,0.61128,0.0,0.6,True,1,GG,0.61128,True,1,1
Ligue 1,2025/26,33,2026-05-08T19:45:00+00:00,Ligue1|2025|294,Toulouse,Lyon,2026-05-10T20:00:00Z,2,1,True,0,2,0.570852,0.519351,0.128752,0.55,False,0,,,False,0,
Ligue 1,2025/26,33,2026-05-08T19:45:00+00:00,Ligue1|2025|295,Brest,Strasbourg,2026-05-13T18:00:00Z,1,2,True,0,GG,0.557329,0.557329,0.0,0.6,False,1,,,False,0,
Ligue 1,2025/26,33,2026-05-13T20:00:00+00:00,Ligue1|2025|296,Lens,Paris SG,2026-05-13T20:00:00Z,0,2,True,0,2,0.680405,0.582563,0.244605,0.55,True,1,2,0.582563,True,1,1
Ligue 1,2025/26,34,2026-05-17T20:00:00+00:00,Ligue1|2025|297,Brest,Angers,2026-05-17T20:00:00Z,1,1,True,0,1,0.555001,0.537321,0.044201,0.55,False,0,,,False,0,
Ligue 1,2025/26,34,2026-05-17T20:00:00+00:00,Ligue1|2025|298,Lille,Auxerre,2026-05-17T20:00:00Z,0,2,True,0,1,0.639907,0.630784,0.022807,0.55,True,0,1,0.630784,True,1,0
Ligue 1,2025/26,34,2026-05-17T20:00:00+00:00,Ligue1|2025|299,Lorient,Le Havre,2026-05-17T20:00:00Z,0,2,True,0,1,0.647894,0.604576,0.108294,0.55,True,0,1,0.604576,True,1,0
Ligue 1,2025/26,34,2026-05-17T20:00:00+00:00,Ligue1|2025|300,Lyon,Lens,2026-05-17T20:00:00Z,0,4,True,0,GG,0.611601,0.611601,0.0,0.6,True,0,GG,0.611601,True,1,0
Ligue 1,2025/26,34,2026-05-17T20:00:00+00:00,Ligue1|2025|301,Marseille,Rennes,2026-05-17T20:00:00Z,3,1,True,0,O2.5,0.664393,0.664393,0.0,0.6,True,1,O2.5,0.664393,True,2,1
Ligue 1,2025/26,34,2026-05-17T20:00:00+00:00,Ligue1|2025|302,Nantes,Toulouse,2026-05-17T20:00:00Z,0,0,True,0,U2.5,0.578995,0.578995,0.0,0.6,False,1,,,False,0,
Ligue 1,2025/26,34,2026-05-17T20:00:00+00:00,Ligue1|2025|303,Nice,Metz,2026-05-17T20:00:00Z,0,0,True,0,1,0.634573,0.632024,0.006373,0.55,True,0,1,0.632024,True,1,0
Ligue 1,2025/26,34,2026-05-17T20:00:00+00:00,Ligue1|2025|304,Paris FC,Paris SG,2026-05-17T20:00:00Z,2,1,True,0,2,0.758427,0.668496,0.224827,0.55,True,0,2,0.668496,True,1,0
Ligue 1,2025/26,34,2026-05-17T20:00:00+00:00,Ligue1|2025|305,Strasbourg,Monaco,2026-05-17T20:00:00Z,5,4,True,0,GG,0.607846,0.607846,0.0,0.6,True,1,GG,0.607846,True,1,1
